{
  "type": "FeatureCollection",
  "generator": "overpass-turbo",
  "copyright": "The data included in this document is from www.openstreetmap.org. The data is made available under ODbL.",
  "timestamp": "2026-05-25T18:35:00Z",
  "features": [
    {
      "type": "Feature",
      "properties": {
        "@id": "way/14490763",
        "axle_load": "22.5",
        "electrified": "no",
        "gauge": "1435",
        "name": "İzmir-Afyonkarahisar demiryolu",
        "operator": "TCDD",
        "passenger_lines": "2",
        "railway": "rail",
        "railway:etcs": "no",
        "source": "bing",
        "usage": "main"
      },
      "geometry": {
        "type": "LineString",
        "coordinates": [
          [
            30.5510289,
            38.7677028
          ],
          [
            30.5505623,
            38.7683591
          ],
          [
            30.5504046,
            38.7685076
          ],
          [
            30.5501617,
            38.7687186
          ],
          [
            30.5499456,
            38.7688728
          ],
          [
            30.5496448,
            38.7690363
          ],
          [
            30.5493615,
            38.7691483
          ],
          [
            30.5490723,
            38.7692544
          ],
          [
            30.5485905,
            38.7694078
          ],
          [
            30.5484816,
            38.7694453
          ],
          [
            30.5481245,
            38.7695451
          ],
          [
            30.5477886,
            38.7696188
          ],
          [
            30.5474675,
            38.7696675
          ],
          [
            30.5471996,
            38.7696883
          ],
          [
            30.546775,
            38.7696893
          ],
          [
            30.5464304,
            38.7696628
          ],
          [
            30.5461196,
            38.7696113
          ],
          [
            30.5457483,
            38.7695214
          ],
          [
            30.545429,
            38.7694107
          ],
          [
            30.5452529,
            38.7693259
          ],
          [
            30.5450407,
            38.7692244
          ],
          [
            30.5448471,
            38.7691007
          ],
          [
            30.5446541,
            38.7689669
          ],
          [
            30.5436654,
            38.7681447
          ],
          [
            30.5434013,
            38.767955
          ],
          [
            30.5432208,
            38.7678539
          ],
          [
            30.5429779,
            38.7677213
          ],
          [
            30.5426902,
            38.767578
          ],
          [
            30.5421979,
            38.7673972
          ],
          [
            30.5417167,
            38.7672595
          ],
          [
            30.5412307,
            38.7671592
          ],
          [
            30.5407632,
            38.767099
          ],
          [
            30.5402994,
            38.7670831
          ],
          [
            30.540132,
            38.7670749
          ],
          [
            30.5398606,
            38.7670615
          ],
          [
            30.5396934,
            38.7670574
          ],
          [
            30.5389602,
            38.7670688
          ],
          [
            30.5386062,
            38.7670731
          ],
          [
            30.5355036,
            38.7671032
          ],
          [
            30.5327459,
            38.767134
          ],
          [
            30.5324989,
            38.7671333
          ],
          [
            30.5314667,
            38.767144
          ],
          [
            30.5311686,
            38.7671592
          ],
          [
            30.53067,
            38.7672179
          ],
          [
            30.5301727,
            38.767316
          ],
          [
            30.5298423,
            38.7674153
          ],
          [
            30.5294744,
            38.7675407
          ],
          [
            30.5281835,
            38.7680928
          ],
          [
            30.5200649,
            38.7716884
          ],
          [
            30.5192381,
            38.7720287
          ],
          [
            30.5184072,
            38.7723349
          ],
          [
            30.5175373,
            38.7726158
          ],
          [
            30.5167477,
            38.7728498
          ],
          [
            30.5157845,
            38.7730966
          ],
          [
            30.5149343,
            38.773284
          ],
          [
            30.5065202,
            38.7751136
          ],
          [
            30.5032463,
            38.7758669
          ],
          [
            30.5018656,
            38.7763862
          ],
          [
            30.5009499,
            38.7768494
          ],
          [
            30.4999555,
            38.7774246
          ],
          [
            30.4990265,
            38.778116
          ],
          [
            30.4975715,
            38.7794095
          ],
          [
            30.4962383,
            38.7807011
          ],
          [
            30.4929123,
            38.7837625
          ],
          [
            30.4929024,
            38.7837716
          ],
          [
            30.4645398,
            38.809887
          ],
          [
            30.4613859,
            38.8128567
          ],
          [
            30.4581967,
            38.8157487
          ],
          [
            30.4537148,
            38.8199532
          ],
          [
            30.4463003,
            38.8267252
          ],
          [
            30.4460062,
            38.8269938
          ]
        ]
      },
      "id": "way/14490763"
    },
    {
      "type": "Feature",
      "properties": {
        "@id": "way/14491253",
        "axle_load": "22.5",
        "electrified": "no",
        "gauge": "1435",
        "maxspeed": "120",
        "name": "Afyonkarahisar-Karakuyu demiryolu",
        "operator": "TCDD",
        "passenger_lines": "1",
        "railway": "rail",
        "source": "bing",
        "usage": "main"
      },
      "geometry": {
        "type": "LineString",
        "coordinates": [
          [
            30.4002743,
            38.794904
          ],
          [
            30.4015722,
            38.7956517
          ],
          [
            30.4024589,
            38.7963258
          ],
          [
            30.4028368,
            38.7967234
          ],
          [
            30.4036116,
            38.797747
          ],
          [
            30.403999,
            38.7981667
          ],
          [
            30.4044808,
            38.7985275
          ],
          [
            30.4048391,
            38.7987413
          ],
          [
            30.4053652,
            38.7989628
          ],
          [
            30.4060908,
            38.7991702
          ],
          [
            30.4065564,
            38.7992409
          ],
          [
            30.4070886,
            38.7992833
          ],
          [
            30.407923,
            38.7993398
          ],
          [
            30.4085398,
            38.79942
          ],
          [
            30.4089631,
            38.7995142
          ],
          [
            30.4095376,
            38.7997216
          ],
          [
            30.4100516,
            38.7999949
          ],
          [
            30.4115875,
            38.8009186
          ],
          [
            30.4120652,
            38.8011683
          ],
          [
            30.4126578,
            38.8014322
          ],
          [
            30.4136192,
            38.8017621
          ],
          [
            30.4148588,
            38.8022098
          ],
          [
            30.4154031,
            38.8024407
          ],
          [
            30.415784,
            38.8026952
          ],
          [
            30.4160924,
            38.8029402
          ],
          [
            30.4163282,
            38.8031947
          ],
          [
            30.4164794,
            38.8034114
          ],
          [
            30.4167092,
            38.8038026
          ],
          [
            30.4168543,
            38.8042031
          ],
          [
            30.417072,
            38.8053011
          ],
          [
            30.4172534,
            38.8057016
          ],
          [
            30.4175195,
            38.8060927
          ],
          [
            30.4177674,
            38.8063519
          ],
          [
            30.4182028,
            38.8066817
          ],
          [
            30.4186684,
            38.8069173
          ],
          [
            30.4191884,
            38.8071058
          ],
          [
            30.4205308,
            38.8075158
          ],
          [
            30.4208936,
            38.8076713
          ],
          [
            30.4212565,
            38.807888
          ],
          [
            30.4216495,
            38.8082179
          ],
          [
            30.4219458,
            38.8085524
          ],
          [
            30.4222058,
            38.8089482
          ],
          [
            30.4223509,
            38.8093016
          ],
          [
            30.4224235,
            38.8096786
          ],
          [
            30.4224477,
            38.813514
          ],
          [
            30.4223933,
            38.814136
          ],
          [
            30.4222965,
            38.8146448
          ],
          [
            30.4221574,
            38.8150123
          ],
          [
            30.4218974,
            38.8155353
          ],
          [
            30.4214379,
            38.8163692
          ],
          [
            30.4213109,
            38.8167414
          ],
          [
            30.4212625,
            38.8171325
          ],
          [
            30.4212927,
            38.8175659
          ],
          [
            30.42145,
            38.8180512
          ],
          [
            30.4216979,
            38.8185035
          ],
          [
            30.4220184,
            38.8188757
          ],
          [
            30.4224054,
            38.8192055
          ],
          [
            30.422871,
            38.8194693
          ],
          [
            30.4234152,
            38.8197709
          ],
          [
            30.4247818,
            38.8203221
          ],
          [
            30.4252293,
            38.8205906
          ],
          [
            30.4256163,
            38.8209063
          ],
          [
            30.4259428,
            38.8212832
          ],
          [
            30.4261665,
            38.821693
          ],
          [
            30.4263177,
            38.8221736
          ],
          [
            30.4263359,
            38.8225552
          ],
          [
            30.4262814,
            38.8229886
          ],
          [
            30.4259005,
            38.8245008
          ],
          [
            30.4258461,
            38.8248965
          ],
          [
            30.4258823,
            38.8254242
          ],
          [
            30.4260275,
            38.8258623
          ],
          [
            30.4263056,
            38.8263805
          ],
          [
            30.4265838,
            38.8267668
          ],
          [
            30.4270131,
            38.8271625
          ],
          [
            30.4275755,
            38.8275393
          ],
          [
            30.4281741,
            38.8278078
          ],
          [
            30.4287909,
            38.8279916
          ],
          [
            30.4295457,
            38.8281066
          ],
          [
            30.4308952,
            38.8281235
          ],
          [
            30.4364888,
            38.8282189
          ]
        ]
      },
      "id": "way/14491253"
    },
    {
      "type": "Feature",
      "properties": {
        "@id": "way/16551425",
        "axle_load": "22.5",
        "electrified": "no",
        "gauge": "1435",
        "name": "İzmir-Afyonkarahisar demiryolu",
        "operator": "TCDD",
        "passenger_lines": "1",
        "railway": "rail",
        "railway:etcs": "no",
        "source": "bing",
        "usage": "main"
      },
      "geometry": {
        "type": "LineString",
        "coordinates": [
          [
            30.4460062,
            38.8269938
          ],
          [
            30.4434802,
            38.8293521
          ],
          [
            30.441747,
            38.8310681
          ],
          [
            30.4359105,
            38.8364837
          ],
          [
            30.433171,
            38.8389975
          ],
          [
            30.4328289,
            38.8393198
          ],
          [
            30.432397,
            38.8397526
          ],
          [
            30.4322156,
            38.8400298
          ],
          [
            30.4319864,
            38.8404059
          ],
          [
            30.4317762,
            38.8408128
          ],
          [
            30.4316972,
            38.8409795
          ]
        ]
      },
      "id": "way/16551425"
    },
    {
      "type": "Feature",
      "properties": {
        "@id": "way/25926548",
        "axle_load": "22.5",
        "construction:electrified": "contact_line",
        "construction:frequency": "50",
        "construction:railway:etcs": "1",
        "construction:voltage": "25000",
        "electrified": "no",
        "gauge": "1435",
        "name": "Eskişehir-Konya demiryolu",
        "operator": "TCDD",
        "railway": "rail",
        "railway:etcs": "no",
        "source": "osm-gpx",
        "usage": "main"
      },
      "geometry": {
        "type": "LineString",
        "coordinates": [
          [
            30.6344448,
            38.7071869
          ],
          [
            30.6351304,
            38.7069484
          ],
          [
            30.6480866,
            38.7031604
          ],
          [
            30.6504909,
            38.7024583
          ],
          [
            30.6659185,
            38.6979554
          ],
          [
            30.6821398,
            38.6932035
          ],
          [
            30.6829916,
            38.6929656
          ],
          [
            30.6835995,
            38.6928264
          ],
          [
            30.6842924,
            38.6927092
          ],
          [
            30.6848917,
            38.6926299
          ],
          [
            30.6853765,
            38.6925892
          ],
          [
            30.6862268,
            38.6925424
          ],
          [
            30.6866997,
            38.6925415
          ],
          [
            30.6871635,
            38.6925573
          ],
          [
            30.6875722,
            38.6925818
          ],
          [
            30.6880949,
            38.6926336
          ],
          [
            30.6890883,
            38.6927709
          ],
          [
            30.7007088,
            38.6947465
          ],
          [
            30.7016762,
            38.6948789
          ],
          [
            30.7025038,
            38.6949556
          ],
          [
            30.7033942,
            38.695021
          ],
          [
            30.7041401,
            38.6950567
          ],
          [
            30.70482,
            38.6950706
          ],
          [
            30.7058543,
            38.6950586
          ],
          [
            30.7067791,
            38.6950233
          ],
          [
            30.7076895,
            38.6949561
          ],
          [
            30.7084887,
            38.6948728
          ],
          [
            30.7094446,
            38.6947487
          ],
          [
            30.7102201,
            38.6946109
          ],
          [
            30.7107298,
            38.6945042
          ],
          [
            30.7113643,
            38.6943663
          ],
          [
            30.7334696,
            38.6890879
          ],
          [
            30.7342313,
            38.6889287
          ],
          [
            30.7349245,
            38.6888169
          ],
          [
            30.7356465,
            38.6887002
          ],
          [
            30.7363584,
            38.6886007
          ],
          [
            30.7457449,
            38.6873084
          ],
          [
            30.7462129,
            38.6872454
          ],
          [
            30.7489124,
            38.6868712
          ],
          [
            30.7492598,
            38.68682
          ],
          [
            30.7809913,
            38.6816105
          ],
          [
            30.7821694,
            38.6814362
          ],
          [
            30.7962893,
            38.6796426
          ],
          [
            30.7995869,
            38.6792051
          ],
          [
            30.8003839,
            38.6791276
          ],
          [
            30.8011963,
            38.6790529
          ],
          [
            30.8021537,
            38.6789776
          ],
          [
            30.8029266,
            38.678935
          ]
        ]
      },
      "id": "way/25926548"
    },
    {
      "type": "Feature",
      "properties": {
        "@id": "way/25926603",
        "axle_load": "22.5",
        "construction:electrified": "contact_line",
        "construction:frequency": "50",
        "construction:railway:etcs": "1",
        "construction:voltage": "25000",
        "electrified": "no",
        "gauge": "1435",
        "name": "Eskişehir-Konya demiryolu",
        "operator": "TCDD",
        "passenger_lines": "1",
        "railway": "rail",
        "usage": "main"
      },
      "geometry": {
        "type": "LineString",
        "coordinates": [
          [
            30.5021229,
            38.9339393
          ],
          [
            30.5020039,
            38.9337956
          ],
          [
            30.5014451,
            38.9331207
          ],
          [
            30.5012737,
            38.9329013
          ],
          [
            30.5007591,
            38.9320433
          ],
          [
            30.5005565,
            38.9314404
          ],
          [
            30.5004621,
            38.9308329
          ],
          [
            30.5004761,
            38.9303175
          ],
          [
            30.5006755,
            38.9275915
          ],
          [
            30.5009065,
            38.926592
          ],
          [
            30.5011479,
            38.9257646
          ],
          [
            30.5014517,
            38.9251339
          ],
          [
            30.5018987,
            38.9243609
          ],
          [
            30.5019636,
            38.9242487
          ],
          [
            30.5026548,
            38.9232531
          ],
          [
            30.5029364,
            38.9225035
          ],
          [
            30.5029488,
            38.9217718
          ],
          [
            30.5026125,
            38.9209525
          ],
          [
            30.5015768,
            38.9198983
          ],
          [
            30.5011568,
            38.9193973
          ],
          [
            30.5009328,
            38.9189398
          ],
          [
            30.5008399,
            38.9181288
          ],
          [
            30.5006948,
            38.9144738
          ],
          [
            30.5008068,
            38.9137221
          ],
          [
            30.5011008,
            38.913025
          ],
          [
            30.5021632,
            38.9112762
          ],
          [
            30.5027108,
            38.9108136
          ],
          [
            30.5038588,
            38.9100619
          ],
          [
            30.5042928,
            38.9095935
          ],
          [
            30.5046428,
            38.9089834
          ],
          [
            30.5048948,
            38.9079049
          ],
          [
            30.5052168,
            38.9071314
          ],
          [
            30.5089366,
            38.9001182
          ],
          [
            30.5100325,
            38.8969561
          ],
          [
            30.5138263,
            38.8824648
          ],
          [
            30.5164971,
            38.8721387
          ],
          [
            30.5175093,
            38.8678551
          ],
          [
            30.5179926,
            38.8646297
          ],
          [
            30.5179997,
            38.8645817
          ],
          [
            30.5199643,
            38.8512412
          ],
          [
            30.5202126,
            38.8495343
          ],
          [
            30.5214747,
            38.8408571
          ],
          [
            30.5225132,
            38.8337164
          ],
          [
            30.5227568,
            38.8320415
          ],
          [
            30.5231312,
            38.8294667
          ],
          [
            30.5238791,
            38.8243238
          ],
          [
            30.5250423,
            38.8167474
          ],
          [
            30.5262465,
            38.8121826
          ],
          [
            30.5266302,
            38.8107283
          ],
          [
            30.528344,
            38.804229
          ],
          [
            30.5322299,
            38.7894895
          ],
          [
            30.5328685,
            38.7877719
          ],
          [
            30.5339738,
            38.7856181
          ],
          [
            30.5349129,
            38.7843389
          ],
          [
            30.5367073,
            38.7822715
          ],
          [
            30.5375066,
            38.781547
          ],
          [
            30.5389897,
            38.7803352
          ],
          [
            30.5398352,
            38.779652
          ],
          [
            30.5402507,
            38.7793121
          ],
          [
            30.5408981,
            38.7787786
          ],
          [
            30.5428829,
            38.7771177
          ],
          [
            30.543064,
            38.7769699
          ],
          [
            30.5431424,
            38.7769069
          ],
          [
            30.5433374,
            38.77675
          ],
          [
            30.548002,
            38.7727967
          ],
          [
            30.549032,
            38.7714584
          ],
          [
            30.5501684,
            38.7693318
          ]
        ]
      },
      "id": "way/25926603"
    },
    {
      "type": "Feature",
      "properties": {
        "@id": "way/25926629",
        "axle_load": "22.5",
        "construction:electrified": "contact_line",
        "construction:frequency": "50",
        "construction:railway:etcs": "1",
        "construction:voltage": "25000",
        "electrified": "no",
        "gauge": "1435",
        "maxspeed": "115",
        "name": "Eskişehir-Konya demiryolu",
        "operator": "TCDD",
        "passenger_lines": "1",
        "railway": "rail",
        "source": "osm-gpx",
        "usage": "main"
      },
      "geometry": {
        "type": "LineString",
        "coordinates": [
          [
            30.3869395,
            39.1232489
          ],
          [
            30.3870266,
            39.1223775
          ],
          [
            30.3863854,
            39.1172928
          ],
          [
            30.3862541,
            39.1162512
          ],
          [
            30.3861254,
            39.1151191
          ],
          [
            30.3862005,
            39.1140203
          ],
          [
            30.386458,
            39.1128466
          ],
          [
            30.3869462,
            39.1118184
          ],
          [
            30.388829,
            39.1085926
          ],
          [
            30.3892582,
            39.1076269
          ],
          [
            30.3896015,
            39.1064946
          ],
          [
            30.3897732,
            39.105429
          ],
          [
            30.3897732,
            39.1045964
          ],
          [
            30.3888719,
            39.1005668
          ],
          [
            30.3887861,
            39.0997009
          ],
          [
            30.3887861,
            39.0989016
          ],
          [
            30.3890007,
            39.0981355
          ],
          [
            30.3894298,
            39.0973695
          ],
          [
            30.3899448,
            39.0967034
          ],
          [
            30.3917044,
            39.0955044
          ],
          [
            30.3924339,
            39.0950048
          ],
          [
            30.3930347,
            39.0944719
          ],
          [
            30.3935068,
            39.0939057
          ],
          [
            30.3938072,
            39.0932728
          ],
          [
            30.3946655,
            39.0898088
          ],
          [
            30.3950088,
            39.0886429
          ],
          [
            30.395438,
            39.0878102
          ],
          [
            30.3983992,
            39.0833132
          ],
          [
            30.398957,
            39.0827469
          ],
          [
            30.3997295,
            39.0823138
          ],
          [
            30.400502,
            39.082014
          ],
          [
            30.4024761,
            39.0816142
          ],
          [
            30.4031628,
            39.081381
          ],
          [
            30.4038065,
            39.080948
          ],
          [
            30.4043644,
            39.0803816
          ],
          [
            30.4047077,
            39.0795821
          ],
          [
            30.4047506,
            39.0789158
          ],
          [
            30.404579,
            39.0782829
          ],
          [
            30.404515,
            39.0781394
          ],
          [
            30.4034202,
            39.0756843
          ],
          [
            30.4028623,
            39.075018
          ],
          [
            30.4022615,
            39.0745182
          ],
          [
            30.399472,
            39.0723193
          ],
          [
            30.3987854,
            39.0717196
          ],
          [
            30.3983133,
            39.0710865
          ],
          [
            30.39797,
            39.0703202
          ],
          [
            30.3978413,
            39.0694873
          ],
          [
            30.39797,
            39.0687876
          ],
          [
            30.3983992,
            39.067688
          ],
          [
            30.3986566,
            39.066855
          ],
          [
            30.3986996,
            39.0661553
          ],
          [
            30.3984421,
            39.0654223
          ],
          [
            30.3980129,
            39.0647892
          ],
          [
            30.3974121,
            39.0642227
          ],
          [
            30.3960388,
            39.0634896
          ],
          [
            30.3953092,
            39.0630231
          ],
          [
            30.3947943,
            39.06259
          ],
          [
            30.3944509,
            39.0620568
          ],
          [
            30.3942364,
            39.0614237
          ],
          [
            30.3942364,
            39.0607239
          ],
          [
            30.3945368,
            39.0599575
          ],
          [
            30.3952234,
            39.059191
          ],
          [
            30.3963392,
            39.0583913
          ],
          [
            30.3970259,
            39.0577914
          ],
          [
            30.3975838,
            39.0571249
          ],
          [
            30.4053085,
            39.0450271
          ],
          [
            30.4056089,
            39.0442605
          ],
          [
            30.4057377,
            39.0437272
          ],
          [
            30.4057806,
            39.0430939
          ],
          [
            30.4056518,
            39.0424606
          ],
          [
            30.4045341,
            39.0389968
          ],
          [
            30.4031467,
            39.034694
          ],
          [
            30.4029505,
            39.0336428
          ],
          [
            30.402941,
            39.033255
          ],
          [
            30.402957,
            39.0325282
          ],
          [
            30.403068,
            39.0318063
          ],
          [
            30.4034721,
            39.0306339
          ],
          [
            30.403845,
            39.0299582
          ],
          [
            30.4043286,
            39.0292449
          ],
          [
            30.4066711,
            39.026825
          ],
          [
            30.4070305,
            39.026352
          ],
          [
            30.4072862,
            39.0258652
          ],
          [
            30.4074775,
            39.0253123
          ],
          [
            30.4075902,
            39.0247538
          ],
          [
            30.4075795,
            39.0241232
          ],
          [
            30.4074829,
            39.0234925
          ],
          [
            30.4072844,
            39.0229556
          ],
          [
            30.4070073,
            39.0224242
          ],
          [
            30.4066064,
            39.0218787
          ],
          [
            30.4061499,
            39.0213987
          ],
          [
            30.4045239,
            39.0199138
          ],
          [
            30.4041569,
            39.019504
          ],
          [
            30.403785,
            39.01894
          ],
          [
            30.4035061,
            39.0183579
          ],
          [
            30.4032959,
            39.017252
          ],
          [
            30.4032752,
            39.0168817
          ],
          [
            30.4032174,
            39.0153781
          ]
        ]
      },
      "id": "way/25926629"
    },
    {
      "type": "Feature",
      "properties": {
        "@id": "way/25926692",
        "axle_load": "22.5",
        "construction:electrified": "contact_line",
        "construction:frequency": "50",
        "construction:railway:etcs": "1",
        "construction:voltage": "25000",
        "electrified": "no",
        "gauge": "1435",
        "maxspeed": "115",
        "name": "Eskişehir-Konya demiryolu",
        "operator": "TCDD",
        "passenger_lines": "1",
        "railway": "rail",
        "source": "osm-gpx",
        "usage": "main"
      },
      "geometry": {
        "type": "LineString",
        "coordinates": [
          [
            30.1049257,
            39.3862018
          ],
          [
            30.1091233,
            39.3791464
          ],
          [
            30.1094047,
            39.3787227
          ],
          [
            30.1097056,
            39.3783307
          ],
          [
            30.1103149,
            39.3776777
          ],
          [
            30.1109362,
            39.3771097
          ],
          [
            30.1183594,
            39.3709609
          ],
          [
            30.1194752,
            39.3701248
          ],
          [
            30.1207197,
            39.3693817
          ],
          [
            30.1219643,
            39.3688376
          ],
          [
            30.1231487,
            39.3684395
          ],
          [
            30.1246285,
            39.3679995
          ],
          [
            30.1318466,
            39.3663054
          ],
          [
            30.1329334,
            39.3660109
          ],
          [
            30.1338518,
            39.3656525
          ],
          [
            30.1423748,
            39.3614719
          ],
          [
            30.1433806,
            39.3610284
          ],
          [
            30.1444208,
            39.3607205
          ],
          [
            30.1452595,
            39.3605345
          ],
          [
            30.147164,
            39.3601497
          ],
          [
            30.1481717,
            39.3598844
          ],
          [
            30.1491055,
            39.3595473
          ],
          [
            30.1500703,
            39.3591133
          ],
          [
            30.1599701,
            39.3540192
          ],
          [
            30.1610344,
            39.3533887
          ],
          [
            30.1617725,
            39.3528577
          ],
          [
            30.1624334,
            39.3522737
          ],
          [
            30.1630342,
            39.3515967
          ],
          [
            30.1638668,
            39.3505348
          ],
          [
            30.1643646,
            39.3497914
          ],
          [
            30.1646908,
            39.349141
          ],
          [
            30.1649483,
            39.3483777
          ],
          [
            30.1651199,
            39.3476277
          ],
          [
            30.1651371,
            39.3470038
          ],
          [
            30.1648624,
            39.3441297
          ],
          [
            30.1648796,
            39.3432203
          ],
          [
            30.1650083,
            39.3424503
          ],
          [
            30.16518,
            39.3417865
          ],
          [
            30.1654117,
            39.3411625
          ],
          [
            30.1672657,
            39.3369606
          ],
          [
            30.1675403,
            39.3362104
          ],
          [
            30.1677549,
            39.3354802
          ],
          [
            30.1678837,
            39.3346039
          ],
          [
            30.1679008,
            39.3338736
          ],
          [
            30.1676396,
            39.3314683
          ],
          [
            30.1673222,
            39.3285444
          ],
          [
            30.1672933,
            39.3280956
          ],
          [
            30.1673859,
            39.3270885
          ],
          [
            30.1675575,
            39.3264047
          ],
          [
            30.1689645,
            39.321796
          ],
          [
            30.1691767,
            39.3210655
          ],
          [
            30.1692905,
            39.3204176
          ],
          [
            30.1692539,
            39.3197634
          ],
          [
            30.169132,
            39.3191941
          ],
          [
            30.1688433,
            39.3185525
          ],
          [
            30.1684815,
            39.3180461
          ],
          [
            30.1680668,
            39.3176184
          ],
          [
            30.1675464,
            39.3171969
          ],
          [
            30.1668878,
            39.3168289
          ],
          [
            30.1662577,
            39.3165364
          ],
          [
            30.154537,
            39.3132574
          ],
          [
            30.1534813,
            39.3129918
          ],
          [
            30.1525371,
            39.312839
          ],
          [
            30.1490009,
            39.3124605
          ],
          [
            30.1482113,
            39.3123476
          ],
          [
            30.1476448,
            39.3121617
          ],
          [
            30.1470268,
            39.3118828
          ],
          [
            30.1465977,
            39.3115972
          ],
          [
            30.1460655,
            39.3111323
          ],
          [
            30.1456964,
            39.3106343
          ],
          [
            30.1455248,
            39.3102026
          ],
          [
            30.1453991,
            39.3096014
          ],
          [
            30.1443489,
            39.3045775
          ],
          [
            30.1442631,
            39.3039134
          ],
          [
            30.1443489,
            39.3033289
          ],
          [
            30.1445206,
            39.3026647
          ],
          [
            30.1447523,
            39.302067
          ],
          [
            30.1451214,
            39.3015024
          ],
          [
            30.145499,
            39.3010707
          ],
          [
            30.1458938,
            39.3006722
          ],
          [
            30.1528204,
            39.2949268
          ],
          [
            30.1534641,
            39.2943489
          ],
          [
            30.1539791,
            39.2938175
          ],
          [
            30.1548374,
            39.2927679
          ],
          [
            30.1552837,
            39.2922365
          ],
          [
            30.1557644,
            39.291838
          ],
          [
            30.1562794,
            39.2914925
          ],
          [
            30.1568802,
            39.2912069
          ],
          [
            30.1578415,
            39.2908947
          ],
          [
            30.1585281,
            39.290629
          ],
          [
            30.159086,
            39.2903234
          ],
          [
            30.1595409,
            39.2899647
          ],
          [
            30.1599186,
            39.2895462
          ],
          [
            30.160116,
            39.2891476
          ],
          [
            30.1602619,
            39.2887025
          ],
          [
            30.1602877,
            39.2882375
          ],
          [
            30.1601589,
            39.2870019
          ],
          [
            30.1602018,
            39.2865369
          ],
          [
            30.1603477,
            39.2860719
          ],
          [
            30.1608885,
            39.2851152
          ],
          [
            30.1610601,
            39.2846635
          ],
          [
            30.161146,
            39.284318
          ],
          [
            30.161206,
            39.2835341
          ],
          [
            30.1612919,
            39.2830558
          ],
          [
            30.1614635,
            39.2826173
          ],
          [
            30.1617039,
            39.2822851
          ],
          [
            30.1620643,
            39.2819264
          ],
          [
            30.1629484,
            39.2813085
          ],
          [
            30.1634634,
            39.2809298
          ],
          [
            30.1638668,
            39.2805312
          ],
          [
            30.1642359,
            39.2800661
          ],
          [
            30.1646049,
            39.2795346
          ],
          [
            30.1649483,
            39.2792024
          ],
          [
            30.1653087,
            39.2788835
          ],
          [
            30.1660641,
            39.2784716
          ],
          [
            30.166579,
            39.2781859
          ],
          [
            30.1669824,
            39.2779201
          ],
          [
            30.1674974,
            39.277475
          ],
          [
            30.1682957,
            39.2766245
          ],
          [
            30.1698406,
            39.2753488
          ],
          [
            30.1702183,
            39.2749967
          ],
          [
            30.1705273,
            39.2745781
          ],
          [
            30.1707332,
            39.2741662
          ],
          [
            30.1709307,
            39.2736213
          ],
          [
            30.1712139,
            39.2731163
          ],
          [
            30.1715315,
            39.2727177
          ],
          [
            30.1720035,
            39.2723589
          ],
          [
            30.1725896,
            39.272019
          ],
          [
            30.1744767,
            39.2714049
          ],
          [
            30.1752134,
            39.2711251
          ],
          [
            30.1758888,
            39.2707339
          ],
          [
            30.1765278,
            39.2702236
          ],
          [
            30.1769082,
            39.2698331
          ],
          [
            30.1770209,
            39.2697041
          ],
          [
            30.1774234,
            39.2692256
          ],
          [
            30.1775731,
            39.2690478
          ],
          [
            30.1798887,
            39.266284
          ],
          [
            30.1805149,
            39.265538
          ],
          [
            30.1811634,
            39.2648777
          ],
          [
            30.1820098,
            39.2641792
          ],
          [
            30.1834702,
            39.2632908
          ],
          [
            30.1837142,
            39.2631424
          ],
          [
            30.1878651,
            39.2606901
          ],
          [
            30.1888006,
            39.2601784
          ],
          [
            30.1893026,
            39.2599603
          ],
          [
            30.1898735,
            39.2597796
          ],
          [
            30.19045,
            39.2596299
          ],
          [
            30.1911093,
            39.259507
          ],
          [
            30.1923979,
            39.2592865
          ],
          [
            30.1931489,
            39.2590652
          ],
          [
            30.193693,
            39.2588492
          ],
          [
            30.1946371,
            39.2581182
          ],
          [
            30.1952808,
            39.2572874
          ],
          [
            30.1968687,
            39.2542302
          ],
          [
            30.1975553,
            39.253333
          ],
          [
            30.1985853,
            39.2523692
          ],
          [
            30.1996582,
            39.2516381
          ],
          [
            30.2010315,
            39.2510067
          ],
          [
            30.2027052,
            39.2505414
          ],
          [
            30.2068079,
            39.2496965
          ],
          [
            30.2075546,
            39.249478
          ],
          [
            30.2083271,
            39.2490459
          ],
          [
            30.2090137,
            39.2484809
          ],
          [
            30.2095287,
            39.2477498
          ],
          [
            30.2106874,
            39.2449913
          ],
          [
            30.2111166,
            39.2438613
          ],
          [
            30.2113312,
            39.2428642
          ],
          [
            30.2120607,
            39.2374131
          ],
          [
            30.2123611,
            39.2366154
          ],
          [
            30.2128761,
            39.2358509
          ],
          [
            30.2130907,
            39.2351861
          ],
          [
            30.2130478,
            39.2344548
          ],
          [
            30.2127903,
            39.23379
          ],
          [
            30.2116316,
            39.2321944
          ],
          [
            30.2113312,
            39.2315628
          ],
          [
            30.2113312,
            39.2309312
          ],
          [
            30.2114599,
            39.2301334
          ],
          [
            30.211932,
            39.2293355
          ],
          [
            30.2127474,
            39.2287371
          ],
          [
            30.2136915,
            39.2282717
          ],
          [
            30.2146356,
            39.2280723
          ],
          [
            30.2155369,
            39.2281388
          ],
          [
            30.216481,
            39.2283382
          ],
          [
            30.2171677,
            39.2287039
          ],
          [
            30.2178543,
            39.2293023
          ],
          [
            30.218498,
            39.2300336
          ],
          [
            30.2192276,
            39.2305655
          ],
          [
            30.2201717,
            39.2308979
          ],
          [
            30.2217167,
            39.2311971
          ],
          [
            30.2226179,
            39.2313966
          ],
          [
            30.2234762,
            39.2316957
          ],
          [
            30.2242916,
            39.2319949
          ],
          [
            30.2251499,
            39.2321279
          ],
          [
            30.2259653,
            39.2320946
          ],
          [
            30.2267807,
            39.231862
          ],
          [
            30.2278536,
            39.2313633
          ],
          [
            30.2288835,
            39.2311306
          ],
          [
            30.2297418,
            39.2311306
          ],
          [
            30.2305572,
            39.2312636
          ],
          [
            30.2315014,
            39.2316293
          ],
          [
            30.2326601,
            39.2319949
          ],
          [
            30.233733,
            39.2321611
          ],
          [
            30.2347629,
            39.2320946
          ],
          [
            30.2400844,
            39.2311971
          ],
          [
            30.2414148,
            39.2308979
          ],
          [
            30.2425306,
            39.2303993
          ],
          [
            30.2434318,
            39.2297677
          ],
          [
            30.2444907,
            39.2288362
          ],
          [
            30.2484959,
            39.225313
          ],
          [
            30.2495687,
            39.2245484
          ],
          [
            30.2506416,
            39.2241162
          ],
          [
            30.251972,
            39.223817
          ],
          [
            30.257686,
            39.2228834
          ],
          [
            30.2582806,
            39.2227863
          ],
          [
            30.2596538,
            39.2223874
          ],
          [
            30.2606409,
            39.2218554
          ],
          [
            30.261585,
            39.2210575
          ],
          [
            30.2622288,
            39.2201931
          ],
          [
            30.2627867,
            39.2185307
          ],
          [
            30.2633016,
            39.2175997
          ],
          [
            30.2645891,
            39.2157378
          ],
          [
            30.2655762,
            39.2144743
          ],
          [
            30.2668207,
            39.213377
          ],
          [
            30.2679794,
            39.212579
          ],
          [
            30.2805107,
            39.2063388
          ],
          [
            30.2820127,
            39.2057955
          ],
          [
            30.2836435,
            39.2054962
          ],
          [
            30.2852364,
            39.2053204
          ],
          [
            30.2867467,
            39.2053392
          ],
          [
            30.2876538,
            39.2054314
          ],
          [
            30.2884477,
            39.2055432
          ],
          [
            30.2893424,
            39.2056721
          ],
          [
            30.2912294,
            39.2059429
          ],
          [
            30.298283,
            39.2069554
          ],
          [
            30.2995147,
            39.2071412
          ],
          [
            30.3081911,
            39.2084225
          ],
          [
            30.3096662,
            39.2084543
          ],
          [
            30.3109457,
            39.2083832
          ],
          [
            30.3123968,
            39.2081897
          ],
          [
            30.3137701,
            39.2078239
          ],
          [
            30.3279751,
            39.2026362
          ],
          [
            30.3292625,
            39.2020376
          ],
          [
            30.3304212,
            39.201306
          ],
          [
            30.3314941,
            39.2004413
          ],
          [
            30.3328193,
            39.1990807
          ],
          [
            30.3359761,
            39.1960067
          ],
          [
            30.3488319,
            39.1834783
          ],
          [
            30.3496902,
            39.1825801
          ],
          [
            30.350334,
            39.1817152
          ],
          [
            30.3508489,
            39.1808503
          ],
          [
            30.3540247,
            39.1731654
          ],
          [
            30.3546255,
            39.1716683
          ],
          [
            30.3552692,
            39.1704705
          ],
          [
            30.3618782,
            39.1605551
          ],
          [
            30.362479,
            39.1594903
          ],
          [
            30.3628652,
            39.1583921
          ],
          [
            30.3645389,
            39.1498395
          ],
          [
            30.3648823,
            39.1486747
          ],
          [
            30.3654402,
            39.1475764
          ],
          [
            30.3698175,
            39.1416853
          ],
          [
            30.3707188,
            39.1408198
          ],
          [
            30.3769231,
            39.1349353
          ],
          [
            30.3784453,
            39.1335012
          ],
          [
            30.3825588,
            39.1296707
          ],
          [
            30.384795,
            39.1275712
          ],
          [
            30.3850967,
            39.1272257
          ],
          [
            30.3856962,
            39.1265391
          ],
          [
            30.3863399,
            39.1254738
          ],
          [
            30.3866833,
            39.1245416
          ],
          [
            30.3869247,
            39.1233971
          ]
        ]
      },
      "id": "way/25926692"
    },
    {
      "type": "Feature",
      "properties": {
        "@id": "way/77679294",
        "axle_load": "22.5",
        "electrified": "contact_line",
        "frequency": "50",
        "gauge": "1435",
        "maxspeed": "120",
        "name": "Eskişehir-Konya demiryolu",
        "operator": "TCDD",
        "railway": "rail",
        "railway:etcs": "2",
        "source": "GPS",
        "usage": "main",
        "voltage": "25000"
      },
      "geometry": {
        "type": "LineString",
        "coordinates": [
          [
            30.2343513,
            39.579104
          ],
          [
            30.2339313,
            39.579078
          ],
          [
            30.2335291,
            39.5790907
          ],
          [
            30.2330326,
            39.5791701
          ],
          [
            30.2326351,
            39.5792905
          ],
          [
            30.2321692,
            39.5794531
          ],
          [
            30.2317678,
            39.5796461
          ],
          [
            30.2277356,
            39.5816072
          ],
          [
            30.2262228,
            39.5821833
          ],
          [
            30.2248066,
            39.582481
          ],
          [
            30.2234762,
            39.5826794
          ],
          [
            30.2221029,
            39.5827125
          ],
          [
            30.2206914,
            39.5826479
          ],
          [
            30.2078041,
            39.5810443
          ],
          [
            30.206868,
            39.5808602
          ],
          [
            30.2055376,
            39.5804964
          ],
          [
            30.204336,
            39.5800664
          ],
          [
            30.2032202,
            39.5795041
          ],
          [
            30.2020432,
            39.5788522
          ],
          [
            30.1963,
            39.5739662
          ],
          [
            30.1956751,
            39.5732428
          ],
          [
            30.1951203,
            39.5724704
          ],
          [
            30.1946435,
            39.5715418
          ],
          [
            30.1939956,
            39.57007
          ],
          [
            30.1895629,
            39.5600084
          ],
          [
            30.1894887,
            39.5598374
          ],
          [
            30.1888264,
            39.558312
          ],
          [
            30.1884401,
            39.5573194
          ],
          [
            30.1881397,
            39.5563135
          ],
          [
            30.1876941,
            39.5546066
          ],
          [
            30.1870239,
            39.5512973
          ],
          [
            30.1867235,
            39.5502384
          ],
          [
            30.1863544,
            39.5493515
          ],
          [
            30.1860111,
            39.5486897
          ],
          [
            30.1802348,
            39.5392248
          ],
          [
            30.1769388,
            39.5338235
          ],
          [
            30.1764839,
            39.5329828
          ],
          [
            30.1761406,
            39.5322083
          ],
          [
            30.1758488,
            39.5313278
          ],
          [
            30.1722439,
            39.5193249
          ],
          [
            30.1721065,
            39.5189276
          ],
          [
            30.1717461,
            39.5183714
          ],
          [
            30.1713598,
            39.5178881
          ],
          [
            30.1708706,
            39.5174577
          ],
          [
            30.1703041,
            39.5170472
          ],
          [
            30.1654117,
            39.5139616
          ],
          [
            30.1646049,
            39.5134054
          ],
          [
            30.1639784,
            39.5128757
          ],
          [
            30.1633812,
            39.5121792
          ],
          [
            30.1630342,
            39.5116837
          ],
          [
            30.162751,
            39.5110348
          ],
          [
            30.1626051,
            39.510505
          ],
          [
            30.1594296,
            39.4961807
          ],
          [
            30.1589883,
            39.4941669
          ],
          [
            30.1575589,
            39.4876183
          ],
          [
            30.1571976,
            39.4865211
          ],
          [
            30.1568287,
            39.4858672
          ],
          [
            30.1556767,
            39.4842548
          ],
          [
            30.1549734,
            39.4832703
          ],
          [
            30.1517647,
            39.4787789
          ],
          [
            30.1512497,
            39.4779176
          ],
          [
            30.1484173,
            39.4724849
          ],
          [
            30.1477735,
            39.471458
          ],
          [
            30.1472586,
            39.4707954
          ],
          [
            30.1464861,
            39.4701328
          ],
          [
            30.1435249,
            39.4684101
          ],
          [
            30.1426237,
            39.4680125
          ],
          [
            30.1415937,
            39.4677806
          ],
          [
            30.1347702,
            39.466356
          ],
          [
            30.133869,
            39.466091
          ],
          [
            30.1331823,
            39.4657265
          ],
          [
            30.1327103,
            39.465329
          ],
          [
            30.129792,
            39.4625128
          ],
          [
            30.129277,
            39.4617839
          ],
          [
            30.1289337,
            39.4610549
          ],
          [
            30.1286762,
            39.4600609
          ],
          [
            30.1285904,
            39.459332
          ],
          [
            30.128762,
            39.458603
          ],
          [
            30.1291054,
            39.4580066
          ],
          [
            30.1296633,
            39.4575096
          ],
          [
            30.1314657,
            39.4564824
          ],
          [
            30.132324,
            39.4558197
          ],
          [
            30.1327961,
            39.4552233
          ],
          [
            30.1331823,
            39.4543949
          ],
          [
            30.133354,
            39.4537321
          ],
          [
            30.133354,
            39.4530694
          ],
          [
            30.1330107,
            39.4524398
          ],
          [
            30.1317661,
            39.4507498
          ],
          [
            30.1315086,
            39.4502196
          ],
          [
            30.131294,
            39.4492254
          ],
          [
            30.1311224,
            39.4485626
          ],
          [
            30.1307361,
            39.4479661
          ],
          [
            30.1293629,
            39.4461103
          ],
          [
            30.1291054,
            39.4455138
          ],
          [
            30.1290195,
            39.444851
          ],
          [
            30.1291912,
            39.4442544
          ],
          [
            30.1296203,
            39.4433928
          ],
          [
            30.1309936,
            39.4413711
          ],
          [
            30.1314228,
            39.4406751
          ],
          [
            30.1317232,
            39.4400454
          ],
          [
            30.131809,
            39.4394488
          ],
          [
            30.1317232,
            39.4388854
          ],
          [
            30.1314228,
            39.4382888
          ],
          [
            30.1306503,
            39.4372945
          ],
          [
            30.1300924,
            39.4365984
          ],
          [
            30.1298349,
            39.4359024
          ],
          [
            30.129792,
            39.4353058
          ],
          [
            30.1299637,
            39.4347092
          ],
          [
            30.1301782,
            39.4342783
          ],
          [
            30.1309507,
            39.4328198
          ],
          [
            30.1314657,
            39.4315271
          ],
          [
            30.1317661,
            39.4303669
          ],
          [
            30.1319378,
            39.4293394
          ],
          [
            30.131989,
            39.4279691
          ],
          [
            30.1320236,
            39.4249968
          ],
          [
            30.1319378,
            39.4237702
          ],
          [
            30.1316803,
            39.4225437
          ],
          [
            30.131294,
            39.4213833
          ],
          [
            30.1309078,
            39.4204882
          ],
          [
            30.1275175,
            39.4144211
          ],
          [
            30.1269167,
            39.413559
          ],
          [
            30.1261442,
            39.4127301
          ],
          [
            30.125243,
            39.4119676
          ],
          [
            30.1242559,
            39.4112713
          ],
          [
            30.123183,
            39.4106744
          ],
          [
            30.1163166,
            39.4078892
          ],
          [
            30.1152437,
            39.4073918
          ],
          [
            30.1143425,
            39.4068281
          ],
          [
            30.1136988,
            39.4061981
          ],
          [
            30.1131409,
            39.4054023
          ],
          [
            30.1124008,
            39.4042606
          ],
          [
            30.1121592,
            39.4038893
          ],
          [
            30.1117015,
            39.4031521
          ],
          [
            30.1108856,
            39.4021253
          ],
          [
            30.1104912,
            39.4016357
          ]
        ]
      },
      "id": "way/77679294"
    },
    {
      "type": "Feature",
      "properties": {
        "@id": "way/82369170",
        "axle_load": "22.5",
        "electrified": "contact_line",
        "frequency": "50",
        "gauge": "1435",
        "maxspeed": "120",
        "name": "Eskişehir-Konya demiryolu",
        "operator": "TCDD",
        "railway": "rail",
        "railway:etcs": "2",
        "usage": "main",
        "voltage": "25000"
      },
      "geometry": {
        "type": "LineString",
        "coordinates": [
          [
            30.4245187,
            39.7135989
          ],
          [
            30.4239915,
            39.7138251
          ],
          [
            30.4237349,
            39.713925
          ],
          [
            30.4234011,
            39.7140293
          ],
          [
            30.4230414,
            39.714128
          ],
          [
            30.4227047,
            39.7141887
          ],
          [
            30.4223732,
            39.7142213
          ],
          [
            30.4220563,
            39.7142459
          ],
          [
            30.4218996,
            39.7142395
          ],
          [
            30.4215296,
            39.714224
          ],
          [
            30.421067,
            39.7141471
          ],
          [
            30.4205854,
            39.7140381
          ],
          [
            30.4202688,
            39.7139292
          ],
          [
            30.4144557,
            39.7111992
          ],
          [
            30.4141219,
            39.7110047
          ],
          [
            30.4138997,
            39.7108356
          ],
          [
            30.4135018,
            39.7105094
          ],
          [
            30.4133006,
            39.7103036
          ],
          [
            30.4131358,
            39.7100611
          ],
          [
            30.4129417,
            39.7097813
          ],
          [
            30.4128307,
            39.7095423
          ],
          [
            30.4127394,
            39.7092597
          ],
          [
            30.412683,
            39.7090036
          ],
          [
            30.4126508,
            39.7086486
          ],
          [
            30.4126492,
            39.7083557
          ],
          [
            30.4126986,
            39.7080419
          ],
          [
            30.4127691,
            39.7077531
          ],
          [
            30.412916,
            39.7074173
          ],
          [
            30.4130925,
            39.7071087
          ],
          [
            30.4133025,
            39.7068418
          ],
          [
            30.4135483,
            39.7065802
          ],
          [
            30.4138411,
            39.7063255
          ],
          [
            30.4141483,
            39.7060634
          ],
          [
            30.4144782,
            39.7058063
          ],
          [
            30.4148716,
            39.7055339
          ],
          [
            30.4151694,
            39.7053115
          ],
          [
            30.4204572,
            39.7015458
          ],
          [
            30.4208694,
            39.7012622
          ],
          [
            30.421597,
            39.7008123
          ],
          [
            30.4220683,
            39.7005454
          ],
          [
            30.4225238,
            39.7003034
          ],
          [
            30.4233587,
            39.6997984
          ],
          [
            30.4240386,
            39.6991579
          ],
          [
            30.4284656,
            39.6940066
          ],
          [
            30.4289978,
            39.6932141
          ],
          [
            30.4294784,
            39.6922895
          ],
          [
            30.429796,
            39.6912327
          ],
          [
            30.4299419,
            39.6904402
          ],
          [
            30.4299419,
            39.6897136
          ],
          [
            30.4297531,
            39.6889013
          ],
          [
            30.4293669,
            39.6880426
          ],
          [
            30.428766,
            39.6870056
          ],
          [
            30.428397,
            39.6864112
          ],
          [
            30.4279507,
            39.685929
          ],
          [
            30.4274357,
            39.6854864
          ],
          [
            30.4267919,
            39.6851364
          ],
          [
            30.4259937,
            39.6848391
          ],
          [
            30.4223717,
            39.6838814
          ],
          [
            30.4216678,
            39.6835709
          ],
          [
            30.4210842,
            39.6831085
          ],
          [
            30.4207237,
            39.6826462
          ],
          [
            30.4204405,
            39.6820649
          ],
          [
            30.4203546,
            39.6813713
          ],
          [
            30.4204405,
            39.6807438
          ],
          [
            30.42117,
            39.6783657
          ],
          [
            30.4212387,
            39.6777711
          ],
          [
            30.4212387,
            39.6770313
          ],
          [
            30.421067,
            39.6764169
          ],
          [
            30.4207838,
            39.6758025
          ],
          [
            30.4203117,
            39.6751419
          ],
          [
            30.4197109,
            39.6745209
          ],
          [
            30.4190243,
            39.6740057
          ],
          [
            30.4182518,
            39.6736225
          ],
          [
            30.4175222,
            39.6733979
          ],
          [
            30.4104841,
            39.6720105
          ],
          [
            30.4094971,
            39.6717066
          ],
          [
            30.4086216,
            39.671297
          ],
          [
            30.4078834,
            39.6707553
          ],
          [
            30.4071968,
            39.6700748
          ],
          [
            30.4067333,
            39.6693481
          ],
          [
            30.4064162,
            39.6685932
          ],
          [
            30.4063114,
            39.6677955
          ],
          [
            30.4059651,
            39.6637949
          ],
          [
            30.40597,
            39.6629954
          ],
          [
            30.4060018,
            39.6621122
          ],
          [
            30.4062906,
            39.6607375
          ],
          [
            30.4064255,
            39.6598289
          ],
          [
            30.4064053,
            39.6592083
          ],
          [
            30.4062833,
            39.6585938
          ],
          [
            30.4059849,
            39.6576872
          ]
        ]
      },
      "id": "way/82369170"
    },
    {
      "type": "Feature",
      "properties": {
        "@id": "way/82369175",
        "axle_load": "22.5",
        "electrified": "contact_line",
        "frequency": "50",
        "gauge": "1435",
        "maxspeed": "120",
        "name": "Eskişehir-Konya demiryolu",
        "operator": "TCDD",
        "railway": "rail",
        "railway:etcs": "2",
        "usage": "main",
        "voltage": "25000"
      },
      "geometry": {
        "type": "LineString",
        "coordinates": [
          [
            30.4058776,
            39.657411
          ],
          [
            30.4044476,
            39.6530693
          ],
          [
            30.4041084,
            39.6524764
          ],
          [
            30.4035742,
            39.6518113
          ],
          [
            30.4029166,
            39.6513093
          ],
          [
            30.4021843,
            39.6508622
          ],
          [
            30.4013002,
            39.6505119
          ],
          [
            30.4005681,
            39.6503248
          ],
          [
            30.3997124,
            39.6502208
          ],
          [
            30.3988421,
            39.6501652
          ],
          [
            30.397944,
            39.6501759
          ],
          [
            30.3972425,
            39.6502526
          ],
          [
            30.3963478,
            39.65047
          ],
          [
            30.3959762,
            39.6506424
          ],
          [
            30.3954844,
            39.6509277
          ],
          [
            30.394923,
            39.6513093
          ],
          [
            30.3938759,
            39.6521354
          ],
          [
            30.3932751,
            39.6525847
          ],
          [
            30.3926914,
            39.6529284
          ],
          [
            30.3921421,
            39.6531927
          ],
          [
            30.3919113,
            39.6532735
          ],
          [
            30.3913576,
            39.6534114
          ],
          [
            30.3908702,
            39.65346
          ],
          [
            30.390474,
            39.653491
          ],
          [
            30.3841042,
            39.6539897
          ],
          [
            30.3832392,
            39.6540534
          ],
          [
            30.3824718,
            39.6540658
          ],
          [
            30.3816805,
            39.6539942
          ],
          [
            30.3808395,
            39.6538671
          ],
          [
            30.3777171,
            39.6533045
          ],
          [
            30.3753364,
            39.6528755
          ],
          [
            30.374152,
            39.6526112
          ],
          [
            30.3731048,
            39.6522675
          ],
          [
            30.372032,
            39.6518182
          ],
          [
            30.3709419,
            39.6512432
          ],
          [
            30.3700149,
            39.6506286
          ],
          [
            30.3672812,
            39.6486362
          ]
        ]
      },
      "id": "way/82369175"
    },
    {
      "type": "Feature",
      "properties": {
        "@id": "way/82369192",
        "axle_load": "22.5",
        "bridge": "yes",
        "electrified": "contact_line",
        "frequency": "50",
        "gauge": "1435",
        "layer": "1",
        "maxspeed": "120",
        "operator": "TCDD",
        "railway": "rail",
        "railway:etcs": "2",
        "usage": "main",
        "voltage": "25000"
      },
      "geometry": {
        "type": "LineString",
        "coordinates": [
          [
            30.4461845,
            39.7422529
          ],
          [
            30.4458248,
            39.7421827
          ]
        ]
      },
      "id": "way/82369192"
    },
    {
      "type": "Feature",
      "properties": {
        "@id": "way/82369194",
        "axle_load": "22.5",
        "bridge": "yes",
        "electrified": "contact_line",
        "frequency": "50",
        "gauge": "1435",
        "layer": "1",
        "maxspeed": "120",
        "name": "Eskişehir-Konya demiryolu",
        "operator": "TCDD",
        "railway": "rail",
        "railway:etcs": "2",
        "source": "bing",
        "usage": "main",
        "voltage": "25000"
      },
      "geometry": {
        "type": "LineString",
        "coordinates": [
          [
            30.4059849,
            39.6576872
          ],
          [
            30.4058776,
            39.657411
          ]
        ]
      },
      "id": "way/82369194"
    },
    {
      "type": "Feature",
      "properties": {
        "@id": "way/82369196",
        "axle_load": "22.5",
        "bridge": "yes",
        "electrified": "contact_line",
        "frequency": "50",
        "gauge": "1435",
        "layer": "1",
        "maxspeed": "120",
        "name": "Eskişehir-Konya demiryolu",
        "operator": "TCDD",
        "railway": "rail",
        "railway:etcs": "2",
        "source": "bing",
        "usage": "main",
        "voltage": "25000"
      },
      "geometry": {
        "type": "LineString",
        "coordinates": [
          [
            30.3672812,
            39.6486362
          ],
          [
            30.3669491,
            39.6483968
          ]
        ]
      },
      "id": "way/82369196"
    },
    {
      "type": "Feature",
      "properties": {
        "@id": "way/84057010",
        "electrified": "contact_line",
        "frequency": "50",
        "gauge": "1435",
        "highspeed": "yes",
        "maxspeed": "250",
        "name": "Ankara - İstanbul yüksek hızlı demiryolu",
        "name:en": "Ankara - İstanbul high-speed railway",
        "operator": "TCDD",
        "passenger_lines": "1",
        "railway": "rail",
        "railway:bidirectional": "possible",
        "railway:etcs": "1",
        "railway:preferred_direction": "forward",
        "usage": "main",
        "voltage": "25000",
        "wikidata": "Q513146",
        "wikipedia": "en:Ankara–Istanbul high-speed railway"
      },
      "geometry": {
        "type": "LineString",
        "coordinates": [
          [
            30.5266041,
            39.783115
          ],
          [
            30.5345271,
            39.7844696
          ],
          [
            30.5369733,
            39.7848756
          ],
          [
            30.5392291,
            39.7852095
          ],
          [
            30.5406466,
            39.785396
          ],
          [
            30.5430152,
            39.7856641
          ],
          [
            30.5453338,
            39.7859273
          ],
          [
            30.5517916,
            39.7866573
          ],
          [
            30.5523631,
            39.786728
          ],
          [
            30.55284,
            39.786787
          ],
          [
            30.5635693,
            39.7880197
          ],
          [
            30.6030834,
            39.7924615
          ],
          [
            30.6277903,
            39.7951774
          ],
          [
            30.6516393,
            39.797704
          ]
        ]
      },
      "id": "way/84057010"
    },
    {
      "type": "Feature",
      "properties": {
        "@id": "way/87428340",
        "axle_load": "22.5",
        "bridge": "yes",
        "electrified": "no",
        "gauge": "1435",
        "layer": "1",
        "operator": "TCDD",
        "passenger_lines": "1",
        "railway": "rail",
        "railway:etcs": "no",
        "source": "bing",
        "usage": "main"
      },
      "geometry": {
        "type": "LineString",
        "coordinates": [
          [
            30.4135665,
            38.8592807
          ],
          [
            30.4131592,
            38.8590718
          ]
        ]
      },
      "id": "way/87428340"
    },
    {
      "type": "Feature",
      "properties": {
        "@id": "way/87428351",
        "axle_load": "22.5",
        "electrified": "no",
        "gauge": "1435",
        "maxspeed": "120",
        "name": "Afyonkarahisar-Karakuyu demiryolu",
        "operator": "TCDD",
        "passenger_lines": "1",
        "railway": "rail",
        "source": "bing",
        "usage": "main"
      },
      "geometry": {
        "type": "LineString",
        "coordinates": [
          [
            30.4368375,
            38.828222
          ],
          [
            30.4420079,
            38.8282981
          ],
          [
            30.4424558,
            38.828305
          ],
          [
            30.4429695,
            38.8282839
          ],
          [
            30.443297,
            38.8282553
          ],
          [
            30.4436768,
            38.8281746
          ],
          [
            30.4440663,
            38.8280837
          ]
        ]
      },
      "id": "way/87428351"
    },
    {
      "type": "Feature",
      "properties": {
        "@id": "way/87428352",
        "axle_load": "22.5",
        "bridge": "yes",
        "construction:railway:etcs": "1",
        "electrified": "no",
        "gauge": "1435",
        "layer": "1",
        "name": "Eskişehir-Konya demiryolu",
        "operator": "TCDD",
        "passenger_lines": "1",
        "railway": "rail",
        "usage": "main"
      },
      "geometry": {
        "type": "LineString",
        "coordinates": [
          [
            30.5501684,
            38.7693318
          ],
          [
            30.5503618,
            38.7689705
          ]
        ]
      },
      "id": "way/87428352"
    },
    {
      "type": "Feature",
      "properties": {
        "@id": "way/87428382",
        "axle_load": "22.5",
        "bridge": "yes",
        "electrified": "no",
        "gauge": "1435",
        "layer": "1",
        "maxspeed": "120",
        "operator": "TCDD",
        "passenger_lines": "1",
        "railway": "rail",
        "source": "bing",
        "usage": "main"
      },
      "geometry": {
        "type": "LineString",
        "coordinates": [
          [
            30.4440663,
            38.8280837
          ],
          [
            30.4442471,
            38.8280274
          ]
        ]
      },
      "id": "way/87428382"
    },
    {
      "type": "Feature",
      "properties": {
        "@id": "way/87428392",
        "axle_load": "22.5",
        "electrified": "no",
        "gauge": "1435",
        "name": "İzmir-Afyonkarahisar demiryolu",
        "operator": "TCDD",
        "passenger_lines": "1",
        "railway": "rail",
        "railway:etcs": "no",
        "source": "bing",
        "usage": "main"
      },
      "geometry": {
        "type": "LineString",
        "coordinates": [
          [
            30.4112004,
            38.8561649
          ],
          [
            30.4110999,
            38.855995
          ],
          [
            30.4108643,
            38.8557112
          ],
          [
            30.4105499,
            38.855424
          ],
          [
            30.4101448,
            38.8551932
          ],
          [
            30.4096005,
            38.8549248
          ],
          [
            30.4091652,
            38.8547977
          ],
          [
            30.4087056,
            38.8547223
          ],
          [
            30.4079618,
            38.8546517
          ],
          [
            30.4073632,
            38.8545198
          ],
          [
            30.4069233,
            38.8543766
          ],
          [
            30.4063054,
            38.8540828
          ],
          [
            30.4049864,
            38.853372
          ],
          [
            30.4041686,
            38.8529935
          ],
          [
            30.4033518,
            38.8526657
          ],
          [
            30.4026526,
            38.8525038
          ],
          [
            30.40167,
            38.8523346
          ],
          [
            30.4005964,
            38.8522729
          ],
          [
            30.3992812,
            38.8521705
          ],
          [
            30.3982977,
            38.8520711
          ],
          [
            30.3977586,
            38.8519705
          ],
          [
            30.3969871,
            38.8516839
          ],
          [
            30.3963434,
            38.8513567
          ],
          [
            30.3957638,
            38.8509359
          ],
          [
            30.3952088,
            38.8503243
          ],
          [
            30.3948772,
            38.8496839
          ],
          [
            30.3903061,
            38.8417603
          ],
          [
            30.3891689,
            38.8405106
          ],
          [
            30.3879125,
            38.8396716
          ],
          [
            30.3864008,
            38.8389027
          ],
          [
            30.3856069,
            38.8384924
          ],
          [
            30.3826425,
            38.837503
          ],
          [
            30.37947,
            38.8366514
          ],
          [
            30.378648,
            38.8363846
          ],
          [
            30.3779036,
            38.8360421
          ],
          [
            30.3773885,
            38.8357267
          ],
          [
            30.3768794,
            38.8353548
          ],
          [
            30.3759977,
            38.8344781
          ],
          [
            30.3712543,
            38.8296261
          ],
          [
            30.3683457,
            38.8266337
          ],
          [
            30.3679688,
            38.8262081
          ],
          [
            30.367379,
            38.8253415
          ],
          [
            30.3671035,
            38.8248959
          ],
          [
            30.3668439,
            38.8242929
          ],
          [
            30.3659649,
            38.821243
          ],
          [
            30.3655758,
            38.8203179
          ],
          [
            30.3649723,
            38.8194544
          ],
          [
            30.3641845,
            38.8187773
          ],
          [
            30.3630549,
            38.8181004
          ],
          [
            30.3488199,
            38.810743
          ],
          [
            30.3478568,
            38.8103251
          ],
          [
            30.3465358,
            38.8099957
          ],
          [
            30.3460069,
            38.809906
          ],
          [
            30.3409975,
            38.8090567
          ],
          [
            30.3399515,
            38.8089509
          ],
          [
            30.339322,
            38.8089381
          ],
          [
            30.3385986,
            38.8090033
          ],
          [
            30.3379361,
            38.8091718
          ],
          [
            30.3373844,
            38.8093724
          ],
          [
            30.3343208,
            38.8107947
          ],
          [
            30.3336781,
            38.8110522
          ],
          [
            30.3330142,
            38.8112614
          ],
          [
            30.3324451,
            38.811383
          ],
          [
            30.33182,
            38.8114202
          ],
          [
            30.331214,
            38.8114225
          ],
          [
            30.3304864,
            38.8113316
          ],
          [
            30.3265951,
            38.8106787
          ],
          [
            30.3257428,
            38.8105504
          ],
          [
            30.3247826,
            38.8105067
          ],
          [
            30.3240278,
            38.8105646
          ],
          [
            30.3231726,
            38.810692
          ],
          [
            30.3222219,
            38.8109502
          ],
          [
            30.3214062,
            38.8112962
          ],
          [
            30.3186725,
            38.8127677
          ],
          [
            30.3179722,
            38.8131016
          ],
          [
            30.3171426,
            38.813411
          ],
          [
            30.316097,
            38.8136814
          ],
          [
            30.3150757,
            38.8138603
          ],
          [
            30.3140992,
            38.8139257
          ],
          [
            30.3091918,
            38.8139925
          ],
          [
            30.3078383,
            38.8139606
          ],
          [
            30.3065382,
            38.8138306
          ],
          [
            30.305726,
            38.8136808
          ],
          [
            30.3044458,
            38.8133746
          ],
          [
            30.2921578,
            38.8101564
          ],
          [
            30.2895982,
            38.8094826
          ],
          [
            30.2891339,
            38.8093145
          ],
          [
            30.2885481,
            38.809117
          ],
          [
            30.2877161,
            38.8086566
          ],
          [
            30.2841701,
            38.8064082
          ],
          [
            30.283509,
            38.8061773
          ],
          [
            30.2828165,
            38.8060353
          ],
          [
            30.2820433,
            38.8060191
          ],
          [
            30.2815976,
            38.8060821
          ],
          [
            30.2813114,
            38.8061496
          ],
          [
            30.280681,
            38.8063438
          ],
          [
            30.2799311,
            38.8066842
          ],
          [
            30.2792531,
            38.8070443
          ],
          [
            30.2785411,
            38.8073719
          ],
          [
            30.2779237,
            38.8077668
          ],
          [
            30.2770365,
            38.808597
          ],
          [
            30.2764389,
            38.8096713
          ],
          [
            30.2763831,
            38.8097716
          ],
          [
            30.274984,
            38.8130654
          ],
          [
            30.2745199,
            38.8138924
          ],
          [
            30.2741929,
            38.8142338
          ],
          [
            30.2738576,
            38.8145114
          ],
          [
            30.2735982,
            38.8146375
          ],
          [
            30.2731925,
            38.8148214
          ],
          [
            30.2727828,
            38.814961
          ],
          [
            30.272277,
            38.8150768
          ],
          [
            30.2720154,
            38.8151127
          ],
          [
            30.2710908,
            38.8151562
          ],
          [
            30.2705838,
            38.8151886
          ],
          [
            30.2701121,
            38.8152563
          ],
          [
            30.2697005,
            38.8153654
          ],
          [
            30.2693163,
            38.8155118
          ],
          [
            30.2689142,
            38.8157078
          ],
          [
            30.2685729,
            38.8159327
          ],
          [
            30.268274,
            38.8161989
          ],
          [
            30.2679584,
            38.8165725
          ],
          [
            30.2676658,
            38.8169733
          ],
          [
            30.2660852,
            38.8191229
          ],
          [
            30.2640804,
            38.8218616
          ],
          [
            30.2633258,
            38.8228869
          ],
          [
            30.2625568,
            38.8239601
          ],
          [
            30.2620295,
            38.8245418
          ],
          [
            30.2614845,
            38.8252187
          ],
          [
            30.2608798,
            38.8257789
          ],
          [
            30.2601116,
            38.8262617
          ],
          [
            30.2593341,
            38.8267012
          ],
          [
            30.2586681,
            38.8269335
          ],
          [
            30.2580326,
            38.8271894
          ],
          [
            30.2566678,
            38.8275683
          ],
          [
            30.2558419,
            38.8279197
          ],
          [
            30.2551714,
            38.8282976
          ],
          [
            30.2551249,
            38.8283238
          ],
          [
            30.2545188,
            38.8288043
          ],
          [
            30.2540531,
            38.8293093
          ],
          [
            30.2522046,
            38.8314173
          ],
          [
            30.251208,
            38.8323692
          ],
          [
            30.2503087,
            38.8329311
          ],
          [
            30.2493306,
            38.8333208
          ],
          [
            30.2448053,
            38.8347785
          ],
          [
            30.2408682,
            38.836025
          ],
          [
            30.2395513,
            38.836442
          ],
          [
            30.239426,
            38.8364824
          ],
          [
            30.2331967,
            38.8384605
          ],
          [
            30.2288919,
            38.8398613
          ],
          [
            30.226959,
            38.8407478
          ],
          [
            30.225964,
            38.8412042
          ],
          [
            30.2240274,
            38.8425487
          ],
          [
            30.2185448,
            38.8474564
          ],
          [
            30.2163863,
            38.8493697
          ],
          [
            30.2160845,
            38.8496174
          ],
          [
            30.2138004,
            38.8514923
          ],
          [
            30.2062873,
            38.8564382
          ],
          [
            30.2052713,
            38.857069
          ],
          [
            30.2044444,
            38.8574296
          ],
          [
            30.2035682,
            38.8576863
          ],
          [
            30.202615,
            38.8578427
          ],
          [
            30.2016337,
            38.8578711
          ],
          [
            30.2012881,
            38.8578503
          ],
          [
            30.1955445,
            38.8572428
          ],
          [
            30.1945613,
            38.857202
          ],
          [
            30.1935404,
            38.8573054
          ],
          [
            30.1925046,
            38.8576404
          ],
          [
            30.1916832,
            38.8580883
          ],
          [
            30.1903425,
            38.8593275
          ],
          [
            30.1880254,
            38.8614691
          ],
          [
            30.1873628,
            38.8619392
          ],
          [
            30.1866682,
            38.8622089
          ],
          [
            30.1858257,
            38.8623522
          ],
          [
            30.1849702,
            38.8623022
          ],
          [
            30.1814957,
            38.8620066
          ],
          [
            30.1809365,
            38.8619476
          ],
          [
            30.1802184,
            38.8617453
          ],
          [
            30.1774429,
            38.8606898
          ],
          [
            30.175723,
            38.8600357
          ],
          [
            30.1745678,
            38.8596381
          ],
          [
            30.1740755,
            38.8595179
          ],
          [
            30.1736112,
            38.8594559
          ],
          [
            30.1731714,
            38.8594442
          ],
          [
            30.1728243,
            38.8594799
          ],
          [
            30.1723442,
            38.8595637
          ],
          [
            30.1718735,
            38.8597093
          ],
          [
            30.171455,
            38.8598987
          ],
          [
            30.1710566,
            38.8601503
          ],
          [
            30.1706863,
            38.8604636
          ],
          [
            30.1704502,
            38.8607009
          ],
          [
            30.1701814,
            38.8610944
          ],
          [
            30.1700396,
            38.861423
          ],
          [
            30.1699306,
            38.8618607
          ],
          [
            30.1699165,
            38.8627441
          ],
          [
            30.1703889,
            38.8635572
          ],
          [
            30.1709937,
            38.8641893
          ],
          [
            30.1717317,
            38.8646111
          ],
          [
            30.1723917,
            38.8651751
          ],
          [
            30.1728455,
            38.8660105
          ],
          [
            30.1730139,
            38.8668375
          ],
          [
            30.1730837,
            38.8677388
          ],
          [
            30.1729903,
            38.8686911
          ],
          [
            30.1726513,
            38.8693151
          ],
          [
            30.1719169,
            38.8700696
          ],
          [
            30.1712112,
            38.8704898
          ],
          [
            30.1709228,
            38.8705744
          ],
          [
            30.1701933,
            38.870817
          ],
          [
            30.1690797,
            38.8708058
          ],
          [
            30.167428,
            38.8705821
          ],
          [
            30.1665766,
            38.870563
          ],
          [
            30.1660379,
            38.8706963
          ],
          [
            30.1657459,
            38.8707816
          ]
        ]
      },
      "id": "way/87428392"
    },
    {
      "type": "Feature",
      "properties": {
        "@id": "way/87428393",
        "axle_load": "22.5",
        "bridge": "yes",
        "electrified": "no",
        "gauge": "1435",
        "layer": "1",
        "maxspeed": "120",
        "operator": "TCDD",
        "passenger_lines": "1",
        "railway": "rail",
        "source": "bing",
        "usage": "main"
      },
      "geometry": {
        "type": "LineString",
        "coordinates": [
          [
            30.4364888,
            38.8282189
          ],
          [
            30.4368375,
            38.828222
          ]
        ]
      },
      "id": "way/87428393"
    },
    {
      "type": "Feature",
      "properties": {
        "@id": "way/87428399",
        "construction:electrified": "contact_line",
        "construction:frequency": "50",
        "construction:railway:etcs": "1",
        "construction:voltage": "25000",
        "electrified": "no",
        "gauge": "1435",
        "operator": "TCDD",
        "passenger_lines": "1",
        "railway": "rail",
        "usage": "main"
      },
      "geometry": {
        "type": "LineString",
        "coordinates": [
          [
            30.5389897,
            38.7803352
          ],
          [
            30.5393539,
            38.7799731
          ],
          [
            30.539631,
            38.7797062
          ],
          [
            30.5402661,
            38.7792015
          ],
          [
            30.5405571,
            38.7790073
          ],
          [
            30.5408981,
            38.7787786
          ]
        ]
      },
      "id": "way/87428399"
    },
    {
      "type": "Feature",
      "properties": {
        "@id": "way/87428404",
        "axle_load": "22.5",
        "electrified": "no",
        "gauge": "1435",
        "name": "İzmir-Afyonkarahisar demiryolu",
        "operator": "TCDD",
        "passenger_lines": "1",
        "railway": "rail",
        "railway:etcs": "no",
        "source": "bing",
        "usage": "main"
      },
      "geometry": {
        "type": "LineString",
        "coordinates": [
          [
            30.4131592,
            38.8590718
          ],
          [
            30.4127057,
            38.8587422
          ],
          [
            30.412361,
            38.8584361
          ],
          [
            30.4121131,
            38.8580783
          ],
          [
            30.4118652,
            38.8576356
          ],
          [
            30.4113197,
            38.8563404
          ]
        ]
      },
      "id": "way/87428404"
    },
    {
      "type": "Feature",
      "properties": {
        "@id": "way/87428405",
        "axle_load": "22.5",
        "bridge": "yes",
        "electrified": "no",
        "gauge": "1435",
        "layer": "1",
        "operator": "TCDD",
        "passenger_lines": "1",
        "railway": "rail",
        "railway:etcs": "no",
        "source": "bing",
        "usage": "main"
      },
      "geometry": {
        "type": "LineString",
        "coordinates": [
          [
            30.4316972,
            38.8409795
          ],
          [
            30.4315982,
            38.8411786
          ]
        ]
      },
      "id": "way/87428405"
    },
    {
      "type": "Feature",
      "properties": {
        "@id": "way/87428410",
        "axle_load": "22.5",
        "construction:railway:etcs": "1",
        "electrified": "no",
        "gauge": "1435",
        "name": "Eskişehir-Konya demiryolu",
        "operator": "TCDD",
        "passenger_lines": "1",
        "railway": "rail",
        "usage": "main"
      },
      "geometry": {
        "type": "LineString",
        "coordinates": [
          [
            30.5503618,
            38.7689705
          ],
          [
            30.5510289,
            38.7677028
          ]
        ]
      },
      "id": "way/87428410"
    },
    {
      "type": "Feature",
      "properties": {
        "@id": "way/87428420",
        "axle_load": "22.5",
        "electrified": "no",
        "gauge": "1435",
        "name": "İzmir-Afyonkarahisar demiryolu",
        "operator": "TCDD",
        "passenger_lines": "1",
        "railway": "rail",
        "railway:etcs": "no",
        "source": "bing",
        "usage": "main"
      },
      "geometry": {
        "type": "LineString",
        "coordinates": [
          [
            30.4315982,
            38.8411786
          ],
          [
            30.4312515,
            38.8418387
          ],
          [
            30.4309373,
            38.8423897
          ],
          [
            30.4306138,
            38.8428189
          ],
          [
            30.4297046,
            38.8437411
          ],
          [
            30.4283223,
            38.8449017
          ],
          [
            30.427653,
            38.8455846
          ],
          [
            30.4273217,
            38.8461802
          ],
          [
            30.4271683,
            38.8468152
          ],
          [
            30.426958,
            38.8478857
          ],
          [
            30.4266617,
            38.8493186
          ],
          [
            30.4264465,
            38.8505454
          ],
          [
            30.4261602,
            38.8516823
          ],
          [
            30.4258736,
            38.8525563
          ],
          [
            30.4254245,
            38.8535447
          ],
          [
            30.4248243,
            38.8546331
          ],
          [
            30.4240019,
            38.85598
          ],
          [
            30.4234456,
            38.8567099
          ],
          [
            30.4230344,
            38.8571525
          ],
          [
            30.4225265,
            38.8576187
          ],
          [
            30.4221093,
            38.8579436
          ],
          [
            30.421432,
            38.8583815
          ],
          [
            30.4206761,
            38.8588147
          ],
          [
            30.420011,
            38.8591396
          ],
          [
            30.419503,
            38.8593609
          ],
          [
            30.4189467,
            38.8595069
          ],
          [
            30.4183904,
            38.8596246
          ],
          [
            30.4178462,
            38.8596952
          ],
          [
            30.4173685,
            38.8597188
          ],
          [
            30.4168605,
            38.8597094
          ],
          [
            30.4156556,
            38.8596753
          ],
          [
            30.4149189,
            38.85963
          ],
          [
            30.4144382,
            38.8595439
          ],
          [
            30.4139164,
            38.8594324
          ],
          [
            30.4135665,
            38.8592807
          ]
        ]
      },
      "id": "way/87428420"
    },
    {
      "type": "Feature",
      "properties": {
        "@id": "way/87428421",
        "axle_load": "22.5",
        "electrified": "no",
        "gauge": "1435",
        "maxspeed": "120",
        "name": "Afyonkarahisar-Karakuyu demiryolu",
        "operator": "TCDD",
        "passenger_lines": "2",
        "railway": "rail",
        "source": "bing",
        "usage": "main"
      },
      "geometry": {
        "type": "LineString",
        "coordinates": [
          [
            30.5328418,
            38.7670988
          ],
          [
            30.5381248,
            38.7670437
          ],
          [
            30.5396885,
            38.7670259
          ],
          [
            30.5398597,
            38.7670293
          ],
          [
            30.5403099,
            38.7670474
          ],
          [
            30.5407776,
            38.7670648
          ],
          [
            30.5412463,
            38.7671334
          ],
          [
            30.5417363,
            38.7672254
          ],
          [
            30.5422084,
            38.7673655
          ],
          [
            30.5426765,
            38.7675218
          ],
          [
            30.5429781,
            38.7676775
          ],
          [
            30.543225,
            38.7677973
          ],
          [
            30.5434038,
            38.7679066
          ],
          [
            30.5436982,
            38.7681217
          ],
          [
            30.5446917,
            38.7689468
          ],
          [
            30.5448861,
            38.7690805
          ],
          [
            30.5450725,
            38.7691992
          ],
          [
            30.5452723,
            38.7692981
          ],
          [
            30.5454525,
            38.7693769
          ],
          [
            30.5457688,
            38.7694966
          ],
          [
            30.5461264,
            38.7695791
          ],
          [
            30.5464327,
            38.7696239
          ],
          [
            30.5467766,
            38.7696571
          ],
          [
            30.5471874,
            38.7696522
          ],
          [
            30.5474435,
            38.7696353
          ],
          [
            30.5477709,
            38.7695791
          ],
          [
            30.5480954,
            38.7695109
          ],
          [
            30.5484615,
            38.7694147
          ],
          [
            30.5485821,
            38.7693666
          ],
          [
            30.5490531,
            38.7692236
          ],
          [
            30.5493421,
            38.7691221
          ],
          [
            30.5496028,
            38.7690101
          ],
          [
            30.5498973,
            38.7688548
          ],
          [
            30.5501356,
            38.7686877
          ],
          [
            30.5503801,
            38.7684701
          ],
          [
            30.5505178,
            38.7683411
          ],
          [
            30.5509909,
            38.7676856
          ]
        ]
      },
      "id": "way/87428421"
    },
    {
      "type": "Feature",
      "properties": {
        "@id": "way/89386425",
        "electrified": "contact_line",
        "frequency": "50",
        "gauge": "1435",
        "operator": "TCDD",
        "railway": "rail",
        "railway:etcs": "2",
        "service": "siding",
        "voltage": "25000"
      },
      "geometry": {
        "type": "LineString",
        "coordinates": [
          [
            30.4810228,
            39.7752736
          ],
          [
            30.4813727,
            39.7753113
          ],
          [
            30.4815871,
            39.7753271
          ],
          [
            30.4819314,
            39.7753295
          ],
          [
            30.4821095,
            39.7753206
          ],
          [
            30.4824093,
            39.7752958
          ],
          [
            30.482803,
            39.7752013
          ],
          [
            30.4831672,
            39.7750797
          ],
          [
            30.4833351,
            39.7750062
          ],
          [
            30.4836937,
            39.7748021
          ],
          [
            30.4840947,
            39.7745258
          ],
          [
            30.4843589,
            39.7742796
          ],
          [
            30.4844962,
            39.7740992
          ],
          [
            30.4846985,
            39.7738266
          ],
          [
            30.4848007,
            39.7735973
          ],
          [
            30.484896,
            39.7733418
          ],
          [
            30.484952,
            39.7730846
          ],
          [
            30.484967,
            39.7726916
          ],
          [
            30.4849412,
            39.7724788
          ],
          [
            30.4849056,
            39.7723208
          ],
          [
            30.4847923,
            39.7720306
          ],
          [
            30.4847085,
            39.7718676
          ],
          [
            30.4846117,
            39.7717089
          ],
          [
            30.484487,
            39.7715443
          ],
          [
            30.4843546,
            39.7713805
          ],
          [
            30.4840869,
            39.7711256
          ],
          [
            30.4837726,
            39.7708868
          ]
        ]
      },
      "id": "way/89386425"
    },
    {
      "type": "Feature",
      "properties": {
        "@id": "way/89386437",
        "electrified": "no",
        "gauge": "1435",
        "railway": "rail",
        "service": "yard"
      },
      "geometry": {
        "type": "LineString",
        "coordinates": [
          [
            30.4979691,
            39.7780872
          ],
          [
            30.4976526,
            39.7781059
          ],
          [
            30.4974152,
            39.7780883
          ],
          [
            30.4972087,
            39.7780595
          ],
          [
            30.4969968,
            39.7780141
          ],
          [
            30.4965998,
            39.7779028
          ],
          [
            30.4962825,
            39.7777884
          ],
          [
            30.4959285,
            39.7776337
          ],
          [
            30.4955871,
            39.77745
          ],
          [
            30.4952614,
            39.7772188
          ],
          [
            30.4947647,
            39.7767264
          ],
          [
            30.49451,
            39.776507
          ],
          [
            30.4943401,
            39.776399
          ],
          [
            30.4941801,
            39.7762987
          ],
          [
            30.4938274,
            39.7761047
          ],
          [
            30.4932056,
            39.7757595
          ],
          [
            30.4897608,
            39.7740043
          ],
          [
            30.4861013,
            39.7720293
          ],
          [
            30.4854465,
            39.7716829
          ],
          [
            30.4851215,
            39.7715589
          ]
        ]
      },
      "id": "way/89386437"
    },
    {
      "type": "Feature",
      "properties": {
        "@id": "way/89386440",
        "electrified": "no",
        "gauge": "1435",
        "railway": "rail",
        "service": "yard",
        "source": "bing"
      },
      "geometry": {
        "type": "LineString",
        "coordinates": [
          [
            30.5019349,
            39.7786229
          ],
          [
            30.5017167,
            39.7784434
          ],
          [
            30.5015036,
            39.7782679
          ],
          [
            30.5013125,
            39.7780987
          ],
          [
            30.501048,
            39.7779455
          ],
          [
            30.5009548,
            39.7779154
          ],
          [
            30.5004864,
            39.777764
          ],
          [
            30.5001763,
            39.7777238
          ],
          [
            30.4998628,
            39.7777186
          ],
          [
            30.4984519,
            39.7777283
          ],
          [
            30.4976026,
            39.7777097
          ]
        ]
      },
      "id": "way/89386440"
    },
    {
      "type": "Feature",
      "properties": {
        "@id": "way/89386448",
        "electrified": "no",
        "gauge": "1435",
        "railway": "rail",
        "service": "spur",
        "source": "bing"
      },
      "geometry": {
        "type": "LineString",
        "coordinates": [
          [
            30.493758,
            39.774553
          ],
          [
            30.4933017,
            39.7748112
          ],
          [
            30.4931519,
            39.7748623
          ],
          [
            30.492776,
            39.7749555
          ],
          [
            30.4924367,
            39.7749827
          ],
          [
            30.4922905,
            39.7749699
          ],
          [
            30.4920867,
            39.774942
          ],
          [
            30.4918563,
            39.7748932
          ],
          [
            30.4913855,
            39.7747022
          ]
        ]
      },
      "id": "way/89386448"
    },
    {
      "type": "Feature",
      "properties": {
        "@id": "way/89386462",
        "electrified": "no",
        "gauge": "1435",
        "railway": "rail",
        "service": "spur",
        "source": "bing"
      },
      "geometry": {
        "type": "LineString",
        "coordinates": [
          [
            30.4946653,
            39.7735875
          ],
          [
            30.4928756,
            39.7745593
          ],
          [
            30.4926257,
            39.7746442
          ],
          [
            30.4923928,
            39.7746994
          ],
          [
            30.4921568,
            39.7747283
          ],
          [
            30.4921133,
            39.7747302
          ],
          [
            30.4920518,
            39.7747335
          ],
          [
            30.4918617,
            39.7747262
          ],
          [
            30.4916606,
            39.7746994
          ],
          [
            30.4913383,
            39.7746401
          ],
          [
            30.4911383,
            39.7745726
          ]
        ]
      },
      "id": "way/89386462"
    },
    {
      "type": "Feature",
      "properties": {
        "@id": "way/89386465",
        "electrified": "no",
        "gauge": "1435",
        "railway": "rail",
        "service": "spur",
        "source": "bing"
      },
      "geometry": {
        "type": "LineString",
        "coordinates": [
          [
            30.4937967,
            39.7738219
          ],
          [
            30.4928006,
            39.7743877
          ],
          [
            30.492535,
            39.7744953
          ],
          [
            30.4923522,
            39.7745555
          ],
          [
            30.4921621,
            39.7745881
          ],
          [
            30.4921017,
            39.7745966
          ],
          [
            30.4920304,
            39.774606
          ],
          [
            30.491863,
            39.7746138
          ],
          [
            30.4916713,
            39.7746098
          ],
          [
            30.491345,
            39.774572
          ],
          [
            30.4909036,
            39.7744496
          ]
        ]
      },
      "id": "way/89386465"
    },
    {
      "type": "Feature",
      "properties": {
        "@id": "way/89386484",
        "electrified": "no",
        "gauge": "1435",
        "railway": "rail",
        "service": "spur",
        "source": "bing"
      },
      "geometry": {
        "type": "LineString",
        "coordinates": [
          [
            30.4967202,
            39.7742764
          ],
          [
            30.4958566,
            39.7747802
          ],
          [
            30.4947944,
            39.7753999
          ],
          [
            30.4944215,
            39.7755181
          ],
          [
            30.4941374,
            39.7755635
          ],
          [
            30.4938171,
            39.7755714
          ],
          [
            30.4934925,
            39.7755611
          ],
          [
            30.4932154,
            39.7755297
          ],
          [
            30.4929293,
            39.7754581
          ],
          [
            30.4925862,
            39.7753316
          ]
        ]
      },
      "id": "way/89386484"
    },
    {
      "type": "Feature",
      "properties": {
        "@id": "way/96178208",
        "electrified": "contact_line",
        "frequency": "50",
        "gauge": "1435",
        "highspeed": "yes",
        "maxspeed": "250",
        "name": "Ankara - İstanbul yüksek hızlı demiryolu",
        "name:en": "Ankara - İstanbul high-speed railway",
        "operator": "TCDD",
        "passenger_lines": "1",
        "railway": "rail",
        "railway:bidirectional": "possible",
        "railway:etcs": "1",
        "railway:preferred_direction": "forward",
        "usage": "main",
        "voltage": "25000",
        "wikidata": "Q513146",
        "wikipedia": "en:Ankara–Istanbul high-speed railway"
      },
      "geometry": {
        "type": "LineString",
        "coordinates": [
          [
            30.6521216,
            39.7977586
          ],
          [
            30.7265998,
            39.8060932
          ],
          [
            30.7278675,
            39.8062248
          ],
          [
            30.7287943,
            39.806298
          ],
          [
            30.7297326,
            39.806359
          ],
          [
            30.7310134,
            39.8063977
          ],
          [
            30.7563455,
            39.8065918
          ],
          [
            30.760486,
            39.8066174
          ],
          [
            30.7643228,
            39.8066421
          ],
          [
            30.7655849,
            39.8066297
          ],
          [
            30.766596,
            39.8066047
          ],
          [
            30.7693589,
            39.8065135
          ],
          [
            30.7708278,
            39.806428
          ],
          [
            30.7722896,
            39.8063043
          ],
          [
            30.7734162,
            39.8061874
          ],
          [
            30.7747921,
            39.8060262
          ],
          [
            30.7767354,
            39.8057337
          ],
          [
            30.779407,
            39.8052572
          ],
          [
            30.7817121,
            39.80474
          ],
          [
            30.8415716,
            39.7902939
          ],
          [
            30.8470739,
            39.7889182
          ],
          [
            30.8488887,
            39.7884452
          ],
          [
            30.8505561,
            39.7880241
          ],
          [
            30.8526357,
            39.787563
          ],
          [
            30.8536335,
            39.7873487
          ],
          [
            30.8547334,
            39.7871549
          ],
          [
            30.8568039,
            39.7868108
          ],
          [
            30.8586548,
            39.7865766
          ],
          [
            30.8999219,
            39.7810152
          ],
          [
            30.9023638,
            39.7806241
          ],
          [
            30.9058368,
            39.7799118
          ],
          [
            30.9072911,
            39.7795399
          ],
          [
            30.9086805,
            39.7791462
          ],
          [
            30.9104009,
            39.7786234
          ],
          [
            30.9121244,
            39.7780516
          ],
          [
            30.9132697,
            39.7776393
          ],
          [
            30.9150455,
            39.7769794
          ],
          [
            30.9169383,
            39.7762088
          ],
          [
            30.9189378,
            39.7752783
          ],
          [
            30.9224404,
            39.773467
          ],
          [
            30.9244378,
            39.7723208
          ],
          [
            30.9257955,
            39.771503
          ],
          [
            30.9324952,
            39.7667792
          ],
          [
            30.934826,
            39.7653978
          ],
          [
            30.9372326,
            39.764041
          ],
          [
            30.9386857,
            39.7632371
          ],
          [
            30.9401046,
            39.7625752
          ],
          [
            30.9417005,
            39.7618062
          ],
          [
            30.9431531,
            39.7611954
          ],
          [
            30.9449835,
            39.7604412
          ],
          [
            30.9467941,
            39.7597689
          ],
          [
            30.9486447,
            39.7591402
          ],
          [
            30.9499242,
            39.7587361
          ],
          [
            30.9510329,
            39.7584262
          ],
          [
            30.9538241,
            39.7576329
          ],
          [
            30.9551303,
            39.7573154
          ],
          [
            30.9566051,
            39.7569832
          ],
          [
            30.9600388,
            39.7563176
          ],
          [
            30.9622945,
            39.7559792
          ],
          [
            30.9645261,
            39.7557029
          ],
          [
            30.9660241,
            39.7555478
          ],
          [
            30.9702553,
            39.7552472
          ],
          [
            30.9725529,
            39.7551978
          ],
          [
            30.9739487,
            39.7551781
          ],
          [
            30.9754346,
            39.7551781
          ],
          [
            30.978935,
            39.7553328
          ],
          [
            30.9817485,
            39.7555492
          ],
          [
            30.9851501,
            39.7557969
          ],
          [
            30.9891863,
            39.7561307
          ],
          [
            30.9939497,
            39.7564629
          ],
          [
            30.9989482,
            39.75687
          ],
          [
            31.0045209,
            39.757289
          ]
        ]
      },
      "id": "way/96178208"
    },
    {
      "type": "Feature",
      "properties": {
        "@id": "way/96178229",
        "axle_load": "22.5",
        "bridge": "yes",
        "electrified": "contact_line",
        "frequency": "50",
        "gauge": "1435",
        "layer": "1",
        "name": "İstanbul - Ankara demiryolu",
        "name:en": "İstanbul - Ankara railway",
        "operator": "TCDD",
        "passenger_lines": "1",
        "railway": "rail",
        "railway:bidirectional": "regular",
        "railway:preferred_direction": "both",
        "source": "bing",
        "usage": "main",
        "voltage": "25000",
        "wikidata": "Q15103266",
        "wikipedia": "en:Istanbul–Ankara railway"
      },
      "geometry": {
        "type": "LineString",
        "coordinates": [
          [
            30.6516644,
            39.7978461
          ],
          [
            30.6521175,
            39.7978952
          ]
        ]
      },
      "id": "way/96178229"
    },
    {
      "type": "Feature",
      "properties": {
        "@id": "way/96178265",
        "axle_load": "22.5",
        "electrified": "contact_line",
        "frequency": "50",
        "gauge": "1435",
        "name": "İstanbul - Ankara demiryolu",
        "name:en": "İstanbul - Ankara railway",
        "operator": "TCDD",
        "passenger_lines": "1",
        "railway": "rail",
        "railway:bidirectional": "regular",
        "railway:preferred_direction": "both",
        "source": "bing",
        "usage": "main",
        "voltage": "25000",
        "wikidata": "Q15103266",
        "wikipedia": "en:Istanbul–Ankara railway"
      },
      "geometry": {
        "type": "LineString",
        "coordinates": [
          [
            30.6521175,
            39.7978952
          ],
          [
            30.7266006,
            39.8061947
          ],
          [
            30.7278026,
            39.8063362
          ],
          [
            30.7284135,
            39.806409
          ],
          [
            30.7290799,
            39.8064487
          ],
          [
            30.7297085,
            39.8064801
          ],
          [
            30.730615,
            39.8065018
          ],
          [
            30.7559418,
            39.8067279
          ],
          [
            30.7710511,
            39.8068543
          ],
          [
            30.7720048,
            39.8068494
          ],
          [
            30.772595,
            39.8068336
          ],
          [
            30.7730438,
            39.8068025
          ],
          [
            30.77354,
            39.8067538
          ],
          [
            30.7741353,
            39.8066706
          ],
          [
            30.7745811,
            39.8066097
          ],
          [
            30.7751563,
            39.8064936
          ],
          [
            30.7759167,
            39.8063119
          ],
          [
            30.776644,
            39.8061371
          ],
          [
            30.8524458,
            39.7878429
          ],
          [
            30.8535157,
            39.7875988
          ],
          [
            30.8548349,
            39.787297
          ],
          [
            30.8558142,
            39.7871162
          ],
          [
            30.8573985,
            39.7868989
          ],
          [
            30.8999384,
            39.7811862
          ],
          [
            30.9312123,
            39.7769493
          ],
          [
            30.9322585,
            39.7767481
          ],
          [
            30.9331694,
            39.7765447
          ],
          [
            30.9344384,
            39.7762278
          ],
          [
            30.9354434,
            39.7759258
          ],
          [
            30.9365054,
            39.7755357
          ],
          [
            30.9379811,
            39.7749634
          ],
          [
            30.9454558,
            39.7717453
          ],
          [
            30.9459417,
            39.7715282
          ],
          [
            30.9572466,
            39.7666719
          ],
          [
            30.9577,
            39.7664758
          ],
          [
            30.9589193,
            39.7659994
          ],
          [
            30.9724845,
            39.7602094
          ],
          [
            30.972965,
            39.7600214
          ],
          [
            30.9735959,
            39.7597852
          ],
          [
            30.9741072,
            39.7596157
          ],
          [
            30.9747742,
            39.7594507
          ],
          [
            30.9755141,
            39.7592807
          ],
          [
            30.9761704,
            39.7591702
          ],
          [
            30.9768255,
            39.7590927
          ],
          [
            30.978178,
            39.7589756
          ],
          [
            30.9988399,
            39.7571625
          ],
          [
            30.9998911,
            39.7571145
          ],
          [
            31.0009826,
            39.7571325
          ],
          [
            31.0046576,
            39.7574008
          ]
        ]
      },
      "id": "way/96178265"
    },
    {
      "type": "Feature",
      "properties": {
        "@id": "way/96178508",
        "bridge": "yes",
        "electrified": "contact_line",
        "frequency": "50",
        "gauge": "1435",
        "highspeed": "yes",
        "layer": "1",
        "maxspeed": "250",
        "name": "Ankara - İstanbul yüksek hızlı demiryolu",
        "name:en": "Ankara - İstanbul high-speed railway",
        "operator": "TCDD",
        "passenger_lines": "1",
        "railway": "rail",
        "railway:bidirectional": "possible",
        "railway:etcs": "1",
        "railway:preferred_direction": "forward",
        "usage": "main",
        "voltage": "25000",
        "wikidata": "Q513146",
        "wikipedia": "en:Ankara–Istanbul high-speed railway"
      },
      "geometry": {
        "type": "LineString",
        "coordinates": [
          [
            30.6516393,
            39.797704
          ],
          [
            30.6521216,
            39.7977586
          ]
        ]
      },
      "id": "way/96178508"
    },
    {
      "type": "Feature",
      "properties": {
        "@id": "way/96178556",
        "axle_load": "22.5",
        "electrified": "contact_line",
        "frequency": "50",
        "gauge": "1435",
        "name": "İstanbul - Ankara demiryolu",
        "name:en": "İstanbul - Ankara railway",
        "operator": "TCDD",
        "passenger_lines": "1",
        "railway": "rail",
        "railway:bidirectional": "regular",
        "railway:preferred_direction": "both",
        "source": "bing",
        "usage": "main",
        "voltage": "25000",
        "wikidata": "Q15103266",
        "wikipedia": "en:Istanbul–Ankara railway"
      },
      "geometry": {
        "type": "LineString",
        "coordinates": [
          [
            30.5266228,
            39.7830686
          ],
          [
            30.5345409,
            39.7844249
          ],
          [
            30.5369736,
            39.7848393
          ],
          [
            30.5392375,
            39.785167
          ],
          [
            30.5406644,
            39.7853525
          ],
          [
            30.5453368,
            39.7858832
          ],
          [
            30.5509009,
            39.7865091
          ],
          [
            30.5528484,
            39.7867465
          ],
          [
            30.563569,
            39.7879663
          ],
          [
            30.6030805,
            39.792418
          ],
          [
            30.6049186,
            39.7926206
          ],
          [
            30.6089889,
            39.793057
          ],
          [
            30.6204506,
            39.7943205
          ],
          [
            30.6250859,
            39.7948324
          ],
          [
            30.6277964,
            39.7951323
          ],
          [
            30.6308003,
            39.7954601
          ],
          [
            30.6312481,
            39.7955055
          ],
          [
            30.6317246,
            39.7955436
          ],
          [
            30.6323771,
            39.7955795
          ],
          [
            30.633075,
            39.795588
          ],
          [
            30.6381834,
            39.7955633
          ],
          [
            30.6388129,
            39.7955928
          ],
          [
            30.6394208,
            39.7956758
          ],
          [
            30.640106,
            39.795816
          ],
          [
            30.6407288,
            39.7960195
          ],
          [
            30.6413675,
            39.7962837
          ],
          [
            30.6421106,
            39.796621
          ]
        ]
      },
      "id": "way/96178556"
    },
    {
      "type": "Feature",
      "properties": {
        "@id": "way/125002678",
        "construction:electrified": "contact_line",
        "construction:frequency": "50",
        "construction:railway:etcs": "2",
        "construction:voltage": "25000",
        "electrified": "no",
        "gauge": "1435",
        "railway": "rail",
        "service": "yard",
        "source": "bing"
      },
      "geometry": {
        "type": "LineString",
        "coordinates": [
          [
            30.5570548,
            38.7557413
          ],
          [
            30.5553763,
            38.7591108
          ],
          [
            30.5553004,
            38.7592266
          ],
          [
            30.5552529,
            38.7593407
          ],
          [
            30.5551676,
            38.7595263
          ]
        ]
      },
      "id": "way/125002678"
    },
    {
      "type": "Feature",
      "properties": {
        "@id": "way/125002695",
        "construction:electrified": "contact_line",
        "construction:frequency": "50",
        "construction:railway:etcs": "2",
        "construction:voltage": "25000",
        "electrified": "no",
        "gauge": "1435",
        "railway": "rail",
        "service": "yard",
        "source": "bing"
      },
      "geometry": {
        "type": "LineString",
        "coordinates": [
          [
            30.5517777,
            38.7666849
          ],
          [
            30.5519738,
            38.7664224
          ],
          [
            30.5521606,
            38.7662532
          ],
          [
            30.5523094,
            38.7660991
          ],
          [
            30.5527037,
            38.7657054
          ],
          [
            30.552955,
            38.7653913
          ],
          [
            30.5561337,
            38.761071
          ],
          [
            30.5562848,
            38.7608284
          ],
          [
            30.5565389,
            38.7604823
          ]
        ]
      },
      "id": "way/125002695"
    },
    {
      "type": "Feature",
      "properties": {
        "@id": "way/125002696",
        "construction:electrified": "contact_line",
        "construction:frequency": "50",
        "construction:railway:etcs": "2",
        "construction:voltage": "25000",
        "electrified": "no",
        "gauge": "1435",
        "railway": "rail",
        "service": "yard",
        "source": "bing"
      },
      "geometry": {
        "type": "LineString",
        "coordinates": [
          [
            30.5631596,
            38.7556267
          ],
          [
            30.5574008,
            38.7574415
          ],
          [
            30.5571401,
            38.7575598
          ],
          [
            30.5567467,
            38.7578037
          ],
          [
            30.5562586,
            38.7582103
          ],
          [
            30.556021,
            38.7584731
          ],
          [
            30.5554292,
            38.7591279
          ],
          [
            30.5552529,
            38.7593407
          ]
        ]
      },
      "id": "way/125002696"
    },
    {
      "type": "Feature",
      "properties": {
        "@id": "way/156543512",
        "electrified": "no",
        "gauge": "1435",
        "railway": "rail",
        "service": "siding",
        "source": "bing"
      },
      "geometry": {
        "type": "LineString",
        "coordinates": [
          [
            30.5389602,
            38.7670688
          ],
          [
            30.5383805,
            38.7671178
          ],
          [
            30.5334001,
            38.7671579
          ],
          [
            30.5330047,
            38.7671597
          ],
          [
            30.5327459,
            38.767134
          ]
        ]
      },
      "id": "way/156543512"
    },
    {
      "type": "Feature",
      "properties": {
        "@id": "way/166054776",
        "construction:electrified": "contact_line",
        "construction:frequency": "50",
        "construction:railway:etcs": "2",
        "construction:voltage": "25000",
        "covered": "yes",
        "electrified": "no",
        "gauge": "1435",
        "railway": "rail",
        "service": "yard"
      },
      "geometry": {
        "type": "LineString",
        "coordinates": [
          [
            30.5542042,
            38.7622621
          ],
          [
            30.5542745,
            38.7620583
          ],
          [
            30.5543273,
            38.7619216
          ],
          [
            30.554394,
            38.7617746
          ],
          [
            30.5544812,
            38.7615975
          ],
          [
            30.5548983,
            38.7607559
          ],
          [
            30.5553119,
            38.7600137
          ],
          [
            30.5557527,
            38.7596196
          ],
          [
            30.5560833,
            38.7593722
          ],
          [
            30.5563245,
            38.7591914
          ],
          [
            30.5569918,
            38.7587134
          ],
          [
            30.5573098,
            38.7584863
          ],
          [
            30.5579549,
            38.7580195
          ],
          [
            30.5581078,
            38.7578719
          ],
          [
            30.5584918,
            38.7576233
          ],
          [
            30.5587933,
            38.7574633
          ]
        ]
      },
      "id": "way/166054776"
    },
    {
      "type": "Feature",
      "properties": {
        "@id": "way/166054777",
        "construction:electrified": "contact_line",
        "construction:frequency": "50",
        "construction:railway:etcs": "2",
        "construction:voltage": "25000",
        "electrified": "no",
        "gauge": "1435",
        "railway": "rail",
        "service": "yard"
      },
      "geometry": {
        "type": "LineString",
        "coordinates": [
          [
            30.556828,
            38.7572438
          ],
          [
            30.5566823,
            38.757528
          ],
          [
            30.5564798,
            38.7578402
          ],
          [
            30.5563117,
            38.758085
          ],
          [
            30.5562354,
            38.7581841
          ],
          [
            30.5555401,
            38.7589499
          ],
          [
            30.5554292,
            38.7591279
          ]
        ]
      },
      "id": "way/166054777"
    },
    {
      "type": "Feature",
      "properties": {
        "@id": "way/166054778",
        "construction:electrified": "contact_line",
        "construction:frequency": "50",
        "construction:railway:etcs": "2",
        "construction:voltage": "25000",
        "electrified": "no",
        "gauge": "1435",
        "railway": "rail",
        "service": "yard"
      },
      "geometry": {
        "type": "LineString",
        "coordinates": [
          [
            30.5553763,
            38.7591108
          ],
          [
            30.5554977,
            38.7589461
          ],
          [
            30.556161,
            38.7582085
          ],
          [
            30.5562788,
            38.7580239
          ],
          [
            30.5567935,
            38.7570106
          ],
          [
            30.5569291,
            38.7567203
          ],
          [
            30.5573151,
            38.7559612
          ]
        ]
      },
      "id": "way/166054778"
    },
    {
      "type": "Feature",
      "properties": {
        "@id": "way/166054779",
        "construction:electrified": "contact_line",
        "construction:frequency": "50",
        "construction:railway:etcs": "2",
        "construction:voltage": "25000",
        "electrified": "no",
        "gauge": "1435",
        "railway": "rail",
        "service": "siding"
      },
      "geometry": {
        "type": "LineString",
        "coordinates": [
          [
            30.5536121,
            38.762337
          ],
          [
            30.5540647,
            38.7615011
          ],
          [
            30.5547405,
            38.7601913
          ],
          [
            30.5548877,
            38.7599444
          ],
          [
            30.5549822,
            38.7597949
          ],
          [
            30.5551676,
            38.7595263
          ],
          [
            30.555309,
            38.7593573
          ],
          [
            30.5555141,
            38.7591033
          ],
          [
            30.555844,
            38.7587891
          ],
          [
            30.5563182,
            38.7583939
          ],
          [
            30.556838,
            38.7580692
          ],
          [
            30.5570973,
            38.7579068
          ],
          [
            30.5573843,
            38.7577432
          ],
          [
            30.5576532,
            38.7576188
          ],
          [
            30.5579302,
            38.7575085
          ],
          [
            30.5581816,
            38.7573998
          ],
          [
            30.5584994,
            38.7572855
          ],
          [
            30.5595232,
            38.756952
          ]
        ]
      },
      "id": "way/166054779"
    },
    {
      "type": "Feature",
      "properties": {
        "@id": "way/166054780",
        "construction:electrified": "contact_line",
        "construction:frequency": "50",
        "construction:railway:etcs": "2",
        "construction:voltage": "25000",
        "electrified": "no",
        "gauge": "1435",
        "name": "Eskişehir-Konya demiryolu",
        "operator": "TCDD",
        "passenger_lines": "2",
        "railway": "rail",
        "usage": "main"
      },
      "geometry": {
        "type": "LineString",
        "coordinates": [
          [
            30.554557,
            38.7608154
          ],
          [
            30.5547051,
            38.7605165
          ],
          [
            30.5548031,
            38.7603284
          ],
          [
            30.5548599,
            38.7602303
          ],
          [
            30.5549988,
            38.7599963
          ],
          [
            30.5552822,
            38.7595912
          ],
          [
            30.5555631,
            38.7592594
          ],
          [
            30.5559638,
            38.7588474
          ],
          [
            30.556174,
            38.7586605
          ],
          [
            30.5564096,
            38.7584709
          ],
          [
            30.5569205,
            38.7581228
          ],
          [
            30.55717,
            38.7579727
          ],
          [
            30.5574517,
            38.7578046
          ],
          [
            30.5577121,
            38.7576786
          ],
          [
            30.5579832,
            38.7575667
          ],
          [
            30.5582484,
            38.7574626
          ],
          [
            30.5585373,
            38.7573673
          ],
          [
            30.5598763,
            38.7569168
          ],
          [
            30.5602752,
            38.7567861
          ],
          [
            30.560465,
            38.7567257
          ]
        ]
      },
      "id": "way/166054780"
    },
    {
      "type": "Feature",
      "properties": {
        "@id": "way/166054781",
        "construction:electrified": "contact_line",
        "construction:frequency": "50",
        "construction:railway:etcs": "2",
        "construction:voltage": "25000",
        "electrified": "no",
        "gauge": "1435",
        "railway": "rail",
        "service": "yard"
      },
      "geometry": {
        "type": "LineString",
        "coordinates": [
          [
            30.5539211,
            38.7630727
          ],
          [
            30.554165,
            38.7627574
          ],
          [
            30.5542971,
            38.7625959
          ],
          [
            30.5544676,
            38.7623837
          ],
          [
            30.5547216,
            38.76203
          ],
          [
            30.5553437,
            38.7609138
          ],
          [
            30.5555435,
            38.760518
          ],
          [
            30.5556435,
            38.7603078
          ],
          [
            30.555731,
            38.7601649
          ],
          [
            30.5558241,
            38.7600013
          ],
          [
            30.5559255,
            38.7598702
          ],
          [
            30.5560394,
            38.7597652
          ],
          [
            30.5561713,
            38.7596449
          ],
          [
            30.5575538,
            38.7586428
          ],
          [
            30.5577374,
            38.758472
          ],
          [
            30.5581485,
            38.7580172
          ],
          [
            30.5585183,
            38.757673
          ],
          [
            30.5587933,
            38.7574633
          ],
          [
            30.5591371,
            38.7572626
          ],
          [
            30.5598763,
            38.7569168
          ]
        ]
      },
      "id": "way/166054781"
    },
    {
      "type": "Feature",
      "properties": {
        "@id": "way/166054782",
        "construction:electrified": "contact_line",
        "construction:frequency": "50",
        "construction:railway:etcs": "2",
        "construction:voltage": "25000",
        "electrified": "no",
        "gauge": "1435",
        "railway": "rail",
        "service": "yard"
      },
      "geometry": {
        "type": "LineString",
        "coordinates": [
          [
            30.5571233,
            38.756824
          ],
          [
            30.557436,
            38.7562394
          ]
        ]
      },
      "id": "way/166054782"
    },
    {
      "type": "Feature",
      "properties": {
        "@id": "way/166054783",
        "construction:electrified": "contact_line",
        "construction:frequency": "50",
        "construction:railway:etcs": "2",
        "construction:voltage": "25000",
        "electrified": "no",
        "gauge": "1435",
        "railway": "rail",
        "service": "yard",
        "source": "bing"
      },
      "geometry": {
        "type": "LineString",
        "coordinates": [
          [
            30.5555997,
            38.762176
          ],
          [
            30.5557278,
            38.7619989
          ],
          [
            30.5559031,
            38.7616453
          ],
          [
            30.5561258,
            38.7612557
          ],
          [
            30.556296,
            38.7609371
          ],
          [
            30.5565389,
            38.7604823
          ],
          [
            30.5566521,
            38.7602703
          ],
          [
            30.5569769,
            38.7596601
          ],
          [
            30.5580179,
            38.7583715
          ],
          [
            30.5587454,
            38.757596
          ],
          [
            30.5591699,
            38.7572975
          ],
          [
            30.5602752,
            38.7567861
          ]
        ]
      },
      "id": "way/166054783"
    },
    {
      "type": "Feature",
      "properties": {
        "@id": "way/166054784",
        "construction:electrified": "contact_line",
        "construction:frequency": "50",
        "construction:railway:etcs": "2",
        "construction:voltage": "25000",
        "electrified": "no",
        "gauge": "1435",
        "railway": "rail",
        "service": "yard"
      },
      "geometry": {
        "type": "LineString",
        "coordinates": [
          [
            30.5570529,
            38.7568017
          ],
          [
            30.5574931,
            38.7561017
          ]
        ]
      },
      "id": "way/166054784"
    },
    {
      "type": "Feature",
      "properties": {
        "@id": "way/166054785",
        "construction:electrified": "contact_line",
        "construction:frequency": "50",
        "construction:railway:etcs": "2",
        "construction:voltage": "25000",
        "electrified": "no",
        "gauge": "1435",
        "name": "Afyonkarahisar Armut hattı",
        "operator": "TCDD",
        "railway": "rail",
        "source": "bing",
        "usage": "main"
      },
      "geometry": {
        "type": "LineString",
        "coordinates": [
          [
            30.560465,
            38.7567257
          ],
          [
            30.5607231,
            38.7566615
          ],
          [
            30.5610042,
            38.7566075
          ],
          [
            30.5613656,
            38.7565432
          ],
          [
            30.561705,
            38.7565054
          ],
          [
            30.5620932,
            38.756499
          ],
          [
            30.5626051,
            38.7565471
          ],
          [
            30.563098,
            38.756669
          ],
          [
            30.5634677,
            38.7568095
          ],
          [
            30.5638611,
            38.7570165
          ],
          [
            30.5641455,
            38.7572419
          ],
          [
            30.5643588,
            38.7574563
          ],
          [
            30.5645768,
            38.7577372
          ],
          [
            30.5647569,
            38.7580624
          ],
          [
            30.5648564,
            38.7583803
          ],
          [
            30.5648944,
            38.7586501
          ],
          [
            30.5648849,
            38.7589199
          ],
          [
            30.5648422,
            38.7591343
          ],
          [
            30.5647901,
            38.7593265
          ],
          [
            30.5646621,
            38.7596148
          ],
          [
            30.5645247,
            38.7598587
          ],
          [
            30.5642735,
            38.7601507
          ],
          [
            30.5639417,
            38.7604094
          ],
          [
            30.5635767,
            38.7606385
          ],
          [
            30.5631833,
            38.7607864
          ],
          [
            30.5626951,
            38.7609342
          ],
          [
            30.5622259,
            38.7609896
          ],
          [
            30.5614343,
            38.7610144
          ],
          [
            30.5588228,
            38.7610007
          ],
          [
            30.5582635,
            38.7610081
          ],
          [
            30.5577279,
            38.7610525
          ],
          [
            30.5572302,
            38.761156
          ],
          [
            30.5567136,
            38.761337
          ],
          [
            30.5563154,
            38.7615588
          ],
          [
            30.5559647,
            38.7618064
          ],
          [
            30.5555997,
            38.762176
          ],
          [
            30.5531505,
            38.7655049
          ],
          [
            30.5529194,
            38.7657405
          ],
          [
            30.552563,
            38.7660191
          ],
          [
            30.552249,
            38.7662566
          ],
          [
            30.5519738,
            38.7665037
          ],
          [
            30.5517777,
            38.7666849
          ],
          [
            30.5515899,
            38.7668585
          ],
          [
            30.5513671,
            38.7671208
          ],
          [
            30.5511308,
            38.7674874
          ]
        ]
      },
      "id": "way/166054785"
    },
    {
      "type": "Feature",
      "properties": {
        "@id": "way/166054787",
        "construction:electrified": "contact_line",
        "construction:frequency": "50",
        "construction:railway:etcs": "2",
        "construction:voltage": "25000",
        "electrified": "no",
        "gauge": "1435",
        "railway": "rail",
        "service": "spur"
      },
      "geometry": {
        "type": "LineString",
        "coordinates": [
          [
            30.5553004,
            38.7592266
          ],
          [
            30.5553851,
            38.7589952
          ],
          [
            30.5570061,
            38.7557317
          ],
          [
            30.5570797,
            38.755583
          ],
          [
            30.5571526,
            38.7554358
          ],
          [
            30.5584549,
            38.7528037
          ],
          [
            30.5586627,
            38.7523978
          ],
          [
            30.5592042,
            38.7513397
          ],
          [
            30.5599518,
            38.7498789
          ],
          [
            30.5600183,
            38.7496998
          ],
          [
            30.5601362,
            38.7493824
          ],
          [
            30.5601943,
            38.7491687
          ],
          [
            30.5602193,
            38.7490772
          ],
          [
            30.5603168,
            38.7485889
          ],
          [
            30.5605875,
            38.7472605
          ],
          [
            30.5606238,
            38.7470818
          ],
          [
            30.5606917,
            38.7467469
          ],
          [
            30.56078,
            38.746312
          ],
          [
            30.5609045,
            38.7457033
          ],
          [
            30.5609274,
            38.7454015
          ],
          [
            30.5608971,
            38.7451489
          ],
          [
            30.5608205,
            38.7449262
          ],
          [
            30.560741,
            38.7447706
          ],
          [
            30.5606189,
            38.744589
          ],
          [
            30.5604139,
            38.7443824
          ],
          [
            30.5602121,
            38.7442299
          ],
          [
            30.5598044,
            38.7439694
          ],
          [
            30.5592328,
            38.7435973
          ]
        ]
      },
      "id": "way/166054787"
    },
    {
      "type": "Feature",
      "properties": {
        "@id": "way/166054788",
        "construction:electrified": "contact_line",
        "construction:frequency": "50",
        "construction:railway:etcs": "2",
        "construction:voltage": "25000",
        "covered": "yes",
        "electrified": "no",
        "gauge": "1435",
        "railway": "rail",
        "service": "yard"
      },
      "geometry": {
        "type": "LineString",
        "coordinates": [
          [
            30.556201,
            38.7590326
          ],
          [
            30.556837,
            38.7585832
          ],
          [
            30.5571443,
            38.758363
          ],
          [
            30.5573023,
            38.7582537
          ],
          [
            30.5578258,
            38.7579435
          ]
        ]
      },
      "id": "way/166054788"
    },
    {
      "type": "Feature",
      "properties": {
        "@id": "way/166054789",
        "construction:electrified": "contact_line",
        "construction:frequency": "50",
        "construction:railway:etcs": "2",
        "construction:voltage": "25000",
        "electrified": "no",
        "gauge": "1435",
        "railway": "rail",
        "service": "yard"
      },
      "geometry": {
        "type": "LineString",
        "coordinates": [
          [
            30.5569177,
            38.7572723
          ],
          [
            30.5567609,
            38.7575463
          ],
          [
            30.5565381,
            38.7578445
          ],
          [
            30.5563395,
            38.758085
          ],
          [
            30.5562354,
            38.7581841
          ]
        ]
      },
      "id": "way/166054789"
    },
    {
      "type": "Feature",
      "properties": {
        "@id": "way/166054790",
        "construction:electrified": "contact_line",
        "construction:frequency": "50",
        "construction:railway:etcs": "2",
        "construction:voltage": "25000",
        "electrified": "no",
        "gauge": "1435",
        "railway": "rail",
        "service": "yard"
      },
      "geometry": {
        "type": "LineString",
        "coordinates": [
          [
            30.5568886,
            38.7586266
          ],
          [
            30.5571995,
            38.7584041
          ],
          [
            30.5573848,
            38.7582767
          ],
          [
            30.5577443,
            38.7580791
          ]
        ]
      },
      "id": "way/166054790"
    },
    {
      "type": "Feature",
      "properties": {
        "@id": "way/166054791",
        "construction:electrified": "contact_line",
        "construction:frequency": "50",
        "construction:railway:etcs": "2",
        "construction:voltage": "25000",
        "electrified": "no",
        "gauge": "1435",
        "railway": "rail",
        "service": "yard"
      },
      "geometry": {
        "type": "LineString",
        "coordinates": [
          [
            30.5570075,
            38.7573008
          ],
          [
            30.5568257,
            38.7575647
          ],
          [
            30.5566103,
            38.7578337
          ],
          [
            30.5564409,
            38.7580026
          ],
          [
            30.5563395,
            38.758085
          ]
        ]
      },
      "id": "way/166054791"
    },
    {
      "type": "Feature",
      "properties": {
        "@id": "way/166054792",
        "construction:electrified": "contact_line",
        "construction:frequency": "50",
        "construction:railway:etcs": "2",
        "construction:voltage": "25000",
        "covered": "yes",
        "electrified": "no",
        "gauge": "1435",
        "railway": "rail",
        "service": "yard"
      },
      "geometry": {
        "type": "LineString",
        "coordinates": [
          [
            30.555549,
            38.7601207
          ],
          [
            30.5556677,
            38.7599508
          ],
          [
            30.5557924,
            38.7597946
          ],
          [
            30.5558951,
            38.7596806
          ],
          [
            30.5560336,
            38.7595626
          ],
          [
            30.5561789,
            38.7594599
          ],
          [
            30.5564268,
            38.7592785
          ],
          [
            30.557095,
            38.7588003
          ],
          [
            30.5574201,
            38.7585685
          ],
          [
            30.5578469,
            38.7582378
          ],
          [
            30.5579722,
            38.7581648
          ]
        ]
      },
      "id": "way/166054792"
    },
    {
      "type": "Feature",
      "properties": {
        "@id": "way/166054793",
        "construction:electrified": "contact_line",
        "construction:frequency": "50",
        "construction:railway:etcs": "2",
        "construction:voltage": "25000",
        "electrified": "no",
        "gauge": "1435",
        "railway": "rail",
        "service": "yard"
      },
      "geometry": {
        "type": "LineString",
        "coordinates": [
          [
            30.5572156,
            38.7568533
          ],
          [
            30.5572971,
            38.7566597
          ],
          [
            30.557436,
            38.7562394
          ],
          [
            30.5574931,
            38.7561017
          ],
          [
            30.5575791,
            38.7559134
          ]
        ]
      },
      "id": "way/166054793"
    },
    {
      "type": "Feature",
      "properties": {
        "@id": "way/166054794",
        "construction:electrified": "contact_line",
        "construction:frequency": "50",
        "construction:railway:etcs": "2",
        "construction:voltage": "25000",
        "electrified": "no",
        "gauge": "1435",
        "railway": "rail",
        "service": "yard"
      },
      "geometry": {
        "type": "LineString",
        "coordinates": [
          [
            30.5563227,
            38.7597998
          ],
          [
            30.5558755,
            38.7601421
          ],
          [
            30.5557907,
            38.7602201
          ],
          [
            30.5556893,
            38.7603176
          ],
          [
            30.5556226,
            38.7604064
          ],
          [
            30.5555435,
            38.760518
          ]
        ]
      },
      "id": "way/166054794"
    },
    {
      "type": "Feature",
      "properties": {
        "@id": "way/166054795",
        "construction:electrified": "contact_line",
        "construction:frequency": "50",
        "construction:railway:etcs": "2",
        "construction:voltage": "25000",
        "covered": "yes",
        "electrified": "no",
        "gauge": "1435",
        "railway": "rail",
        "service": "yard"
      },
      "geometry": {
        "type": "LineString",
        "coordinates": [
          [
            30.5553437,
            38.7609138
          ],
          [
            30.5555704,
            38.7603038
          ],
          [
            30.5556436,
            38.7601427
          ],
          [
            30.5557424,
            38.7599787
          ],
          [
            30.5558566,
            38.7598296
          ],
          [
            30.5559605,
            38.7597186
          ],
          [
            30.5560939,
            38.7596016
          ],
          [
            30.5562183,
            38.7595115
          ],
          [
            30.5564779,
            38.759322
          ],
          [
            30.5571466,
            38.7588437
          ],
          [
            30.5574752,
            38.7586096
          ],
          [
            30.5576441,
            38.758459
          ],
          [
            30.5579722,
            38.7581648
          ],
          [
            30.5581485,
            38.7580172
          ]
        ]
      },
      "id": "way/166054795"
    },
    {
      "type": "Feature",
      "properties": {
        "@id": "way/166054796",
        "construction:electrified": "contact_line",
        "construction:frequency": "50",
        "construction:railway:etcs": "2",
        "construction:voltage": "25000",
        "covered": "yes",
        "electrified": "no",
        "gauge": "1435",
        "railway": "rail",
        "service": "yard"
      },
      "geometry": {
        "type": "LineString",
        "coordinates": [
          [
            30.5541671,
            38.7624777
          ],
          [
            30.5542042,
            38.7622621
          ],
          [
            30.5542963,
            38.7618377
          ],
          [
            30.5543816,
            38.7614741
          ],
          [
            30.5544668,
            38.7612435
          ],
          [
            30.5545775,
            38.7610002
          ],
          [
            30.5547132,
            38.7607168
          ],
          [
            30.5549255,
            38.7603731
          ],
          [
            30.5552471,
            38.7599737
          ],
          [
            30.5557322,
            38.7595516
          ],
          [
            30.5561757,
            38.7591945
          ],
          [
            30.5562554,
            38.7591326
          ],
          [
            30.5569402,
            38.75867
          ],
          [
            30.5572546,
            38.7584452
          ],
          [
            30.5575729,
            38.7582194
          ],
          [
            30.5577443,
            38.7580791
          ],
          [
            30.5581078,
            38.7578719
          ]
        ]
      },
      "id": "way/166054796"
    },
    {
      "type": "Feature",
      "properties": {
        "@id": "way/166054797",
        "construction:electrified": "contact_line",
        "construction:frequency": "50",
        "construction:railway:etcs": "2",
        "construction:voltage": "25000",
        "electrified": "no",
        "gauge": "1435",
        "railway": "rail",
        "service": "yard"
      },
      "geometry": {
        "type": "LineString",
        "coordinates": [
          [
            30.5570892,
            38.7583219
          ],
          [
            30.5572741,
            38.7581854
          ],
          [
            30.5573959,
            38.7581073
          ],
          [
            30.5576198,
            38.7579802
          ],
          [
            30.5578978,
            38.7578254
          ],
          [
            30.5583496,
            38.7576018
          ]
        ]
      },
      "id": "way/166054797"
    },
    {
      "type": "Feature",
      "properties": {
        "@id": "way/166054798",
        "construction:electrified": "contact_line",
        "construction:frequency": "50",
        "construction:railway:etcs": "2",
        "construction:voltage": "25000",
        "covered": "yes",
        "electrified": "no",
        "gauge": "1435",
        "railway": "rail",
        "service": "yard"
      },
      "geometry": {
        "type": "LineString",
        "coordinates": [
          [
            30.5540417,
            38.7628227
          ],
          [
            30.5541671,
            38.7624777
          ],
          [
            30.5543324,
            38.7620376
          ],
          [
            30.554444,
            38.7618046
          ],
          [
            30.5552669,
            38.7602052
          ],
          [
            30.5553883,
            38.7600367
          ],
          [
            30.5555641,
            38.7598426
          ],
          [
            30.5558895,
            38.7595812
          ],
          [
            30.5561311,
            38.759416
          ],
          [
            30.5563756,
            38.7592349
          ],
          [
            30.5570434,
            38.7587568
          ],
          [
            30.5573649,
            38.7585274
          ],
          [
            30.5585183,
            38.757673
          ]
        ]
      },
      "id": "way/166054798"
    },
    {
      "type": "Feature",
      "properties": {
        "@id": "way/166054799",
        "construction:electrified": "contact_line",
        "construction:frequency": "50",
        "construction:railway:etcs": "2",
        "construction:voltage": "25000",
        "electrified": "no",
        "gauge": "1435",
        "railway": "rail",
        "service": "yard"
      },
      "geometry": {
        "type": "LineString",
        "coordinates": [
          [
            30.5554977,
            38.7589461
          ],
          [
            30.5570315,
            38.7559003
          ]
        ]
      },
      "id": "way/166054799"
    },
    {
      "type": "Feature",
      "properties": {
        "@id": "way/166054800",
        "construction:electrified": "contact_line",
        "construction:frequency": "50",
        "construction:railway:etcs": "2",
        "construction:voltage": "25000",
        "covered": "yes",
        "electrified": "no",
        "gauge": "1435",
        "railway": "rail",
        "service": "yard"
      },
      "geometry": {
        "type": "LineString",
        "coordinates": [
          [
            30.5561526,
            38.759004
          ],
          [
            30.5567864,
            38.758539
          ],
          [
            30.5570892,
            38.7583219
          ],
          [
            30.5573956,
            38.7581457
          ],
          [
            30.5578258,
            38.7579435
          ],
          [
            30.5580537,
            38.7578347
          ],
          [
            30.5582619,
            38.7577306
          ],
          [
            30.5584918,
            38.7576233
          ]
        ]
      },
      "id": "way/166054800"
    },
    {
      "type": "Feature",
      "properties": {
        "@id": "way/166165028",
        "construction:electrified": "contact_line",
        "construction:frequency": "50",
        "construction:railway:etcs": "2",
        "construction:voltage": "25000",
        "electrified": "no",
        "gauge": "1435",
        "railway": "rail",
        "service": "siding",
        "source": "bing"
      },
      "geometry": {
        "type": "LineString",
        "coordinates": [
          [
            30.5517646,
            38.7663764
          ],
          [
            30.5518803,
            38.7662404
          ],
          [
            30.5520684,
            38.76595
          ],
          [
            30.5521434,
            38.7658379
          ],
          [
            30.552241,
            38.7656811
          ],
          [
            30.5523044,
            38.7655724
          ],
          [
            30.5541801,
            38.7618855
          ]
        ]
      },
      "id": "way/166165028"
    },
    {
      "type": "Feature",
      "properties": {
        "@id": "way/166165037",
        "axle_load": "22.5",
        "construction:electrified": "contact_line",
        "construction:frequency": "50",
        "construction:railway:etcs": "2",
        "construction:voltage": "25000",
        "electrified": "no",
        "gauge": "1435",
        "maxspeed": "120",
        "operator": "TCDD",
        "passenger_lines": "2",
        "railway": "rail",
        "source": "bing",
        "usage": "main"
      },
      "geometry": {
        "type": "LineString",
        "coordinates": [
          [
            30.5509909,
            38.7676856
          ],
          [
            30.5515032,
            38.7666104
          ],
          [
            30.5516519,
            38.7663233
          ]
        ]
      },
      "id": "way/166165037"
    },
    {
      "type": "Feature",
      "properties": {
        "@id": "way/167376642",
        "construction:electrified": "contact_line",
        "construction:frequency": "50",
        "construction:railway:etcs": "2",
        "construction:voltage": "25000",
        "electrified": "no",
        "gauge": "1435",
        "railway": "rail",
        "service": "yard"
      },
      "geometry": {
        "type": "LineString",
        "coordinates": [
          [
            30.5577374,
            38.758472
          ],
          [
            30.5570388,
            38.7595291
          ],
          [
            30.5569769,
            38.7596601
          ]
        ]
      },
      "id": "way/167376642"
    },
    {
      "type": "Feature",
      "properties": {
        "@id": "way/167396820",
        "construction:electrified": "contact_line",
        "construction:frequency": "50",
        "construction:railway:etcs": "2",
        "construction:voltage": "25000",
        "electrified": "no",
        "gauge": "1435",
        "railway": "rail",
        "service": "yard"
      },
      "geometry": {
        "type": "LineString",
        "coordinates": [
          [
            30.5529288,
            38.7650151
          ],
          [
            30.5550787,
            38.76212
          ],
          [
            30.5553455,
            38.7617319
          ],
          [
            30.55552,
            38.7615199
          ],
          [
            30.5557509,
            38.7612638
          ],
          [
            30.5559356,
            38.7610758
          ],
          [
            30.5561243,
            38.7609012
          ],
          [
            30.5566521,
            38.7602703
          ]
        ]
      },
      "id": "way/167396820"
    },
    {
      "type": "Feature",
      "properties": {
        "@id": "way/167396829",
        "construction:electrified": "contact_line",
        "construction:frequency": "50",
        "construction:railway:etcs": "2",
        "construction:voltage": "25000",
        "electrified": "no",
        "gauge": "1435",
        "railway": "rail",
        "service": "siding"
      },
      "geometry": {
        "type": "LineString",
        "coordinates": [
          [
            30.5520684,
            38.76595
          ],
          [
            30.5521794,
            38.7656991
          ],
          [
            30.5522575,
            38.7655574
          ],
          [
            30.5542564,
            38.7616481
          ]
        ]
      },
      "id": "way/167396829"
    },
    {
      "type": "Feature",
      "properties": {
        "@id": "way/167396834",
        "axle_load": "22.5",
        "construction:electrified": "contact_line",
        "construction:frequency": "50",
        "construction:railway:etcs": "2",
        "construction:voltage": "25000",
        "electrified": "no",
        "gauge": "1435",
        "name": "Eskişehir-Konya demiryolu",
        "operator": "TCDD",
        "passenger_lines": "2",
        "railway": "rail",
        "railway:etcs": "no",
        "usage": "main"
      },
      "geometry": {
        "type": "LineString",
        "coordinates": [
          [
            30.5511308,
            38.7674874
          ],
          [
            30.5512996,
            38.7671267
          ],
          [
            30.5514839,
            38.7667665
          ],
          [
            30.551563,
            38.7665383
          ],
          [
            30.5516519,
            38.7663233
          ]
        ]
      },
      "id": "way/167396834"
    },
    {
      "type": "Feature",
      "properties": {
        "@id": "way/167396842",
        "construction:electrified": "contact_line",
        "construction:frequency": "50",
        "construction:railway:etcs": "2",
        "construction:voltage": "25000",
        "electrified": "no",
        "gauge": "1435",
        "railway": "rail",
        "service": "siding"
      },
      "geometry": {
        "type": "LineString",
        "coordinates": [
          [
            30.5522187,
            38.7658933
          ],
          [
            30.552445,
            38.7656173
          ],
          [
            30.553773,
            38.7630536
          ]
        ]
      },
      "id": "way/167396842"
    },
    {
      "type": "Feature",
      "properties": {
        "@id": "way/167396845",
        "construction:electrified": "contact_line",
        "construction:frequency": "50",
        "construction:voltage": "25000",
        "electrified": "no",
        "gauge": "1435",
        "railway": "rail",
        "service": "crossover"
      },
      "geometry": {
        "type": "LineString",
        "coordinates": [
          [
            30.5539228,
            38.7618705
          ],
          [
            30.5542625,
            38.761395
          ]
        ]
      },
      "id": "way/167396845"
    },
    {
      "type": "Feature",
      "properties": {
        "@id": "way/167396847",
        "axle_load": "22.5",
        "construction:electrified": "contact_line",
        "construction:frequency": "50",
        "construction:railway:etcs": "2",
        "construction:voltage": "25000",
        "electrified": "no",
        "gauge": "1435",
        "name": "Eskişehir-Konya demiryolu",
        "operator": "TCDD",
        "passenger_lines": "2",
        "railway": "rail",
        "railway:etcs": "no",
        "usage": "main"
      },
      "geometry": {
        "type": "LineString",
        "coordinates": [
          [
            30.5526905,
            38.7642788
          ],
          [
            30.5519585,
            38.7657151
          ],
          [
            30.5518067,
            38.7660148
          ]
        ]
      },
      "id": "way/167396847"
    },
    {
      "type": "Feature",
      "properties": {
        "@id": "way/167396849",
        "construction:electrified": "contact_line",
        "construction:frequency": "50",
        "construction:railway:etcs": "2",
        "construction:voltage": "25000",
        "electrified": "no",
        "gauge": "1435",
        "railway": "rail",
        "service": "siding"
      },
      "geometry": {
        "type": "LineString",
        "coordinates": [
          [
            30.5520332,
            38.7661612
          ],
          [
            30.5524918,
            38.7656323
          ],
          [
            30.5537273,
            38.7632049
          ]
        ]
      },
      "id": "way/167396849"
    },
    {
      "type": "Feature",
      "properties": {
        "@id": "way/167396856",
        "construction:electrified": "contact_line",
        "construction:frequency": "50",
        "construction:railway:etcs": "2",
        "construction:voltage": "25000",
        "electrified": "no",
        "gauge": "1435",
        "railway": "rail",
        "service": "yard"
      },
      "geometry": {
        "type": "LineString",
        "coordinates": [
          [
            30.5543327,
            38.7629154
          ],
          [
            30.5534673,
            38.7641668
          ],
          [
            30.5531569,
            38.7645849
          ]
        ]
      },
      "id": "way/167396856"
    },
    {
      "type": "Feature",
      "properties": {
        "@id": "way/167396858",
        "construction:electrified": "contact_line",
        "construction:frequency": "50",
        "construction:railway:etcs": "2",
        "construction:voltage": "25000",
        "electrified": "no",
        "gauge": "1435",
        "railway": "rail",
        "service": "siding"
      },
      "geometry": {
        "type": "LineString",
        "coordinates": [
          [
            30.5521434,
            38.7658379
          ],
          [
            30.5522641,
            38.7657151
          ],
          [
            30.5523564,
            38.7655814
          ],
          [
            30.5541179,
            38.762059
          ]
        ]
      },
      "id": "way/167396858"
    },
    {
      "type": "Feature",
      "properties": {
        "@id": "way/167396859",
        "construction:electrified": "contact_line",
        "construction:frequency": "50",
        "construction:railway:etcs": "2",
        "construction:voltage": "25000",
        "electrified": "no",
        "gauge": "1435",
        "railway": "rail",
        "service": "siding"
      },
      "geometry": {
        "type": "LineString",
        "coordinates": [
          [
            30.5546522,
            38.762483
          ],
          [
            30.5547961,
            38.7622845
          ],
          [
            30.5553455,
            38.7617319
          ]
        ]
      },
      "id": "way/167396859"
    },
    {
      "type": "Feature",
      "properties": {
        "@id": "way/167396861",
        "construction:electrified": "contact_line",
        "construction:frequency": "50",
        "construction:railway:etcs": "2",
        "construction:voltage": "25000",
        "electrified": "no",
        "gauge": "1435",
        "railway": "rail",
        "service": "siding"
      },
      "geometry": {
        "type": "LineString",
        "coordinates": [
          [
            30.5518638,
            38.7663933
          ],
          [
            30.5520768,
            38.7661872
          ],
          [
            30.5523462,
            38.7658832
          ],
          [
            30.5525387,
            38.7656473
          ],
          [
            30.553617,
            38.7635162
          ]
        ]
      },
      "id": "way/167396861"
    },
    {
      "type": "Feature",
      "properties": {
        "@id": "way/167396865",
        "construction:electrified": "contact_line",
        "construction:frequency": "50",
        "construction:railway:etcs": "2",
        "construction:voltage": "25000",
        "electrified": "no",
        "gauge": "1435",
        "railway": "rail",
        "service": "yard"
      },
      "geometry": {
        "type": "LineString",
        "coordinates": [
          [
            30.5525357,
            38.7659482
          ],
          [
            30.5527933,
            38.765719
          ],
          [
            30.5530081,
            38.7654851
          ],
          [
            30.5561258,
            38.7612557
          ]
        ]
      },
      "id": "way/167396865"
    },
    {
      "type": "Feature",
      "properties": {
        "@id": "way/167396867",
        "construction:electrified": "contact_line",
        "construction:frequency": "50",
        "construction:railway:etcs": "2",
        "construction:voltage": "25000",
        "electrified": "no",
        "gauge": "1435",
        "railway": "rail",
        "service": "yard"
      },
      "geometry": {
        "type": "LineString",
        "coordinates": [
          [
            30.5526569,
            38.7656858
          ],
          [
            30.5528371,
            38.7653572
          ],
          [
            30.5561243,
            38.7609012
          ]
        ]
      },
      "id": "way/167396867"
    },
    {
      "type": "Feature",
      "properties": {
        "@id": "way/167396868",
        "construction:electrified": "contact_line",
        "construction:frequency": "50",
        "construction:railway:etcs": "2",
        "construction:voltage": "25000",
        "electrified": "no",
        "gauge": "1435",
        "railway": "rail",
        "service": "yard"
      },
      "geometry": {
        "type": "LineString",
        "coordinates": [
          [
            30.552563,
            38.7660191
          ],
          [
            30.5528622,
            38.7657077
          ],
          [
            30.5530492,
            38.7655071
          ],
          [
            30.5559031,
            38.7616453
          ]
        ]
      },
      "id": "way/167396868"
    },
    {
      "type": "Feature",
      "properties": {
        "@id": "way/167396869",
        "construction:electrified": "contact_line",
        "construction:frequency": "50",
        "construction:railway:etcs": "2",
        "construction:voltage": "25000",
        "electrified": "no",
        "gauge": "1435",
        "railway": "rail",
        "service": "siding"
      },
      "geometry": {
        "type": "LineString",
        "coordinates": [
          [
            30.5518067,
            38.7660148
          ],
          [
            30.551915,
            38.7656967
          ],
          [
            30.5521236,
            38.7652766
          ],
          [
            30.5536121,
            38.762337
          ]
        ]
      },
      "id": "way/167396869"
    },
    {
      "type": "Feature",
      "properties": {
        "@id": "way/167396870",
        "construction:electrified": "contact_line",
        "construction:frequency": "50",
        "construction:railway:etcs": "2",
        "construction:voltage": "25000",
        "electrified": "no",
        "gauge": "1435",
        "railway": "rail",
        "service": "yard"
      },
      "geometry": {
        "type": "LineString",
        "coordinates": [
          [
            30.5521606,
            38.7662532
          ],
          [
            30.5525357,
            38.7659482
          ],
          [
            30.5528584,
            38.7655918
          ],
          [
            30.556296,
            38.7609371
          ]
        ]
      },
      "id": "way/167396870"
    },
    {
      "type": "Feature",
      "properties": {
        "@id": "way/167396873",
        "construction:electrified": "contact_line",
        "construction:frequency": "50",
        "construction:railway:etcs": "2",
        "construction:voltage": "25000",
        "electrified": "no",
        "gauge": "1435",
        "railway": "rail",
        "service": "siding"
      },
      "geometry": {
        "type": "LineString",
        "coordinates": [
          [
            30.5519738,
            38.7664224
          ],
          [
            30.5520717,
            38.7662893
          ],
          [
            30.5522153,
            38.7661252
          ],
          [
            30.5524308,
            38.7658752
          ],
          [
            30.5525855,
            38.7656622
          ],
          [
            30.5529288,
            38.7650151
          ],
          [
            30.5531569,
            38.7645849
          ],
          [
            30.553434,
            38.7640408
          ],
          [
            30.5539211,
            38.7630727
          ],
          [
            30.5540417,
            38.7628227
          ],
          [
            30.554689,
            38.7615582
          ]
        ]
      },
      "id": "way/167396873"
    },
    {
      "type": "Feature",
      "properties": {
        "@id": "way/167396875",
        "construction:electrified": "contact_line",
        "construction:frequency": "50",
        "construction:railway:etcs": "2",
        "construction:voltage": "25000",
        "electrified": "no",
        "gauge": "1435",
        "railway": "rail",
        "service": "siding"
      },
      "geometry": {
        "type": "LineString",
        "coordinates": [
          [
            30.5513671,
            38.7671208
          ],
          [
            30.5518638,
            38.7663933
          ],
          [
            30.5520332,
            38.7661612
          ],
          [
            30.5522187,
            38.7658933
          ],
          [
            30.5523981,
            38.7656023
          ],
          [
            30.5539039,
            38.7626639
          ]
        ]
      },
      "id": "way/167396875"
    },
    {
      "type": "Feature",
      "properties": {
        "@id": "way/167396876",
        "construction:electrified": "contact_line",
        "construction:frequency": "50",
        "construction:railway:etcs": "2",
        "construction:voltage": "25000",
        "electrified": "no",
        "gauge": "1435",
        "railway": "rail",
        "service": "yard"
      },
      "geometry": {
        "type": "LineString",
        "coordinates": [
          [
            30.5523094,
            38.7660991
          ],
          [
            30.5525901,
            38.76577
          ],
          [
            30.5526569,
            38.7656858
          ],
          [
            30.555953,
            38.7612141
          ],
          [
            30.5562848,
            38.7608284
          ]
        ]
      },
      "id": "way/167396876"
    },
    {
      "type": "Feature",
      "properties": {
        "@id": "way/167515828",
        "construction:electrified": "contact_line",
        "construction:frequency": "50",
        "construction:railway:etcs": "2",
        "construction:voltage": "25000",
        "electrified": "no",
        "gauge": "1435",
        "railway": "rail",
        "service": "siding"
      },
      "geometry": {
        "type": "LineString",
        "coordinates": [
          [
            30.554165,
            38.7627574
          ],
          [
            30.555549,
            38.7601207
          ]
        ]
      },
      "id": "way/167515828"
    },
    {
      "type": "Feature",
      "properties": {
        "@id": "way/167515832",
        "construction:electrified": "contact_line",
        "construction:frequency": "50",
        "construction:railway:etcs": "2",
        "construction:voltage": "25000",
        "electrified": "no",
        "gauge": "1435",
        "railway": "rail",
        "service": "siding"
      },
      "geometry": {
        "type": "LineString",
        "coordinates": [
          [
            30.553434,
            38.7640408
          ],
          [
            30.553617,
            38.7635162
          ],
          [
            30.5537273,
            38.7632049
          ],
          [
            30.553773,
            38.7630536
          ],
          [
            30.5539039,
            38.7626639
          ],
          [
            30.5541179,
            38.762059
          ],
          [
            30.5541801,
            38.7618855
          ],
          [
            30.5542564,
            38.7616481
          ],
          [
            30.554557,
            38.7608154
          ]
        ]
      },
      "id": "way/167515832"
    },
    {
      "type": "Feature",
      "properties": {
        "@id": "way/167515834",
        "axle_load": "22.5",
        "construction:electrified": "contact_line",
        "construction:frequency": "50",
        "construction:railway:etcs": "2",
        "construction:voltage": "25000",
        "electrified": "no",
        "gauge": "1435",
        "railway": "rail",
        "service": "siding"
      },
      "geometry": {
        "type": "LineString",
        "coordinates": [
          [
            30.5514839,
            38.7667665
          ],
          [
            30.5517063,
            38.7663318
          ],
          [
            30.5520801,
            38.7655892
          ]
        ]
      },
      "id": "way/167515834"
    },
    {
      "type": "Feature",
      "properties": {
        "@id": "way/167515835",
        "construction:electrified": "contact_line",
        "construction:frequency": "50",
        "construction:railway:etcs": "2",
        "construction:voltage": "25000",
        "electrified": "no",
        "gauge": "1435",
        "railway": "rail",
        "service": "siding"
      },
      "geometry": {
        "type": "LineString",
        "coordinates": [
          [
            30.5550761,
            38.76079
          ],
          [
            30.5553757,
            38.7602066
          ],
          [
            30.5554653,
            38.7600597
          ],
          [
            30.5556216,
            38.7598733
          ],
          [
            30.5558895,
            38.7595812
          ]
        ]
      },
      "id": "way/167515835"
    },
    {
      "type": "Feature",
      "properties": {
        "@id": "way/167516809",
        "electrified": "no",
        "gauge": "1435",
        "railway": "rail",
        "service": "crossover"
      },
      "geometry": {
        "type": "LineString",
        "coordinates": [
          [
            30.5324989,
            38.7671333
          ],
          [
            30.5328418,
            38.7670988
          ]
        ]
      },
      "id": "way/167516809"
    },
    {
      "type": "Feature",
      "properties": {
        "@id": "way/167516810",
        "electrified": "no",
        "gauge": "1435",
        "railway": "rail",
        "service": "siding",
        "source": "bing"
      },
      "geometry": {
        "type": "LineString",
        "coordinates": [
          [
            30.5334001,
            38.7671579
          ],
          [
            30.5344988,
            38.7672201
          ],
          [
            30.5377052,
            38.7671969
          ],
          [
            30.5383805,
            38.7671178
          ]
        ]
      },
      "id": "way/167516810"
    },
    {
      "type": "Feature",
      "properties": {
        "@id": "way/169554950",
        "axle_load": "22.5",
        "electrified": "no",
        "gauge": "1435",
        "layer": "-1",
        "maxspeed": "120",
        "name": "Afyonkarahisar-Karakuyu demiryolu",
        "operator": "TCDD",
        "passenger_lines": "1",
        "railway": "rail",
        "source": "bing",
        "tunnel": "yes",
        "usage": "main"
      },
      "geometry": {
        "type": "LineString",
        "coordinates": [
          [
            30.3428249,
            38.7103121
          ],
          [
            30.3418566,
            38.7089766
          ]
        ]
      },
      "id": "way/169554950"
    },
    {
      "type": "Feature",
      "properties": {
        "@id": "way/169554952",
        "axle_load": "22.5",
        "electrified": "no",
        "gauge": "1435",
        "maxspeed": "120",
        "name": "Afyonkarahisar-Karakuyu demiryolu",
        "operator": "TCDD",
        "passenger_lines": "1",
        "railway": "rail",
        "source": "bing",
        "usage": "main"
      },
      "geometry": {
        "type": "LineString",
        "coordinates": [
          [
            30.3418566,
            38.7089766
          ],
          [
            30.3415409,
            38.7086491
          ],
          [
            30.3411698,
            38.7083595
          ],
          [
            30.3407416,
            38.7081442
          ],
          [
            30.3402837,
            38.7079748
          ],
          [
            30.3394443,
            38.7078472
          ],
          [
            30.3385762,
            38.7078634
          ],
          [
            30.3381406,
            38.7079338
          ],
          [
            30.3377346,
            38.7080501
          ],
          [
            30.337304,
            38.7082139
          ],
          [
            30.3362826,
            38.7087571
          ],
          [
            30.3356538,
            38.7090055
          ],
          [
            30.3350829,
            38.7091243
          ],
          [
            30.3344644,
            38.7091639
          ],
          [
            30.3338715,
            38.7091407
          ],
          [
            30.3305344,
            38.7085773
          ],
          [
            30.3295641,
            38.7083877
          ],
          [
            30.328658,
            38.7080762
          ],
          [
            30.3279537,
            38.7076877
          ],
          [
            30.3273118,
            38.7072407
          ],
          [
            30.3263635,
            38.7064232
          ],
          [
            30.3257512,
            38.7059759
          ],
          [
            30.3250396,
            38.7056316
          ],
          [
            30.3243292,
            38.7053493
          ],
          [
            30.3236247,
            38.7050262
          ],
          [
            30.3231539,
            38.7046527
          ],
          [
            30.3227721,
            38.7042616
          ]
        ]
      },
      "id": "way/169554952"
    },
    {
      "type": "Feature",
      "properties": {
        "@id": "way/169554956",
        "axle_load": "22.5",
        "electrified": "no",
        "gauge": "1435",
        "maxspeed": "120",
        "operator": "TCDD",
        "passenger_lines": "1",
        "railway": "rail",
        "source": "bing",
        "usage": "main"
      },
      "geometry": {
        "type": "LineString",
        "coordinates": [
          [
            30.3237276,
            38.6983549
          ],
          [
            30.3238566,
            38.6980272
          ],
          [
            30.3240599,
            38.6977131
          ]
        ]
      },
      "id": "way/169554956"
    },
    {
      "type": "Feature",
      "properties": {
        "@id": "way/169554957",
        "axle_load": "22.5",
        "electrified": "no",
        "gauge": "1435",
        "layer": "-1",
        "maxspeed": "120",
        "operator": "TCDD",
        "passenger_lines": "1",
        "railway": "rail",
        "source": "bing",
        "tunnel": "yes",
        "usage": "main"
      },
      "geometry": {
        "type": "LineString",
        "coordinates": [
          [
            30.3236152,
            38.6989066
          ],
          [
            30.3236368,
            38.6986364
          ],
          [
            30.3237276,
            38.6983549
          ]
        ]
      },
      "id": "way/169554957"
    },
    {
      "type": "Feature",
      "properties": {
        "@id": "way/169554958",
        "axle_load": "22.5",
        "electrified": "no",
        "gauge": "1435",
        "layer": "-1",
        "maxspeed": "120",
        "operator": "TCDD",
        "passenger_lines": "1",
        "railway": "rail",
        "source": "bing",
        "tunnel": "yes",
        "usage": "main"
      },
      "geometry": {
        "type": "LineString",
        "coordinates": [
          [
            30.3477517,
            38.7130921
          ],
          [
            30.3470926,
            38.7131096
          ],
          [
            30.3464567,
            38.7130522
          ]
        ]
      },
      "id": "way/169554958"
    },
    {
      "type": "Feature",
      "properties": {
        "@id": "way/169554961",
        "axle_load": "22.5",
        "electrified": "no",
        "gauge": "1435",
        "layer": "-1",
        "maxspeed": "120",
        "name": "Afyonkarahisar-Karakuyu demiryolu",
        "operator": "TCDD",
        "passenger_lines": "1",
        "railway": "rail",
        "source": "bing",
        "tunnel": "yes",
        "usage": "main"
      },
      "geometry": {
        "type": "LineString",
        "coordinates": [
          [
            30.3240599,
            38.6977131
          ],
          [
            30.3245205,
            38.6969875
          ],
          [
            30.3248166,
            38.6964553
          ],
          [
            30.3248794,
            38.6961647
          ],
          [
            30.3248917,
            38.6958471
          ]
        ]
      },
      "id": "way/169554961"
    },
    {
      "type": "Feature",
      "properties": {
        "@id": "way/169554963",
        "axle_load": "22.5",
        "electrified": "no",
        "gauge": "1435",
        "layer": "-1",
        "maxspeed": "120",
        "name": "Afyonkarahisar-Karakuyu demiryolu",
        "operator": "TCDD",
        "passenger_lines": "1",
        "railway": "rail",
        "source": "bing",
        "tunnel": "yes",
        "usage": "main"
      },
      "geometry": {
        "type": "LineString",
        "coordinates": [
          [
            30.3227721,
            38.7042616
          ],
          [
            30.3225574,
            38.7038917
          ],
          [
            30.3224933,
            38.7037116
          ],
          [
            30.3224306,
            38.7035353
          ],
          [
            30.3223291,
            38.7031293
          ],
          [
            30.3223271,
            38.7027274
          ]
        ]
      },
      "id": "way/169554963"
    },
    {
      "type": "Feature",
      "properties": {
        "@id": "way/169554964",
        "axle_load": "22.5",
        "electrified": "no",
        "gauge": "1435",
        "maxspeed": "120",
        "name": "Afyonkarahisar-Karakuyu demiryolu",
        "operator": "TCDD",
        "passenger_lines": "1",
        "railway": "rail",
        "source": "bing",
        "usage": "main"
      },
      "geometry": {
        "type": "LineString",
        "coordinates": [
          [
            30.3248917,
            38.6958471
          ],
          [
            30.324881,
            38.6954383
          ],
          [
            30.3247852,
            38.6950444
          ],
          [
            30.3245968,
            38.6946733
          ],
          [
            30.3243187,
            38.6943267
          ],
          [
            30.3239769,
            38.6940069
          ]
        ]
      },
      "id": "way/169554964"
    },
    {
      "type": "Feature",
      "properties": {
        "@id": "way/169554965",
        "axle_load": "22.5",
        "electrified": "no",
        "gauge": "1435",
        "maxspeed": "120",
        "name": "Afyonkarahisar-Karakuyu demiryolu",
        "operator": "TCDD",
        "passenger_lines": "1",
        "railway": "rail",
        "source": "bing",
        "usage": "main"
      },
      "geometry": {
        "type": "LineString",
        "coordinates": [
          [
            30.3464567,
            38.7130522
          ],
          [
            30.3458936,
            38.7129067
          ],
          [
            30.3453798,
            38.712674
          ],
          [
            30.3449606,
            38.712398
          ],
          [
            30.3445759,
            38.7120924
          ],
          [
            30.3436502,
            38.7112133
          ],
          [
            30.3432093,
            38.7107777
          ],
          [
            30.3428249,
            38.7103121
          ]
        ]
      },
      "id": "way/169554965"
    },
    {
      "type": "Feature",
      "properties": {
        "@id": "way/169554969",
        "axle_load": "22.5",
        "electrified": "no",
        "gauge": "1435",
        "maxspeed": "120",
        "name": "Afyonkarahisar-Karakuyu demiryolu",
        "operator": "TCDD",
        "passenger_lines": "1",
        "railway": "rail",
        "source": "bing",
        "usage": "main"
      },
      "geometry": {
        "type": "LineString",
        "coordinates": [
          [
            30.3223271,
            38.7027274
          ],
          [
            30.3224765,
            38.7021083
          ],
          [
            30.3225872,
            38.7018676
          ],
          [
            30.3232679,
            38.7007701
          ],
          [
            30.3234484,
            38.7003938
          ],
          [
            30.3235536,
            38.7000011
          ],
          [
            30.3236054,
            38.6994556
          ],
          [
            30.3236152,
            38.6989066
          ]
        ]
      },
      "id": "way/169554969"
    },
    {
      "type": "Feature",
      "properties": {
        "@id": "way/173653417",
        "axle_load": "22.5",
        "construction:railway:etcs": "1",
        "electrified": "contact_line",
        "frequency": "50",
        "gauge": "1435",
        "maxspeed": "115",
        "name": "Eskişehir-Konya demiryolu",
        "operator": "TCDD",
        "railway": "rail",
        "source": "GPS",
        "usage": "main",
        "voltage": "25000"
      },
      "geometry": {
        "type": "LineString",
        "coordinates": [
          [
            30.1037249,
            39.3881429
          ],
          [
            30.1030616,
            39.3893594
          ],
          [
            30.1028494,
            39.3900082
          ],
          [
            30.1027708,
            39.3905816
          ],
          [
            30.1027989,
            39.3911951
          ],
          [
            30.1029146,
            39.391734
          ],
          [
            30.1030365,
            39.3920948
          ],
          [
            30.1032738,
            39.3925581
          ],
          [
            30.1036966,
            39.3932319
          ],
          [
            30.1039045,
            39.3934882
          ]
        ]
      },
      "id": "way/173653417"
    },
    {
      "type": "Feature",
      "properties": {
        "@id": "way/181551098",
        "axle_load": "22.5",
        "bridge": "yes",
        "electrified": "contact_line",
        "frequency": "50",
        "gauge": "1435",
        "layer": "1",
        "maxspeed": "120",
        "name": "Eskişehir-Konya demiryolu",
        "operator": "TCDD",
        "railway": "rail",
        "railway:etcs": "2",
        "usage": "main",
        "voltage": "25000"
      },
      "geometry": {
        "type": "LineString",
        "coordinates": [
          [
            30.4810788,
            39.7684525
          ],
          [
            30.4809757,
            39.7683181
          ]
        ]
      },
      "id": "way/181551098"
    },
    {
      "type": "Feature",
      "properties": {
        "@id": "way/181551099",
        "axle_load": "22.5",
        "electrified": "contact_line",
        "frequency": "50",
        "gauge": "1435",
        "maxspeed": "120",
        "name": "Eskişehir-Konya demiryolu",
        "operator": "TCDD",
        "railway": "rail",
        "railway:etcs": "2",
        "usage": "main",
        "voltage": "25000"
      },
      "geometry": {
        "type": "LineString",
        "coordinates": [
          [
            30.4809757,
            39.7683181
          ],
          [
            30.480712,
            39.7678273
          ],
          [
            30.4786848,
            39.7632955
          ],
          [
            30.4761238,
            39.7575766
          ],
          [
            30.4758981,
            39.7571229
          ],
          [
            30.4756793,
            39.7567781
          ],
          [
            30.4753867,
            39.7563986
          ],
          [
            30.4751082,
            39.7561051
          ],
          [
            30.4747845,
            39.7558171
          ],
          [
            30.4744421,
            39.7555478
          ],
          [
            30.4740731,
            39.7553194
          ],
          [
            30.4736893,
            39.755108
          ],
          [
            30.4725355,
            39.7546042
          ],
          [
            30.4720118,
            39.7543134
          ],
          [
            30.4716414,
            39.7540964
          ],
          [
            30.4713376,
            39.7538782
          ],
          [
            30.4702683,
            39.7528185
          ],
          [
            30.4696644,
            39.7521931
          ],
          [
            30.4694469,
            39.7519186
          ],
          [
            30.4691844,
            39.7515368
          ],
          [
            30.4690301,
            39.7512096
          ],
          [
            30.468908,
            39.7508661
          ],
          [
            30.468709,
            39.7501536
          ],
          [
            30.4685336,
            39.7497499
          ],
          [
            30.4684142,
            39.7495282
          ],
          [
            30.4681917,
            39.7491977
          ],
          [
            30.4680124,
            39.7489737
          ],
          [
            30.4678217,
            39.7487854
          ],
          [
            30.467625,
            39.7485916
          ],
          [
            30.4671119,
            39.7482325
          ],
          [
            30.4668289,
            39.7480788
          ],
          [
            30.4664212,
            39.7478687
          ],
          [
            30.4657335,
            39.7475705
          ],
          [
            30.4649102,
            39.7471984
          ],
          [
            30.4625402,
            39.7461533
          ],
          [
            30.4617845,
            39.7458237
          ],
          [
            30.4610037,
            39.745506
          ],
          [
            30.460537,
            39.7453282
          ],
          [
            30.4598749,
            39.7451149
          ],
          [
            30.4593475,
            39.7449736
          ],
          [
            30.4581799,
            39.7447227
          ],
          [
            30.4566241,
            39.7444194
          ],
          [
            30.4461845,
            39.7422529
          ]
        ]
      },
      "id": "way/181551099"
    },
    {
      "type": "Feature",
      "properties": {
        "@id": "way/218465923",
        "electrified": "contact_line",
        "frequency": "50",
        "gauge": "1435",
        "highspeed": "yes",
        "maxspeed": "250",
        "name": "Ankara - İstanbul yüksek hızlı demiryolu",
        "name:en": "Ankara - İstanbul high-speed railway",
        "operator": "TCDD",
        "passenger_lines": "1",
        "railway": "rail",
        "railway:etcs": "1",
        "usage": "main",
        "voltage": "25000",
        "wikidata": "Q513146",
        "wikipedia": "en:Ankara–Istanbul high-speed railway"
      },
      "geometry": {
        "type": "LineString",
        "coordinates": [
          [
            30.4033212,
            39.7877561
          ],
          [
            30.4014198,
            39.7888436
          ],
          [
            30.399535,
            39.7898543
          ],
          [
            30.397471,
            39.7908712
          ],
          [
            30.3949197,
            39.791951
          ],
          [
            30.3924311,
            39.7929
          ],
          [
            30.3898055,
            39.7938763
          ],
          [
            30.3873295,
            39.7946927
          ],
          [
            30.3793484,
            39.7972678
          ],
          [
            30.3719389,
            39.7997021
          ],
          [
            30.3681277,
            39.800829
          ],
          [
            30.3646146,
            39.801769
          ],
          [
            30.3625315,
            39.8022608
          ],
          [
            30.3592078,
            39.8031022
          ],
          [
            30.3567413,
            39.8037238
          ],
          [
            30.3551288,
            39.8041813
          ],
          [
            30.3530411,
            39.8048349
          ],
          [
            30.3512174,
            39.8054544
          ],
          [
            30.3490527,
            39.8062859
          ],
          [
            30.3453964,
            39.8077351
          ],
          [
            30.340824,
            39.809571
          ],
          [
            30.3063387,
            39.8233222
          ],
          [
            30.3047428,
            39.8239093
          ],
          [
            30.3034097,
            39.8243625
          ],
          [
            30.302479,
            39.824655
          ],
          [
            30.3018418,
            39.8248348
          ],
          [
            30.3009382,
            39.8250764
          ],
          [
            30.2999396,
            39.8253341
          ],
          [
            30.2992546,
            39.8254909
          ],
          [
            30.2984141,
            39.8256765
          ],
          [
            30.2972049,
            39.8259103
          ],
          [
            30.2961019,
            39.8261044
          ],
          [
            30.2946331,
            39.8263284
          ],
          [
            30.2931944,
            39.8265029
          ],
          [
            30.2821844,
            39.8275739
          ],
          [
            30.2614233,
            39.829514
          ],
          [
            30.2442194,
            39.8311393
          ],
          [
            30.2432323,
            39.8312415
          ],
          [
            30.2419512,
            39.8313873
          ],
          [
            30.240828,
            39.8315324
          ],
          [
            30.2399724,
            39.8316633
          ],
          [
            30.2389093,
            39.8318403
          ],
          [
            30.2377495,
            39.8320646
          ],
          [
            30.2369249,
            39.8322332
          ],
          [
            30.2356792,
            39.8325036
          ],
          [
            30.2337226,
            39.8329852
          ],
          [
            30.2294139,
            39.8341071
          ],
          [
            30.220827,
            39.8362911
          ],
          [
            30.2195101,
            39.8365859
          ],
          [
            30.2183552,
            39.8368301
          ],
          [
            30.2173815,
            39.837018
          ],
          [
            30.2160734,
            39.8372414
          ],
          [
            30.2144879,
            39.8374684
          ],
          [
            30.2125485,
            39.837692
          ],
          [
            30.2051884,
            39.8383651
          ],
          [
            30.18162,
            39.8404726
          ],
          [
            30.1741353,
            39.841144
          ],
          [
            30.1671682,
            39.8417699
          ],
          [
            30.1494964,
            39.8433595
          ]
        ]
      },
      "id": "way/218465923"
    },
    {
      "type": "Feature",
      "properties": {
        "@id": "way/218465929",
        "bridge": "viaduct",
        "electrified": "no",
        "gauge": "1435",
        "layer": "1",
        "railway": "rail",
        "service": "spur"
      },
      "geometry": {
        "type": "LineString",
        "coordinates": [
          [
            30.3157584,
            39.8189481
          ],
          [
            30.3159765,
            39.8190906
          ],
          [
            30.3162043,
            39.8192521
          ],
          [
            30.3164061,
            39.8194512
          ],
          [
            30.3165626,
            39.8196203
          ]
        ]
      },
      "id": "way/218465929"
    },
    {
      "type": "Feature",
      "properties": {
        "@id": "way/218465930",
        "electrified": "no",
        "gauge": "1435",
        "railway": "rail",
        "service": "spur"
      },
      "geometry": {
        "type": "LineString",
        "coordinates": [
          [
            30.3111488,
            39.8210965
          ],
          [
            30.3116128,
            39.8207915
          ],
          [
            30.3117297,
            39.8206867
          ],
          [
            30.3119187,
            39.8205173
          ],
          [
            30.3121125,
            39.8202591
          ],
          [
            30.312267,
            39.8199696
          ],
          [
            30.3124373,
            39.8196412
          ],
          [
            30.3126599,
            39.8193471
          ],
          [
            30.313007,
            39.8190693
          ],
          [
            30.3134416,
            39.8188619
          ],
          [
            30.3138142,
            39.8187447
          ],
          [
            30.3143412,
            39.818659
          ],
          [
            30.3146432,
            39.8186639
          ],
          [
            30.3149674,
            39.8186916
          ],
          [
            30.3152628,
            39.8187433
          ],
          [
            30.3155191,
            39.818837
          ],
          [
            30.3157584,
            39.8189481
          ]
        ]
      },
      "id": "way/218465930"
    },
    {
      "type": "Feature",
      "properties": {
        "@id": "way/218465934",
        "electrified": "contact_line",
        "frequency": "50",
        "gauge": "1435",
        "name": "İstanbul - Ankara demiryolu",
        "operator": "TCDD",
        "railway": "rail",
        "railway:etcs": "yes",
        "source": "Bing",
        "usage": "main",
        "voltage": "25000"
      },
      "geometry": {
        "type": "LineString",
        "coordinates": [
          [
            30.4805055,
            39.7752409
          ],
          [
            30.4793342,
            39.7750333
          ],
          [
            30.4782277,
            39.7748372
          ],
          [
            30.4751942,
            39.7743166
          ],
          [
            30.4745963,
            39.7741985
          ],
          [
            30.4733327,
            39.7739698
          ],
          [
            30.4719813,
            39.7736893
          ],
          [
            30.462521,
            39.7714968
          ],
          [
            30.4612165,
            39.771226
          ],
          [
            30.4598913,
            39.7709734
          ],
          [
            30.4586892,
            39.7707548
          ],
          [
            30.4569134,
            39.7704916
          ],
          [
            30.455903,
            39.770366
          ],
          [
            30.4541115,
            39.7702003
          ],
          [
            30.4528294,
            39.7701039
          ],
          [
            30.4510011,
            39.7700227
          ],
          [
            30.4488337,
            39.7699764
          ],
          [
            30.446669,
            39.7700381
          ],
          [
            30.4458041,
            39.7700856
          ],
          [
            30.4443881,
            39.7701645
          ],
          [
            30.4429758,
            39.7703063
          ],
          [
            30.4415788,
            39.7704655
          ],
          [
            30.4399459,
            39.7706966
          ],
          [
            30.4382873,
            39.77098
          ],
          [
            30.4369085,
            39.771262
          ],
          [
            30.4349873,
            39.7716875
          ],
          [
            30.4333708,
            39.7721184
          ],
          [
            30.4317773,
            39.7725698
          ],
          [
            30.4301155,
            39.773113
          ],
          [
            30.4281905,
            39.7738121
          ],
          [
            30.4268691,
            39.7743572
          ],
          [
            30.425573,
            39.7749157
          ],
          [
            30.4235433,
            39.775862
          ],
          [
            30.4224541,
            39.7764208
          ],
          [
            30.4211482,
            39.7771
          ],
          [
            30.4204546,
            39.7774653
          ],
          [
            30.4196633,
            39.7778884
          ],
          [
            30.4184409,
            39.7784971
          ],
          [
            30.4174381,
            39.7790155
          ],
          [
            30.4168164,
            39.7793253
          ],
          [
            30.4161165,
            39.7795922
          ],
          [
            30.4150987,
            39.7798991
          ],
          [
            30.4146222,
            39.7800095
          ],
          [
            30.4140972,
            39.78011
          ]
        ]
      },
      "id": "way/218465934"
    },
    {
      "type": "Feature",
      "properties": {
        "@id": "way/233517543",
        "electrified": "contact_line",
        "frequency": "50",
        "gauge": "1435",
        "name": "İstanbul - Ankara demiryolu",
        "operator": "TCDD",
        "railway": "rail",
        "railway:etcs": "yes",
        "usage": "main",
        "voltage": "25000"
      },
      "geometry": {
        "type": "LineString",
        "coordinates": [
          [
            30.1377404,
            39.8441344
          ],
          [
            30.1382515,
            39.8441312
          ],
          [
            30.1521385,
            39.8428822
          ],
          [
            30.1525197,
            39.8428496
          ],
          [
            30.2137648,
            39.83736
          ],
          [
            30.2144058,
            39.8372959
          ],
          [
            30.2150603,
            39.8372053
          ],
          [
            30.2157255,
            39.83709
          ],
          [
            30.2164738,
            39.8369396
          ],
          [
            30.2171953,
            39.8367728
          ],
          [
            30.217941,
            39.8365627
          ],
          [
            30.2186617,
            39.8363377
          ],
          [
            30.2194342,
            39.8360596
          ],
          [
            30.2267447,
            39.8332633
          ],
          [
            30.2274226,
            39.8330222
          ],
          [
            30.2282299,
            39.8327729
          ],
          [
            30.2290131,
            39.832567
          ],
          [
            30.2299385,
            39.832361
          ],
          [
            30.2306557,
            39.8322262
          ],
          [
            30.2314907,
            39.8321112
          ],
          [
            30.2323713,
            39.8320129
          ],
          [
            30.2822173,
            39.8273536
          ],
          [
            30.2946717,
            39.8261535
          ],
          [
            30.2957664,
            39.8260135
          ],
          [
            30.2968673,
            39.8258451
          ],
          [
            30.2977611,
            39.825668
          ],
          [
            30.2985522,
            39.8254979
          ],
          [
            30.2990086,
            39.8253938
          ],
          [
            30.3000303,
            39.8251691
          ],
          [
            30.3006931,
            39.825017
          ],
          [
            30.3015116,
            39.8248051
          ],
          [
            30.3021105,
            39.8246338
          ],
          [
            30.3026819,
            39.8244628
          ],
          [
            30.3032111,
            39.8242981
          ],
          [
            30.3037501,
            39.8241228
          ],
          [
            30.3042085,
            39.8239487
          ],
          [
            30.3140273,
            39.820044
          ],
          [
            30.3149103,
            39.8196919
          ],
          [
            30.3153776,
            39.8195056
          ],
          [
            30.343796,
            39.8082069
          ],
          [
            30.3444012,
            39.8079393
          ],
          [
            30.3451167,
            39.8076013
          ],
          [
            30.3459322,
            39.8072094
          ],
          [
            30.3541509,
            39.8029665
          ],
          [
            30.3546701,
            39.8027182
          ],
          [
            30.3549927,
            39.8025794
          ],
          [
            30.3552846,
            39.8024659
          ],
          [
            30.3558712,
            39.8022566
          ],
          [
            30.3564778,
            39.8020633
          ],
          [
            30.3572074,
            39.8018764
          ],
          [
            30.3577502,
            39.8017596
          ],
          [
            30.3582194,
            39.8016765
          ],
          [
            30.3589793,
            39.8015712
          ],
          [
            30.3646405,
            39.8011533
          ],
          [
            30.3653445,
            39.8011
          ],
          [
            30.3659476,
            39.8010251
          ],
          [
            30.366379,
            39.8009594
          ],
          [
            30.366817,
            39.8008768
          ],
          [
            30.3672585,
            39.8007847
          ],
          [
            30.3678353,
            39.8006446
          ],
          [
            30.3684025,
            39.8004718
          ],
          [
            30.3688494,
            39.8003114
          ],
          [
            30.369457,
            39.8000838
          ],
          [
            30.3700913,
            39.7997928
          ],
          [
            30.370583,
            39.7995571
          ],
          [
            30.3797222,
            39.7949726
          ],
          [
            30.3806774,
            39.7944687
          ],
          [
            30.3812693,
            39.7941053
          ],
          [
            30.3817093,
            39.7937984
          ],
          [
            30.3821309,
            39.7934659
          ],
          [
            30.3825278,
            39.7931202
          ],
          [
            30.3828928,
            39.7927911
          ],
          [
            30.3832599,
            39.7923988
          ],
          [
            30.3835899,
            39.7920093
          ],
          [
            30.3838938,
            39.7916134
          ],
          [
            30.3843447,
            39.7908746
          ],
          [
            30.3850336,
            39.7895035
          ],
          [
            30.3853028,
            39.7889758
          ],
          [
            30.3855105,
            39.7886313
          ],
          [
            30.3857868,
            39.7882184
          ],
          [
            30.3860974,
            39.787814
          ],
          [
            30.3863495,
            39.7875106
          ],
          [
            30.3867022,
            39.7871332
          ],
          [
            30.3874882,
            39.7863953
          ],
          [
            30.3877897,
            39.7861538
          ],
          [
            30.3881015,
            39.7859292
          ],
          [
            30.3884061,
            39.7857152
          ],
          [
            30.3888787,
            39.7854182
          ],
          [
            30.3894974,
            39.7850861
          ],
          [
            30.3898722,
            39.7848956
          ],
          [
            30.3904408,
            39.7846482
          ],
          [
            30.3906803,
            39.7845467
          ],
          [
            30.3910085,
            39.7844221
          ],
          [
            30.3915756,
            39.7842295
          ],
          [
            30.392179,
            39.7840609
          ],
          [
            30.3930862,
            39.7838469
          ],
          [
            30.395366,
            39.7834431
          ],
          [
            30.4066243,
            39.7814492
          ],
          [
            30.4070454,
            39.7813317
          ]
        ]
      },
      "id": "way/233517543"
    },
    {
      "type": "Feature",
      "properties": {
        "@id": "way/233518973",
        "electrified": "contact_line",
        "frequency": "50",
        "gauge": "1435",
        "name": "İstanbul - Ankara demiryolu",
        "operator": "TCDD",
        "railway": "rail",
        "railway:etcs": "yes",
        "usage": "main",
        "voltage": "25000"
      },
      "geometry": {
        "type": "LineString",
        "coordinates": [
          [
            30.4140972,
            39.78011
          ],
          [
            30.4070454,
            39.7813317
          ],
          [
            30.3946195,
            39.7835404
          ],
          [
            30.3930747,
            39.783815
          ],
          [
            30.3921824,
            39.7840234
          ],
          [
            30.3915601,
            39.7841987
          ],
          [
            30.3909692,
            39.7844001
          ],
          [
            30.3906699,
            39.7845152
          ],
          [
            30.390418,
            39.7846147
          ],
          [
            30.3898576,
            39.7848692
          ],
          [
            30.3894739,
            39.7850565
          ],
          [
            30.3888516,
            39.7853909
          ],
          [
            30.3883641,
            39.7856936
          ],
          [
            30.3880643,
            39.7859135
          ],
          [
            30.3877663,
            39.7861183
          ],
          [
            30.3874341,
            39.7863869
          ],
          [
            30.3866624,
            39.7871151
          ],
          [
            30.3863091,
            39.787487
          ],
          [
            30.3860605,
            39.7877805
          ],
          [
            30.3857419,
            39.7882027
          ],
          [
            30.3854801,
            39.7886059
          ],
          [
            30.3852713,
            39.7889518
          ],
          [
            30.3849821,
            39.7895046
          ],
          [
            30.3843033,
            39.7908605
          ],
          [
            30.3838505,
            39.7915915
          ],
          [
            30.3835477,
            39.791993
          ],
          [
            30.3832129,
            39.7923843
          ],
          [
            30.3828574,
            39.7927633
          ],
          [
            30.3824976,
            39.7930869
          ],
          [
            30.3821122,
            39.7934339
          ],
          [
            30.3816822,
            39.7937641
          ],
          [
            30.3812336,
            39.7940865
          ],
          [
            30.3806217,
            39.7944501
          ],
          [
            30.3797037,
            39.7949445
          ],
          [
            30.3705545,
            39.7995278
          ],
          [
            30.3700637,
            39.7997673
          ],
          [
            30.3694367,
            39.8000546
          ],
          [
            30.3688443,
            39.8002775
          ],
          [
            30.368379,
            39.8004364
          ],
          [
            30.3678205,
            39.8006112
          ],
          [
            30.3672409,
            39.8007575
          ],
          [
            30.3668,
            39.800852
          ],
          [
            30.3663873,
            39.8009275
          ],
          [
            30.3659422,
            39.8009945
          ],
          [
            30.3653392,
            39.801064
          ],
          [
            30.3646356,
            39.8011205
          ],
          [
            30.3589745,
            39.8015401
          ],
          [
            30.3582252,
            39.8016435
          ],
          [
            30.357727,
            39.8017228
          ],
          [
            30.3571936,
            39.8018404
          ],
          [
            30.3564012,
            39.802046
          ],
          [
            30.3558497,
            39.8022216
          ],
          [
            30.3552552,
            39.8024344
          ],
          [
            30.3549771,
            39.8025431
          ],
          [
            30.3546556,
            39.8026869
          ],
          [
            30.3541311,
            39.802934
          ],
          [
            30.3459164,
            39.8071711
          ],
          [
            30.3450809,
            39.8075691
          ],
          [
            30.3443728,
            39.8079058
          ],
          [
            30.3437886,
            39.8081751
          ],
          [
            30.3153589,
            39.8194618
          ],
          [
            30.3148994,
            39.8196417
          ],
          [
            30.3140034,
            39.8200069
          ],
          [
            30.3041877,
            39.8239195
          ],
          [
            30.3037242,
            39.8240901
          ],
          [
            30.3031812,
            39.8242667
          ],
          [
            30.3026511,
            39.8244352
          ],
          [
            30.3020903,
            39.8246078
          ],
          [
            30.3015012,
            39.8247739
          ],
          [
            30.3006803,
            39.8249813
          ],
          [
            30.3000202,
            39.8251341
          ],
          [
            30.2990049,
            39.8253569
          ],
          [
            30.2979513,
            39.8255881
          ],
          [
            30.2977431,
            39.8256337
          ],
          [
            30.2968715,
            39.8257945
          ],
          [
            30.2957616,
            39.8259689
          ],
          [
            30.2946886,
            39.8261102
          ],
          [
            30.2822109,
            39.827314
          ],
          [
            30.2315193,
            39.8320584
          ],
          [
            30.2306796,
            39.8321778
          ],
          [
            30.2298928,
            39.8323314
          ],
          [
            30.2291153,
            39.8325051
          ],
          [
            30.2282318,
            39.832741
          ],
          [
            30.2274151,
            39.8329914
          ],
          [
            30.2267245,
            39.8332277
          ],
          [
            30.2194059,
            39.8360298
          ],
          [
            30.2186375,
            39.8362964
          ],
          [
            30.2178946,
            39.8365333
          ],
          [
            30.2171758,
            39.8367362
          ],
          [
            30.216446,
            39.8369065
          ],
          [
            30.2157114,
            39.837057
          ],
          [
            30.2150534,
            39.8371736
          ],
          [
            30.2144039,
            39.8372561
          ],
          [
            30.2137856,
            39.837317
          ],
          [
            30.1941479,
            39.839075
          ],
          [
            30.1525055,
            39.8428147
          ],
          [
            30.1521367,
            39.8428409
          ],
          [
            30.1512597,
            39.8429164
          ],
          [
            30.1377404,
            39.8441344
          ],
          [
            30.1371701,
            39.8441842
          ],
          [
            30.1359095,
            39.844295
          ],
          [
            30.1310801,
            39.8447195
          ],
          [
            30.1298758,
            39.844856
          ],
          [
            30.1293796,
            39.8449293
          ],
          [
            30.1289977,
            39.8449958
          ],
          [
            30.1283799,
            39.8451373
          ],
          [
            30.1280228,
            39.8452278
          ],
          [
            30.1271467,
            39.8454917
          ],
          [
            30.1269188,
            39.8455714
          ],
          [
            30.1265533,
            39.8457208
          ],
          [
            30.1258397,
            39.846042
          ],
          [
            30.1251776,
            39.8463716
          ],
          [
            30.1243432,
            39.8468622
          ],
          [
            30.1234374,
            39.847521
          ],
          [
            30.1087228,
            39.858815
          ],
          [
            30.1083566,
            39.8591214
          ],
          [
            30.1080533,
            39.8594203
          ],
          [
            30.107736,
            39.8597318
          ],
          [
            30.1074321,
            39.8600709
          ],
          [
            30.1068873,
            39.8607514
          ],
          [
            30.1064622,
            39.8614405
          ],
          [
            30.1062936,
            39.861764
          ],
          [
            30.1061071,
            39.8621522
          ],
          [
            30.1058204,
            39.8629051
          ],
          [
            30.1055873,
            39.8637653
          ],
          [
            30.1054281,
            39.8648097
          ],
          [
            30.104812,
            39.8692325
          ],
          [
            30.1044313,
            39.8719654
          ],
          [
            30.1044113,
            39.8721093
          ],
          [
            30.1043006,
            39.8727822
          ],
          [
            30.1041968,
            39.8732932
          ],
          [
            30.1041389,
            39.873578
          ],
          [
            30.1039384,
            39.8742216
          ],
          [
            30.1037432,
            39.8746908
          ],
          [
            30.1028688,
            39.8767071
          ],
          [
            30.1026352,
            39.8773711
          ],
          [
            30.1025359,
            39.87778
          ],
          [
            30.10243,
            39.8783325
          ],
          [
            30.102109,
            39.8803433
          ],
          [
            30.1018126,
            39.881436
          ],
          [
            30.1016244,
            39.8819243
          ],
          [
            30.1014211,
            39.8823394
          ],
          [
            30.1011164,
            39.8829203
          ],
          [
            30.100795,
            39.8834484
          ],
          [
            30.0984154,
            39.887249
          ],
          [
            30.0979316,
            39.8879252
          ],
          [
            30.0976315,
            39.8882973
          ],
          [
            30.0969207,
            39.889022
          ],
          [
            30.0961502,
            39.889649
          ],
          [
            30.0954133,
            39.8901876
          ],
          [
            30.0941981,
            39.8909077
          ],
          [
            30.0929189,
            39.8914919
          ],
          [
            30.0916594,
            39.8919214
          ],
          [
            30.0902583,
            39.8922735
          ],
          [
            30.0889624,
            39.8924718
          ],
          [
            30.0876283,
            39.8925845
          ],
          [
            30.0855868,
            39.8926706
          ],
          [
            30.0844439,
            39.892742
          ]
        ]
      },
      "id": "way/233518973"
    },
    {
      "type": "Feature",
      "properties": {
        "@id": "way/233519257",
        "electrified": "contact_line",
        "frequency": "50",
        "gauge": "1435",
        "highspeed": "yes",
        "maxspeed": "250",
        "name": "Ankara - İstanbul yüksek hızlı demiryolu",
        "name:en": "Ankara - İstanbul high-speed railway",
        "operator": "TCDD",
        "passenger_lines": "1",
        "railway": "rail",
        "railway:etcs": "1",
        "usage": "main",
        "voltage": "25000",
        "wikidata": "Q513146",
        "wikipedia": "en:Ankara–Istanbul high-speed railway"
      },
      "geometry": {
        "type": "LineString",
        "coordinates": [
          [
            30.1494978,
            39.8433104
          ],
          [
            30.1671573,
            39.8417339
          ],
          [
            30.1741254,
            39.8411042
          ],
          [
            30.1816309,
            39.8404281
          ],
          [
            30.1915812,
            39.8395357
          ],
          [
            30.2052236,
            39.8383219
          ],
          [
            30.2125101,
            39.8376488
          ],
          [
            30.2145121,
            39.837416
          ],
          [
            30.2160607,
            39.8371946
          ],
          [
            30.2173546,
            39.8369815
          ],
          [
            30.2183451,
            39.836788
          ],
          [
            30.2194787,
            39.8365527
          ],
          [
            30.2208218,
            39.8362438
          ],
          [
            30.2293898,
            39.8340677
          ],
          [
            30.2337166,
            39.8329419
          ],
          [
            30.2356854,
            39.8324547
          ],
          [
            30.2369519,
            39.8321875
          ],
          [
            30.2377451,
            39.8320226
          ],
          [
            30.2389199,
            39.8317931
          ],
          [
            30.2399763,
            39.831625
          ],
          [
            30.2408299,
            39.8314914
          ],
          [
            30.2419588,
            39.8313457
          ],
          [
            30.2432613,
            39.8311977
          ],
          [
            30.2442138,
            39.8310985
          ],
          [
            30.26143,
            39.8294682
          ],
          [
            30.2822,
            39.827523
          ],
          [
            30.2931778,
            39.8264667
          ],
          [
            30.2946152,
            39.8262889
          ],
          [
            30.2960841,
            39.8260736
          ],
          [
            30.2971939,
            39.8258754
          ],
          [
            30.2984019,
            39.8256418
          ],
          [
            30.2992414,
            39.8254565
          ],
          [
            30.2999254,
            39.8252998
          ],
          [
            30.3009232,
            39.8250424
          ],
          [
            30.3018217,
            39.8247977
          ],
          [
            30.3024763,
            39.8246097
          ],
          [
            30.3033963,
            39.8243255
          ],
          [
            30.3047213,
            39.8238764
          ],
          [
            30.3063118,
            39.8232934
          ],
          [
            30.3407691,
            39.8095211
          ],
          [
            30.3453306,
            39.8077023
          ],
          [
            30.3490009,
            39.8062463
          ],
          [
            30.3511514,
            39.8054247
          ],
          [
            30.3528849,
            39.8048382
          ],
          [
            30.3541041,
            39.8044465
          ],
          [
            30.3555533,
            39.8040091
          ],
          [
            30.357241,
            39.8035355
          ],
          [
            30.3591719,
            39.8030435
          ],
          [
            30.3625136,
            39.8022155
          ],
          [
            30.3645689,
            39.8017333
          ],
          [
            30.3680599,
            39.8007986
          ],
          [
            30.3718885,
            39.7996696
          ],
          [
            30.3793479,
            39.7972006
          ],
          [
            30.3872977,
            39.7946367
          ],
          [
            30.3897342,
            39.7938322
          ],
          [
            30.3923979,
            39.792858
          ],
          [
            30.3948535,
            39.7919141
          ],
          [
            30.3974627,
            39.790816
          ],
          [
            30.399487,
            39.7898154
          ],
          [
            30.4014047,
            39.788788
          ],
          [
            30.403267,
            39.7877158
          ]
        ]
      },
      "id": "way/233519257"
    },
    {
      "type": "Feature",
      "properties": {
        "@id": "way/235112852",
        "axle_load": "22.5",
        "bridge": "yes",
        "electrified": "no",
        "gauge": "1435",
        "layer": "1",
        "maxspeed": "120",
        "name": "Afyonkarahisar-Karakuyu demiryolu",
        "operator": "TCDD",
        "passenger_lines": "1",
        "railway": "rail",
        "source": "bing",
        "usage": "main"
      },
      "geometry": {
        "type": "LineString",
        "coordinates": [
          [
            30.4002743,
            38.794904
          ],
          [
            30.3995945,
            38.7945163
          ]
        ]
      },
      "id": "way/235112852"
    },
    {
      "type": "Feature",
      "properties": {
        "@id": "way/235112853",
        "axle_load": "22.5",
        "electrified": "no",
        "gauge": "1435",
        "maxspeed": "120",
        "name": "Afyonkarahisar-Karakuyu demiryolu",
        "operator": "TCDD",
        "passenger_lines": "1",
        "railway": "rail",
        "source": "bing",
        "usage": "main"
      },
      "geometry": {
        "type": "LineString",
        "coordinates": [
          [
            30.3995945,
            38.7945163
          ],
          [
            30.3941725,
            38.7915205
          ],
          [
            30.3936901,
            38.7911401
          ],
          [
            30.3932594,
            38.7906875
          ],
          [
            30.3929691,
            38.7901137
          ],
          [
            30.3927993,
            38.7895123
          ],
          [
            30.3928276,
            38.788475
          ],
          [
            30.3929196,
            38.7873274
          ],
          [
            30.3927639,
            38.786086
          ],
          [
            30.3921339,
            38.7837851
          ],
          [
            30.3894795,
            38.7740788
          ],
          [
            30.388121,
            38.7690987
          ],
          [
            30.386994,
            38.764941
          ],
          [
            30.38679,
            38.7641884
          ],
          [
            30.3863648,
            38.7621992
          ],
          [
            30.3860382,
            38.7600994
          ],
          [
            30.385494,
            38.7518869
          ],
          [
            30.3852621,
            38.7477869
          ],
          [
            30.384947,
            38.7422003
          ],
          [
            30.3849383,
            38.7420523
          ],
          [
            30.3846334,
            38.7368725
          ],
          [
            30.3839699,
            38.7255507
          ],
          [
            30.3839416,
            38.7251267
          ],
          [
            30.3838994,
            38.7244937
          ],
          [
            30.3837789,
            38.7239047
          ],
          [
            30.38359,
            38.7233482
          ],
          [
            30.3830789,
            38.722464
          ],
          [
            30.382072,
            38.7215556
          ],
          [
            30.3816077,
            38.7212524
          ],
          [
            30.379802,
            38.7202518
          ],
          [
            30.3766031,
            38.7185761
          ],
          [
            30.3757095,
            38.7182475
          ],
          [
            30.3745486,
            38.7180446
          ],
          [
            30.3732608,
            38.7180149
          ],
          [
            30.3720616,
            38.7181391
          ],
          [
            30.3681026,
            38.7185956
          ],
          [
            30.3672913,
            38.718693
          ],
          [
            30.366468,
            38.7186125
          ],
          [
            30.3657688,
            38.7184702
          ],
          [
            30.3651164,
            38.7181708
          ],
          [
            30.3638371,
            38.7173194
          ],
          [
            30.3632566,
            38.7170101
          ],
          [
            30.36265,
            38.7167405
          ],
          [
            30.3597041,
            38.7154559
          ],
          [
            30.3593488,
            38.7153272
          ],
          [
            30.3589451,
            38.7152133
          ],
          [
            30.357046,
            38.7148272
          ],
          [
            30.3564624,
            38.7146738
          ],
          [
            30.3559549,
            38.7144609
          ],
          [
            30.3555552,
            38.7142283
          ],
          [
            30.3552254,
            38.713961
          ],
          [
            30.3542969,
            38.7129386
          ],
          [
            30.3536775,
            38.7124413
          ],
          [
            30.3528571,
            38.7120852
          ],
          [
            30.3521018,
            38.7119565
          ],
          [
            30.3512541,
            38.7119265
          ],
          [
            30.3502455,
            38.7121938
          ],
          [
            30.3494459,
            38.712547
          ],
          [
            30.3488054,
            38.7128076
          ],
          [
            30.3483296,
            38.712971
          ],
          [
            30.3477517,
            38.7130921
          ]
        ]
      },
      "id": "way/235112853"
    },
    {
      "type": "Feature",
      "properties": {
        "@id": "way/252990752",
        "axle_load": "22.5",
        "bridge": "yes",
        "electrified": "no",
        "gauge": "1435",
        "layer": "1",
        "operator": "TCDD",
        "passenger_lines": "1",
        "railway": "rail",
        "railway:etcs": "no",
        "source": "bing",
        "usage": "main"
      },
      "geometry": {
        "type": "LineString",
        "coordinates": [
          [
            30.4113197,
            38.8563404
          ],
          [
            30.4112004,
            38.8561649
          ]
        ]
      },
      "id": "way/252990752"
    },
    {
      "type": "Feature",
      "properties": {
        "@id": "way/265055405",
        "electrified": "contact_line",
        "frequency": "50",
        "gauge": "1435",
        "highspeed": "yes",
        "maxspeed": "250",
        "name": "Ankara - İstanbul yüksek hızlı demiryolu",
        "name:en": "Ankara - İstanbul high-speed railway",
        "operator": "TCDD",
        "passenger_lines": "1",
        "railway": "rail",
        "railway:etcs": "1",
        "usage": "main",
        "voltage": "25000",
        "wikidata": "Q513146",
        "wikipedia": "en:Ankara–Istanbul high-speed railway"
      },
      "geometry": {
        "type": "LineString",
        "coordinates": [
          [
            30.4093556,
            39.7841186
          ],
          [
            30.4104064,
            39.783494
          ]
        ]
      },
      "id": "way/265055405"
    },
    {
      "type": "Feature",
      "properties": {
        "@id": "way/265055406",
        "electrified": "contact_line",
        "frequency": "50",
        "gauge": "1435",
        "highspeed": "yes",
        "maxspeed": "250",
        "name": "Ankara - İstanbul yüksek hızlı demiryolu",
        "name:en": "Ankara - İstanbul high-speed railway",
        "operator": "TCDD",
        "passenger_lines": "1",
        "railway": "rail",
        "railway:etcs": "1",
        "usage": "main",
        "voltage": "25000",
        "wikidata": "Q513146",
        "wikipedia": "en:Ankara–Istanbul high-speed railway"
      },
      "geometry": {
        "type": "LineString",
        "coordinates": [
          [
            30.4104638,
            39.7835413
          ],
          [
            30.4094144,
            39.7841649
          ]
        ]
      },
      "id": "way/265055406"
    },
    {
      "type": "Feature",
      "properties": {
        "@id": "way/265055407",
        "cutting": "yes",
        "electrified": "contact_line",
        "frequency": "50",
        "gauge": "1435",
        "highspeed": "yes",
        "maxspeed": "250",
        "name": "Ankara - İstanbul yüksek hızlı demiryolu",
        "name:en": "Ankara - İstanbul high-speed railway",
        "operator": "TCDD",
        "passenger_lines": "1",
        "railway": "rail",
        "railway:etcs": "1",
        "usage": "main",
        "voltage": "25000",
        "wikidata": "Q513146",
        "wikipedia": "en:Ankara–Istanbul high-speed railway"
      },
      "geometry": {
        "type": "LineString",
        "coordinates": [
          [
            30.403267,
            39.7877158
          ],
          [
            30.4093556,
            39.7841186
          ]
        ]
      },
      "id": "way/265055407"
    },
    {
      "type": "Feature",
      "properties": {
        "@id": "way/265055408",
        "cutting": "yes",
        "electrified": "contact_line",
        "frequency": "50",
        "gauge": "1435",
        "highspeed": "yes",
        "maxspeed": "250",
        "name": "Ankara - İstanbul yüksek hızlı demiryolu",
        "name:en": "Ankara - İstanbul high-speed railway",
        "operator": "TCDD",
        "passenger_lines": "1",
        "railway": "rail",
        "railway:etcs": "1",
        "usage": "main",
        "voltage": "25000",
        "wikidata": "Q513146",
        "wikipedia": "en:Ankara–Istanbul high-speed railway"
      },
      "geometry": {
        "type": "LineString",
        "coordinates": [
          [
            30.4094144,
            39.7841649
          ],
          [
            30.4033212,
            39.7877561
          ]
        ]
      },
      "id": "way/265055408"
    },
    {
      "type": "Feature",
      "properties": {
        "@id": "way/265056048",
        "electrified": "contact_line",
        "embankment": "yes",
        "frequency": "50",
        "gauge": "1435",
        "highspeed": "yes",
        "maxspeed": "250",
        "name": "Ankara - İstanbul yüksek hızlı demiryolu",
        "name:en": "Ankara - İstanbul high-speed railway",
        "operator": "TCDD",
        "passenger_lines": "1",
        "railway": "rail",
        "railway:etcs": "1",
        "usage": "main",
        "voltage": "25000",
        "wikidata": "Q513146",
        "wikipedia": "en:Ankara–Istanbul high-speed railway"
      },
      "geometry": {
        "type": "LineString",
        "coordinates": [
          [
            30.4165807,
            39.7799302
          ],
          [
            30.4153262,
            39.7806417
          ],
          [
            30.4110886,
            39.78317
          ],
          [
            30.4104638,
            39.7835413
          ]
        ]
      },
      "id": "way/265056048"
    },
    {
      "type": "Feature",
      "properties": {
        "@id": "way/265056050",
        "electrified": "contact_line",
        "embankment": "yes",
        "frequency": "50",
        "gauge": "1435",
        "highspeed": "yes",
        "maxspeed": "250",
        "name": "Ankara - İstanbul yüksek hızlı demiryolu",
        "name:en": "Ankara - İstanbul high-speed railway",
        "operator": "TCDD",
        "passenger_lines": "1",
        "railway": "rail",
        "railway:etcs": "1",
        "usage": "main",
        "voltage": "25000",
        "wikidata": "Q513146",
        "wikipedia": "en:Ankara–Istanbul high-speed railway"
      },
      "geometry": {
        "type": "LineString",
        "coordinates": [
          [
            30.4104064,
            39.783494
          ],
          [
            30.4110497,
            39.7831117
          ],
          [
            30.4152975,
            39.7805988
          ],
          [
            30.416553,
            39.7798956
          ]
        ]
      },
      "id": "way/265056050"
    },
    {
      "type": "Feature",
      "properties": {
        "@id": "way/265062402",
        "electrified": "contact_line",
        "frequency": "50",
        "gauge": "1435",
        "name": "Eskişehir-Konya demiryolu",
        "operator": "TCDD",
        "railway": "rail",
        "railway:etcs": "2",
        "source": "Bing",
        "usage": "main",
        "voltage": "25000"
      },
      "geometry": {
        "type": "LineString",
        "coordinates": [
          [
            30.483017,
            39.7703163
          ],
          [
            30.4837726,
            39.7708868
          ],
          [
            30.4840403,
            39.7711371
          ],
          [
            30.4843152,
            39.7714019
          ],
          [
            30.4844475,
            39.7715638
          ],
          [
            30.4845707,
            39.7717193
          ],
          [
            30.4846724,
            39.7718821
          ],
          [
            30.4847564,
            39.7720453
          ],
          [
            30.4848691,
            39.7723287
          ],
          [
            30.4848985,
            39.7724802
          ],
          [
            30.4849227,
            39.7726916
          ],
          [
            30.4849042,
            39.7730816
          ],
          [
            30.484856,
            39.7733362
          ],
          [
            30.4847618,
            39.7735832
          ],
          [
            30.4846515,
            39.7738083
          ],
          [
            30.4844604,
            39.7740841
          ],
          [
            30.4843138,
            39.7742573
          ],
          [
            30.4840416,
            39.7744974
          ],
          [
            30.4836567,
            39.7747685
          ],
          [
            30.483312,
            39.7749695
          ],
          [
            30.4831471,
            39.7750458
          ],
          [
            30.4827849,
            39.7751591
          ],
          [
            30.4823872,
            39.7752408
          ],
          [
            30.4821263,
            39.7752763
          ],
          [
            30.4819352,
            39.7752839
          ],
          [
            30.4815934,
            39.7752805
          ],
          [
            30.4810228,
            39.7752736
          ],
          [
            30.4805055,
            39.7752409
          ]
        ]
      },
      "id": "way/265062402"
    },
    {
      "type": "Feature",
      "properties": {
        "@id": "way/265062558",
        "electrified": "contact_line",
        "frequency": "50",
        "gauge": "1435",
        "railway": "rail",
        "service": "siding",
        "voltage": "25000"
      },
      "geometry": {
        "type": "LineString",
        "coordinates": [
          [
            30.4151694,
            39.7053115
          ],
          [
            30.4154633,
            39.7050613
          ],
          [
            30.42043,
            39.7015188
          ],
          [
            30.4208189,
            39.7012477
          ],
          [
            30.4215852,
            39.7007731
          ],
          [
            30.4220426,
            39.7005136
          ],
          [
            30.4225238,
            39.7003034
          ]
        ]
      },
      "id": "way/265062558"
    },
    {
      "type": "Feature",
      "properties": {
        "@id": "way/265062559",
        "electrified": "contact_line",
        "frequency": "50",
        "gauge": "1435",
        "railway": "rail",
        "service": "siding",
        "voltage": "25000"
      },
      "geometry": {
        "type": "LineString",
        "coordinates": [
          [
            30.4220683,
            39.7005454
          ],
          [
            30.4216359,
            39.700841
          ],
          [
            30.4209092,
            39.7012945
          ],
          [
            30.4204916,
            39.7015765
          ],
          [
            30.4152066,
            39.705335
          ],
          [
            30.4148716,
            39.7055339
          ]
        ]
      },
      "id": "way/265062559"
    },
    {
      "type": "Feature",
      "properties": {
        "@id": "way/265064220",
        "electrified": "no",
        "gauge": "1435",
        "railway": "rail",
        "railway:etcs": "2",
        "service": "siding"
      },
      "geometry": {
        "type": "LineString",
        "coordinates": [
          [
            30.4840403,
            39.7711371
          ],
          [
            30.4843111,
            39.7714948
          ],
          [
            30.4843931,
            39.7715907
          ],
          [
            30.4844928,
            39.771739
          ],
          [
            30.4846022,
            39.7719102
          ],
          [
            30.4846268,
            39.7719565
          ],
          [
            30.4846887,
            39.772073
          ]
        ]
      },
      "id": "way/265064220"
    },
    {
      "type": "Feature",
      "properties": {
        "@id": "way/265194184",
        "electrified": "no",
        "gauge": "1435",
        "railway": "rail",
        "service": "yard",
        "source": "bing"
      },
      "geometry": {
        "type": "LineString",
        "coordinates": [
          [
            30.4985403,
            39.7778732
          ],
          [
            30.4989267,
            39.7778802
          ],
          [
            30.4992459,
            39.7778843
          ],
          [
            30.4996557,
            39.7778756
          ],
          [
            30.5000125,
            39.7778674
          ],
          [
            30.5003831,
            39.7778822
          ],
          [
            30.5006031,
            39.7779111
          ],
          [
            30.500823,
            39.7779709
          ],
          [
            30.5009277,
            39.7780115
          ],
          [
            30.501092,
            39.7780941
          ],
          [
            30.5014287,
            39.7783332
          ],
          [
            30.5016795,
            39.7784798
          ],
          [
            30.5019301,
            39.7786263
          ]
        ]
      },
      "id": "way/265194184"
    },
    {
      "type": "Feature",
      "properties": {
        "@id": "way/265194188",
        "electrified": "no",
        "gauge": "1435",
        "railway": "rail",
        "service": "yard",
        "source": "bing"
      },
      "geometry": {
        "type": "LineString",
        "coordinates": [
          [
            30.4979291,
            39.777775
          ],
          [
            30.4981556,
            39.7778114
          ],
          [
            30.4985403,
            39.7778732
          ],
          [
            30.4987765,
            39.7779111
          ],
          [
            30.4991064,
            39.77794
          ],
          [
            30.4993406,
            39.7779561
          ],
          [
            30.4996509,
            39.7779637
          ],
          [
            30.5001546,
            39.7779756
          ],
          [
            30.5004341,
            39.778008
          ],
          [
            30.5006487,
            39.7780606
          ],
          [
            30.5008838,
            39.7781479
          ],
          [
            30.5013673,
            39.778389
          ],
          [
            30.5016428,
            39.7785162
          ],
          [
            30.5019141,
            39.7786414
          ]
        ]
      },
      "id": "way/265194188"
    },
    {
      "type": "Feature",
      "properties": {
        "@id": "way/265194509",
        "electrified": "no",
        "gauge": "1435",
        "railway": "rail",
        "service": "yard",
        "source": "bing"
      },
      "geometry": {
        "type": "LineString",
        "coordinates": [
          [
            30.4953606,
            39.7770465
          ],
          [
            30.4955423,
            39.7771537
          ],
          [
            30.4957374,
            39.7772583
          ],
          [
            30.4959134,
            39.7773362
          ],
          [
            30.496097,
            39.7773978
          ],
          [
            30.4963732,
            39.7774844
          ],
          [
            30.49662,
            39.7775483
          ],
          [
            30.4976026,
            39.7777097
          ],
          [
            30.4979291,
            39.777775
          ],
          [
            30.4984103,
            39.7778823
          ],
          [
            30.4986665,
            39.777942
          ],
          [
            30.4989678,
            39.7780334
          ],
          [
            30.4996187,
            39.778278
          ],
          [
            30.5000661,
            39.7784507
          ],
          [
            30.5003344,
            39.7785456
          ],
          [
            30.5006484,
            39.7786291
          ],
          [
            30.5012426,
            39.7787604
          ]
        ]
      },
      "id": "way/265194509"
    },
    {
      "type": "Feature",
      "properties": {
        "@id": "way/265197334",
        "electrified": "no",
        "gauge": "1435",
        "railway": "rail",
        "service": "yard",
        "source": "bing"
      },
      "geometry": {
        "type": "LineString",
        "coordinates": [
          [
            30.5019455,
            39.778144
          ],
          [
            30.5019744,
            39.7783619
          ],
          [
            30.5019957,
            39.7786013
          ]
        ]
      },
      "id": "way/265197334"
    },
    {
      "type": "Feature",
      "properties": {
        "@id": "way/265197335",
        "electrified": "no",
        "gauge": "1435",
        "railway": "rail",
        "service": "yard",
        "source": "bing"
      },
      "geometry": {
        "type": "LineString",
        "coordinates": [
          [
            30.5017336,
            39.7781883
          ],
          [
            30.501847,
            39.7783822
          ],
          [
            30.5019653,
            39.7786079
          ]
        ]
      },
      "id": "way/265197335"
    },
    {
      "type": "Feature",
      "properties": {
        "@id": "way/265197336",
        "electrified": "no",
        "gauge": "1435",
        "railway": "rail",
        "service": "yard",
        "source": "bing"
      },
      "geometry": {
        "type": "LineString",
        "coordinates": [
          [
            30.5020238,
            39.7786009
          ],
          [
            30.5020398,
            39.7783579
          ],
          [
            30.502046,
            39.778143
          ]
        ]
      },
      "id": "way/265197336"
    },
    {
      "type": "Feature",
      "properties": {
        "@id": "way/265197337",
        "electrified": "no",
        "gauge": "1435",
        "railway": "rail",
        "service": "yard",
        "source": "bing"
      },
      "geometry": {
        "type": "LineString",
        "coordinates": [
          [
            30.4993491,
            39.7779925
          ],
          [
            30.4998547,
            39.7780471
          ],
          [
            30.5005547,
            39.77821
          ],
          [
            30.5012481,
            39.7784295
          ],
          [
            30.5013153,
            39.7784535
          ],
          [
            30.5016136,
            39.7785599
          ],
          [
            30.5019066,
            39.7786518
          ]
        ]
      },
      "id": "way/265197337"
    },
    {
      "type": "Feature",
      "properties": {
        "@id": "way/265197338",
        "electrified": "no",
        "gauge": "1435",
        "railway": "rail",
        "service": "yard",
        "source": "bing"
      },
      "geometry": {
        "type": "LineString",
        "coordinates": [
          [
            30.5018623,
            39.7781543
          ],
          [
            30.5019213,
            39.7783651
          ],
          [
            30.5019777,
            39.7786044
          ]
        ]
      },
      "id": "way/265197338"
    },
    {
      "type": "Feature",
      "properties": {
        "@id": "way/265197339",
        "electrified": "no",
        "gauge": "1435",
        "railway": "rail",
        "service": "yard",
        "source": "bing"
      },
      "geometry": {
        "type": "LineString",
        "coordinates": [
          [
            30.5023035,
            39.778179
          ],
          [
            30.5021989,
            39.7783881
          ],
          [
            30.5020656,
            39.7786104
          ]
        ]
      },
      "id": "way/265197339"
    },
    {
      "type": "Feature",
      "properties": {
        "@id": "way/265197340",
        "electrified": "no",
        "gauge": "1435",
        "railway": "rail",
        "service": "yard",
        "source": "bing"
      },
      "geometry": {
        "type": "LineString",
        "coordinates": [
          [
            30.5013125,
            39.7785254
          ],
          [
            30.5015951,
            39.7785889
          ],
          [
            30.501904,
            39.7786564
          ]
        ]
      },
      "id": "way/265197340"
    },
    {
      "type": "Feature",
      "properties": {
        "@id": "way/265197342",
        "electrified": "no",
        "gauge": "1435",
        "railway": "rail",
        "service": "yard",
        "source": "bing"
      },
      "geometry": {
        "type": "LineString",
        "coordinates": [
          [
            30.5021614,
            39.7781492
          ],
          [
            30.5021171,
            39.7783698
          ],
          [
            30.5020419,
            39.7786034
          ]
        ]
      },
      "id": "way/265197342"
    },
    {
      "type": "Feature",
      "properties": {
        "@id": "way/265197343",
        "electrified": "no",
        "gauge": "1435",
        "railway": "rail",
        "service": "yard",
        "source": "bing"
      },
      "geometry": {
        "type": "LineString",
        "coordinates": [
          [
            30.5015767,
            39.7782594
          ],
          [
            30.5017451,
            39.7784279
          ],
          [
            30.5019404,
            39.7786193
          ]
        ]
      },
      "id": "way/265197343"
    },
    {
      "type": "Feature",
      "properties": {
        "@id": "way/265197407",
        "electrified": "no",
        "gauge": "1435",
        "railway": "rail",
        "service": "yard",
        "source": "bing"
      },
      "geometry": {
        "type": "LineString",
        "coordinates": [
          [
            30.5016397,
            39.7782265
          ],
          [
            30.5017884,
            39.7784025
          ],
          [
            30.5019573,
            39.7786109
          ]
        ]
      },
      "id": "way/265197407"
    },
    {
      "type": "Feature",
      "properties": {
        "@id": "way/265198925",
        "electrified": "no",
        "gauge": "1435",
        "railway": "rail",
        "service": "spur",
        "source": "bing"
      },
      "geometry": {
        "type": "LineString",
        "coordinates": [
          [
            30.4951555,
            39.7768866
          ],
          [
            30.4952926,
            39.7769689
          ],
          [
            30.4955479,
            39.7771023
          ],
          [
            30.4958328,
            39.7772349
          ],
          [
            30.4961579,
            39.7773562
          ],
          [
            30.4964062,
            39.7774334
          ],
          [
            30.4966396,
            39.7774912
          ],
          [
            30.4972074,
            39.7775607
          ],
          [
            30.4979584,
            39.7776493
          ],
          [
            30.498354,
            39.777641
          ],
          [
            30.4987459,
            39.7776091
          ],
          [
            30.4990805,
            39.7775384
          ],
          [
            30.4993888,
            39.7774573
          ],
          [
            30.4997058,
            39.7773729
          ],
          [
            30.5000978,
            39.7772622
          ],
          [
            30.5006698,
            39.7770709
          ],
          [
            30.5011247,
            39.7768103
          ],
          [
            30.5012944,
            39.7767139
          ],
          [
            30.5018673,
            39.7763881
          ],
          [
            30.5026253,
            39.7759322
          ],
          [
            30.5028467,
            39.7757621
          ],
          [
            30.50316,
            39.7755958
          ],
          [
            30.5036915,
            39.775459
          ]
        ]
      },
      "id": "way/265198925"
    },
    {
      "type": "Feature",
      "properties": {
        "@id": "way/265199135",
        "electrified": "no",
        "gauge": "1435",
        "railway": "rail",
        "service": "spur",
        "source": "bing"
      },
      "geometry": {
        "type": "LineString",
        "coordinates": [
          [
            30.50139,
            39.7769452
          ],
          [
            30.5014935,
            39.7769401
          ],
          [
            30.5017794,
            39.776926
          ],
          [
            30.5019093,
            39.7769196
          ],
          [
            30.5022435,
            39.7769234
          ],
          [
            30.5024282,
            39.7769336
          ],
          [
            30.5025866,
            39.7769597
          ],
          [
            30.5039816,
            39.7772026
          ],
          [
            30.5041439,
            39.7772309
          ]
        ]
      },
      "id": "way/265199135"
    },
    {
      "type": "Feature",
      "properties": {
        "@id": "way/265199136",
        "electrified": "no",
        "gauge": "1435",
        "railway": "rail",
        "service": "spur",
        "source": "bing"
      },
      "geometry": {
        "type": "LineString",
        "coordinates": [
          [
            30.5000978,
            39.7772622
          ],
          [
            30.5006225,
            39.7771332
          ],
          [
            30.5011305,
            39.7769931
          ],
          [
            30.5011973,
            39.7769747
          ],
          [
            30.50139,
            39.7769452
          ],
          [
            30.5015741,
            39.7769021
          ],
          [
            30.5016908,
            39.7768852
          ],
          [
            30.5019624,
            39.7768459
          ],
          [
            30.5020086,
            39.7768392
          ],
          [
            30.5022978,
            39.776817
          ],
          [
            30.5024604,
            39.7768327
          ],
          [
            30.5026169,
            39.7768573
          ],
          [
            30.5040137,
            39.7770953
          ],
          [
            30.5041749,
            39.7771228
          ]
        ]
      },
      "id": "way/265199136"
    },
    {
      "type": "Feature",
      "properties": {
        "@id": "way/265199537",
        "electrified": "no",
        "gauge": "1435",
        "railway": "rail",
        "service": "spur",
        "source": "bing"
      },
      "geometry": {
        "type": "LineString",
        "coordinates": [
          [
            30.5003555,
            39.7764848
          ],
          [
            30.5006916,
            39.7763527
          ],
          [
            30.5008634,
            39.7762653
          ],
          [
            30.5009231,
            39.776227
          ],
          [
            30.501527,
            39.7758827
          ]
        ]
      },
      "id": "way/265199537"
    },
    {
      "type": "Feature",
      "properties": {
        "@id": "way/265199538",
        "electrified": "no",
        "gauge": "1435",
        "railway": "rail",
        "service": "spur",
        "source": "bing"
      },
      "geometry": {
        "type": "LineString",
        "coordinates": [
          [
            30.4944207,
            39.7763436
          ],
          [
            30.4958194,
            39.7770772
          ],
          [
            30.4961623,
            39.7772249
          ],
          [
            30.496561,
            39.7773226
          ],
          [
            30.4969499,
            39.7773751
          ],
          [
            30.4972861,
            39.777409
          ],
          [
            30.4976527,
            39.7774246
          ],
          [
            30.4980241,
            39.7774401
          ],
          [
            30.4982857,
            39.7774205
          ],
          [
            30.4986451,
            39.7773422
          ],
          [
            30.4989026,
            39.7772865
          ],
          [
            30.4991332,
            39.7771999
          ],
          [
            30.4999964,
            39.7766831
          ],
          [
            30.5003555,
            39.7764848
          ],
          [
            30.5008195,
            39.7762195
          ],
          [
            30.500882,
            39.7761838
          ],
          [
            30.5014935,
            39.7758383
          ]
        ]
      },
      "id": "way/265199538"
    },
    {
      "type": "Feature",
      "properties": {
        "@id": "way/265199539",
        "electrified": "no",
        "gauge": "1435",
        "railway": "rail",
        "service": "spur",
        "source": "bing"
      },
      "geometry": {
        "type": "LineString",
        "coordinates": [
          [
            30.4999964,
            39.7766831
          ],
          [
            30.5002088,
            39.7765568
          ],
          [
            30.5004287,
            39.7764063
          ],
          [
            30.5006272,
            39.7762785
          ],
          [
            30.5007694,
            39.7761919
          ],
          [
            30.5007787,
            39.7761771
          ],
          [
            30.5008409,
            39.7761407
          ],
          [
            30.50146,
            39.775794
          ]
        ]
      },
      "id": "way/265199539"
    },
    {
      "type": "Feature",
      "properties": {
        "@id": "way/265200149",
        "electrified": "no",
        "gauge": "1435",
        "railway": "rail",
        "service": "spur",
        "source": "bing"
      },
      "geometry": {
        "type": "LineString",
        "coordinates": [
          [
            30.5006225,
            39.7771332
          ],
          [
            30.5009055,
            39.7770992
          ],
          [
            30.5010108,
            39.7770865
          ],
          [
            30.5011506,
            39.7770734
          ],
          [
            30.5012522,
            39.7770639
          ],
          [
            30.5015252,
            39.777049
          ],
          [
            30.5018456,
            39.7770629
          ],
          [
            30.5018712,
            39.777064
          ],
          [
            30.5019356,
            39.7770713
          ],
          [
            30.5023639,
            39.7771212
          ],
          [
            30.502536,
            39.7771453
          ],
          [
            30.5039288,
            39.777379
          ],
          [
            30.5040936,
            39.7774067
          ]
        ]
      },
      "id": "way/265200149"
    },
    {
      "type": "Feature",
      "properties": {
        "@id": "way/265200150",
        "electrified": "no",
        "gauge": "1435",
        "railway": "rail",
        "service": "spur",
        "source": "bing"
      },
      "geometry": {
        "type": "LineString",
        "coordinates": [
          [
            30.5011247,
            39.7768103
          ],
          [
            30.5013097,
            39.7767298
          ],
          [
            30.501731,
            39.7765464
          ],
          [
            30.5020367,
            39.776465
          ],
          [
            30.502287,
            39.7764183
          ],
          [
            30.5025208,
            39.7763805
          ],
          [
            30.5026961,
            39.776374
          ],
          [
            30.5028882,
            39.7763795
          ],
          [
            30.5036361,
            39.7764852
          ]
        ]
      },
      "id": "way/265200150"
    },
    {
      "type": "Feature",
      "properties": {
        "@id": "way/265200152",
        "electrified": "no",
        "gauge": "1435",
        "railway": "rail",
        "service": "spur",
        "source": "bing"
      },
      "geometry": {
        "type": "LineString",
        "coordinates": [
          [
            30.501731,
            39.7765464
          ],
          [
            30.5020193,
            39.7764279
          ],
          [
            30.5022793,
            39.7763609
          ],
          [
            30.5025208,
            39.7763125
          ],
          [
            30.5027058,
            39.7762991
          ],
          [
            30.5028989,
            39.776295
          ],
          [
            30.503105,
            39.776309
          ],
          [
            30.5036701,
            39.7764021
          ]
        ]
      },
      "id": "way/265200152"
    },
    {
      "type": "Feature",
      "properties": {
        "@id": "way/265200371",
        "electrified": "no",
        "gauge": "1435",
        "railway": "rail",
        "service": "spur",
        "source": "bing"
      },
      "geometry": {
        "type": "LineString",
        "coordinates": [
          [
            30.4980241,
            39.7774401
          ],
          [
            30.4982829,
            39.7774555
          ],
          [
            30.4985794,
            39.7774895
          ],
          [
            30.4989294,
            39.7774844
          ],
          [
            30.4993773,
            39.777406
          ],
          [
            30.499823,
            39.7772856
          ],
          [
            30.5000788,
            39.7772164
          ],
          [
            30.500493,
            39.7770752
          ],
          [
            30.5007667,
            39.7769278
          ],
          [
            30.5009464,
            39.7768196
          ],
          [
            30.5012256,
            39.7766423
          ],
          [
            30.5012989,
            39.7765961
          ],
          [
            30.5021667,
            39.7761074
          ]
        ]
      },
      "id": "way/265200371"
    },
    {
      "type": "Feature",
      "properties": {
        "@id": "way/265200372",
        "electrified": "no",
        "gauge": "1435",
        "railway": "rail",
        "service": "spur",
        "source": "bing"
      },
      "geometry": {
        "type": "LineString",
        "coordinates": [
          [
            30.499823,
            39.7772856
          ],
          [
            30.5000585,
            39.7771947
          ],
          [
            30.5004823,
            39.7770494
          ],
          [
            30.5007465,
            39.7769072
          ],
          [
            30.5009102,
            39.7768031
          ],
          [
            30.5011812,
            39.776596
          ],
          [
            30.5012574,
            39.7765536
          ],
          [
            30.5021582,
            39.7760276
          ],
          [
            30.5021823,
            39.7760148
          ],
          [
            30.5024223,
            39.7758874
          ],
          [
            30.5026093,
            39.7757827
          ],
          [
            30.502797,
            39.7756993
          ],
          [
            30.50316,
            39.7755958
          ]
        ]
      },
      "id": "way/265200372"
    },
    {
      "type": "Feature",
      "properties": {
        "@id": "way/265200448",
        "electrified": "no",
        "gauge": "1435",
        "railway": "rail",
        "service": "spur",
        "source": "bing"
      },
      "geometry": {
        "type": "LineString",
        "coordinates": [
          [
            30.4972861,
            39.777409
          ],
          [
            30.4977406,
            39.7773892
          ],
          [
            30.4979042,
            39.7773747
          ],
          [
            30.4980941,
            39.7773605
          ],
          [
            30.4982266,
            39.7773236
          ],
          [
            30.4984251,
            39.7772597
          ],
          [
            30.4987926,
            39.7770886
          ],
          [
            30.4991279,
            39.7769134
          ],
          [
            30.4993746,
            39.776765
          ]
        ]
      },
      "id": "way/265200448"
    },
    {
      "type": "Feature",
      "properties": {
        "@id": "way/265201309",
        "electrified": "no",
        "gauge": "1435",
        "railway": "rail",
        "service": "spur",
        "source": "bing"
      },
      "geometry": {
        "type": "LineString",
        "coordinates": [
          [
            30.4973559,
            39.7752857
          ],
          [
            30.495791,
            39.7762025
          ],
          [
            30.4956034,
            39.7762991
          ],
          [
            30.4954009,
            39.7763496
          ],
          [
            30.4951448,
            39.7763785
          ],
          [
            30.4948109,
            39.7763413
          ],
          [
            30.494549,
            39.7762481
          ]
        ]
      },
      "id": "way/265201309"
    },
    {
      "type": "Feature",
      "properties": {
        "@id": "way/265201310",
        "electrified": "no",
        "gauge": "1435",
        "railway": "rail",
        "service": "spur",
        "source": "bing"
      },
      "geometry": {
        "type": "LineString",
        "coordinates": [
          [
            30.4943033,
            39.7761446
          ],
          [
            30.4945582,
            39.7762255
          ],
          [
            30.4948439,
            39.7762946
          ],
          [
            30.4951577,
            39.7763079
          ],
          [
            30.495362,
            39.776264
          ],
          [
            30.4955512,
            39.7762125
          ],
          [
            30.4957151,
            39.7761255
          ],
          [
            30.4972811,
            39.7752086
          ]
        ]
      },
      "id": "way/265201310"
    },
    {
      "type": "Feature",
      "properties": {
        "@id": "way/265201311",
        "electrified": "no",
        "gauge": "1435",
        "railway": "rail",
        "service": "spur",
        "source": "bing"
      },
      "geometry": {
        "type": "LineString",
        "coordinates": [
          [
            30.4928684,
            39.775479
          ],
          [
            30.4930137,
            39.7755261
          ],
          [
            30.4931839,
            39.7755836
          ],
          [
            30.4934979,
            39.7756858
          ],
          [
            30.4937688,
            39.7757776
          ],
          [
            30.4940665,
            39.7758703
          ],
          [
            30.4943723,
            39.7759404
          ],
          [
            30.4946377,
            39.7759471
          ],
          [
            30.4948507,
            39.7759176
          ],
          [
            30.4950744,
            39.775824
          ]
        ]
      },
      "id": "way/265201311"
    },
    {
      "type": "Feature",
      "properties": {
        "@id": "way/265201313",
        "electrified": "no",
        "gauge": "1435",
        "railway": "rail",
        "service": "spur",
        "source": "bing"
      },
      "geometry": {
        "type": "LineString",
        "coordinates": [
          [
            30.4974308,
            39.7753628
          ],
          [
            30.4958669,
            39.7762794
          ],
          [
            30.4956812,
            39.7763898
          ],
          [
            30.4955645,
            39.7764258
          ],
          [
            30.4954465,
            39.7764537
          ],
          [
            30.4952025,
            39.7764784
          ],
          [
            30.495045,
            39.776454
          ],
          [
            30.4949034,
            39.776432
          ],
          [
            30.4945303,
            39.7763264
          ]
        ]
      },
      "id": "way/265201313"
    },
    {
      "type": "Feature",
      "properties": {
        "@id": "way/265232274",
        "electrified": "no",
        "gauge": "1435",
        "railway": "rail",
        "service": "yard",
        "source": "bing"
      },
      "geometry": {
        "type": "LineString",
        "coordinates": [
          [
            30.5037341,
            39.7786629
          ],
          [
            30.5035649,
            39.7786307
          ]
        ]
      },
      "id": "way/265232274"
    },
    {
      "type": "Feature",
      "properties": {
        "@id": "way/265232275",
        "electrified": "no",
        "gauge": "1435",
        "railway": "rail",
        "service": "yard",
        "source": "bing"
      },
      "geometry": {
        "type": "LineString",
        "coordinates": [
          [
            30.5040415,
            39.7775887
          ],
          [
            30.5038758,
            39.7775608
          ]
        ]
      },
      "id": "way/265232275"
    },
    {
      "type": "Feature",
      "properties": {
        "@id": "way/265232276",
        "electrified": "no",
        "gauge": "1435",
        "railway": "rail",
        "service": "yard",
        "source": "bing"
      },
      "geometry": {
        "type": "LineString",
        "coordinates": [
          [
            30.5037909,
            39.7784642
          ],
          [
            30.5036217,
            39.778437
          ]
        ]
      },
      "id": "way/265232276"
    },
    {
      "type": "Feature",
      "properties": {
        "@id": "way/265232278",
        "electrified": "no",
        "gauge": "1435",
        "railway": "rail",
        "service": "yard",
        "source": "bing"
      },
      "geometry": {
        "type": "LineString",
        "coordinates": [
          [
            30.5040741,
            39.7774749
          ],
          [
            30.5039072,
            39.7774512
          ]
        ]
      },
      "id": "way/265232278"
    },
    {
      "type": "Feature",
      "properties": {
        "@id": "way/265232279",
        "electrified": "no",
        "gauge": "1435",
        "railway": "rail",
        "service": "yard",
        "source": "bing"
      },
      "geometry": {
        "type": "LineString",
        "coordinates": [
          [
            30.5039974,
            39.7777427
          ],
          [
            30.5038318,
            39.7777145
          ]
        ]
      },
      "id": "way/265232279"
    },
    {
      "type": "Feature",
      "properties": {
        "@id": "way/265232280",
        "electrified": "no",
        "gauge": "1435",
        "railway": "rail",
        "service": "yard",
        "source": "bing"
      },
      "geometry": {
        "type": "LineString",
        "coordinates": [
          [
            30.5037646,
            39.7785561
          ],
          [
            30.5035962,
            39.7785238
          ]
        ]
      },
      "id": "way/265232280"
    },
    {
      "type": "Feature",
      "properties": {
        "@id": "way/265232281",
        "electrified": "no",
        "gauge": "1435",
        "railway": "rail",
        "service": "yard",
        "source": "bing"
      },
      "geometry": {
        "type": "LineString",
        "coordinates": [
          [
            30.50375,
            39.7786074
          ],
          [
            30.50358,
            39.778579
          ]
        ]
      },
      "id": "way/265232281"
    },
    {
      "type": "Feature",
      "properties": {
        "@id": "way/265232282",
        "electrified": "no",
        "gauge": "1435",
        "railway": "rail",
        "service": "yard",
        "source": "bing"
      },
      "geometry": {
        "type": "LineString",
        "coordinates": [
          [
            30.5038295,
            39.7783294
          ],
          [
            30.5036616,
            39.7783009
          ]
        ]
      },
      "id": "way/265232282"
    },
    {
      "type": "Feature",
      "properties": {
        "@id": "way/265232284",
        "electrified": "no",
        "gauge": "1435",
        "railway": "rail",
        "service": "yard",
        "source": "bing"
      },
      "geometry": {
        "type": "LineString",
        "coordinates": [
          [
            30.5038095,
            39.7783993
          ],
          [
            30.5036413,
            39.7783703
          ]
        ]
      },
      "id": "way/265232284"
    },
    {
      "type": "Feature",
      "properties": {
        "@id": "way/265232285",
        "electrified": "no",
        "gauge": "1435",
        "railway": "rail",
        "service": "yard",
        "source": "bing"
      },
      "geometry": {
        "type": "LineString",
        "coordinates": [
          [
            30.5039184,
            39.7780187
          ],
          [
            30.5037528,
            39.7779901
          ]
        ]
      },
      "id": "way/265232285"
    },
    {
      "type": "Feature",
      "properties": {
        "@id": "way/265275371",
        "electrified": "no",
        "gauge": "1435",
        "railway": "rail",
        "service": "spur",
        "source": "bing"
      },
      "geometry": {
        "type": "LineString",
        "coordinates": [
          [
            30.4930137,
            39.7755261
          ],
          [
            30.4931915,
            39.7755706
          ],
          [
            30.4935072,
            39.7756497
          ],
          [
            30.4938519,
            39.7757034
          ],
          [
            30.4940473,
            39.7757182
          ],
          [
            30.494273,
            39.7757095
          ],
          [
            30.494509,
            39.7756683
          ],
          [
            30.4947098,
            39.7755862
          ],
          [
            30.4950052,
            39.775458
          ],
          [
            30.4956838,
            39.7752168
          ],
          [
            30.4963383,
            39.7749138
          ]
        ]
      },
      "id": "way/265275371"
    },
    {
      "type": "Feature",
      "properties": {
        "@id": "way/265275483",
        "electrified": "no",
        "gauge": "1435",
        "railway": "rail",
        "service": "yard"
      },
      "geometry": {
        "type": "LineString",
        "coordinates": [
          [
            30.4904197,
            39.7742572
          ],
          [
            30.4932322,
            39.7757157
          ],
          [
            30.4938571,
            39.7760496
          ],
          [
            30.4943804,
            39.7763713
          ],
          [
            30.4945524,
            39.7764814
          ],
          [
            30.4948099,
            39.7766869
          ],
          [
            30.4952009,
            39.7769978
          ]
        ]
      },
      "id": "way/265275483"
    },
    {
      "type": "Feature",
      "properties": {
        "@id": "way/265275485",
        "electrified": "no",
        "gauge": "1435",
        "railway": "rail",
        "service": "spur",
        "source": "bing"
      },
      "geometry": {
        "type": "LineString",
        "coordinates": [
          [
            30.4957516,
            39.7738465
          ],
          [
            30.4939934,
            39.774853
          ],
          [
            30.4937909,
            39.7749692
          ],
          [
            30.4935796,
            39.7750499
          ],
          [
            30.4934001,
            39.7750862
          ],
          [
            30.4931508,
            39.7751221
          ],
          [
            30.4929377,
            39.7751444
          ],
          [
            30.4927046,
            39.7751524
          ],
          [
            30.4925152,
            39.7751312
          ],
          [
            30.4921634,
            39.7750468
          ],
          [
            30.4918443,
            39.7749427
          ]
        ]
      },
      "id": "way/265275485"
    },
    {
      "type": "Feature",
      "properties": {
        "@id": "way/265275782",
        "electrified": "no",
        "gauge": "1435",
        "railway": "rail",
        "service": "spur",
        "source": "bing"
      },
      "geometry": {
        "type": "LineString",
        "coordinates": [
          [
            30.4924367,
            39.7749827
          ],
          [
            30.4927089,
            39.7750173
          ],
          [
            30.4928698,
            39.7750008
          ],
          [
            30.4931327,
            39.7749555
          ],
          [
            30.4933289,
            39.7748911
          ],
          [
            30.4936829,
            39.7747324
          ],
          [
            30.4946834,
            39.7741697
          ]
        ]
      },
      "id": "way/265275782"
    },
    {
      "type": "Feature",
      "properties": {
        "@id": "way/265275783",
        "electrified": "no",
        "gauge": "1435",
        "railway": "rail",
        "service": "spur",
        "source": "bing"
      },
      "geometry": {
        "type": "LineString",
        "coordinates": [
          [
            30.4922674,
            39.7751324
          ],
          [
            30.4925089,
            39.7751671
          ],
          [
            30.4927004,
            39.7751874
          ],
          [
            30.4929413,
            39.7751937
          ],
          [
            30.4931612,
            39.7751798
          ],
          [
            30.4934221,
            39.7751428
          ],
          [
            30.4936001,
            39.7751066
          ],
          [
            30.4938245,
            39.7750267
          ],
          [
            30.4940303,
            39.7748952
          ],
          [
            30.4957871,
            39.7738872
          ]
        ]
      },
      "id": "way/265275783"
    },
    {
      "type": "Feature",
      "properties": {
        "@id": "way/265275784",
        "electrified": "no",
        "gauge": "1435",
        "railway": "rail",
        "service": "spur",
        "source": "bing"
      },
      "geometry": {
        "type": "LineString",
        "coordinates": [
          [
            30.4913855,
            39.7747022
          ],
          [
            30.4915154,
            39.7747417
          ],
          [
            30.4916554,
            39.7747839
          ],
          [
            30.4918594,
            39.7748244
          ],
          [
            30.4920704,
            39.7748445
          ],
          [
            30.4921243,
            39.7748457
          ],
          [
            30.4922372,
            39.7748499
          ],
          [
            30.4924411,
            39.7748375
          ],
          [
            30.4926365,
            39.7748153
          ],
          [
            30.4928595,
            39.7747551
          ],
          [
            30.4931756,
            39.7746277
          ],
          [
            30.4944041,
            39.773935
          ]
        ]
      },
      "id": "way/265275784"
    },
    {
      "type": "Feature",
      "properties": {
        "@id": "way/265275785",
        "electrified": "no",
        "gauge": "1435",
        "railway": "rail",
        "service": "spur",
        "source": "bing"
      },
      "geometry": {
        "type": "LineString",
        "coordinates": [
          [
            30.4920998,
            39.7750781
          ],
          [
            30.4922674,
            39.7751324
          ],
          [
            30.4925026,
            39.7752031
          ],
          [
            30.4926952,
            39.7752312
          ],
          [
            30.4929453,
            39.7752478
          ],
          [
            30.4931702,
            39.7752296
          ],
          [
            30.4934389,
            39.7751859
          ],
          [
            30.4936155,
            39.7751492
          ],
          [
            30.4938453,
            39.7750623
          ],
          [
            30.4940671,
            39.7749375
          ],
          [
            30.4958227,
            39.7739279
          ]
        ]
      },
      "id": "way/265275785"
    },
    {
      "type": "Feature",
      "properties": {
        "@id": "way/265276346",
        "electrified": "no",
        "gauge": "1435",
        "railway": "rail",
        "service": "spur",
        "source": "bing"
      },
      "geometry": {
        "type": "LineString",
        "coordinates": [
          [
            30.4975056,
            39.7754399
          ],
          [
            30.4959429,
            39.7763564
          ],
          [
            30.4957174,
            39.7764712
          ],
          [
            30.4956048,
            39.7765021
          ],
          [
            30.4954398,
            39.7765227
          ],
          [
            30.4952037,
            39.7765238
          ],
          [
            30.4950352,
            39.7764894
          ],
          [
            30.4949008,
            39.776462
          ],
          [
            30.4945303,
            39.7763264
          ],
          [
            30.4942879,
            39.7762301
          ],
          [
            30.4939812,
            39.7760688
          ],
          [
            30.4937916,
            39.7759527
          ],
          [
            30.4935128,
            39.7758077
          ],
          [
            30.4928684,
            39.775479
          ],
          [
            30.4925862,
            39.7753316
          ],
          [
            30.4924822,
            39.7752771
          ],
          [
            30.4920998,
            39.7750781
          ],
          [
            30.4918443,
            39.7749427
          ],
          [
            30.4913855,
            39.7747022
          ],
          [
            30.4911383,
            39.7745726
          ],
          [
            30.4909036,
            39.7744496
          ],
          [
            30.4905662,
            39.7742727
          ],
          [
            30.4900193,
            39.7739939
          ],
          [
            30.4898686,
            39.7739042
          ],
          [
            30.4896,
            39.7737315
          ]
        ]
      },
      "id": "way/265276346"
    },
    {
      "type": "Feature",
      "properties": {
        "@id": "way/265276911",
        "electrified": "no",
        "gauge": "1435",
        "railway": "rail",
        "service": "spur",
        "source": "bing"
      },
      "geometry": {
        "type": "LineString",
        "coordinates": [
          [
            30.4993048,
            39.7759198
          ],
          [
            30.4977277,
            39.776835
          ],
          [
            30.4972663,
            39.777002
          ],
          [
            30.4966924,
            39.7770886
          ],
          [
            30.4963732,
            39.7770927
          ],
          [
            30.496168,
            39.77707
          ],
          [
            30.4960379,
            39.7770454
          ],
          [
            30.4957214,
            39.776934
          ],
          [
            30.4954264,
            39.7768021
          ],
          [
            30.4944972,
            39.7763369
          ]
        ]
      },
      "id": "way/265276911"
    },
    {
      "type": "Feature",
      "properties": {
        "@id": "way/265276912",
        "electrified": "no",
        "gauge": "1435",
        "railway": "rail",
        "service": "spur",
        "source": "bing"
      },
      "geometry": {
        "type": "LineString",
        "coordinates": [
          [
            30.4942879,
            39.7762301
          ],
          [
            30.4944972,
            39.7763369
          ],
          [
            30.4948886,
            39.7764981
          ],
          [
            30.495023,
            39.7765331
          ],
          [
            30.4951851,
            39.7765753
          ],
          [
            30.4954327,
            39.7766211
          ],
          [
            30.4956325,
            39.7766375
          ],
          [
            30.4958739,
            39.7766149
          ],
          [
            30.4960947,
            39.7765103
          ],
          [
            30.4976553,
            39.7755941
          ]
        ]
      },
      "id": "way/265276912"
    },
    {
      "type": "Feature",
      "properties": {
        "@id": "way/265277163",
        "electrified": "no",
        "gauge": "1435",
        "railway": "rail",
        "service": "spur",
        "source": "bing"
      },
      "geometry": {
        "type": "LineString",
        "coordinates": [
          [
            30.4993888,
            39.7774573
          ],
          [
            30.499908,
            39.7774003
          ],
          [
            30.5002244,
            39.77739
          ],
          [
            30.5004739,
            39.7774106
          ],
          [
            30.5006252,
            39.7774338
          ],
          [
            30.5009088,
            39.7774772
          ]
        ]
      },
      "id": "way/265277163"
    },
    {
      "type": "Feature",
      "properties": {
        "@id": "way/265277164",
        "electrified": "no",
        "gauge": "1435",
        "railway": "rail",
        "service": "spur",
        "source": "bing"
      },
      "geometry": {
        "type": "LineString",
        "coordinates": [
          [
            30.4987459,
            39.7776091
          ],
          [
            30.4989427,
            39.777607
          ],
          [
            30.499074,
            39.7776096
          ],
          [
            30.4994895,
            39.7775807
          ],
          [
            30.4997875,
            39.7775608
          ],
          [
            30.4999066,
            39.7775528
          ],
          [
            30.5001521,
            39.7775518
          ],
          [
            30.5005901,
            39.7776018
          ],
          [
            30.5008758,
            39.777648
          ],
          [
            30.5010236,
            39.7776719
          ],
          [
            30.5010504,
            39.7776762
          ],
          [
            30.5021878,
            39.7778601
          ],
          [
            30.5023067,
            39.7778793
          ],
          [
            30.5037184,
            39.7781076
          ],
          [
            30.5038876,
            39.7781349
          ]
        ]
      },
      "id": "way/265277164"
    },
    {
      "type": "Feature",
      "properties": {
        "@id": "way/265277165",
        "electrified": "no",
        "gauge": "1435",
        "railway": "rail",
        "service": "spur",
        "source": "bing"
      },
      "geometry": {
        "type": "LineString",
        "coordinates": [
          [
            30.5006567,
            39.7775689
          ],
          [
            30.5001739,
            39.777503
          ],
          [
            30.4998332,
            39.7774823
          ],
          [
            30.4995181,
            39.7775009
          ],
          [
            30.4989427,
            39.777607
          ]
        ]
      },
      "id": "way/265277165"
    },
    {
      "type": "Feature",
      "properties": {
        "@id": "way/273505108",
        "axle_load": "22.5",
        "electrified": "contact_line",
        "frequency": "50",
        "gauge": "1435",
        "layer": "-1",
        "name": "İstanbul - Ankara demiryolu",
        "name:en": "İstanbul - Ankara railway",
        "operator": "TCDD",
        "passenger_lines": "1",
        "railway": "rail",
        "railway:bidirectional": "regular",
        "railway:preferred_direction": "both",
        "source": "bing",
        "tunnel": "yes",
        "usage": "main",
        "voltage": "25000",
        "wikidata": "Q15103266",
        "wikipedia": "en:Istanbul–Ankara railway"
      },
      "geometry": {
        "type": "LineString",
        "coordinates": [
          [
            30.5108001,
            39.7804586
          ],
          [
            30.5185217,
            39.781667
          ],
          [
            30.5266228,
            39.7830686
          ]
        ]
      },
      "id": "way/273505108"
    },
    {
      "type": "Feature",
      "properties": {
        "@id": "way/273505112",
        "electrified": "contact_line",
        "frequency": "50",
        "gauge": "1435",
        "highspeed": "yes",
        "layer": "-1",
        "maxspeed": "250",
        "name": "Ankara - İstanbul yüksek hızlı demiryolu",
        "name:en": "Ankara - İstanbul high-speed railway",
        "operator": "TCDD",
        "passenger_lines": "1",
        "railway": "rail",
        "railway:bidirectional": "possible",
        "railway:etcs": "1",
        "railway:preferred_direction": "forward",
        "tunnel": "yes",
        "usage": "main",
        "voltage": "25000",
        "wikidata": "Q513146",
        "wikipedia": "en:Ankara–Istanbul high-speed railway"
      },
      "geometry": {
        "type": "LineString",
        "coordinates": [
          [
            30.510792,
            39.7805049
          ],
          [
            30.5185051,
            39.7817132
          ],
          [
            30.5266041,
            39.783115
          ]
        ]
      },
      "id": "way/273505112"
    },
    {
      "type": "Feature",
      "properties": {
        "@id": "way/275982089",
        "axle_load": "22.5",
        "construction:electrified": "contact_line",
        "construction:frequency": "50",
        "construction:railway:etcs": "2",
        "construction:voltage": "25000",
        "electrified": "no",
        "gauge": "1435",
        "operator": "TCDD",
        "passenger_lines": "2",
        "railway": "rail",
        "railway:etcs": "no",
        "source": "bing",
        "usage": "main"
      },
      "geometry": {
        "type": "LineString",
        "coordinates": [
          [
            30.5518067,
            38.7660148
          ],
          [
            30.5516519,
            38.7663233
          ]
        ]
      },
      "id": "way/275982089"
    },
    {
      "type": "Feature",
      "properties": {
        "@id": "way/275982090",
        "construction:electrified": "contact_line",
        "construction:frequency": "50",
        "construction:railway:etcs": "2",
        "construction:voltage": "25000",
        "electrified": "no",
        "gauge": "1435",
        "operator": "TCDD",
        "railway": "rail",
        "source": "bing",
        "usage": "main"
      },
      "geometry": {
        "type": "LineString",
        "coordinates": [
          [
            30.5509909,
            38.7676856
          ],
          [
            30.5511308,
            38.7674874
          ]
        ]
      },
      "id": "way/275982090"
    },
    {
      "type": "Feature",
      "properties": {
        "@id": "way/278828059",
        "electrified": "contact_line",
        "frequency": "50",
        "gauge": "1435",
        "highspeed": "yes",
        "maxspeed": "250",
        "name": "Ankara - İstanbul yüksek hızlı demiryolu",
        "name:en": "Ankara - İstanbul high-speed railway",
        "operator": "TCDD",
        "passenger_lines": "1",
        "railway": "rail",
        "railway:etcs": "1",
        "usage": "main",
        "voltage": "25000",
        "wikidata": "Q513146",
        "wikipedia": "en:Ankara–Istanbul high-speed railway"
      },
      "geometry": {
        "type": "LineString",
        "coordinates": [
          [
            30.4980709,
            39.7785529
          ],
          [
            30.4950453,
            39.7779828
          ],
          [
            30.493599,
            39.7776785
          ],
          [
            30.4918346,
            39.777283
          ],
          [
            30.4902099,
            39.7769735
          ],
          [
            30.4804655,
            39.7753168
          ],
          [
            30.4781916,
            39.7749155
          ],
          [
            30.4775936,
            39.7748101
          ],
          [
            30.4745679,
            39.7742826
          ],
          [
            30.4732965,
            39.7740394
          ],
          [
            30.4719757,
            39.7737724
          ],
          [
            30.4624895,
            39.7715939
          ],
          [
            30.461186,
            39.7713185
          ],
          [
            30.4598834,
            39.7710722
          ],
          [
            30.4586245,
            39.7708464
          ],
          [
            30.4568803,
            39.7706038
          ],
          [
            30.4558835,
            39.770472
          ],
          [
            30.4540663,
            39.7702874
          ],
          [
            30.4527559,
            39.7702052
          ],
          [
            30.4510036,
            39.7701218
          ],
          [
            30.448823,
            39.7700857
          ],
          [
            30.4467058,
            39.7701428
          ],
          [
            30.4458071,
            39.7701863
          ],
          [
            30.444381,
            39.770264
          ],
          [
            30.4430026,
            39.7704011
          ],
          [
            30.441629,
            39.7705548
          ],
          [
            30.4399873,
            39.7707958
          ],
          [
            30.4383437,
            39.7710639
          ],
          [
            30.4369604,
            39.7713485
          ],
          [
            30.4350481,
            39.7717774
          ],
          [
            30.4334378,
            39.7722029
          ],
          [
            30.4318214,
            39.7726723
          ],
          [
            30.4301392,
            39.7732141
          ],
          [
            30.4282807,
            39.7738929
          ],
          [
            30.4269496,
            39.7744273
          ],
          [
            30.4256371,
            39.7749869
          ],
          [
            30.4236639,
            39.7759288
          ],
          [
            30.4225215,
            39.7765143
          ],
          [
            30.4208639,
            39.7774269
          ],
          [
            30.4191062,
            39.7784656
          ],
          [
            30.4165807,
            39.7799302
          ]
        ]
      },
      "id": "way/278828059"
    },
    {
      "type": "Feature",
      "properties": {
        "@id": "way/280535002",
        "electrified": "contact_line",
        "frequency": "50",
        "gauge": "1435",
        "highspeed": "yes",
        "maxspeed": "250",
        "name": "Ankara - İstanbul yüksek hızlı demiryolu",
        "name:en": "Ankara - İstanbul high-speed railway",
        "operator": "TCDD",
        "passenger_lines": "1",
        "railway": "rail",
        "railway:etcs": "1",
        "usage": "main",
        "voltage": "25000",
        "wikidata": "Q513146",
        "wikipedia": "en:Ankara–Istanbul high-speed railway"
      },
      "geometry": {
        "type": "LineString",
        "coordinates": [
          [
            30.416553,
            39.7798956
          ],
          [
            30.4208376,
            39.7773913
          ],
          [
            30.4224882,
            39.7764681
          ],
          [
            30.4236036,
            39.7758954
          ],
          [
            30.425605,
            39.7749513
          ],
          [
            30.4269093,
            39.7743922
          ],
          [
            30.4282314,
            39.7738614
          ],
          [
            30.4301251,
            39.7731734
          ],
          [
            30.4317994,
            39.7726211
          ],
          [
            30.4334043,
            39.7721607
          ],
          [
            30.4350177,
            39.7717325
          ],
          [
            30.4369345,
            39.7713052
          ],
          [
            30.4383155,
            39.7710219
          ],
          [
            30.4399666,
            39.7707462
          ],
          [
            30.4416039,
            39.7705102
          ],
          [
            30.4429892,
            39.7703537
          ],
          [
            30.4443845,
            39.7702143
          ],
          [
            30.4458056,
            39.7701359
          ],
          [
            30.4466874,
            39.7700905
          ],
          [
            30.4488283,
            39.7700311
          ],
          [
            30.4509977,
            39.7700791
          ],
          [
            30.4527927,
            39.7701546
          ],
          [
            30.4540889,
            39.7702439
          ],
          [
            30.4558933,
            39.770419
          ],
          [
            30.4568969,
            39.7705477
          ],
          [
            30.4586568,
            39.7708006
          ],
          [
            30.4598874,
            39.7710228
          ],
          [
            30.4612012,
            39.7712722
          ],
          [
            30.4625052,
            39.7715453
          ],
          [
            30.4719785,
            39.7737309
          ],
          [
            30.4733146,
            39.7740046
          ],
          [
            30.4745821,
            39.7742405
          ],
          [
            30.4782096,
            39.7748763
          ],
          [
            30.4787372,
            39.7749696
          ],
          [
            30.4804855,
            39.7752788
          ],
          [
            30.490223,
            39.7769305
          ],
          [
            30.491855,
            39.7772327
          ],
          [
            30.4936156,
            39.7776334
          ],
          [
            30.4943286,
            39.7777857
          ],
          [
            30.4950591,
            39.7779418
          ],
          [
            30.4980791,
            39.7785107
          ]
        ]
      },
      "id": "way/280535002"
    },
    {
      "type": "Feature",
      "properties": {
        "@id": "way/301667083",
        "axle_load": "22.5",
        "electrified": "contact_line",
        "frequency": "50",
        "gauge": "1435",
        "maxspeed": "120",
        "name": "Eskişehir-Konya demiryolu",
        "operator": "TCDD",
        "railway": "rail",
        "railway:etcs": "2",
        "source": "Bing",
        "usage": "main",
        "voltage": "25000"
      },
      "geometry": {
        "type": "LineString",
        "coordinates": [
          [
            30.4902328,
            39.7768705
          ],
          [
            30.4896003,
            39.7767109
          ],
          [
            30.489375,
            39.776646
          ],
          [
            30.4891886,
            39.7765718
          ],
          [
            30.4889527,
            39.7764628
          ],
          [
            30.4887086,
            39.7763311
          ],
          [
            30.4884618,
            39.7761723
          ],
          [
            30.4882312,
            39.7759878
          ],
          [
            30.4879992,
            39.7757672
          ],
          [
            30.4878222,
            39.7755621
          ],
          [
            30.48768,
            39.7753715
          ],
          [
            30.487566,
            39.7751911
          ],
          [
            30.4874507,
            39.7749323
          ],
          [
            30.4873729,
            39.7746901
          ],
          [
            30.4870363,
            39.7734306
          ],
          [
            30.4869559,
            39.7731636
          ],
          [
            30.4868257,
            39.772911
          ],
          [
            30.4865897,
            39.7725853
          ],
          [
            30.4864301,
            39.7724026
          ],
          [
            30.4862384,
            39.7722132
          ],
          [
            30.4860465,
            39.7720751
          ],
          [
            30.4857396,
            39.7718896
          ],
          [
            30.4854123,
            39.771711
          ],
          [
            30.4851215,
            39.7715589
          ],
          [
            30.4841228,
            39.7710265
          ],
          [
            30.4838634,
            39.7708812
          ],
          [
            30.483017,
            39.7703163
          ],
          [
            30.4826656,
            39.7700383
          ],
          [
            30.4822248,
            39.7696752
          ],
          [
            30.4817836,
            39.7692284
          ],
          [
            30.4810788,
            39.7684525
          ]
        ]
      },
      "id": "way/301667083"
    },
    {
      "type": "Feature",
      "properties": {
        "@id": "way/372861478",
        "axle_load": "22.5",
        "bridge": "yes",
        "construction:electrified": "contact_line",
        "construction:frequency": "50",
        "construction:railway:etcs": "1",
        "construction:voltage": "25000",
        "electrified": "no",
        "gauge": "1435",
        "layer": "1",
        "operator": "TCDD",
        "passenger_lines": "1",
        "railway": "rail",
        "source": "osm-gpx",
        "usage": "main"
      },
      "geometry": {
        "type": "LineString",
        "coordinates": [
          [
            30.5043365,
            38.9382931
          ],
          [
            30.5043142,
            38.9381794
          ]
        ]
      },
      "id": "way/372861478"
    },
    {
      "type": "Feature",
      "properties": {
        "@id": "way/372861479",
        "axle_load": "22.5",
        "bridge": "yes",
        "construction:electrified": "contact_line",
        "construction:frequency": "50",
        "construction:railway:etcs": "1",
        "construction:voltage": "25000",
        "electrified": "no",
        "gauge": "1435",
        "layer": "1",
        "name": "Eskişehir-Konya demiryolu",
        "operator": "TCDD",
        "passenger_lines": "1",
        "railway": "rail",
        "source": "osm-gpx",
        "usage": "main"
      },
      "geometry": {
        "type": "LineString",
        "coordinates": [
          [
            30.5022049,
            38.9340372
          ],
          [
            30.5021229,
            38.9339393
          ]
        ]
      },
      "id": "way/372861479"
    },
    {
      "type": "Feature",
      "properties": {
        "@id": "way/372861481",
        "axle_load": "22.5",
        "construction:electrified": "contact_line",
        "construction:frequency": "50",
        "construction:railway:etcs": "1",
        "construction:voltage": "25000",
        "electrified": "no",
        "gauge": "1435",
        "name": "Eskişehir-Konya demiryolu",
        "operator": "TCDD",
        "passenger_lines": "1",
        "railway": "rail",
        "source": "osm-gpx",
        "usage": "main"
      },
      "geometry": {
        "type": "LineString",
        "coordinates": [
          [
            30.5043142,
            38.9381794
          ],
          [
            30.5042284,
            38.9375235
          ],
          [
            30.5040541,
            38.9368562
          ],
          [
            30.5035129,
            38.9357003
          ],
          [
            30.5030213,
            38.9350116
          ],
          [
            30.5022049,
            38.9340372
          ]
        ]
      },
      "id": "way/372861481"
    },
    {
      "type": "Feature",
      "properties": {
        "@id": "way/384900514",
        "axle_load": "22.5",
        "construction:railway:etcs": "1",
        "electrified": "contact_line",
        "frequency": "50",
        "gauge": "1435",
        "name": "Alayunt-Balıkesir demiryolu",
        "operator": "TCDD",
        "railway": "rail",
        "source": "GPS",
        "usage": "main",
        "voltage": "25000"
      },
      "geometry": {
        "type": "LineString",
        "coordinates": [
          [
            30.0985436,
            39.3913107
          ],
          [
            30.0989991,
            39.3913012
          ],
          [
            30.099417,
            39.3912567
          ],
          [
            30.0998568,
            39.3911856
          ],
          [
            30.100248,
            39.3910821
          ],
          [
            30.1006641,
            39.3909312
          ],
          [
            30.1010809,
            39.3907532
          ],
          [
            30.1015898,
            39.390482
          ],
          [
            30.1019555,
            39.3902282
          ],
          [
            30.1022726,
            39.3899561
          ],
          [
            30.1023385,
            39.3898986
          ],
          [
            30.1028568,
            39.3892846
          ],
          [
            30.1031087,
            39.3889577
          ],
          [
            30.1033759,
            39.3886043
          ]
        ]
      },
      "id": "way/384900514"
    },
    {
      "type": "Feature",
      "properties": {
        "@id": "way/433030158",
        "electrified": "contact_line",
        "frequency": "50",
        "gauge": "1435",
        "highspeed": "yes",
        "maxspeed": "250",
        "name": "Ankara - İstanbul yüksek hızlı demiryolu",
        "name:en": "Ankara - İstanbul high-speed railway",
        "operator": "TCDD",
        "passenger_lines": "1",
        "railway": "rail",
        "railway:bidirectional": "possible",
        "railway:etcs": "1",
        "railway:preferred_direction": "forward",
        "usage": "main",
        "voltage": "25000",
        "wikidata": "Q513146",
        "wikipedia": "en:Ankara–Istanbul high-speed railway"
      },
      "geometry": {
        "type": "LineString",
        "coordinates": [
          [
            31.0045174,
            39.7573327
          ],
          [
            31.0044054,
            39.7573227
          ],
          [
            30.998925,
            39.7569203
          ],
          [
            30.9939374,
            39.756512
          ],
          [
            30.9891752,
            39.7561759
          ],
          [
            30.9851277,
            39.7558583
          ],
          [
            30.9817347,
            39.7555985
          ],
          [
            30.9789466,
            39.7553934
          ],
          [
            30.9754476,
            39.7552315
          ],
          [
            30.973959,
            39.7552294
          ],
          [
            30.9725562,
            39.75525
          ],
          [
            30.9702576,
            39.7552975
          ],
          [
            30.9660076,
            39.7556089
          ],
          [
            30.9645163,
            39.7557543
          ],
          [
            30.9622847,
            39.7560367
          ],
          [
            30.9600451,
            39.7563749
          ],
          [
            30.9566145,
            39.757043
          ],
          [
            30.95515,
            39.7573626
          ],
          [
            30.9538438,
            39.7576801
          ],
          [
            30.9510624,
            39.7584719
          ],
          [
            30.9499787,
            39.7587833
          ],
          [
            30.9486779,
            39.7592019
          ],
          [
            30.9468459,
            39.7598059
          ],
          [
            30.9450623,
            39.7604781
          ],
          [
            30.9432411,
            39.7612245
          ],
          [
            30.9417712,
            39.7618431
          ],
          [
            30.9401297,
            39.7626224
          ],
          [
            30.9387296,
            39.7632822
          ],
          [
            30.9372731,
            39.7640781
          ],
          [
            30.9348634,
            39.7654305
          ],
          [
            30.9325336,
            39.7668181
          ],
          [
            30.9258255,
            39.7715372
          ],
          [
            30.9244656,
            39.7723598
          ],
          [
            30.9224647,
            39.7735163
          ],
          [
            30.9189805,
            39.7753139
          ],
          [
            30.9169768,
            39.7762395
          ],
          [
            30.9150671,
            39.7770248
          ],
          [
            30.9133022,
            39.7776866
          ],
          [
            30.912122,
            39.7781112
          ],
          [
            30.9104322,
            39.7786718
          ],
          [
            30.9086995,
            39.7791913
          ],
          [
            30.9073101,
            39.7795829
          ],
          [
            30.9058618,
            39.7799602
          ],
          [
            30.9023762,
            39.7806775
          ],
          [
            30.8999246,
            39.7810774
          ],
          [
            30.8586777,
            39.7866261
          ],
          [
            30.8568296,
            39.7868569
          ],
          [
            30.8547456,
            39.7872073
          ],
          [
            30.8536405,
            39.7874072
          ],
          [
            30.8526615,
            39.7876113
          ],
          [
            30.850572,
            39.7880812
          ],
          [
            30.8489198,
            39.7884955
          ],
          [
            30.8471039,
            39.7889613
          ],
          [
            30.8415605,
            39.7903468
          ],
          [
            30.7817345,
            39.804784
          ],
          [
            30.7794305,
            39.8052827
          ],
          [
            30.7767402,
            39.8057793
          ],
          [
            30.7748117,
            39.8060718
          ],
          [
            30.7734196,
            39.8062346
          ],
          [
            30.7723038,
            39.806348
          ],
          [
            30.770842,
            39.8064839
          ],
          [
            30.76934,
            39.8065643
          ],
          [
            30.766598,
            39.8066534
          ],
          [
            30.7655903,
            39.8066756
          ],
          [
            30.7643224,
            39.8066845
          ],
          [
            30.7604814,
            39.8066701
          ],
          [
            30.7563455,
            39.8066412
          ],
          [
            30.7310068,
            39.8064323
          ],
          [
            30.7297111,
            39.8063981
          ],
          [
            30.7287852,
            39.8063385
          ],
          [
            30.7278577,
            39.8062704
          ],
          [
            30.7266002,
            39.8061468
          ],
          [
            30.6521092,
            39.7978049
          ]
        ]
      },
      "id": "way/433030158"
    },
    {
      "type": "Feature",
      "properties": {
        "@id": "way/433030161",
        "electrified": "contact_line",
        "frequency": "50",
        "gauge": "1435",
        "highspeed": "yes",
        "maxspeed": "250",
        "name": "Ankara - İstanbul yüksek hızlı demiryolu",
        "name:en": "Ankara - İstanbul high-speed railway",
        "operator": "TCDD",
        "passenger_lines": "1",
        "railway": "rail",
        "railway:bidirectional": "possible",
        "railway:etcs": "1",
        "railway:preferred_direction": "forward",
        "usage": "main",
        "voltage": "25000",
        "wikidata": "Q513146",
        "wikipedia": "en:Ankara–Istanbul high-speed railway"
      },
      "geometry": {
        "type": "LineString",
        "coordinates": [
          [
            30.6516354,
            39.7977535
          ],
          [
            30.6277842,
            39.7952225
          ],
          [
            30.6030863,
            39.792505
          ],
          [
            30.5635696,
            39.7880731
          ],
          [
            30.5528316,
            39.7868275
          ],
          [
            30.5453307,
            39.7859713
          ],
          [
            30.5424232,
            39.7856457
          ],
          [
            30.5406288,
            39.7854396
          ],
          [
            30.5392207,
            39.785252
          ],
          [
            30.536973,
            39.7849119
          ],
          [
            30.5345134,
            39.7845142
          ],
          [
            30.5265853,
            39.7831613
          ]
        ]
      },
      "id": "way/433030161"
    },
    {
      "type": "Feature",
      "properties": {
        "@id": "way/433030163",
        "axle_load": "22.5",
        "electrified": "contact_line",
        "frequency": "50",
        "gauge": "1435",
        "name": "İstanbul - Ankara demiryolu",
        "operator": "TCDD",
        "railway": "rail",
        "railway:etcs": "yes",
        "source": "Bing",
        "usage": "main",
        "voltage": "25000"
      },
      "geometry": {
        "type": "LineString",
        "coordinates": [
          [
            30.4902328,
            39.7768705
          ],
          [
            30.4916281,
            39.7771057
          ],
          [
            30.4931824,
            39.7773861
          ],
          [
            30.4937993,
            39.777485
          ],
          [
            30.4952316,
            39.777786
          ]
        ]
      },
      "id": "way/433030163"
    },
    {
      "type": "Feature",
      "properties": {
        "@id": "way/433030166",
        "bridge": "yes",
        "electrified": "contact_line",
        "frequency": "50",
        "gauge": "1435",
        "highspeed": "yes",
        "layer": "1",
        "maxspeed": "250",
        "name": "Ankara - İstanbul yüksek hızlı demiryolu",
        "name:en": "Ankara - İstanbul high-speed railway",
        "operator": "TCDD",
        "passenger_lines": "1",
        "railway": "rail",
        "railway:bidirectional": "possible",
        "railway:etcs": "1",
        "railway:preferred_direction": "forward",
        "usage": "main",
        "voltage": "25000",
        "wikidata": "Q513146",
        "wikipedia": "en:Ankara–Istanbul high-speed railway"
      },
      "geometry": {
        "type": "LineString",
        "coordinates": [
          [
            30.6521092,
            39.7978049
          ],
          [
            30.6516354,
            39.7977535
          ]
        ]
      },
      "id": "way/433030166"
    },
    {
      "type": "Feature",
      "properties": {
        "@id": "way/433030167",
        "electrified": "contact_line",
        "frequency": "50",
        "gauge": "1435",
        "operator": "TCDD",
        "railway": "rail",
        "railway:etcs": "1",
        "service": "crossover",
        "voltage": "25000"
      },
      "geometry": {
        "type": "LineString",
        "coordinates": [
          [
            30.5424232,
            39.7856457
          ],
          [
            30.5430152,
            39.7856641
          ]
        ]
      },
      "id": "way/433030167"
    },
    {
      "type": "Feature",
      "properties": {
        "@id": "way/433030168",
        "electrified": "contact_line",
        "frequency": "50",
        "gauge": "1435",
        "highspeed": "yes",
        "operator": "TCDD",
        "railway": "rail",
        "railway:etcs": "1",
        "service": "crossover",
        "voltage": "25000"
      },
      "geometry": {
        "type": "LineString",
        "coordinates": [
          [
            30.4782096,
            39.7748763
          ],
          [
            30.4775936,
            39.7748101
          ]
        ]
      },
      "id": "way/433030168"
    },
    {
      "type": "Feature",
      "properties": {
        "@id": "way/433030169",
        "axle_load": "22.5",
        "electrified": "contact_line",
        "frequency": "50",
        "gauge": "1435",
        "railway": "rail",
        "service": "crossover",
        "voltage": "25000"
      },
      "geometry": {
        "type": "LineString",
        "coordinates": [
          [
            30.5509009,
            39.7865091
          ],
          [
            30.5517916,
            39.7866573
          ]
        ]
      },
      "id": "way/433030169"
    },
    {
      "type": "Feature",
      "properties": {
        "@id": "way/433030180",
        "electrified": "no",
        "gauge": "1435",
        "railway": "rail",
        "service": "yard",
        "source": "bing"
      },
      "geometry": {
        "type": "LineString",
        "coordinates": [
          [
            30.4961504,
            39.7776244
          ],
          [
            30.4964347,
            39.777779
          ],
          [
            30.496628,
            39.7778624
          ],
          [
            30.4970212,
            39.7779867
          ],
          [
            30.4972152,
            39.7780325
          ],
          [
            30.4974229,
            39.7780639
          ],
          [
            30.497638,
            39.7780814
          ],
          [
            30.4979691,
            39.7780872
          ],
          [
            30.4984384,
            39.7780866
          ],
          [
            30.4986681,
            39.7780822
          ],
          [
            30.4989152,
            39.7781047
          ],
          [
            30.4990999,
            39.7781409
          ],
          [
            30.4996187,
            39.778278
          ]
        ]
      },
      "id": "way/433030180"
    },
    {
      "type": "Feature",
      "properties": {
        "@id": "way/433030188",
        "electrified": "contact_line",
        "frequency": "50",
        "gauge": "1435",
        "highspeed": "yes",
        "layer": "-1",
        "maxspeed": "250",
        "name": "Ankara - İstanbul yüksek hızlı demiryolu",
        "name:en": "Ankara - İstanbul high-speed railway",
        "operator": "TCDD",
        "passenger_lines": "1",
        "railway": "rail",
        "railway:bidirectional": "possible",
        "railway:etcs": "1",
        "railway:preferred_direction": "forward",
        "tunnel": "yes",
        "usage": "main",
        "voltage": "25000",
        "wikidata": "Q513146",
        "wikipedia": "en:Ankara–Istanbul high-speed railway"
      },
      "geometry": {
        "type": "LineString",
        "coordinates": [
          [
            30.5265853,
            39.7831613
          ],
          [
            30.5184885,
            39.7817593
          ],
          [
            30.5107851,
            39.7805408
          ]
        ]
      },
      "id": "way/433030188"
    },
    {
      "type": "Feature",
      "properties": {
        "@id": "way/433030191",
        "electrified": "contact_line",
        "frequency": "50",
        "gauge": "1435",
        "railway": "rail",
        "railway:etcs": "yes",
        "service": "crossover",
        "voltage": "25000"
      },
      "geometry": {
        "type": "LineString",
        "coordinates": [
          [
            30.4916281,
            39.7771057
          ],
          [
            30.492473,
            39.7773015
          ],
          [
            30.4930201,
            39.7774458
          ],
          [
            30.4936156,
            39.7776334
          ]
        ]
      },
      "id": "way/433030191"
    },
    {
      "type": "Feature",
      "properties": {
        "@id": "way/433030197",
        "electrified": "contact_line",
        "frequency": "50",
        "gauge": "1435",
        "name": "İstanbul - Ankara demiryolu",
        "operator": "TCDD",
        "railway": "rail",
        "railway:etcs": "yes",
        "source": "Bing",
        "usage": "main",
        "voltage": "25000"
      },
      "geometry": {
        "type": "LineString",
        "coordinates": [
          [
            30.4805055,
            39.7752409
          ],
          [
            30.4837504,
            39.7757287
          ],
          [
            30.4850674,
            39.7759513
          ],
          [
            30.4902328,
            39.7768705
          ]
        ]
      },
      "id": "way/433030197"
    },
    {
      "type": "Feature",
      "properties": {
        "@id": "way/433065876",
        "electrified": "contact_line",
        "frequency": "50",
        "gauge": "1435",
        "railway": "rail",
        "service": "yard",
        "source": "bing",
        "voltage": "25000"
      },
      "geometry": {
        "type": "LineString",
        "coordinates": [
          [
            30.6073256,
            39.7925443
          ],
          [
            30.6079442,
            39.792511
          ],
          [
            30.6083683,
            39.7924777
          ],
          [
            30.6089349,
            39.7924298
          ],
          [
            30.6093183,
            39.7924205
          ],
          [
            30.6096819,
            39.7923896
          ],
          [
            30.609985,
            39.7923876
          ],
          [
            30.6102398,
            39.7924103
          ],
          [
            30.6104338,
            39.7924293
          ]
        ]
      },
      "id": "way/433065876"
    },
    {
      "type": "Feature",
      "properties": {
        "@id": "way/433065877",
        "electrified": "contact_line",
        "frequency": "50",
        "gauge": "1435",
        "railway": "rail",
        "service": "siding",
        "source": "bing",
        "voltage": "25000"
      },
      "geometry": {
        "type": "LineString",
        "coordinates": [
          [
            30.6071633,
            39.7926617
          ],
          [
            30.6090976,
            39.7926855
          ],
          [
            30.6099232,
            39.7926998
          ],
          [
            30.6116568,
            39.7929042
          ],
          [
            30.6125897,
            39.7930142
          ],
          [
            30.6138393,
            39.7931615
          ],
          [
            30.6141343,
            39.7932181
          ],
          [
            30.6143731,
            39.793282
          ]
        ]
      },
      "id": "way/433065877"
    },
    {
      "type": "Feature",
      "properties": {
        "@id": "way/433065878",
        "electrified": "no",
        "gauge": "1435",
        "railway": "rail",
        "service": "yard"
      },
      "geometry": {
        "type": "LineString",
        "coordinates": [
          [
            30.6094002,
            39.7920877
          ],
          [
            30.6096645,
            39.7920279
          ],
          [
            30.6099702,
            39.791929
          ],
          [
            30.6102974,
            39.7918043
          ],
          [
            30.6105778,
            39.7916436
          ],
          [
            30.6108942,
            39.7914241
          ],
          [
            30.6111021,
            39.7912325
          ],
          [
            30.6113072,
            39.790983
          ],
          [
            30.6114937,
            39.7906728
          ],
          [
            30.6115956,
            39.7903658
          ],
          [
            30.6117177,
            39.7897743
          ]
        ]
      },
      "id": "way/433065878"
    },
    {
      "type": "Feature",
      "properties": {
        "@id": "way/433065880",
        "electrified": "no",
        "gauge": "1435",
        "railway": "rail",
        "service": "yard"
      },
      "geometry": {
        "type": "LineString",
        "coordinates": [
          [
            30.6079103,
            39.7924679
          ],
          [
            30.6081732,
            39.7924061
          ],
          [
            30.6088209,
            39.7922639
          ],
          [
            30.6094002,
            39.7920877
          ],
          [
            30.6096442,
            39.7920093
          ],
          [
            30.6099448,
            39.7919012
          ],
          [
            30.6102559,
            39.7917734
          ],
          [
            30.6105349,
            39.7916065
          ],
          [
            30.6108204,
            39.791389
          ],
          [
            30.6110391,
            39.7911932
          ],
          [
            30.6112322,
            39.7909521
          ],
          [
            30.6114039,
            39.7906481
          ],
          [
            30.6116211,
            39.7900299
          ]
        ]
      },
      "id": "way/433065880"
    },
    {
      "type": "Feature",
      "properties": {
        "@id": "way/433065882",
        "electrified": "no",
        "gauge": "1435",
        "railway": "rail",
        "service": "yard"
      },
      "geometry": {
        "type": "LineString",
        "coordinates": [
          [
            30.6087646,
            39.7922021
          ],
          [
            30.6092621,
            39.7920352
          ],
          [
            30.6095183,
            39.7919311
          ],
          [
            30.6098294,
            39.791758
          ],
          [
            30.6108205,
            39.7909706
          ],
          [
            30.6111048,
            39.7907336
          ],
          [
            30.6113288,
            39.7905204
          ],
          [
            30.6114991,
            39.790272
          ],
          [
            30.6116211,
            39.7900299
          ],
          [
            30.6117177,
            39.7897743
          ],
          [
            30.6118424,
            39.7892456
          ],
          [
            30.6119411,
            39.7889096
          ],
          [
            30.6120463,
            39.7885675
          ],
          [
            30.6123346,
            39.7871423
          ]
        ]
      },
      "id": "way/433065882"
    },
    {
      "type": "Feature",
      "properties": {
        "@id": "way/433065883",
        "electrified": "no",
        "gauge": "1435",
        "railway": "rail",
        "service": "yard"
      },
      "geometry": {
        "type": "LineString",
        "coordinates": [
          [
            30.6118652,
            39.7895558
          ],
          [
            30.6118317,
            39.7902401
          ],
          [
            30.6118518,
            39.7905141
          ],
          [
            30.6118892,
            39.7908068
          ],
          [
            30.6119483,
            39.7910016
          ],
          [
            30.6120798,
            39.7912696
          ],
          [
            30.6122313,
            39.791523
          ],
          [
            30.6125733,
            39.7918909
          ],
          [
            30.6129729,
            39.7922021
          ],
          [
            30.6133511,
            39.7924288
          ],
          [
            30.6139064,
            39.7926555
          ],
          [
            30.6144535,
            39.7927647
          ],
          [
            30.6199708,
            39.7933912
          ],
          [
            30.6207245,
            39.7934943
          ],
          [
            30.6212583,
            39.7936262
          ],
          [
            30.6217035,
            39.7937581
          ],
          [
            30.6232163,
            39.7943702
          ]
        ]
      },
      "id": "way/433065883"
    },
    {
      "type": "Feature",
      "properties": {
        "@id": "way/433065884",
        "axle_load": "22.5",
        "electrified": "contact_line",
        "frequency": "50",
        "gauge": "1435",
        "railway": "rail",
        "service": "crossover",
        "voltage": "25000"
      },
      "geometry": {
        "type": "LineString",
        "coordinates": [
          [
            30.5523631,
            39.786728
          ],
          [
            30.5528316,
            39.7868275
          ]
        ]
      },
      "id": "way/433065884"
    },
    {
      "type": "Feature",
      "properties": {
        "@id": "way/433065885",
        "electrified": "contact_line",
        "frequency": "50",
        "gauge": "1435",
        "railway": "rail",
        "service": "siding",
        "source": "bing",
        "voltage": "25000"
      },
      "geometry": {
        "type": "LineString",
        "coordinates": [
          [
            30.6222239,
            39.7942465
          ],
          [
            30.6085312,
            39.7927193
          ]
        ]
      },
      "id": "way/433065885"
    },
    {
      "type": "Feature",
      "properties": {
        "@id": "way/433065887",
        "electrified": "contact_line",
        "frequency": "50",
        "gauge": "1435",
        "railway": "rail",
        "service": "siding",
        "source": "bing",
        "voltage": "25000"
      },
      "geometry": {
        "type": "LineString",
        "coordinates": [
          [
            30.633921,
            39.7954934
          ],
          [
            30.6323278,
            39.7955119
          ],
          [
            30.6318664,
            39.7954933
          ],
          [
            30.6314212,
            39.795448
          ],
          [
            30.631156,
            39.795419
          ],
          [
            30.6261157,
            39.7948504
          ],
          [
            30.6256169,
            39.7948483
          ],
          [
            30.625295,
            39.7948174
          ],
          [
            30.6250295,
            39.7947782
          ],
          [
            30.624455,
            39.7946612
          ],
          [
            30.6239246,
            39.7945532
          ],
          [
            30.6236275,
            39.7944927
          ],
          [
            30.6217706,
            39.7941043
          ],
          [
            30.6143731,
            39.793282
          ],
          [
            30.6090976,
            39.7926855
          ]
        ]
      },
      "id": "way/433065887"
    },
    {
      "type": "Feature",
      "properties": {
        "@id": "way/433065889",
        "electrified": "contact_line",
        "frequency": "50",
        "gauge": "1435",
        "railway": "rail",
        "service": "yard",
        "source": "bing",
        "voltage": "25000"
      },
      "geometry": {
        "type": "LineString",
        "coordinates": [
          [
            30.6037729,
            39.7924291
          ],
          [
            30.605789,
            39.7926199
          ]
        ]
      },
      "id": "way/433065889"
    },
    {
      "type": "Feature",
      "properties": {
        "@id": "way/433065890",
        "electrified": "no",
        "gauge": "1435",
        "railway": "rail",
        "service": "yard"
      },
      "geometry": {
        "type": "LineString",
        "coordinates": [
          [
            30.6120463,
            39.7885675
          ],
          [
            30.6118652,
            39.7895558
          ],
          [
            30.6117485,
            39.790238
          ],
          [
            30.6117378,
            39.7905132
          ],
          [
            30.6117672,
            39.7908099
          ],
          [
            30.6118143,
            39.7910408
          ],
          [
            30.6119145,
            39.7913171
          ],
          [
            30.6120718,
            39.7915976
          ],
          [
            30.6124338,
            39.7920125
          ],
          [
            30.612804,
            39.7923365
          ],
          [
            30.6132054,
            39.7925787
          ],
          [
            30.6138528,
            39.7928183
          ],
          [
            30.6144267,
            39.7929378
          ],
          [
            30.6205743,
            39.7936344
          ],
          [
            30.6208881,
            39.7937004
          ],
          [
            30.6211778,
            39.7937684
          ],
          [
            30.6216928,
            39.7939209
          ],
          [
            30.6232163,
            39.7943702
          ],
          [
            30.6236275,
            39.7944927
          ]
        ]
      },
      "id": "way/433065890"
    },
    {
      "type": "Feature",
      "properties": {
        "@id": "way/433065891",
        "electrified": "no",
        "gauge": "1435",
        "railway": "rail",
        "service": "yard"
      },
      "geometry": {
        "type": "LineString",
        "coordinates": [
          [
            30.6119411,
            39.7889096
          ],
          [
            30.6118249,
            39.7895517
          ],
          [
            30.611688,
            39.79024
          ],
          [
            30.6116372,
            39.7905182
          ],
          [
            30.6116346,
            39.7908182
          ],
          [
            30.6116667,
            39.7910861
          ],
          [
            30.6117284,
            39.7913706
          ],
          [
            30.6118746,
            39.7916899
          ],
          [
            30.6122085,
            39.7921382
          ],
          [
            30.6125948,
            39.792503
          ],
          [
            30.6130185,
            39.7927709
          ],
          [
            30.6136971,
            39.7930841
          ],
          [
            30.6141343,
            39.7932181
          ]
        ]
      },
      "id": "way/433065891"
    },
    {
      "type": "Feature",
      "properties": {
        "@id": "way/433065892",
        "electrified": "contact_line",
        "frequency": "50",
        "gauge": "1435",
        "railway": "rail",
        "service": "crossover",
        "source": "bing",
        "voltage": "25000"
      },
      "geometry": {
        "type": "LineString",
        "coordinates": [
          [
            30.6239065,
            39.7945901
          ],
          [
            30.624179,
            39.7946254
          ],
          [
            30.624455,
            39.7946612
          ]
        ]
      },
      "id": "way/433065892"
    },
    {
      "type": "Feature",
      "properties": {
        "@id": "way/433065893",
        "electrified": "no",
        "gauge": "1435",
        "railway": "rail",
        "service": "yard"
      },
      "geometry": {
        "type": "LineString",
        "coordinates": [
          [
            30.6210652,
            39.7937931
          ],
          [
            30.6206306,
            39.7937334
          ],
          [
            30.6144026,
            39.793043
          ]
        ]
      },
      "id": "way/433065893"
    },
    {
      "type": "Feature",
      "properties": {
        "@id": "way/433065894",
        "electrified": "no",
        "gauge": "1435",
        "railway": "rail",
        "service": "yard"
      },
      "geometry": {
        "type": "LineString",
        "coordinates": [
          [
            30.6220161,
            39.7928977
          ],
          [
            30.6225431,
            39.7929708
          ],
          [
            30.6270197,
            39.7930883
          ]
        ]
      },
      "id": "way/433065894"
    },
    {
      "type": "Feature",
      "properties": {
        "@id": "way/433065895",
        "electrified": "contact_line",
        "frequency": "50",
        "gauge": "1435",
        "railway": "rail",
        "service": "siding",
        "source": "bing",
        "voltage": "25000"
      },
      "geometry": {
        "type": "LineString",
        "coordinates": [
          [
            30.6226745,
            39.7943455
          ],
          [
            30.6080484,
            39.7927131
          ]
        ]
      },
      "id": "way/433065895"
    },
    {
      "type": "Feature",
      "properties": {
        "@id": "way/433065896",
        "electrified": "contact_line",
        "frequency": "50",
        "gauge": "1435",
        "railway": "rail",
        "service": "siding",
        "source": "bing",
        "voltage": "25000"
      },
      "geometry": {
        "type": "LineString",
        "coordinates": [
          [
            30.6067234,
            39.7926534
          ],
          [
            30.6069276,
            39.7926763
          ],
          [
            30.6220987,
            39.7943717
          ],
          [
            30.6225474,
            39.7943834
          ]
        ]
      },
      "id": "way/433065896"
    },
    {
      "type": "Feature",
      "properties": {
        "@id": "way/433065897",
        "electrified": "no",
        "gauge": "1435",
        "railway": "rail",
        "service": "yard"
      },
      "geometry": {
        "type": "LineString",
        "coordinates": [
          [
            30.6271323,
            39.7942218
          ],
          [
            30.623388,
            39.7940734
          ],
          [
            30.6228783,
            39.7940281
          ],
          [
            30.6223882,
            39.7939701
          ]
        ]
      },
      "id": "way/433065897"
    },
    {
      "type": "Feature",
      "properties": {
        "@id": "way/433065898",
        "electrified": "no",
        "gauge": "1435",
        "railway": "rail",
        "service": "yard"
      },
      "geometry": {
        "type": "LineString",
        "coordinates": [
          [
            30.627017,
            39.7930306
          ],
          [
            30.6261399,
            39.7930059
          ],
          [
            30.6220161,
            39.7928977
          ],
          [
            30.621489,
            39.7928245
          ]
        ]
      },
      "id": "way/433065898"
    },
    {
      "type": "Feature",
      "properties": {
        "@id": "way/433065901",
        "electrified": "contact_line",
        "frequency": "50",
        "gauge": "1435",
        "railway": "rail",
        "service": "siding",
        "source": "bing",
        "voltage": "25000"
      },
      "geometry": {
        "type": "LineString",
        "coordinates": [
          [
            30.631156,
            39.795419
          ],
          [
            30.6303939,
            39.7953759
          ],
          [
            30.6256169,
            39.7948483
          ]
        ]
      },
      "id": "way/433065901"
    },
    {
      "type": "Feature",
      "properties": {
        "@id": "way/433065902",
        "electrified": "no",
        "gauge": "1435",
        "railway": "rail",
        "service": "yard"
      },
      "geometry": {
        "type": "LineString",
        "coordinates": [
          [
            30.6184849,
            39.7927709
          ],
          [
            30.621489,
            39.7928245
          ],
          [
            30.6266599,
            39.7929634
          ],
          [
            30.6270143,
            39.7929729
          ]
        ]
      },
      "id": "way/433065902"
    },
    {
      "type": "Feature",
      "properties": {
        "@id": "way/433065904",
        "electrified": "no",
        "gauge": "1435",
        "railway": "rail",
        "service": "yard"
      },
      "geometry": {
        "type": "LineString",
        "coordinates": [
          [
            30.6144267,
            39.7929894
          ],
          [
            30.6204268,
            39.7936736
          ],
          [
            30.6207245,
            39.7937189
          ],
          [
            30.6210652,
            39.7937931
          ],
          [
            30.6216928,
            39.7939209
          ]
        ]
      },
      "id": "way/433065904"
    },
    {
      "type": "Feature",
      "properties": {
        "@id": "way/433065908",
        "electrified": "no",
        "gauge": "1435",
        "railway": "rail",
        "service": "yard"
      },
      "geometry": {
        "type": "LineString",
        "coordinates": [
          [
            30.6089787,
            39.7925552
          ],
          [
            30.6095451,
            39.792519
          ],
          [
            30.6099929,
            39.7925091
          ],
          [
            30.6103342,
            39.7925279
          ],
          [
            30.6105213,
            39.7925555
          ],
          [
            30.6107101,
            39.7925742
          ],
          [
            30.6115467,
            39.7926685
          ],
          [
            30.6118303,
            39.7927019
          ],
          [
            30.6125116,
            39.7928575
          ],
          [
            30.6129226,
            39.7929878
          ]
        ]
      },
      "id": "way/433065908"
    },
    {
      "type": "Feature",
      "properties": {
        "@id": "way/433065909",
        "electrified": "no",
        "gauge": "1435",
        "railway": "rail",
        "service": "yard"
      },
      "geometry": {
        "type": "LineString",
        "coordinates": [
          [
            30.6138232,
            39.7924659
          ],
          [
            30.6195202,
            39.7931171
          ],
          [
            30.6200888,
            39.7932367
          ],
          [
            30.6208774,
            39.7934757
          ],
          [
            30.6212583,
            39.7936262
          ]
        ]
      },
      "id": "way/433065909"
    },
    {
      "type": "Feature",
      "properties": {
        "@id": "way/433065910",
        "electrified": "no",
        "gauge": "1435",
        "railway": "rail",
        "service": "yard"
      },
      "geometry": {
        "type": "LineString",
        "coordinates": [
          [
            30.6098187,
            39.7925713
          ],
          [
            30.6105052,
            39.792674
          ],
          [
            30.6106872,
            39.7926942
          ],
          [
            30.6115238,
            39.7927885
          ],
          [
            30.6124801,
            39.7929051
          ]
        ]
      },
      "id": "way/433065910"
    },
    {
      "type": "Feature",
      "properties": {
        "@id": "way/433065911",
        "electrified": "contact_line",
        "frequency": "50",
        "gauge": "1435",
        "railway": "rail",
        "service": "yard",
        "source": "bing",
        "voltage": "25000"
      },
      "geometry": {
        "type": "LineString",
        "coordinates": [
          [
            30.6089349,
            39.7924298
          ],
          [
            30.6093175,
            39.7923844
          ],
          [
            30.6096779,
            39.792348
          ],
          [
            30.6099725,
            39.7923399
          ],
          [
            30.6102465,
            39.7923584
          ],
          [
            30.6104437,
            39.7923773
          ]
        ]
      },
      "id": "way/433065911"
    },
    {
      "type": "Feature",
      "properties": {
        "@id": "way/433065913",
        "electrified": "no",
        "gauge": "1435",
        "railway": "rail",
        "service": "yard"
      },
      "geometry": {
        "type": "LineString",
        "coordinates": [
          [
            30.61385,
            39.7922351
          ],
          [
            30.6184849,
            39.7927709
          ],
          [
            30.6191018,
            39.7928492
          ],
          [
            30.6194934,
            39.7929317
          ],
          [
            30.6199923,
            39.7930924
          ],
          [
            30.6208774,
            39.7934757
          ]
        ]
      },
      "id": "way/433065913"
    },
    {
      "type": "Feature",
      "properties": {
        "@id": "way/433065915",
        "electrified": "contact_line",
        "frequency": "50",
        "gauge": "1435",
        "railway": "rail",
        "service": "yard",
        "source": "bing",
        "voltage": "25000"
      },
      "geometry": {
        "type": "LineString",
        "coordinates": [
          [
            30.6083683,
            39.7924777
          ],
          [
            30.6089925,
            39.7923917
          ],
          [
            30.6093166,
            39.7923484
          ],
          [
            30.6096739,
            39.7923065
          ],
          [
            30.60996,
            39.7922921
          ],
          [
            30.6102531,
            39.7923065
          ],
          [
            30.6104536,
            39.7923253
          ]
        ]
      },
      "id": "way/433065915"
    },
    {
      "type": "Feature",
      "properties": {
        "@id": "way/433065918",
        "electrified": "no",
        "gauge": "1435",
        "railway": "rail",
        "service": "yard"
      },
      "geometry": {
        "type": "LineString",
        "coordinates": [
          [
            30.6091254,
            39.7920338
          ],
          [
            30.6095343,
            39.7918373
          ],
          [
            30.610048,
            39.7914479
          ],
          [
            30.6107026,
            39.7909079
          ],
          [
            30.6110874,
            39.7906028
          ],
          [
            30.6113247,
            39.7903771
          ],
          [
            30.6114601,
            39.7901937
          ],
          [
            30.6115674,
            39.7899989
          ],
          [
            30.6116858,
            39.7896245
          ]
        ]
      },
      "id": "way/433065918"
    },
    {
      "type": "Feature",
      "properties": {
        "@id": "way/433065919",
        "electrified": "no",
        "gauge": "1435",
        "railway": "rail",
        "service": "yard"
      },
      "geometry": {
        "type": "LineString",
        "coordinates": [
          [
            30.6104636,
            39.7922733
          ],
          [
            30.6113031,
            39.7923672
          ],
          [
            30.6116238,
            39.7924082
          ],
          [
            30.6120677,
            39.7925422
          ],
          [
            30.6123922,
            39.7926803
          ],
          [
            30.6126886,
            39.7928224
          ],
          [
            30.6129864,
            39.7929543
          ],
          [
            30.613394,
            39.7930759
          ],
          [
            30.6138393,
            39.7931615
          ]
        ]
      },
      "id": "way/433065919"
    },
    {
      "type": "Feature",
      "properties": {
        "@id": "way/433065920",
        "electrified": "no",
        "gauge": "1435",
        "railway": "rail",
        "service": "yard"
      },
      "geometry": {
        "type": "LineString",
        "coordinates": [
          [
            30.6217035,
            39.7937581
          ],
          [
            30.6223882,
            39.7939701
          ],
          [
            30.6233772,
            39.7942671
          ],
          [
            30.6239512,
            39.7943825
          ],
          [
            30.6246593,
            39.7944279
          ],
          [
            30.6271484,
            39.7945309
          ]
        ]
      },
      "id": "way/433065920"
    },
    {
      "type": "Feature",
      "properties": {
        "@id": "way/433065922",
        "electrified": "contact_line",
        "frequency": "50",
        "gauge": "1435",
        "railway": "rail",
        "service": "siding",
        "source": "bing",
        "voltage": "25000"
      },
      "geometry": {
        "type": "LineString",
        "coordinates": [
          [
            30.6220987,
            39.7943717
          ],
          [
            30.6216499,
            39.7943599
          ],
          [
            30.6072411,
            39.7927421
          ],
          [
            30.6069276,
            39.7926763
          ]
        ]
      },
      "id": "way/433065922"
    },
    {
      "type": "Feature",
      "properties": {
        "@id": "way/433065923",
        "electrified": "contact_line",
        "frequency": "50",
        "gauge": "1435",
        "railway": "rail",
        "service": "siding",
        "source": "bing",
        "voltage": "25000"
      },
      "geometry": {
        "type": "LineString",
        "coordinates": [
          [
            30.6250859,
            39.7948324
          ],
          [
            30.624442,
            39.7947001
          ],
          [
            30.6239065,
            39.7945901
          ],
          [
            30.6236279,
            39.7945329
          ],
          [
            30.6231251,
            39.7944444
          ],
          [
            30.6225474,
            39.7943834
          ],
          [
            30.6075656,
            39.7927068
          ],
          [
            30.6071633,
            39.7926617
          ],
          [
            30.6067234,
            39.7926534
          ],
          [
            30.6062589,
            39.7926316
          ],
          [
            30.605789,
            39.7926199
          ],
          [
            30.6049186,
            39.7926206
          ]
        ]
      },
      "id": "way/433065923"
    },
    {
      "type": "Feature",
      "properties": {
        "@id": "way/433065924",
        "electrified": "no",
        "gauge": "1435",
        "railway": "rail",
        "service": "yard"
      },
      "geometry": {
        "type": "LineString",
        "coordinates": [
          [
            30.6070306,
            39.7925701
          ],
          [
            30.6080546,
            39.7925846
          ],
          [
            30.6085071,
            39.7925799
          ],
          [
            30.6089787,
            39.7925552
          ],
          [
            30.6095545,
            39.7925679
          ],
          [
            30.6098187,
            39.7925713
          ],
          [
            30.6105132,
            39.7926147
          ],
          [
            30.6106986,
            39.7926342
          ],
          [
            30.6115352,
            39.7927285
          ],
          [
            30.6118303,
            39.7927626
          ],
          [
            30.6124801,
            39.7929051
          ],
          [
            30.6129226,
            39.7929878
          ],
          [
            30.613394,
            39.7930759
          ]
        ]
      },
      "id": "way/433065924"
    },
    {
      "type": "Feature",
      "properties": {
        "@id": "way/433065925",
        "electrified": "no",
        "gauge": "1435",
        "railway": "rail",
        "service": "yard"
      },
      "geometry": {
        "type": "LineString",
        "coordinates": [
          [
            30.6081732,
            39.7924061
          ],
          [
            30.6087646,
            39.7922021
          ],
          [
            30.6091254,
            39.7920338
          ],
          [
            30.6094766,
            39.7917991
          ],
          [
            30.6099803,
            39.7913994
          ],
          [
            30.6106348,
            39.7908594
          ],
          [
            30.6110177,
            39.7905668
          ],
          [
            30.6112644,
            39.7903513
          ],
          [
            30.6114012,
            39.7901597
          ],
          [
            30.6116858,
            39.7896245
          ],
          [
            30.6118424,
            39.7892456
          ]
        ]
      },
      "id": "way/433065925"
    },
    {
      "type": "Feature",
      "properties": {
        "@id": "way/433065927",
        "electrified": "contact_line",
        "frequency": "50",
        "gauge": "1435",
        "railway": "rail",
        "service": "siding",
        "source": "bing",
        "voltage": "25000"
      },
      "geometry": {
        "type": "LineString",
        "coordinates": [
          [
            30.6075656,
            39.7927068
          ],
          [
            30.6080484,
            39.7927131
          ],
          [
            30.6085312,
            39.7927193
          ],
          [
            30.609014,
            39.7927256
          ],
          [
            30.6217733,
            39.7941476
          ],
          [
            30.6222239,
            39.7942465
          ],
          [
            30.6226745,
            39.7943455
          ],
          [
            30.6231251,
            39.7944444
          ]
        ]
      },
      "id": "way/433065927"
    },
    {
      "type": "Feature",
      "properties": {
        "@id": "way/466356039",
        "axle_load": "22.5",
        "electrified": "contact_line",
        "frequency": "50",
        "gauge": "1435",
        "name": "Alayunt-Balıkesir demiryolu",
        "operator": "TCDD",
        "railway": "rail",
        "railway:etcs": "2",
        "source": "GPS",
        "usage": "main",
        "voltage": "25000"
      },
      "geometry": {
        "type": "LineString",
        "coordinates": [
          [
            30.0944052,
            39.3914472
          ],
          [
            30.0975515,
            39.3913737
          ],
          [
            30.0980853,
            39.3913609
          ]
        ]
      },
      "id": "way/466356039"
    },
    {
      "type": "Feature",
      "properties": {
        "@id": "way/494663455",
        "electrified": "no",
        "gauge": "1435",
        "operator": "TCDD",
        "railway": "rail",
        "service": "siding",
        "source": "bing"
      },
      "geometry": {
        "type": "LineString",
        "coordinates": [
          [
            30.3852621,
            38.7477869
          ],
          [
            30.3851847,
            38.7473208
          ],
          [
            30.3849215,
            38.7425971
          ],
          [
            30.384947,
            38.7422003
          ]
        ]
      },
      "id": "way/494663455"
    },
    {
      "type": "Feature",
      "properties": {
        "@id": "way/543186232",
        "axle_load": "22.5",
        "construction:electrified": "contact_line",
        "construction:frequency": "50",
        "construction:railway:etcs": "2",
        "construction:voltage": "25000",
        "electrified": "no",
        "gauge": "1435",
        "name": "Eskişehir-Konya demiryolu",
        "operator": "TCDD",
        "railway": "rail",
        "railway:etcs": "no",
        "usage": "main"
      },
      "geometry": {
        "type": "LineString",
        "coordinates": [
          [
            30.5539228,
            38.7618705
          ],
          [
            30.5547994,
            38.7602025
          ],
          [
            30.5549405,
            38.7599768
          ],
          [
            30.5550282,
            38.7598236
          ],
          [
            30.5555263,
            38.7592236
          ],
          [
            30.5559324,
            38.7588167
          ],
          [
            30.5561308,
            38.7586314
          ],
          [
            30.5563664,
            38.7584472
          ],
          [
            30.5568851,
            38.7580998
          ],
          [
            30.5571425,
            38.7579374
          ],
          [
            30.5574208,
            38.7577756
          ],
          [
            30.5576846,
            38.7576495
          ],
          [
            30.5579616,
            38.757533
          ],
          [
            30.5582209,
            38.7574335
          ],
          [
            30.5585184,
            38.7573264
          ],
          [
            30.5610103,
            38.7565161
          ]
        ]
      },
      "id": "way/543186232"
    },
    {
      "type": "Feature",
      "properties": {
        "@id": "way/543186233",
        "axle_load": "22.5",
        "electrified": "no",
        "gauge": "1435",
        "maxspeed": "120",
        "name": "Afyonkarahisar-Karakuyu demiryolu",
        "operator": "TCDD",
        "passenger_lines": "1",
        "railway": "rail",
        "source": "bing",
        "usage": "main"
      },
      "geometry": {
        "type": "LineString",
        "coordinates": [
          [
            30.4442471,
            38.8280274
          ],
          [
            30.4445902,
            38.8278957
          ],
          [
            30.4450264,
            38.8276753
          ],
          [
            30.4453595,
            38.8274674
          ],
          [
            30.4456879,
            38.8272385
          ],
          [
            30.4459624,
            38.8269867
          ]
        ]
      },
      "id": "way/543186233"
    },
    {
      "type": "Feature",
      "properties": {
        "@id": "way/846384067",
        "construction:electrified": "contact_line",
        "construction:frequency": "50",
        "construction:railway:etcs": "2",
        "construction:voltage": "25000",
        "covered": "yes",
        "electrified": "no",
        "gauge": "1435",
        "railway": "rail",
        "service": "siding"
      },
      "geometry": {
        "type": "LineString",
        "coordinates": [
          [
            30.5543327,
            38.7629154
          ],
          [
            30.5546522,
            38.762483
          ]
        ]
      },
      "id": "way/846384067"
    },
    {
      "type": "Feature",
      "properties": {
        "@id": "way/846384068",
        "construction:electrified": "contact_line",
        "construction:frequency": "50",
        "construction:railway:etcs": "2",
        "construction:voltage": "25000",
        "covered": "yes",
        "electrified": "no",
        "gauge": "1435",
        "railway": "rail",
        "service": "siding"
      },
      "geometry": {
        "type": "LineString",
        "coordinates": [
          [
            30.554689,
            38.7615582
          ],
          [
            30.5550761,
            38.76079
          ]
        ]
      },
      "id": "way/846384068"
    },
    {
      "type": "Feature",
      "properties": {
        "@id": "way/846384074",
        "construction:electrified": "contact_line",
        "construction:frequency": "50",
        "construction:railway:etcs": "2",
        "construction:voltage": "25000",
        "covered": "yes",
        "electrified": "no",
        "gauge": "1435",
        "railway": "rail",
        "service": "yard"
      },
      "geometry": {
        "type": "LineString",
        "coordinates": [
          [
            30.5562436,
            38.7590818
          ],
          [
            30.5568886,
            38.7586266
          ]
        ]
      },
      "id": "way/846384074"
    },
    {
      "type": "Feature",
      "properties": {
        "@id": "way/846384078",
        "construction:electrified": "contact_line",
        "construction:frequency": "50",
        "construction:railway:etcs": "2",
        "construction:voltage": "25000",
        "covered": "yes",
        "electrified": "no",
        "gauge": "1435",
        "railway": "rail",
        "service": "siding"
      },
      "geometry": {
        "type": "LineString",
        "coordinates": [
          [
            30.5570075,
            38.7573008
          ],
          [
            30.5572156,
            38.7568533
          ]
        ]
      },
      "id": "way/846384078"
    },
    {
      "type": "Feature",
      "properties": {
        "@id": "way/846384079",
        "construction:electrified": "contact_line",
        "construction:frequency": "50",
        "construction:railway:etcs": "2",
        "construction:voltage": "25000",
        "covered": "yes",
        "electrified": "no",
        "gauge": "1435",
        "railway": "rail",
        "service": "siding"
      },
      "geometry": {
        "type": "LineString",
        "coordinates": [
          [
            30.5569177,
            38.7572723
          ],
          [
            30.5571233,
            38.756824
          ]
        ]
      },
      "id": "way/846384079"
    },
    {
      "type": "Feature",
      "properties": {
        "@id": "way/846384080",
        "construction:electrified": "contact_line",
        "construction:frequency": "50",
        "construction:railway:etcs": "2",
        "construction:voltage": "25000",
        "covered": "yes",
        "electrified": "no",
        "gauge": "1435",
        "railway": "rail",
        "service": "siding"
      },
      "geometry": {
        "type": "LineString",
        "coordinates": [
          [
            30.556828,
            38.7572438
          ],
          [
            30.5570529,
            38.7568017
          ]
        ]
      },
      "id": "way/846384080"
    },
    {
      "type": "Feature",
      "properties": {
        "@id": "way/850369233",
        "electrified": "contact_line",
        "frequency": "50",
        "gauge": "1435",
        "railway": "rail",
        "service": "siding",
        "source": "bing",
        "voltage": "25000"
      },
      "geometry": {
        "type": "LineString",
        "coordinates": [
          [
            30.6204506,
            39.7943205
          ],
          [
            30.6201079,
            39.7942503
          ],
          [
            30.6095806,
            39.7930703
          ],
          [
            30.6089889,
            39.793057
          ]
        ]
      },
      "id": "way/850369233"
    },
    {
      "type": "Feature",
      "properties": {
        "@id": "way/858496992",
        "axle_load": "22.5",
        "construction:electrified": "contact_line",
        "construction:frequency": "50",
        "construction:railway:etcs": "1",
        "construction:voltage": "25000",
        "electrified": "no",
        "gauge": "1435",
        "maxspeed": "115",
        "name": "Eskişehir-Konya demiryolu",
        "operator": "TCDD",
        "passenger_lines": "1",
        "railway": "rail",
        "source": "osm-gpx",
        "usage": "main"
      },
      "geometry": {
        "type": "LineString",
        "coordinates": [
          [
            30.4032174,
            39.0153781
          ],
          [
            30.4031077,
            39.0116648
          ],
          [
            30.4031203,
            39.0112148
          ],
          [
            30.4032661,
            39.0105356
          ],
          [
            30.4037209,
            39.0094951
          ],
          [
            30.4043062,
            39.0087796
          ],
          [
            30.4049652,
            39.0081542
          ],
          [
            30.4116148,
            39.002581
          ],
          [
            30.4124783,
            39.0019382
          ],
          [
            30.4133079,
            39.0014247
          ],
          [
            30.4235046,
            38.9956144
          ],
          [
            30.4259079,
            38.9942802
          ],
          [
            30.427882,
            38.993413
          ],
          [
            30.43801,
            38.9896105
          ],
          [
            30.4479185,
            38.9855729
          ],
          [
            30.4522579,
            38.9838063
          ],
          [
            30.4600784,
            38.9802123
          ],
          [
            30.465905,
            38.9775345
          ],
          [
            30.4682224,
            38.9763334
          ],
          [
            30.469939,
            38.9750656
          ],
          [
            30.4717415,
            38.973264
          ],
          [
            30.4730289,
            38.9715958
          ],
          [
            30.4757755,
            38.9661904
          ],
          [
            30.4764622,
            38.9649225
          ],
          [
            30.477578,
            38.9641884
          ],
          [
            30.4791229,
            38.9637212
          ],
          [
            30.4822174,
            38.9633239
          ],
          [
            30.4842802,
            38.9630935
          ],
          [
            30.4853607,
            38.9629668
          ],
          [
            30.4866055,
            38.9627922
          ],
          [
            30.4873244,
            38.9625669
          ],
          [
            30.4880493,
            38.962253
          ],
          [
            30.4891651,
            38.9614521
          ],
          [
            30.4984348,
            38.9528422
          ],
          [
            30.4990817,
            38.9521457
          ],
          [
            30.4995506,
            38.9516408
          ],
          [
            30.5004089,
            38.9501055
          ],
          [
            30.5007499,
            38.9492262
          ],
          [
            30.5036705,
            38.9416945
          ],
          [
            30.5040411,
            38.9406109
          ],
          [
            30.5042591,
            38.939812
          ],
          [
            30.5043468,
            38.9390607
          ],
          [
            30.5043365,
            38.9382931
          ]
        ]
      },
      "id": "way/858496992"
    },
    {
      "type": "Feature",
      "properties": {
        "@id": "way/904960078",
        "construction:electrified": "contact_line",
        "construction:frequency": "50",
        "construction:railway:etcs": "1",
        "construction:voltage": "25000",
        "electrified": "no",
        "gauge": "1435",
        "railway": "rail",
        "service": "siding",
        "source": "bing"
      },
      "geometry": {
        "type": "LineString",
        "coordinates": [
          [
            30.3825588,
            39.1296707
          ],
          [
            30.3823361,
            39.129926
          ],
          [
            30.3820781,
            39.1302392
          ],
          [
            30.3788166,
            39.1332609
          ],
          [
            30.3786293,
            39.1333822
          ],
          [
            30.3784453,
            39.1335012
          ]
        ]
      },
      "id": "way/904960078"
    },
    {
      "type": "Feature",
      "properties": {
        "@id": "way/904960079",
        "construction:electrified": "contact_line",
        "construction:frequency": "50",
        "construction:railway:etcs": "1",
        "construction:voltage": "25000",
        "electrified": "no",
        "gauge": "1435",
        "railway": "rail",
        "service": "siding",
        "source": "bing"
      },
      "geometry": {
        "type": "LineString",
        "coordinates": [
          [
            30.3823361,
            39.129926
          ],
          [
            30.3786293,
            39.1333822
          ]
        ]
      },
      "id": "way/904960079"
    },
    {
      "type": "Feature",
      "properties": {
        "@id": "way/916146742",
        "construction:electrified": "contact_line",
        "construction:frequency": "50",
        "construction:railway:etcs": "1",
        "construction:voltage": "25000",
        "electrified": "no",
        "gauge": "1435",
        "railway": "rail",
        "service": "siding",
        "source": "bing"
      },
      "geometry": {
        "type": "LineString",
        "coordinates": [
          [
            30.4032752,
            39.0168817
          ],
          [
            30.4033171,
            39.0165638
          ],
          [
            30.4032865,
            39.0159131
          ],
          [
            30.4032628,
            39.0153739
          ],
          [
            30.4032686,
            39.0152517
          ],
          [
            30.4031743,
            39.0121197
          ],
          [
            30.4031077,
            39.0116648
          ]
        ]
      },
      "id": "way/916146742"
    },
    {
      "type": "Feature",
      "properties": {
        "@id": "way/916146743",
        "construction:electrified": "contact_line",
        "construction:frequency": "50",
        "construction:railway:etcs": "1",
        "construction:voltage": "25000",
        "electrified": "no",
        "gauge": "1435",
        "railway": "rail",
        "service": "siding",
        "source": "bing"
      },
      "geometry": {
        "type": "LineString",
        "coordinates": [
          [
            30.4032686,
            39.0152517
          ],
          [
            30.4033001,
            39.0148841
          ],
          [
            30.4032253,
            39.012374
          ],
          [
            30.4031743,
            39.0121197
          ]
        ]
      },
      "id": "way/916146743"
    },
    {
      "type": "Feature",
      "properties": {
        "@id": "way/916146744",
        "electrified": "no",
        "gauge": "1435",
        "railway": "rail",
        "service": "spur"
      },
      "geometry": {
        "type": "LineString",
        "coordinates": [
          [
            30.4032865,
            39.0159131
          ],
          [
            30.4033843,
            39.0162459
          ],
          [
            30.4036808,
            39.0169508
          ],
          [
            30.4038544,
            39.0178922
          ],
          [
            30.4039165,
            39.0181032
          ],
          [
            30.4040017,
            39.0183015
          ],
          [
            30.4041957,
            39.0186432
          ],
          [
            30.4042513,
            39.0187381
          ]
        ]
      },
      "id": "way/916146744"
    },
    {
      "type": "Feature",
      "properties": {
        "@id": "way/916146745",
        "electrified": "no",
        "gauge": "1435",
        "railway": "rail",
        "service": "spur"
      },
      "geometry": {
        "type": "LineString",
        "coordinates": [
          [
            30.4047914,
            39.0197143
          ],
          [
            30.4040851,
            39.0188349
          ],
          [
            30.4038186,
            39.0183792
          ],
          [
            30.4037069,
            39.0180941
          ],
          [
            30.4036188,
            39.0175678
          ],
          [
            30.4034824,
            39.0166789
          ],
          [
            30.4034121,
            39.0164645
          ],
          [
            30.4033843,
            39.0162459
          ]
        ]
      },
      "id": "way/916146745"
    },
    {
      "type": "Feature",
      "properties": {
        "@id": "way/916146746",
        "electrified": "no",
        "gauge": "1435",
        "railway": "rail",
        "service": "spur"
      },
      "geometry": {
        "type": "LineString",
        "coordinates": [
          [
            30.4047288,
            39.0197379
          ],
          [
            30.4040278,
            39.0188599
          ],
          [
            30.4037721,
            39.0184153
          ],
          [
            30.4036509,
            39.0181032
          ],
          [
            30.4034752,
            39.0168978
          ],
          [
            30.4034121,
            39.0164645
          ]
        ]
      },
      "id": "way/916146746"
    },
    {
      "type": "Feature",
      "properties": {
        "@id": "way/916148622",
        "construction:electrified": "contact_line",
        "construction:frequency": "50",
        "construction:railway:etcs": "1",
        "construction:voltage": "25000",
        "electrified": "no",
        "gauge": "1435",
        "railway": "rail",
        "service": "siding",
        "source": "bing"
      },
      "geometry": {
        "type": "LineString",
        "coordinates": [
          [
            30.5018987,
            38.9243609
          ],
          [
            30.5017867,
            38.9246716
          ],
          [
            30.5015159,
            38.9251773
          ],
          [
            30.5011969,
            38.9257729
          ],
          [
            30.5009539,
            38.9265971
          ],
          [
            30.5007344,
            38.9275883
          ],
          [
            30.5005718,
            38.9296642
          ],
          [
            30.5005289,
            38.9303193
          ],
          [
            30.5005155,
            38.9308304
          ],
          [
            30.5006004,
            38.9314101
          ],
          [
            30.5007946,
            38.9320247
          ],
          [
            30.5011444,
            38.9326182
          ],
          [
            30.5013166,
            38.9328912
          ],
          [
            30.5014648,
            38.9330728
          ],
          [
            30.5018345,
            38.933513
          ],
          [
            30.5020039,
            38.9337956
          ]
        ]
      },
      "id": "way/916148622"
    },
    {
      "type": "Feature",
      "properties": {
        "@id": "way/916148623",
        "construction:electrified": "contact_line",
        "construction:frequency": "50",
        "construction:railway:etcs": "1",
        "construction:voltage": "25000",
        "electrified": "no",
        "gauge": "1435",
        "railway": "rail",
        "service": "siding",
        "source": "bing"
      },
      "geometry": {
        "type": "LineString",
        "coordinates": [
          [
            30.5004761,
            38.9303175
          ],
          [
            30.5004172,
            38.930589
          ],
          [
            30.5004094,
            38.9308254
          ],
          [
            30.5005035,
            38.9314374
          ],
          [
            30.5007007,
            38.932027
          ],
          [
            30.5010242,
            38.9326046
          ],
          [
            30.501243,
            38.9329354
          ],
          [
            30.5014451,
            38.9331207
          ]
        ]
      },
      "id": "way/916148623"
    },
    {
      "type": "Feature",
      "properties": {
        "@id": "way/916157367",
        "electrified": "no",
        "gauge": "1435",
        "railway": "rail",
        "service": "yard"
      },
      "geometry": {
        "type": "LineString",
        "coordinates": [
          [
            30.2884477,
            39.2055432
          ],
          [
            30.2890154,
            39.2056751
          ],
          [
            30.289364,
            39.2057555
          ],
          [
            30.291236,
            39.2060295
          ],
          [
            30.2956804,
            39.2066799
          ],
          [
            30.2961408,
            39.2067473
          ],
          [
            30.3036776,
            39.2078611
          ],
          [
            30.3042625,
            39.2079456
          ],
          [
            30.308147,
            39.2085101
          ]
        ]
      },
      "id": "way/916157367"
    },
    {
      "type": "Feature",
      "properties": {
        "@id": "way/916157368",
        "construction:electrified": "contact_line",
        "construction:frequency": "50",
        "construction:voltage": "25000",
        "electrified": "no",
        "gauge": "1435",
        "railway": "rail",
        "service": "yard",
        "source": "bing"
      },
      "geometry": {
        "type": "LineString",
        "coordinates": [
          [
            30.2890154,
            39.2056751
          ],
          [
            30.2912335,
            39.2059975
          ],
          [
            30.2967584,
            39.2068005
          ],
          [
            30.2973251,
            39.2068829
          ],
          [
            30.2996524,
            39.2072249
          ],
          [
            30.303182,
            39.2077369
          ],
          [
            30.3081526,
            39.2084704
          ]
        ]
      },
      "id": "way/916157368"
    },
    {
      "type": "Feature",
      "properties": {
        "@id": "way/916157370",
        "electrified": "no",
        "gauge": "1435",
        "railway": "rail",
        "service": "yard"
      },
      "geometry": {
        "type": "LineString",
        "coordinates": [
          [
            30.289364,
            39.2057555
          ],
          [
            30.2897678,
            39.2058541
          ],
          [
            30.291239,
            39.2060696
          ],
          [
            30.2950813,
            39.2066324
          ],
          [
            30.2984951,
            39.207139
          ],
          [
            30.2990726,
            39.2072248
          ],
          [
            30.3023934,
            39.2077179
          ],
          [
            30.3046872,
            39.2080491
          ],
          [
            30.3081315,
            39.2085475
          ]
        ]
      },
      "id": "way/916157370"
    },
    {
      "type": "Feature",
      "properties": {
        "@id": "way/916157371",
        "electrified": "no",
        "gauge": "1435",
        "railway": "rail",
        "service": "crossover"
      },
      "geometry": {
        "type": "LineString",
        "coordinates": [
          [
            30.303182,
            39.2077369
          ],
          [
            30.3036776,
            39.2078611
          ]
        ]
      },
      "id": "way/916157371"
    },
    {
      "type": "Feature",
      "properties": {
        "@id": "way/916157372",
        "electrified": "no",
        "gauge": "1435",
        "railway": "rail",
        "service": "crossover"
      },
      "geometry": {
        "type": "LineString",
        "coordinates": [
          [
            30.3042625,
            39.2079456
          ],
          [
            30.3046872,
            39.2080491
          ]
        ]
      },
      "id": "way/916157372"
    },
    {
      "type": "Feature",
      "properties": {
        "@id": "way/916157373",
        "electrified": "no",
        "gauge": "1435",
        "railway": "rail",
        "service": "yard"
      },
      "geometry": {
        "type": "LineString",
        "coordinates": [
          [
            30.3023934,
            39.2077179
          ],
          [
            30.3021849,
            39.2077322
          ],
          [
            30.2996377,
            39.2073671
          ],
          [
            30.2990726,
            39.2072248
          ]
        ]
      },
      "id": "way/916157373"
    },
    {
      "type": "Feature",
      "properties": {
        "@id": "way/916157375",
        "construction:electrified": "contact_line",
        "construction:frequency": "50",
        "construction:railway:etcs": "1",
        "construction:voltage": "25000",
        "electrified": "no",
        "gauge": "1435",
        "railway": "rail",
        "service": "siding",
        "source": "bing"
      },
      "geometry": {
        "type": "LineString",
        "coordinates": [
          [
            30.2995147,
            39.2071412
          ],
          [
            30.2991187,
            39.2070406
          ],
          [
            30.291226,
            39.2058986
          ],
          [
            30.2898388,
            39.2056969
          ],
          [
            30.2893424,
            39.2056721
          ]
        ]
      },
      "id": "way/916157375"
    },
    {
      "type": "Feature",
      "properties": {
        "@id": "way/916188403",
        "construction:electrified": "contact_line",
        "construction:frequency": "50",
        "construction:railway:etcs": "1",
        "construction:voltage": "25000",
        "electrified": "no",
        "gauge": "1435",
        "railway": "rail",
        "service": "siding",
        "source": "bing"
      },
      "geometry": {
        "type": "LineString",
        "coordinates": [
          [
            30.1834702,
            39.2632908
          ],
          [
            30.1830929,
            39.2635813
          ],
          [
            30.1821255,
            39.2641765
          ],
          [
            30.1812973,
            39.2648437
          ],
          [
            30.1808531,
            39.2652575
          ],
          [
            30.1806302,
            39.2654931
          ],
          [
            30.1801046,
            39.2660918
          ],
          [
            30.1799226,
            39.2663084
          ],
          [
            30.1776024,
            39.2690689
          ],
          [
            30.1774234,
            39.2692256
          ]
        ]
      },
      "id": "way/916188403"
    },
    {
      "type": "Feature",
      "properties": {
        "@id": "way/916188404",
        "construction:electrified": "contact_line",
        "construction:frequency": "50",
        "construction:railway:etcs": "1",
        "construction:voltage": "25000",
        "electrified": "no",
        "gauge": "1435",
        "railway": "rail",
        "service": "siding",
        "source": "bing"
      },
      "geometry": {
        "type": "LineString",
        "coordinates": [
          [
            30.1776024,
            39.2690689
          ],
          [
            30.1777858,
            39.268908
          ],
          [
            30.179751,
            39.2665794
          ],
          [
            30.1799226,
            39.2663084
          ]
        ]
      },
      "id": "way/916188404"
    },
    {
      "type": "Feature",
      "properties": {
        "@id": "way/916188406",
        "construction:electrified": "contact_line",
        "construction:frequency": "50",
        "construction:railway:etcs": "1",
        "construction:voltage": "25000",
        "electrified": "no",
        "gauge": "1435",
        "railway": "rail",
        "service": "siding",
        "source": "bing"
      },
      "geometry": {
        "type": "LineString",
        "coordinates": [
          [
            30.1798887,
            39.266284
          ],
          [
            30.179626,
            39.2665263
          ],
          [
            30.1777429,
            39.2687815
          ],
          [
            30.1775731,
            39.2690478
          ]
        ]
      },
      "id": "way/916188406"
    },
    {
      "type": "Feature",
      "properties": {
        "@id": "way/956616836",
        "axle_load": "22.5",
        "construction:electrified": "contact_line",
        "construction:frequency": "50",
        "construction:railway:etcs": "1",
        "construction:voltage": "25000",
        "electrified": "no",
        "gauge": "1435",
        "name": "Eskişehir-Konya demiryolu",
        "operator": "TCDD",
        "railway": "rail",
        "railway:etcs": "no",
        "source": "osm-gpx",
        "usage": "main"
      },
      "geometry": {
        "type": "LineString",
        "coordinates": [
          [
            30.5610103,
            38.7565161
          ],
          [
            30.5671183,
            38.7545742
          ],
          [
            30.5708144,
            38.7533991
          ],
          [
            30.5712985,
            38.7532452
          ],
          [
            30.5722357,
            38.7529413
          ],
          [
            30.5728519,
            38.7527501
          ],
          [
            30.5736519,
            38.7525354
          ],
          [
            30.5762226,
            38.752028
          ],
          [
            30.5771515,
            38.7518489
          ],
          [
            30.5781231,
            38.7516653
          ],
          [
            30.5789097,
            38.7515089
          ],
          [
            30.5805522,
            38.7511838
          ],
          [
            30.5812246,
            38.7510454
          ],
          [
            30.5813629,
            38.7510118
          ],
          [
            30.5819111,
            38.7508708
          ],
          [
            30.5821976,
            38.7507906
          ],
          [
            30.5826513,
            38.750645
          ],
          [
            30.5833256,
            38.7503741
          ],
          [
            30.5841794,
            38.7500228
          ],
          [
            30.5860049,
            38.7492316
          ],
          [
            30.5885569,
            38.7481055
          ],
          [
            30.5911338,
            38.7469659
          ],
          [
            30.5926585,
            38.7462724
          ],
          [
            30.5933502,
            38.7459094
          ],
          [
            30.5938885,
            38.7455851
          ],
          [
            30.5948502,
            38.7448849
          ],
          [
            30.5961841,
            38.743861
          ],
          [
            30.5982163,
            38.7422826
          ],
          [
            30.5991847,
            38.7415557
          ],
          [
            30.6005722,
            38.7405091
          ],
          [
            30.6014211,
            38.7399807
          ],
          [
            30.6020874,
            38.7395918
          ],
          [
            30.6026599,
            38.7392748
          ],
          [
            30.604922,
            38.7381236
          ],
          [
            30.6069361,
            38.7371153
          ],
          [
            30.6094098,
            38.7358639
          ],
          [
            30.6116827,
            38.7347003
          ],
          [
            30.6126448,
            38.7341487
          ],
          [
            30.6131878,
            38.7338054
          ],
          [
            30.6138041,
            38.7333329
          ],
          [
            30.6141364,
            38.7330409
          ],
          [
            30.6144513,
            38.7327418
          ],
          [
            30.6148494,
            38.7323346
          ],
          [
            30.6152158,
            38.7319091
          ],
          [
            30.6155265,
            38.7315096
          ],
          [
            30.615996,
            38.7307952
          ],
          [
            30.6163264,
            38.730129
          ],
          [
            30.6165274,
            38.7296131
          ],
          [
            30.616857,
            38.728519
          ],
          [
            30.6172332,
            38.7272066
          ],
          [
            30.6177987,
            38.7251111
          ],
          [
            30.6188749,
            38.7213491
          ],
          [
            30.6192087,
            38.7204368
          ],
          [
            30.6195723,
            38.7196228
          ],
          [
            30.6198175,
            38.7191716
          ],
          [
            30.6205025,
            38.7180804
          ],
          [
            30.6207272,
            38.7177788
          ],
          [
            30.6209416,
            38.7174952
          ],
          [
            30.621249,
            38.7171144
          ],
          [
            30.6220146,
            38.7162914
          ],
          [
            30.6228622,
            38.7155251
          ],
          [
            30.6236617,
            38.7148829
          ],
          [
            30.6246176,
            38.714127
          ]
        ]
      },
      "id": "way/956616836"
    },
    {
      "type": "Feature",
      "properties": {
        "@id": "way/956616837",
        "axle_load": "22.5",
        "bridge": "yes",
        "construction:electrified": "contact_line",
        "construction:frequency": "50",
        "construction:railway:etcs": "1",
        "construction:voltage": "25000",
        "electrified": "no",
        "gauge": "1435",
        "layer": "1",
        "name": "Eskişehir-Konya demiryolu",
        "operator": "TCDD",
        "railway": "rail",
        "railway:etcs": "no",
        "source": "osm-gpx",
        "usage": "main"
      },
      "geometry": {
        "type": "LineString",
        "coordinates": [
          [
            30.6342386,
            38.7072675
          ],
          [
            30.6344448,
            38.7071869
          ]
        ]
      },
      "id": "way/956616837"
    },
    {
      "type": "Feature",
      "properties": {
        "@id": "way/956616838",
        "axle_load": "22.5",
        "construction:electrified": "contact_line",
        "construction:frequency": "50",
        "construction:railway:etcs": "1",
        "construction:voltage": "25000",
        "electrified": "no",
        "gauge": "1435",
        "name": "Eskişehir-Konya demiryolu",
        "operator": "TCDD",
        "railway": "rail",
        "railway:etcs": "no",
        "source": "osm-gpx",
        "usage": "main"
      },
      "geometry": {
        "type": "LineString",
        "coordinates": [
          [
            30.6321168,
            38.7083424
          ],
          [
            30.6324692,
            38.708103
          ],
          [
            30.6330232,
            38.707798
          ],
          [
            30.6335516,
            38.7075432
          ],
          [
            30.6338393,
            38.7074223
          ],
          [
            30.6342386,
            38.7072675
          ]
        ]
      },
      "id": "way/956616838"
    },
    {
      "type": "Feature",
      "properties": {
        "@id": "way/956616839",
        "axle_load": "22.5",
        "bridge": "yes",
        "construction:electrified": "contact_line",
        "construction:frequency": "50",
        "construction:railway:etcs": "1",
        "construction:voltage": "25000",
        "electrified": "no",
        "gauge": "1435",
        "layer": "1",
        "name": "Eskişehir-Konya demiryolu",
        "operator": "TCDD",
        "railway": "rail",
        "railway:etcs": "no",
        "source": "osm-gpx",
        "usage": "main"
      },
      "geometry": {
        "type": "LineString",
        "coordinates": [
          [
            30.6319928,
            38.7084267
          ],
          [
            30.6321168,
            38.7083424
          ]
        ]
      },
      "id": "way/956616839"
    },
    {
      "type": "Feature",
      "properties": {
        "@id": "way/1016032828",
        "axle_load": "22.5",
        "bridge": "yes",
        "construction:electrified": "contact_line",
        "construction:frequency": "50",
        "construction:railway:etcs": "1",
        "construction:voltage": "25000",
        "electrified": "no",
        "gauge": "1435",
        "layer": "1",
        "maxspeed": "115",
        "name": "Eskişehir-Konya demiryolu",
        "operator": "TCDD",
        "passenger_lines": "1",
        "railway": "rail",
        "source": "osm-gpx",
        "usage": "main"
      },
      "geometry": {
        "type": "LineString",
        "coordinates": [
          [
            30.3869247,
            39.1233971
          ],
          [
            30.3869395,
            39.1232489
          ]
        ]
      },
      "id": "way/1016032828"
    },
    {
      "type": "Feature",
      "properties": {
        "@id": "way/1172962840",
        "electrified": "no",
        "gauge": "1435",
        "railway": "rail",
        "service": "yard"
      },
      "geometry": {
        "type": "LineString",
        "coordinates": [
          [
            30.4897608,
            39.7740043
          ],
          [
            30.4904197,
            39.7742572
          ]
        ]
      },
      "id": "way/1172962840"
    },
    {
      "type": "Feature",
      "properties": {
        "@id": "way/1218532314",
        "axle_load": "22.5",
        "electrified": "no",
        "gauge": "1435",
        "name": "İzmir-Afyonkarahisar demiryolu",
        "operator": "TCDD",
        "passenger_lines": "1",
        "railway": "rail",
        "railway:etcs": "no",
        "source": "bing",
        "usage": "main"
      },
      "geometry": {
        "type": "LineString",
        "coordinates": [
          [
            30.1137713,
            38.8791171
          ],
          [
            30.1129412,
            38.8792206
          ],
          [
            30.1118619,
            38.8793129
          ],
          [
            30.1117166,
            38.8793218
          ],
          [
            30.1092566,
            38.8794716
          ],
          [
            30.1073336,
            38.8796033
          ],
          [
            30.1017169,
            38.8799739
          ],
          [
            30.0963065,
            38.8803357
          ],
          [
            30.0917999,
            38.880637
          ],
          [
            30.090727,
            38.8806863
          ],
          [
            30.0899073,
            38.8805568
          ],
          [
            30.0890154,
            38.880289
          ],
          [
            30.0882752,
            38.8799198
          ],
          [
            30.0855632,
            38.8783268
          ],
          [
            30.0851195,
            38.878019
          ],
          [
            30.0847697,
            38.877636
          ],
          [
            30.0818199,
            38.8739109
          ],
          [
            30.0808135,
            38.8727816
          ],
          [
            30.0795862,
            38.8718502
          ],
          [
            30.0784017,
            38.8709389
          ],
          [
            30.07804,
            38.8705439
          ],
          [
            30.0777837,
            38.8700819
          ],
          [
            30.077672,
            38.8696632
          ],
          [
            30.0776557,
            38.8692587
          ],
          [
            30.0777146,
            38.8685574
          ],
          [
            30.0777911,
            38.8677669
          ],
          [
            30.0777802,
            38.8673497
          ],
          [
            30.0777069,
            38.8669588
          ],
          [
            30.0764469,
            38.8629789
          ],
          [
            30.0762197,
            38.862452
          ],
          [
            30.0759358,
            38.8619316
          ],
          [
            30.0752236,
            38.8609358
          ],
          [
            30.074819,
            38.8604792
          ],
          [
            30.0743746,
            38.8600584
          ],
          [
            30.073778,
            38.8595315
          ],
          [
            30.0733494,
            38.8592216
          ],
          [
            30.0729158,
            38.8589684
          ],
          [
            30.0727879,
            38.8588937
          ],
          [
            30.0672429,
            38.856216
          ],
          [
            30.0656415,
            38.8552996
          ],
          [
            30.0640986,
            38.8543142
          ],
          [
            30.0614544,
            38.852612
          ],
          [
            30.0574828,
            38.8499803
          ]
        ]
      },
      "id": "way/1218532314"
    },
    {
      "type": "Feature",
      "properties": {
        "@id": "way/1218532316",
        "axle_load": "22.5",
        "electrified": "no",
        "gauge": "1435",
        "name": "İzmir-Afyonkarahisar demiryolu",
        "operator": "TCDD",
        "passenger_lines": "1",
        "railway": "rail",
        "railway:etcs": "no",
        "usage": "main"
      },
      "geometry": {
        "type": "LineString",
        "coordinates": [
          [
            30.1656485,
            38.8708098
          ],
          [
            30.1654062,
            38.8708791
          ],
          [
            30.1645873,
            38.8713452
          ],
          [
            30.1637453,
            38.8723097
          ],
          [
            30.1629932,
            38.8731082
          ],
          [
            30.1625631,
            38.8733931
          ],
          [
            30.1620064,
            38.8736556
          ],
          [
            30.1613399,
            38.8738313
          ],
          [
            30.1606232,
            38.8738942
          ],
          [
            30.1592649,
            38.873728
          ],
          [
            30.1544498,
            38.8730234
          ],
          [
            30.1539451,
            38.8729496
          ]
        ]
      },
      "id": "way/1218532316"
    },
    {
      "type": "Feature",
      "properties": {
        "@id": "way/1218532317",
        "axle_load": "22.5",
        "bridge": "yes",
        "electrified": "no",
        "gauge": "1435",
        "layer": "1",
        "operator": "TCDD",
        "passenger_lines": "1",
        "railway": "rail",
        "railway:etcs": "no",
        "usage": "main"
      },
      "geometry": {
        "type": "LineString",
        "coordinates": [
          [
            30.1539451,
            38.8729496
          ],
          [
            30.1538398,
            38.8729342
          ]
        ]
      },
      "id": "way/1218532317"
    },
    {
      "type": "Feature",
      "properties": {
        "@id": "way/1284481747",
        "axle_load": "22.5",
        "electrified": "no",
        "gauge": "1435",
        "operator": "TCDD",
        "railway": "rail",
        "railway:etcs": "no",
        "service": "yard"
      },
      "geometry": {
        "type": "LineString",
        "coordinates": [
          [
            30.6307304,
            38.7093708
          ],
          [
            30.6300317,
            38.7099234
          ],
          [
            30.6294995,
            38.7103306
          ],
          [
            30.6292448,
            38.7105312
          ],
          [
            30.6289985,
            38.7107473
          ],
          [
            30.6254089,
            38.7135525
          ],
          [
            30.6237003,
            38.7149035
          ]
        ]
      },
      "id": "way/1284481747"
    },
    {
      "type": "Feature",
      "properties": {
        "@id": "way/1284481748",
        "axle_load": "22.5",
        "construction:electrified": "contact_line",
        "construction:frequency": "50",
        "construction:railway:etcs": "1",
        "construction:voltage": "25000",
        "electrified": "no",
        "gauge": "1435",
        "name": "Eskişehir-Konya demiryolu",
        "operator": "TCDD",
        "railway": "rail",
        "railway:etcs": "no",
        "source": "osm-gpx",
        "usage": "main"
      },
      "geometry": {
        "type": "LineString",
        "coordinates": [
          [
            30.6246176,
            38.714127
          ],
          [
            30.6299871,
            38.7099133
          ],
          [
            30.6304405,
            38.7095654
          ],
          [
            30.6313963,
            38.708832
          ],
          [
            30.6319928,
            38.7084267
          ]
        ]
      },
      "id": "way/1284481748"
    },
    {
      "type": "Feature",
      "properties": {
        "@id": "way/1284481749",
        "axle_load": "22.5",
        "construction:electrified": "contact_line",
        "construction:frequency": "50",
        "construction:railway:etcs": "1",
        "construction:voltage": "25000",
        "electrified": "no",
        "gauge": "1435",
        "name": "Eskişehir-Konya demiryolu",
        "operator": "TCDD",
        "railway": "rail",
        "railway:etcs": "no",
        "source": "osm-gpx",
        "usage": "main"
      },
      "geometry": {
        "type": "LineString",
        "coordinates": [
          [
            30.6480866,
            38.7031604
          ],
          [
            30.6471429,
            38.7034935
          ],
          [
            30.6351716,
            38.7069752
          ],
          [
            30.6344612,
            38.7072189
          ]
        ]
      },
      "id": "way/1284481749"
    },
    {
      "type": "Feature",
      "properties": {
        "@id": "way/1284481758",
        "axle_load": "22.5",
        "electrified": "no",
        "gauge": "1435",
        "operator": "TCDD",
        "railway": "rail",
        "railway:etcs": "no",
        "service": "yard"
      },
      "geometry": {
        "type": "LineString",
        "coordinates": [
          [
            30.6289985,
            38.7107473
          ],
          [
            30.6288053,
            38.7109466
          ],
          [
            30.6257884,
            38.713292
          ],
          [
            30.6256865,
            38.7133799
          ]
        ]
      },
      "id": "way/1284481758"
    },
    {
      "type": "Feature",
      "properties": {
        "@id": "way/1284481759",
        "axle_load": "22.5",
        "electrified": "no",
        "gauge": "1435",
        "operator": "TCDD",
        "railway": "rail",
        "railway:etcs": "no",
        "service": "yard"
      },
      "geometry": {
        "type": "LineString",
        "coordinates": [
          [
            30.6292448,
            38.7105312
          ],
          [
            30.6288367,
            38.7109835
          ],
          [
            30.6259762,
            38.7132062
          ],
          [
            30.6256865,
            38.7133799
          ],
          [
            30.6254089,
            38.7135525
          ]
        ]
      },
      "id": "way/1284481759"
    },
    {
      "type": "Feature",
      "properties": {
        "@id": "way/1284481761",
        "axle_load": "22.5",
        "electrified": "no",
        "gauge": "1435",
        "operator": "TCDD",
        "railway": "rail",
        "railway:etcs": "no",
        "service": "yard"
      },
      "geometry": {
        "type": "LineString",
        "coordinates": [
          [
            30.6257368,
            38.7138304
          ],
          [
            30.6282024,
            38.7119536
          ],
          [
            30.6284089,
            38.7117767
          ],
          [
            30.6287241,
            38.7114261
          ],
          [
            30.6289266,
            38.7111216
          ],
          [
            30.6291251,
            38.7107658
          ],
          [
            30.6292702,
            38.710588
          ],
          [
            30.6294995,
            38.7103306
          ]
        ]
      },
      "id": "way/1284481761"
    },
    {
      "type": "Feature",
      "properties": {
        "@id": "way/1312008606",
        "axle_load": "22.5",
        "electrified": "contact_line",
        "frequency": "50",
        "gauge": "1435",
        "name": "Alayunt-Balıkesir demiryolu",
        "operator": "TCDD",
        "railway": "rail",
        "railway:etcs": "2",
        "source": "GPS",
        "usage": "main",
        "voltage": "25000"
      },
      "geometry": {
        "type": "LineString",
        "coordinates": [
          [
            30.094398,
            39.3914004
          ],
          [
            30.0975457,
            39.3913395
          ]
        ]
      },
      "id": "way/1312008606"
    },
    {
      "type": "Feature",
      "properties": {
        "@id": "way/1312008607",
        "axle_load": "22.5",
        "construction:railway:etcs": "1",
        "electrified": "contact_line",
        "frequency": "50",
        "gauge": "1435",
        "operator": "TCDD",
        "railway": "rail",
        "service": "siding",
        "source": "GPS",
        "voltage": "25000"
      },
      "geometry": {
        "type": "LineString",
        "coordinates": [
          [
            30.0985436,
            39.3913107
          ],
          [
            30.0990003,
            39.3912602
          ],
          [
            30.0994046,
            39.3912037
          ],
          [
            30.09984,
            39.3911332
          ],
          [
            30.1002243,
            39.3910313
          ],
          [
            30.1006333,
            39.3908828
          ],
          [
            30.1010441,
            39.3907073
          ],
          [
            30.1015653,
            39.3904469
          ],
          [
            30.1019061,
            39.39019
          ],
          [
            30.1022206,
            39.3899202
          ],
          [
            30.1022829,
            39.3898658
          ],
          [
            30.1027976,
            39.3892561
          ],
          [
            30.1031382,
            39.388823
          ],
          [
            30.1033759,
            39.3886043
          ]
        ]
      },
      "id": "way/1312008607"
    },
    {
      "type": "Feature",
      "properties": {
        "@id": "way/1329003246",
        "axle_load": "22.5",
        "construction:railway:etcs": "1",
        "electrified": "contact_line",
        "frequency": "50",
        "gauge": "1435",
        "maxspeed": "115",
        "name": "Eskişehir-Konya demiryolu",
        "operator": "TCDD",
        "railway": "rail",
        "source": "GPS",
        "usage": "main",
        "voltage": "25000"
      },
      "geometry": {
        "type": "LineString",
        "coordinates": [
          [
            30.1037249,
            39.3881429
          ],
          [
            30.1049257,
            39.3862018
          ]
        ]
      },
      "id": "way/1329003246"
    },
    {
      "type": "Feature",
      "properties": {
        "@id": "way/1329003249",
        "axle_load": "22.5",
        "electrified": "contact_line",
        "frequency": "50",
        "gauge": "1435",
        "railway": "rail",
        "railway:etcs": "2",
        "service": "crossover",
        "source": "GPS",
        "voltage": "25000"
      },
      "geometry": {
        "type": "LineString",
        "coordinates": [
          [
            30.0975457,
            39.3913395
          ],
          [
            30.0977998,
            39.3913488
          ],
          [
            30.0980853,
            39.3913609
          ]
        ]
      },
      "id": "way/1329003249"
    },
    {
      "type": "Feature",
      "properties": {
        "@id": "way/1329003250",
        "axle_load": "22.5",
        "electrified": "contact_line",
        "frequency": "50",
        "gauge": "1435",
        "railway": "rail",
        "railway:etcs": "2",
        "service": "crossover",
        "source": "GPS",
        "voltage": "25000"
      },
      "geometry": {
        "type": "LineString",
        "coordinates": [
          [
            30.0980907,
            39.3913201
          ],
          [
            30.0977998,
            39.3913488
          ],
          [
            30.0975515,
            39.3913737
          ]
        ]
      },
      "id": "way/1329003250"
    },
    {
      "type": "Feature",
      "properties": {
        "@id": "way/1334334546",
        "axle_load": "22.5",
        "electrified": "contact_line",
        "frequency": "50",
        "gauge": "1435",
        "name": "Alayunt-Balıkesir demiryolu",
        "operator": "TCDD",
        "railway": "rail",
        "railway:etcs": "2",
        "source": "GPS",
        "usage": "main",
        "voltage": "25000"
      },
      "geometry": {
        "type": "LineString",
        "coordinates": [
          [
            30.0975457,
            39.3913395
          ],
          [
            30.0980907,
            39.3913201
          ],
          [
            30.0985436,
            39.3913107
          ]
        ]
      },
      "id": "way/1334334546"
    },
    {
      "type": "Feature",
      "properties": {
        "@id": "way/1334334547",
        "axle_load": "22.5",
        "electrified": "contact_line",
        "frequency": "50",
        "gauge": "1435",
        "operator": "TCDD",
        "railway": "rail",
        "railway:etcs": "2",
        "source": "GPS",
        "usage": "main",
        "voltage": "25000"
      },
      "geometry": {
        "type": "LineString",
        "coordinates": [
          [
            30.0980853,
            39.3913609
          ],
          [
            30.0985398,
            39.3913558
          ]
        ]
      },
      "id": "way/1334334547"
    },
    {
      "type": "Feature",
      "properties": {
        "@id": "way/1334702090",
        "axle_load": "22.5",
        "bridge": "yes",
        "electrified": "no",
        "gauge": "1435",
        "layer": "1",
        "operator": "TCDD",
        "passenger_lines": "1",
        "railway": "rail",
        "railway:etcs": "no",
        "usage": "main"
      },
      "geometry": {
        "type": "LineString",
        "coordinates": [
          [
            30.1657459,
            38.8707816
          ],
          [
            30.1656485,
            38.8708098
          ]
        ]
      },
      "id": "way/1334702090"
    },
    {
      "type": "Feature",
      "properties": {
        "@id": "way/1334702091",
        "axle_load": "22.5",
        "construction:electrified": "contact_line",
        "construction:frequency": "50",
        "construction:railway:etcs": "2",
        "construction:voltage": "25000",
        "electrified": "no",
        "gauge": "1435",
        "name": "Eskişehir-Konya demiryolu",
        "operator": "TCDD",
        "railway": "rail",
        "railway:etcs": "no",
        "usage": "main"
      },
      "geometry": {
        "type": "LineString",
        "coordinates": [
          [
            30.5526905,
            38.7642788
          ],
          [
            30.5538638,
            38.7619828
          ]
        ]
      },
      "id": "way/1334702091"
    },
    {
      "type": "Feature",
      "properties": {
        "@id": "way/1337193010",
        "construction:electrified": "contact_line",
        "construction:frequency": "50",
        "construction:railway:etcs": "2",
        "construction:voltage": "25000",
        "electrified": "no",
        "gauge": "1435",
        "operator": "TCDD",
        "railway": "rail",
        "usage": "main"
      },
      "geometry": {
        "type": "LineString",
        "coordinates": [
          [
            30.5610103,
            38.7565161
          ],
          [
            30.560465,
            38.7567257
          ]
        ]
      },
      "id": "way/1337193010"
    },
    {
      "type": "Feature",
      "properties": {
        "@id": "way/1337193011",
        "construction:electrified": "contact_line",
        "construction:frequency": "50",
        "construction:railway:etcs": "2",
        "construction:voltage": "25000",
        "electrified": "no",
        "gauge": "1435",
        "name": "Eskişehir-Konya demiryolu",
        "operator": "TCDD",
        "railway": "rail",
        "usage": "main"
      },
      "geometry": {
        "type": "LineString",
        "coordinates": [
          [
            30.5512996,
            38.7671267
          ],
          [
            30.5517145,
            38.7664642
          ],
          [
            30.5517646,
            38.7663764
          ],
          [
            30.5519458,
            38.7660786
          ],
          [
            30.5520801,
            38.7658126
          ],
          [
            30.5522107,
            38.7655425
          ],
          [
            30.553789,
            38.7624347
          ],
          [
            30.5538942,
            38.7621985
          ],
          [
            30.5540284,
            38.7618731
          ],
          [
            30.5542625,
            38.761395
          ]
        ]
      },
      "id": "way/1337193011"
    },
    {
      "type": "Feature",
      "properties": {
        "@id": "way/1337193013",
        "axle_load": "22.5",
        "construction:electrified": "contact_line",
        "construction:frequency": "50",
        "construction:railway:etcs": "2",
        "construction:voltage": "25000",
        "electrified": "no",
        "gauge": "1435",
        "operator": "TCDD",
        "passenger_lines": "2",
        "railway": "rail",
        "railway:etcs": "no",
        "usage": "main"
      },
      "geometry": {
        "type": "LineString",
        "coordinates": [
          [
            30.5510289,
            38.7677028
          ],
          [
            30.5511308,
            38.7674874
          ]
        ]
      },
      "id": "way/1337193013"
    },
    {
      "type": "Feature",
      "properties": {
        "@id": "way/1337193014",
        "axle_load": "22.5",
        "construction:electrified": "contact_line",
        "construction:frequency": "50",
        "construction:voltage": "25000",
        "electrified": "no",
        "gauge": "1435",
        "operator": "TCDD",
        "railway": "rail",
        "railway:etcs": "no",
        "usage": "main"
      },
      "geometry": {
        "type": "LineString",
        "coordinates": [
          [
            30.5538638,
            38.7619828
          ],
          [
            30.5539228,
            38.7618705
          ]
        ]
      },
      "id": "way/1337193014"
    },
    {
      "type": "Feature",
      "properties": {
        "@id": "way/1337193015",
        "construction:electrified": "contact_line",
        "construction:frequency": "50",
        "construction:railway:etcs": "2",
        "construction:voltage": "25000",
        "electrified": "no",
        "gauge": "1435",
        "name": "Eskişehir-Konya demiryolu",
        "operator": "TCDD",
        "passenger_lines": "2",
        "railway": "rail",
        "usage": "main"
      },
      "geometry": {
        "type": "LineString",
        "coordinates": [
          [
            30.5542625,
            38.761395
          ],
          [
            30.554557,
            38.7608154
          ]
        ]
      },
      "id": "way/1337193015"
    },
    {
      "type": "Feature",
      "properties": {
        "@id": "way/1337193022",
        "electrified": "no",
        "gauge": "1435",
        "operator": "TCDD",
        "railway": "rail",
        "service": "siding",
        "source": "bing"
      },
      "geometry": {
        "type": "LineString",
        "coordinates": [
          [
            30.3849215,
            38.7425971
          ],
          [
            30.3848909,
            38.7430252
          ],
          [
            30.3850998,
            38.7469297
          ],
          [
            30.3851847,
            38.7473208
          ]
        ]
      },
      "id": "way/1337193022"
    },
    {
      "type": "Feature",
      "properties": {
        "@id": "way/1337193023",
        "axle_load": "22.5",
        "electrified": "contact_line",
        "frequency": "50",
        "gauge": "1435",
        "maxspeed": "30",
        "railway": "rail",
        "railway:etcs": "2",
        "service": "siding",
        "source": "bing",
        "voltage": "25000"
      },
      "geometry": {
        "type": "LineString",
        "coordinates": [
          [
            30.1939956,
            39.57007
          ],
          [
            30.1938273,
            39.5697903
          ],
          [
            30.1936686,
            39.5695399
          ],
          [
            30.189607,
            39.5603173
          ],
          [
            30.1895881,
            39.5601577
          ],
          [
            30.1895629,
            39.5600084
          ]
        ]
      },
      "id": "way/1337193023"
    },
    {
      "type": "Feature",
      "properties": {
        "@id": "way/1337193024",
        "axle_load": "22.5",
        "electrified": "contact_line",
        "frequency": "50",
        "gauge": "1435",
        "maxspeed": "30",
        "railway": "rail",
        "railway:etcs": "2",
        "service": "siding",
        "source": "bing",
        "voltage": "25000"
      },
      "geometry": {
        "type": "LineString",
        "coordinates": [
          [
            30.1895881,
            39.5601577
          ],
          [
            30.1938273,
            39.5697903
          ]
        ]
      },
      "id": "way/1337193024"
    },
    {
      "type": "Feature",
      "properties": {
        "@id": "way/1337193028",
        "axle_load": "22.5",
        "electrified": "contact_line",
        "frequency": "50",
        "gauge": "1435",
        "name": "İstanbul - Ankara demiryolu",
        "name:en": "İstanbul - Ankara railway",
        "operator": "TCDD",
        "passenger_lines": "1",
        "railway": "rail",
        "railway:bidirectional": "regular",
        "railway:preferred_direction": "both",
        "source": "bing",
        "usage": "main",
        "voltage": "25000",
        "wikidata": "Q15103266",
        "wikipedia": "en:Istanbul–Ankara railway"
      },
      "geometry": {
        "type": "LineString",
        "coordinates": [
          [
            30.5065904,
            39.7797528
          ],
          [
            30.5089986,
            39.7801534
          ],
          [
            30.5098029,
            39.7802931
          ],
          [
            30.5108001,
            39.7804586
          ]
        ]
      },
      "id": "way/1337193028"
    },
    {
      "type": "Feature",
      "properties": {
        "@id": "way/1337195140",
        "axle_load": "22.5",
        "construction:railway:etcs": "1",
        "electrified": "contact_line",
        "frequency": "50",
        "gauge": "1435",
        "operator": "TCDD",
        "railway": "rail",
        "source": "GPS",
        "usage": "main",
        "voltage": "25000"
      },
      "geometry": {
        "type": "LineString",
        "coordinates": [
          [
            30.1033759,
            39.3886043
          ],
          [
            30.1037249,
            39.3881429
          ]
        ]
      },
      "id": "way/1337195140"
    },
    {
      "type": "Feature",
      "properties": {
        "@id": "way/1344881903",
        "axle_load": "22.5",
        "electrified": "no",
        "gauge": "1435",
        "name": "İzmir-Afyonkarahisar demiryolu",
        "operator": "TCDD",
        "passenger_lines": "1",
        "railway": "rail",
        "railway:etcs": "no",
        "source": "bing",
        "usage": "main"
      },
      "geometry": {
        "type": "LineString",
        "coordinates": [
          [
            30.1538398,
            38.8729342
          ],
          [
            30.1521334,
            38.8726845
          ],
          [
            30.151202,
            38.8726439
          ],
          [
            30.1505692,
            38.8726431
          ],
          [
            30.1494142,
            38.8727061
          ],
          [
            30.1479279,
            38.8729212
          ],
          [
            30.1466516,
            38.8732738
          ],
          [
            30.1444427,
            38.8739355
          ],
          [
            30.1437988,
            38.8741284
          ],
          [
            30.138951,
            38.8751947
          ],
          [
            30.1366928,
            38.8755892
          ],
          [
            30.135826,
            38.8757407
          ],
          [
            30.1334287,
            38.8762643
          ],
          [
            30.1320578,
            38.876557
          ],
          [
            30.130569,
            38.8768222
          ],
          [
            30.1277736,
            38.8772174
          ],
          [
            30.1276234,
            38.8772378
          ],
          [
            30.1274803,
            38.8772573
          ],
          [
            30.1163493,
            38.8787697
          ],
          [
            30.1161223,
            38.8788006
          ],
          [
            30.1140388,
            38.8790837
          ],
          [
            30.113874,
            38.8791043
          ]
        ]
      },
      "id": "way/1344881903"
    },
    {
      "type": "Feature",
      "properties": {
        "@id": "way/1344881904",
        "axle_load": "22.5",
        "bridge": "yes",
        "electrified": "no",
        "gauge": "1435",
        "layer": "1",
        "operator": "TCDD",
        "passenger_lines": "1",
        "railway": "rail",
        "railway:etcs": "no",
        "source": "bing",
        "usage": "main"
      },
      "geometry": {
        "type": "LineString",
        "coordinates": [
          [
            30.113874,
            38.8791043
          ],
          [
            30.1137713,
            38.8791171
          ]
        ]
      },
      "id": "way/1344881904"
    },
    {
      "type": "Feature",
      "properties": {
        "@id": "way/1372757245",
        "axle_load": "22.5",
        "electrified": "no",
        "gauge": "1435",
        "railway": "rail",
        "service": "yard"
      },
      "geometry": {
        "type": "LineString",
        "coordinates": [
          [
            30.1046929,
            39.394764
          ],
          [
            30.1042235,
            39.3941712
          ],
          [
            30.1041108,
            39.394009
          ],
          [
            30.1038668,
            39.3935102
          ]
        ]
      },
      "id": "way/1372757245"
    },
    {
      "type": "Feature",
      "properties": {
        "@id": "way/1372757246",
        "axle_load": "22.5",
        "electrified": "no",
        "gauge": "1435",
        "railway": "rail",
        "service": "yard",
        "source": "GPS"
      },
      "geometry": {
        "type": "LineString",
        "coordinates": [
          [
            30.1071552,
            39.3975879
          ],
          [
            30.1069593,
            39.3974006
          ],
          [
            30.1058637,
            39.3960616
          ],
          [
            30.1056818,
            39.3957664
          ]
        ]
      },
      "id": "way/1372757246"
    },
    {
      "type": "Feature",
      "properties": {
        "@id": "way/1372757247",
        "axle_load": "22.5",
        "electrified": "contact_line",
        "frequency": "50",
        "gauge": "1435",
        "railway": "rail",
        "railway:etcs": "2",
        "service": "siding",
        "source": "GPS",
        "voltage": "25000"
      },
      "geometry": {
        "type": "LineString",
        "coordinates": [
          [
            30.107424,
            39.3976297
          ],
          [
            30.1072409,
            39.3973295
          ],
          [
            30.1050789,
            39.39468
          ],
          [
            30.1047931,
            39.3943872
          ]
        ]
      },
      "id": "way/1372757247"
    },
    {
      "type": "Feature",
      "properties": {
        "@id": "way/1372757248",
        "axle_load": "22.5",
        "electrified": "contact_line",
        "frequency": "50",
        "gauge": "1435",
        "railway": "rail",
        "railway:etcs": "2",
        "service": "siding",
        "source": "GPS",
        "voltage": "25000"
      },
      "geometry": {
        "type": "LineString",
        "coordinates": [
          [
            30.1075631,
            39.3978577
          ],
          [
            30.107424,
            39.3976297
          ],
          [
            30.1047931,
            39.3943872
          ],
          [
            30.1044997,
            39.3940866
          ]
        ]
      },
      "id": "way/1372757248"
    },
    {
      "type": "Feature",
      "properties": {
        "@id": "way/1372757249",
        "axle_load": "22.5",
        "electrified": "contact_line",
        "frequency": "50",
        "gauge": "1435",
        "railway": "rail",
        "railway:etcs": "2",
        "service": "siding",
        "source": "GPS",
        "voltage": "25000"
      },
      "geometry": {
        "type": "LineString",
        "coordinates": [
          [
            30.1077908,
            39.3982311
          ],
          [
            30.1075631,
            39.3978577
          ],
          [
            30.1044997,
            39.3940866
          ],
          [
            30.1042215,
            39.3938015
          ]
        ]
      },
      "id": "way/1372757249"
    },
    {
      "type": "Feature",
      "properties": {
        "@id": "way/1372757250",
        "axle_load": "22.5",
        "electrified": "contact_line",
        "frequency": "50",
        "gauge": "1435",
        "railway": "rail",
        "railway:etcs": "2",
        "service": "siding",
        "source": "GPS",
        "voltage": "25000"
      },
      "geometry": {
        "type": "LineString",
        "coordinates": [
          [
            30.1108856,
            39.4021253
          ],
          [
            30.1107332,
            39.4018734
          ],
          [
            30.1077908,
            39.3982311
          ],
          [
            30.1042215,
            39.3938015
          ],
          [
            30.1039045,
            39.3934882
          ]
        ]
      },
      "id": "way/1372757250"
    },
    {
      "type": "Feature",
      "properties": {
        "@id": "way/1372757251",
        "axle_load": "22.5",
        "electrified": "contact_line",
        "frequency": "50",
        "gauge": "1435",
        "railway": "rail",
        "railway:etcs": "2",
        "service": "siding",
        "source": "GPS",
        "voltage": "25000"
      },
      "geometry": {
        "type": "LineString",
        "coordinates": [
          [
            30.1104912,
            39.4016357
          ],
          [
            30.1102005,
            39.4013525
          ],
          [
            30.1071552,
            39.3975879
          ],
          [
            30.1056818,
            39.3957664
          ],
          [
            30.1038668,
            39.3935102
          ],
          [
            30.103648,
            39.3932514
          ]
        ]
      },
      "id": "way/1372757251"
    },
    {
      "type": "Feature",
      "properties": {
        "@id": "way/1372757252",
        "axle_load": "22.5",
        "electrified": "contact_line",
        "frequency": "50",
        "gauge": "1435",
        "maxspeed": "120",
        "name": "Eskişehir-Konya demiryolu",
        "operator": "TCDD",
        "railway": "rail",
        "railway:etcs": "2",
        "source": "GPS",
        "usage": "main",
        "voltage": "25000"
      },
      "geometry": {
        "type": "LineString",
        "coordinates": [
          [
            30.1104912,
            39.4016357
          ],
          [
            30.1039045,
            39.3934882
          ]
        ]
      },
      "id": "way/1372757252"
    },
    {
      "type": "Feature",
      "properties": {
        "@id": "way/1372757253",
        "axle_load": "22.5",
        "electrified": "contact_line",
        "frequency": "50",
        "gauge": "1435",
        "maxspeed": "120",
        "name": "Alayunt-Balıkesir demiryolu",
        "operator": "TCDD",
        "railway": "rail",
        "railway:etcs": "2",
        "source": "GPS",
        "usage": "main",
        "voltage": "25000"
      },
      "geometry": {
        "type": "LineString",
        "coordinates": [
          [
            30.1039045,
            39.3934882
          ],
          [
            30.103648,
            39.3932514
          ],
          [
            30.1032913,
            39.3928315
          ],
          [
            30.1027344,
            39.3923671
          ],
          [
            30.1026189,
            39.3922803
          ],
          [
            30.1023868,
            39.3921399
          ],
          [
            30.1021335,
            39.3920077
          ],
          [
            30.1018613,
            39.3918787
          ],
          [
            30.1015626,
            39.3917579
          ],
          [
            30.1012091,
            39.3916297
          ],
          [
            30.1007496,
            39.3915016
          ],
          [
            30.1003648,
            39.3914327
          ],
          [
            30.0998793,
            39.3913638
          ],
          [
            30.0985398,
            39.3913558
          ]
        ]
      },
      "id": "way/1372757253"
    },
    {
      "type": "Feature",
      "properties": {
        "@id": "way/1419179366",
        "electrified": "no",
        "gauge": "1435",
        "railway": "rail",
        "service": "siding"
      },
      "geometry": {
        "type": "LineString",
        "coordinates": [
          [
            30.1161223,
            38.8788006
          ],
          [
            30.1166558,
            38.8787776
          ],
          [
            30.1273928,
            38.8773168
          ],
          [
            30.1276234,
            38.8772378
          ]
        ]
      },
      "id": "way/1419179366"
    },
    {
      "type": "Feature",
      "properties": {
        "@id": "way/1419179367",
        "electrified": "no",
        "gauge": "1435",
        "railway": "rail",
        "service": "siding"
      },
      "geometry": {
        "type": "LineString",
        "coordinates": [
          [
            30.1274803,
            38.8772573
          ],
          [
            30.127244,
            38.8772425
          ],
          [
            30.1166275,
            38.8786829
          ],
          [
            30.1163493,
            38.8787697
          ]
        ]
      },
      "id": "way/1419179367"
    },
    {
      "type": "Feature",
      "properties": {
        "@id": "way/1419187373",
        "electrified": "no",
        "gauge": "1435",
        "railway": "rail",
        "service": "siding"
      },
      "geometry": {
        "type": "LineString",
        "coordinates": [
          [
            30.3460069,
            38.809906
          ],
          [
            30.3455691,
            38.8097901
          ],
          [
            30.3414408,
            38.8090877
          ],
          [
            30.3409975,
            38.8090567
          ]
        ]
      },
      "id": "way/1419187373"
    },
    {
      "type": "Feature",
      "properties": {
        "@id": "way/1419243655",
        "axle_load": "22.5",
        "electrified": "no",
        "gauge": "1435",
        "maxspeed": "120",
        "name": "Afyonkarahisar-Karakuyu demiryolu",
        "operator": "TCDD",
        "passenger_lines": "2",
        "railway": "rail",
        "source": "bing",
        "usage": "main"
      },
      "geometry": {
        "type": "LineString",
        "coordinates": [
          [
            30.4459624,
            38.8269867
          ],
          [
            30.4462727,
            38.8267024
          ],
          [
            30.4537011,
            38.8198971
          ],
          [
            30.4581829,
            38.8156925
          ],
          [
            30.4613722,
            38.8128006
          ],
          [
            30.4645261,
            38.8098309
          ],
          [
            30.4928539,
            38.7837474
          ],
          [
            30.4928986,
            38.7837063
          ],
          [
            30.4962246,
            38.7806449
          ],
          [
            30.4975578,
            38.7793533
          ],
          [
            30.4990128,
            38.7780598
          ],
          [
            30.4999418,
            38.7773684
          ],
          [
            30.5009362,
            38.7767932
          ],
          [
            30.5018519,
            38.77633
          ],
          [
            30.5032326,
            38.7758107
          ],
          [
            30.5060883,
            38.7751483
          ],
          [
            30.5149454,
            38.7732391
          ],
          [
            30.5157651,
            38.7730504
          ],
          [
            30.5166918,
            38.7728063
          ],
          [
            30.5175194,
            38.772569
          ],
          [
            30.5183666,
            38.7723008
          ],
          [
            30.5192105,
            38.7719895
          ],
          [
            30.5200253,
            38.7716626
          ],
          [
            30.5281179,
            38.7680796
          ],
          [
            30.5294185,
            38.7675149
          ],
          [
            30.5298212,
            38.767376
          ],
          [
            30.5301588,
            38.7672757
          ],
          [
            30.5306424,
            38.7671862
          ],
          [
            30.5311241,
            38.767129
          ],
          [
            30.5314571,
            38.7671102
          ],
          [
            30.5328418,
            38.7670988
          ]
        ]
      },
      "id": "way/1419243655"
    },
    {
      "type": "Feature",
      "properties": {
        "@id": "way/1419912603",
        "electrified": "no",
        "gauge": "1435",
        "railway": "rail",
        "service": "yard"
      },
      "geometry": {
        "type": "LineString",
        "coordinates": [
          [
            30.5377052,
            38.7671969
          ],
          [
            30.5395446,
            38.767172
          ]
        ]
      },
      "id": "way/1419912603"
    },
    {
      "type": "Feature",
      "properties": {
        "@id": "way/1419912604",
        "electrified": "no",
        "gauge": "1435",
        "railway": "rail",
        "service": "crossover"
      },
      "geometry": {
        "type": "LineString",
        "coordinates": [
          [
            30.5386062,
            38.7670731
          ],
          [
            30.5381248,
            38.7670437
          ]
        ]
      },
      "id": "way/1419912604"
    },
    {
      "type": "Feature",
      "properties": {
        "@id": "way/1419959904",
        "construction:electrified": "contact_line",
        "construction:frequency": "50",
        "construction:railway:etcs": "2",
        "construction:voltage": "25000",
        "electrified": "no",
        "gauge": "1435",
        "railway": "rail",
        "service": "crossover",
        "source": "bing"
      },
      "geometry": {
        "type": "LineString",
        "coordinates": [
          [
            30.5551676,
            38.7595263
          ],
          [
            30.5550282,
            38.7598236
          ]
        ]
      },
      "id": "way/1419959904"
    },
    {
      "type": "Feature",
      "properties": {
        "@id": "way/1419959905",
        "construction:electrified": "contact_line",
        "construction:frequency": "50",
        "construction:railway:etcs": "2",
        "construction:voltage": "25000",
        "electrified": "no",
        "gauge": "1435",
        "railway": "rail",
        "service": "crossover"
      },
      "geometry": {
        "type": "LineString",
        "coordinates": [
          [
            30.5536121,
            38.762337
          ],
          [
            30.5538638,
            38.7619828
          ]
        ]
      },
      "id": "way/1419959905"
    },
    {
      "type": "Feature",
      "properties": {
        "@id": "way/1427118136",
        "electrified": "no",
        "gauge": "1435",
        "railway": "rail",
        "service": "siding"
      },
      "geometry": {
        "type": "LineString",
        "coordinates": [
          [
            30.5214747,
            38.8408571
          ],
          [
            30.5214981,
            38.840987
          ],
          [
            30.5202442,
            38.8494841
          ],
          [
            30.5202126,
            38.8495343
          ]
        ]
      },
      "id": "way/1427118136"
    },
    {
      "type": "Feature",
      "properties": {
        "@id": "way/1427126382",
        "electrified": "no",
        "gauge": "1435",
        "railway": "rail",
        "service": "spur"
      },
      "geometry": {
        "type": "LineString",
        "coordinates": [
          [
            30.404191,
            39.0187489
          ],
          [
            30.4041429,
            39.0186618
          ],
          [
            30.4039455,
            39.0183213
          ],
          [
            30.4038252,
            39.0181212
          ],
          [
            30.4037489,
            39.0179228
          ],
          [
            30.4036188,
            39.0175678
          ]
        ]
      },
      "id": "way/1427126382"
    },
    {
      "type": "Feature",
      "properties": {
        "@id": "way/1427126385",
        "electrified": "no",
        "gauge": "1435",
        "railway": "rail",
        "service": "spur"
      },
      "geometry": {
        "type": "LineString",
        "coordinates": [
          [
            30.4034752,
            39.0168978
          ],
          [
            30.4034573,
            39.0170924
          ],
          [
            30.4035867,
            39.0180883
          ],
          [
            30.4037079,
            39.0184378
          ],
          [
            30.4039379,
            39.018824
          ],
          [
            30.4042547,
            39.0192282
          ],
          [
            30.4046794,
            39.0197703
          ]
        ]
      },
      "id": "way/1427126385"
    },
    {
      "type": "Feature",
      "properties": {
        "@id": "way/1427126386",
        "electrified": "no",
        "gauge": "1435",
        "railway": "rail",
        "service": "spur"
      },
      "geometry": {
        "type": "LineString",
        "coordinates": [
          [
            30.4042547,
            39.0192282
          ],
          [
            30.4044863,
            39.0196618
          ],
          [
            30.4046342,
            39.0198453
          ],
          [
            30.4052283,
            39.0204559
          ],
          [
            30.4053634,
            39.020581
          ],
          [
            30.4062754,
            39.0210502
          ]
        ]
      },
      "id": "way/1427126386"
    },
    {
      "type": "Feature",
      "properties": {
        "@id": "way/1427126387",
        "electrified": "no",
        "gauge": "1435",
        "railway": "rail",
        "service": "spur"
      },
      "geometry": {
        "type": "LineString",
        "coordinates": [
          [
            30.4062959,
            39.0210007
          ],
          [
            30.4052283,
            39.0204559
          ]
        ]
      },
      "id": "way/1427126387"
    },
    {
      "type": "Feature",
      "properties": {
        "@id": "way/1427135456",
        "electrified": "no",
        "gauge": "1435",
        "railway": "rail",
        "service": "crossover"
      },
      "geometry": {
        "type": "LineString",
        "coordinates": [
          [
            30.2950813,
            39.2066324
          ],
          [
            30.2956804,
            39.2066799
          ]
        ]
      },
      "id": "way/1427135456"
    },
    {
      "type": "Feature",
      "properties": {
        "@id": "way/1427135457",
        "electrified": "no",
        "gauge": "1435",
        "railway": "rail",
        "service": "crossover"
      },
      "geometry": {
        "type": "LineString",
        "coordinates": [
          [
            30.2961408,
            39.2067473
          ],
          [
            30.2967584,
            39.2068005
          ]
        ]
      },
      "id": "way/1427135457"
    },
    {
      "type": "Feature",
      "properties": {
        "@id": "way/1427135458",
        "electrified": "no",
        "gauge": "1435",
        "railway": "rail",
        "service": "crossover"
      },
      "geometry": {
        "type": "LineString",
        "coordinates": [
          [
            30.2973251,
            39.2068829
          ],
          [
            30.298283,
            39.2069554
          ]
        ]
      },
      "id": "way/1427135458"
    },
    {
      "type": "Feature",
      "properties": {
        "@id": "way/1427135459",
        "electrified": "no",
        "gauge": "1435",
        "railway": "rail",
        "service": "yard"
      },
      "geometry": {
        "type": "LineString",
        "coordinates": [
          [
            30.2950582,
            39.2067787
          ],
          [
            30.2970446,
            39.2070668
          ],
          [
            30.2975191,
            39.2070891
          ],
          [
            30.2979333,
            39.2071086
          ],
          [
            30.2984951,
            39.207139
          ]
        ]
      },
      "id": "way/1427135459"
    },
    {
      "type": "Feature",
      "properties": {
        "@id": "way/1427135464",
        "electrified": "no",
        "gauge": "1435",
        "railway": "rail",
        "service": "yard"
      },
      "geometry": {
        "type": "LineString",
        "coordinates": [
          [
            30.2950674,
            39.2067293
          ],
          [
            30.2975191,
            39.2070891
          ]
        ]
      },
      "id": "way/1427135464"
    },
    {
      "type": "Feature",
      "properties": {
        "@id": "way/1427135465",
        "electrified": "no",
        "gauge": "1435",
        "railway": "rail",
        "service": "yard"
      },
      "geometry": {
        "type": "LineString",
        "coordinates": [
          [
            30.2950737,
            39.2066863
          ],
          [
            30.2979333,
            39.2071086
          ]
        ]
      },
      "id": "way/1427135465"
    },
    {
      "type": "Feature",
      "properties": {
        "@id": "way/1427329637",
        "axle_load": "22.5",
        "construction:electrified": "contact_line",
        "construction:frequency": "50",
        "construction:railway:etcs": "1",
        "construction:voltage": "25000",
        "electrified": "no",
        "gauge": "1435",
        "maxspeed": "115",
        "passenger_lines": "1",
        "railway": "rail",
        "service": "siding",
        "source": "bing"
      },
      "geometry": {
        "type": "LineString",
        "coordinates": [
          [
            30.1689645,
            39.321796
          ],
          [
            30.1689312,
            39.3220645
          ],
          [
            30.1675871,
            39.3264226
          ],
          [
            30.1674272,
            39.3270894
          ],
          [
            30.1673376,
            39.3280883
          ],
          [
            30.1673342,
            39.3281268
          ],
          [
            30.1676405,
            39.3311496
          ],
          [
            30.1676396,
            39.3314683
          ]
        ]
      },
      "id": "way/1427329637"
    },
    {
      "type": "Feature",
      "properties": {
        "@id": "way/1427330481",
        "axle_load": "22.5",
        "electrified": "contact_line",
        "frequency": "50",
        "gauge": "1435",
        "maxspeed": "30",
        "operator": "TCDD",
        "railway": "rail",
        "railway:etcs": "2",
        "service": "siding",
        "source": "bing",
        "voltage": "25000"
      },
      "geometry": {
        "type": "LineString",
        "coordinates": [
          [
            30.1549734,
            39.4832703
          ],
          [
            30.1551689,
            39.4834638
          ],
          [
            30.1557257,
            39.4842459
          ],
          [
            30.1568573,
            39.4858353
          ],
          [
            30.1572434,
            39.4865075
          ],
          [
            30.1576029,
            39.4875997
          ],
          [
            30.1589771,
            39.4938082
          ],
          [
            30.1589883,
            39.4941669
          ]
        ]
      },
      "id": "way/1427330481"
    },
    {
      "type": "Feature",
      "properties": {
        "@id": "way/1427334445",
        "axle_load": "22.5",
        "electrified": "contact_line",
        "frequency": "50",
        "gauge": "1435",
        "maxspeed": "120",
        "name": "Eskişehir-Konya demiryolu",
        "operator": "TCDD",
        "railway": "rail",
        "railway:etcs": "2",
        "source": "GPS",
        "usage": "main",
        "voltage": "25000"
      },
      "geometry": {
        "type": "LineString",
        "coordinates": [
          [
            30.3669491,
            39.6483968
          ],
          [
            30.3656119,
            39.6475045
          ],
          [
            30.3650539,
            39.647046
          ],
          [
            30.3643154,
            39.6463794
          ],
          [
            30.3639359,
            39.6460128
          ],
          [
            30.359876,
            39.641196
          ],
          [
            30.3541613,
            39.6346167
          ],
          [
            30.35375,
            39.6342712
          ],
          [
            30.353235,
            39.6338806
          ],
          [
            30.3526771,
            39.6335963
          ],
          [
            30.3519733,
            39.633398
          ],
          [
            30.3513039,
            39.6332658
          ],
          [
            30.3478535,
            39.6329684
          ],
          [
            30.3472526,
            39.6328362
          ],
          [
            30.3465409,
            39.6325812
          ],
          [
            30.345921,
            39.6322849
          ],
          [
            30.3447457,
            39.6315613
          ],
          [
            30.3441949,
            39.6312259
          ],
          [
            30.3435791,
            39.6309631
          ],
          [
            30.3426067,
            39.6307312
          ],
          [
            30.3418654,
            39.6305371
          ],
          [
            30.3411862,
            39.6302914
          ],
          [
            30.3403871,
            39.6299346
          ],
          [
            30.3366543,
            39.6278998
          ],
          [
            30.3357503,
            39.6274851
          ],
          [
            30.3319919,
            39.6259281
          ],
          [
            30.3313053,
            39.62571
          ],
          [
            30.3306358,
            39.6255645
          ],
          [
            30.3297432,
            39.6254852
          ],
          [
            30.3289707,
            39.6254323
          ],
          [
            30.3282326,
            39.6253001
          ],
          [
            30.3275974,
            39.625115
          ],
          [
            30.3268249,
            39.6248043
          ],
          [
            30.3261984,
            39.6244539
          ],
          [
            30.3174457,
            39.6189865
          ],
          [
            30.3125062,
            39.6159886
          ],
          [
            30.3118774,
            39.6155132
          ],
          [
            30.3114538,
            39.6149696
          ],
          [
            30.3112493,
            39.6144505
          ],
          [
            30.310948,
            39.6132439
          ],
          [
            30.3106768,
            39.6127069
          ],
          [
            30.3102416,
            39.6122161
          ],
          [
            30.309729,
            39.6118376
          ],
          [
            30.3090262,
            39.6114998
          ],
          [
            30.3083696,
            39.6113193
          ],
          [
            30.3074403,
            39.6111898
          ],
          [
            30.3066793,
            39.6109915
          ],
          [
            30.3060316,
            39.6106735
          ],
          [
            30.3055139,
            39.6102984
          ],
          [
            30.3052386,
            39.6100249
          ],
          [
            30.3049963,
            39.6096439
          ],
          [
            30.3047718,
            39.6091107
          ],
          [
            30.3045168,
            39.608492
          ],
          [
            30.3040996,
            39.6079455
          ]
        ]
      },
      "id": "way/1427334445"
    },
    {
      "type": "Feature",
      "properties": {
        "@id": "way/1427334446",
        "axle_load": "22.5",
        "bridge": "yes",
        "electrified": "contact_line",
        "frequency": "50",
        "gauge": "1435",
        "layer": "1",
        "maxspeed": "120",
        "operator": "TCDD",
        "railway": "rail",
        "railway:etcs": "2",
        "source": "GPS",
        "usage": "main",
        "voltage": "25000"
      },
      "geometry": {
        "type": "LineString",
        "coordinates": [
          [
            30.2695141,
            39.5906235
          ],
          [
            30.2693013,
            39.5905846
          ]
        ]
      },
      "id": "way/1427334446"
    },
    {
      "type": "Feature",
      "properties": {
        "@id": "way/1427334447",
        "axle_load": "22.5",
        "electrified": "contact_line",
        "frequency": "50",
        "gauge": "1435",
        "maxspeed": "120",
        "name": "Eskişehir-Konya demiryolu",
        "operator": "TCDD",
        "railway": "rail",
        "railway:etcs": "2",
        "source": "GPS",
        "usage": "main",
        "voltage": "25000"
      },
      "geometry": {
        "type": "LineString",
        "coordinates": [
          [
            30.2975859,
            39.6019362
          ],
          [
            30.2969114,
            39.6016977
          ],
          [
            30.2962521,
            39.6015734
          ],
          [
            30.2945994,
            39.6014526
          ],
          [
            30.2939019,
            39.6013985
          ],
          [
            30.2933448,
            39.6012956
          ],
          [
            30.292649,
            39.6010582
          ],
          [
            30.2920029,
            39.6007434
          ],
          [
            30.291402,
            39.6004201
          ],
          [
            30.2908636,
            39.6002157
          ],
          [
            30.2903658,
            39.6000703
          ],
          [
            30.2898655,
            39.6000102
          ],
          [
            30.2892716,
            39.6000187
          ],
          [
            30.2886645,
            39.6001269
          ],
          [
            30.2881315,
            39.6002989
          ],
          [
            30.2876135,
            39.600531
          ],
          [
            30.2865875,
            39.6011659
          ],
          [
            30.2860296,
            39.6015098
          ],
          [
            30.2854335,
            39.6017599
          ],
          [
            30.2847929,
            39.601936
          ],
          [
            30.2844472,
            39.6019925
          ],
          [
            30.2840906,
            39.6020034
          ],
          [
            30.2836372,
            39.601996
          ],
          [
            30.2831596,
            39.6019295
          ],
          [
            30.2825666,
            39.6017702
          ],
          [
            30.281972,
            39.6015087
          ],
          [
            30.2803385,
            39.6006135
          ],
          [
            30.2796632,
            39.6002433
          ],
          [
            30.276891,
            39.5987185
          ],
          [
            30.2766073,
            39.5985449
          ],
          [
            30.2761568,
            39.5982283
          ],
          [
            30.2757003,
            39.59779
          ],
          [
            30.2753955,
            39.5973371
          ],
          [
            30.2750969,
            39.5967839
          ],
          [
            30.2739908,
            39.5940863
          ],
          [
            30.2737423,
            39.5934801
          ],
          [
            30.2733636,
            39.5927257
          ],
          [
            30.2729797,
            39.5922602
          ],
          [
            30.2724711,
            39.5917798
          ],
          [
            30.2718608,
            39.5914039
          ],
          [
            30.2713028,
            39.5910985
          ],
          [
            30.2706297,
            39.5908453
          ],
          [
            30.2695141,
            39.5906235
          ]
        ]
      },
      "id": "way/1427334447"
    },
    {
      "type": "Feature",
      "properties": {
        "@id": "way/1427334448",
        "axle_load": "22.5",
        "electrified": "contact_line",
        "frequency": "50",
        "gauge": "1435",
        "layer": "-1",
        "maxspeed": "120",
        "operator": "TCDD",
        "railway": "rail",
        "railway:etcs": "2",
        "source": "GPS",
        "tunnel": "yes",
        "usage": "main",
        "voltage": "25000"
      },
      "geometry": {
        "type": "LineString",
        "coordinates": [
          [
            30.298094,
            39.602274
          ],
          [
            30.2975859,
            39.6019362
          ]
        ]
      },
      "id": "way/1427334448"
    },
    {
      "type": "Feature",
      "properties": {
        "@id": "way/1427334449",
        "axle_load": "22.5",
        "electrified": "contact_line",
        "frequency": "50",
        "gauge": "1435",
        "maxspeed": "120",
        "name": "Eskişehir-Konya demiryolu",
        "operator": "TCDD",
        "railway": "rail",
        "railway:etcs": "2",
        "source": "GPS",
        "usage": "main",
        "voltage": "25000"
      },
      "geometry": {
        "type": "LineString",
        "coordinates": [
          [
            30.2990022,
            39.60336
          ],
          [
            30.2987384,
            39.6029176
          ],
          [
            30.2984028,
            39.6025581
          ],
          [
            30.298094,
            39.602274
          ]
        ]
      },
      "id": "way/1427334449"
    },
    {
      "type": "Feature",
      "properties": {
        "@id": "way/1427334450",
        "axle_load": "22.5",
        "bridge": "yes",
        "electrified": "contact_line",
        "frequency": "50",
        "gauge": "1435",
        "layer": "1",
        "maxspeed": "120",
        "operator": "TCDD",
        "railway": "rail",
        "railway:etcs": "2",
        "source": "GPS",
        "usage": "main",
        "voltage": "25000"
      },
      "geometry": {
        "type": "LineString",
        "coordinates": [
          [
            30.2991039,
            39.6035924
          ],
          [
            30.2990022,
            39.60336
          ]
        ]
      },
      "id": "way/1427334450"
    },
    {
      "type": "Feature",
      "properties": {
        "@id": "way/1427334451",
        "axle_load": "22.5",
        "electrified": "contact_line",
        "frequency": "50",
        "gauge": "1435",
        "layer": "-1",
        "maxspeed": "120",
        "operator": "TCDD",
        "railway": "rail",
        "railway:etcs": "2",
        "source": "GPS",
        "tunnel": "yes",
        "usage": "main",
        "voltage": "25000"
      },
      "geometry": {
        "type": "LineString",
        "coordinates": [
          [
            30.2994206,
            39.6042955
          ],
          [
            30.2991958,
            39.6038683
          ]
        ]
      },
      "id": "way/1427334451"
    },
    {
      "type": "Feature",
      "properties": {
        "@id": "way/1427334452",
        "axle_load": "22.5",
        "electrified": "contact_line",
        "frequency": "50",
        "gauge": "1435",
        "maxspeed": "120",
        "operator": "TCDD",
        "railway": "rail",
        "railway:etcs": "2",
        "source": "GPS",
        "usage": "main",
        "voltage": "25000"
      },
      "geometry": {
        "type": "LineString",
        "coordinates": [
          [
            30.2991958,
            39.6038683
          ],
          [
            30.2991039,
            39.6035924
          ]
        ]
      },
      "id": "way/1427334452"
    },
    {
      "type": "Feature",
      "properties": {
        "@id": "way/1427334453",
        "axle_load": "22.5",
        "electrified": "contact_line",
        "frequency": "50",
        "gauge": "1435",
        "maxspeed": "120",
        "name": "Eskişehir-Konya demiryolu",
        "operator": "TCDD",
        "railway": "rail",
        "railway:etcs": "2",
        "source": "GPS",
        "usage": "main",
        "voltage": "25000"
      },
      "geometry": {
        "type": "LineString",
        "coordinates": [
          [
            30.3039296,
            39.6077628
          ],
          [
            30.3024221,
            39.6067124
          ],
          [
            30.3001207,
            39.604977
          ],
          [
            30.2997498,
            39.6045972
          ],
          [
            30.2994206,
            39.6042955
          ]
        ]
      },
      "id": "way/1427334453"
    },
    {
      "type": "Feature",
      "properties": {
        "@id": "way/1427334454",
        "axle_load": "22.5",
        "bridge": "yes",
        "electrified": "contact_line",
        "frequency": "50",
        "gauge": "1435",
        "layer": "1",
        "maxspeed": "120",
        "operator": "TCDD",
        "railway": "rail",
        "railway:etcs": "2",
        "source": "GPS",
        "usage": "main",
        "voltage": "25000"
      },
      "geometry": {
        "type": "LineString",
        "coordinates": [
          [
            30.3040996,
            39.6079455
          ],
          [
            30.3039296,
            39.6077628
          ]
        ]
      },
      "id": "way/1427334454"
    },
    {
      "type": "Feature",
      "properties": {
        "@id": "way/1427334455",
        "axle_load": "22.5",
        "electrified": "contact_line",
        "frequency": "50",
        "gauge": "1435",
        "maxspeed": "30",
        "railway": "rail",
        "railway:etcs": "2",
        "service": "siding",
        "source": "bing",
        "voltage": "25000"
      },
      "geometry": {
        "type": "LineString",
        "coordinates": [
          [
            30.2739908,
            39.5940863
          ],
          [
            30.2740431,
            39.5943827
          ],
          [
            30.2750135,
            39.5967852
          ],
          [
            30.2753207,
            39.5973605
          ],
          [
            30.2756352,
            39.5978211
          ],
          [
            30.2761053,
            39.5982649
          ],
          [
            30.2765599,
            39.5985912
          ],
          [
            30.2768587,
            39.5987663
          ],
          [
            30.2796148,
            39.6002792
          ],
          [
            30.279944,
            39.6004599
          ],
          [
            30.2803385,
            39.6006135
          ]
        ]
      },
      "id": "way/1427334455"
    },
    {
      "type": "Feature",
      "properties": {
        "@id": "way/1427334456",
        "axle_load": "22.5",
        "electrified": "contact_line",
        "frequency": "50",
        "gauge": "1435",
        "maxspeed": "30",
        "railway": "rail",
        "railway:etcs": "2",
        "service": "siding",
        "source": "bing",
        "voltage": "25000"
      },
      "geometry": {
        "type": "LineString",
        "coordinates": [
          [
            30.279944,
            39.6004599
          ],
          [
            30.2795662,
            39.6003153
          ],
          [
            30.2768182,
            39.5987949
          ],
          [
            30.2765204,
            39.5986271
          ],
          [
            30.27605,
            39.5982979
          ],
          [
            30.2755879,
            39.5978532
          ],
          [
            30.2752469,
            39.5973784
          ],
          [
            30.2749353,
            39.5968133
          ],
          [
            30.2741007,
            39.5947098
          ],
          [
            30.2740431,
            39.5943827
          ]
        ]
      },
      "id": "way/1427334456"
    },
    {
      "type": "Feature",
      "properties": {
        "@id": "way/1427335157",
        "axle_load": "22.5",
        "electrified": "contact_line",
        "frequency": "50",
        "gauge": "1435",
        "maxspeed": "120",
        "name": "Eskişehir-Konya demiryolu",
        "operator": "TCDD",
        "railway": "rail",
        "railway:etcs": "2",
        "source": "GPS",
        "usage": "main",
        "voltage": "25000"
      },
      "geometry": {
        "type": "LineString",
        "coordinates": [
          [
            30.2693013,
            39.5905846
          ],
          [
            30.267002,
            39.5902433
          ]
        ]
      },
      "id": "way/1427335157"
    },
    {
      "type": "Feature",
      "properties": {
        "@id": "way/1427335158",
        "axle_load": "22.5",
        "bridge": "yes",
        "electrified": "contact_line",
        "frequency": "50",
        "gauge": "1435",
        "layer": "1",
        "maxspeed": "120",
        "operator": "TCDD",
        "railway": "rail",
        "railway:etcs": "2",
        "source": "GPS",
        "usage": "main",
        "voltage": "25000"
      },
      "geometry": {
        "type": "LineString",
        "coordinates": [
          [
            30.267002,
            39.5902433
          ],
          [
            30.2667018,
            39.5902024
          ]
        ]
      },
      "id": "way/1427335158"
    },
    {
      "type": "Feature",
      "properties": {
        "@id": "way/1427335159",
        "axle_load": "22.5",
        "electrified": "contact_line",
        "frequency": "50",
        "gauge": "1435",
        "maxspeed": "120",
        "name": "Eskişehir-Konya demiryolu",
        "operator": "TCDD",
        "railway": "rail",
        "railway:etcs": "2",
        "source": "GPS",
        "usage": "main",
        "voltage": "25000"
      },
      "geometry": {
        "type": "LineString",
        "coordinates": [
          [
            30.2667018,
            39.5902024
          ],
          [
            30.2661802,
            39.5901163
          ],
          [
            30.2658307,
            39.5900911
          ],
          [
            30.2654717,
            39.5901133
          ]
        ]
      },
      "id": "way/1427335159"
    },
    {
      "type": "Feature",
      "properties": {
        "@id": "way/1427335160",
        "axle_load": "22.5",
        "bridge": "yes",
        "electrified": "contact_line",
        "frequency": "50",
        "gauge": "1435",
        "layer": "1",
        "maxspeed": "120",
        "operator": "TCDD",
        "railway": "rail",
        "railway:etcs": "2",
        "source": "GPS",
        "usage": "main",
        "voltage": "25000"
      },
      "geometry": {
        "type": "LineString",
        "coordinates": [
          [
            30.2654717,
            39.5901133
          ],
          [
            30.2652139,
            39.5901322
          ]
        ]
      },
      "id": "way/1427335160"
    },
    {
      "type": "Feature",
      "properties": {
        "@id": "way/1427335161",
        "axle_load": "22.5",
        "electrified": "contact_line",
        "frequency": "50",
        "gauge": "1435",
        "maxspeed": "120",
        "name": "Eskişehir-Konya demiryolu",
        "operator": "TCDD",
        "railway": "rail",
        "railway:etcs": "2",
        "source": "GPS",
        "usage": "main",
        "voltage": "25000"
      },
      "geometry": {
        "type": "LineString",
        "coordinates": [
          [
            30.2652139,
            39.5901322
          ],
          [
            30.2646443,
            39.5901617
          ],
          [
            30.2641911,
            39.5901649
          ],
          [
            30.2636253,
            39.5900891
          ],
          [
            30.2630205,
            39.5898979
          ],
          [
            30.2624582,
            39.5896577
          ],
          [
            30.261807,
            39.5893028
          ],
          [
            30.2613242,
            39.5890261
          ],
          [
            30.2609044,
            39.5887163
          ],
          [
            30.2604425,
            39.5881843
          ],
          [
            30.2597906,
            39.5872021
          ],
          [
            30.2594102,
            39.5866919
          ],
          [
            30.2590664,
            39.5863316
          ],
          [
            30.2586244,
            39.5859967
          ],
          [
            30.2581346,
            39.5857698
          ],
          [
            30.2573268,
            39.5854257
          ],
          [
            30.256666,
            39.5852043
          ],
          [
            30.2561281,
            39.5849923
          ],
          [
            30.2557681,
            39.5848155
          ],
          [
            30.2550676,
            39.5844015
          ],
          [
            30.2545669,
            39.5840317
          ],
          [
            30.2543277,
            39.5838123
          ],
          [
            30.2532772,
            39.5828694
          ],
          [
            30.2527008,
            39.5824553
          ],
          [
            30.2521025,
            39.5820916
          ],
          [
            30.2485946,
            39.5804432
          ],
          [
            30.2480199,
            39.5801846
          ],
          [
            30.24737,
            39.5799714
          ],
          [
            30.2469122,
            39.5798495
          ],
          [
            30.2457296,
            39.5795703
          ],
          [
            30.245173,
            39.5794049
          ],
          [
            30.2446737,
            39.5792175
          ],
          [
            30.2433371,
            39.5786772
          ],
          [
            30.2428493,
            39.5784746
          ],
          [
            30.2422463,
            39.5783161
          ],
          [
            30.2415937,
            39.5782334
          ],
          [
            30.2412432,
            39.5782269
          ],
          [
            30.2408551,
            39.5782527
          ],
          [
            30.2405127,
            39.5782995
          ],
          [
            30.2401846,
            39.5783905
          ],
          [
            30.2384966,
            39.5789749
          ],
          [
            30.23808,
            39.5791223
          ],
          [
            30.2375042,
            39.5792422
          ],
          [
            30.2368229,
            39.5793236
          ],
          [
            30.2360093,
            39.5792987
          ],
          [
            30.2347021,
            39.5791444
          ]
        ]
      },
      "id": "way/1427335161"
    },
    {
      "type": "Feature",
      "properties": {
        "@id": "way/1427335162",
        "axle_load": "22.5",
        "bridge": "yes",
        "electrified": "contact_line",
        "frequency": "50",
        "gauge": "1435",
        "layer": "1",
        "maxspeed": "120",
        "name": "Eskişehir-Konya demiryolu",
        "operator": "TCDD",
        "railway": "rail",
        "railway:etcs": "2",
        "source": "GPS",
        "usage": "main",
        "voltage": "25000"
      },
      "geometry": {
        "type": "LineString",
        "coordinates": [
          [
            30.2347021,
            39.5791444
          ],
          [
            30.2343513,
            39.579104
          ]
        ]
      },
      "id": "way/1427335162"
    },
    {
      "type": "Feature",
      "properties": {
        "@id": "way/1427946031",
        "axle_load": "22.5",
        "electrified": "contact_line",
        "frequency": "50",
        "gauge": "1435",
        "maxspeed": "60",
        "railway": "rail",
        "railway:etcs": "2",
        "service": "siding",
        "voltage": "25000"
      },
      "geometry": {
        "type": "LineString",
        "coordinates": [
          [
            30.390474,
            39.653491
          ],
          [
            30.3899089,
            39.6535747
          ],
          [
            30.3833237,
            39.6540744
          ],
          [
            30.3824856,
            39.6540965
          ],
          [
            30.3816681,
            39.6540222
          ],
          [
            30.3808199,
            39.6538996
          ],
          [
            30.3781225,
            39.6534272
          ],
          [
            30.3777171,
            39.6533045
          ]
        ]
      },
      "id": "way/1427946031"
    },
    {
      "type": "Feature",
      "properties": {
        "@id": "way/1427946032",
        "axle_load": "22.5",
        "electrified": "contact_line",
        "frequency": "50",
        "gauge": "1435",
        "maxspeed": "60",
        "railway": "rail",
        "railway:etcs": "2",
        "service": "siding",
        "voltage": "25000"
      },
      "geometry": {
        "type": "LineString",
        "coordinates": [
          [
            30.3781225,
            39.6534272
          ],
          [
            30.3784014,
            39.6535125
          ],
          [
            30.3808071,
            39.6539375
          ],
          [
            30.3816661,
            39.6540586
          ],
          [
            30.3824713,
            39.6541361
          ],
          [
            30.3832888,
            39.6541187
          ],
          [
            30.3895782,
            39.6536316
          ],
          [
            30.3899089,
            39.6535747
          ]
        ]
      },
      "id": "way/1427946032"
    },
    {
      "type": "Feature",
      "properties": {
        "@id": "way/1427951243",
        "axle_load": "22.5",
        "electrified": "contact_line",
        "frequency": "50",
        "gauge": "1435",
        "maxspeed": "120",
        "name": "Eskişehir-Konya demiryolu",
        "operator": "TCDD",
        "railway": "rail",
        "railway:etcs": "2",
        "usage": "main",
        "voltage": "25000"
      },
      "geometry": {
        "type": "LineString",
        "coordinates": [
          [
            30.4271651,
            39.731436
          ],
          [
            30.4269508,
            39.7309882
          ],
          [
            30.4267734,
            39.7306164
          ],
          [
            30.4265413,
            39.7299558
          ],
          [
            30.4263696,
            39.7295379
          ],
          [
            30.4259981,
            39.7280306
          ],
          [
            30.4259216,
            39.7275426
          ],
          [
            30.4257845,
            39.7266744
          ],
          [
            30.4257874,
            39.7262017
          ],
          [
            30.4258223,
            39.7258262
          ],
          [
            30.4258902,
            39.7253644
          ],
          [
            30.4260124,
            39.7249642
          ],
          [
            30.426145,
            39.7245902
          ],
          [
            30.4264119,
            39.7240817
          ],
          [
            30.4266486,
            39.7236934
          ],
          [
            30.426979,
            39.7232817
          ],
          [
            30.4273116,
            39.7229428
          ],
          [
            30.4287429,
            39.7216866
          ],
          [
            30.4328773,
            39.718098
          ],
          [
            30.4341277,
            39.716555
          ],
          [
            30.4343239,
            39.7162341
          ],
          [
            30.434438,
            39.7160128
          ],
          [
            30.4345608,
            39.7156774
          ],
          [
            30.4346561,
            39.7151911
          ],
          [
            30.4346443,
            39.7149386
          ],
          [
            30.4345753,
            39.7146646
          ],
          [
            30.4344524,
            39.7142735
          ],
          [
            30.4343194,
            39.7140237
          ],
          [
            30.4341049,
            39.7137286
          ],
          [
            30.4337841,
            39.7133541
          ],
          [
            30.4332521,
            39.7128864
          ],
          [
            30.4327059,
            39.7125218
          ],
          [
            30.4323687,
            39.7123425
          ],
          [
            30.4318607,
            39.7121257
          ],
          [
            30.4311546,
            39.7119174
          ],
          [
            30.4304964,
            39.7118047
          ],
          [
            30.4297966,
            39.711781
          ],
          [
            30.4291402,
            39.7118117
          ],
          [
            30.4287344,
            39.7118798
          ],
          [
            30.4283959,
            39.7119545
          ],
          [
            30.4279887,
            39.7120923
          ],
          [
            30.4275108,
            39.7122739
          ],
          [
            30.4245691,
            39.7135773
          ]
        ]
      },
      "id": "way/1427951243"
    },
    {
      "type": "Feature",
      "properties": {
        "@id": "way/1427951244",
        "axle_load": "22.5",
        "bridge": "yes",
        "electrified": "contact_line",
        "frequency": "50",
        "gauge": "1435",
        "layer": "1",
        "maxspeed": "120",
        "operator": "TCDD",
        "railway": "rail",
        "railway:etcs": "2",
        "usage": "main",
        "voltage": "25000"
      },
      "geometry": {
        "type": "LineString",
        "coordinates": [
          [
            30.4245691,
            39.7135773
          ],
          [
            30.4245187,
            39.7135989
          ]
        ]
      },
      "id": "way/1427951244"
    },
    {
      "type": "Feature",
      "properties": {
        "@id": "way/1427951245",
        "axle_load": "22.5",
        "electrified": "contact_line",
        "frequency": "50",
        "gauge": "1435",
        "maxspeed": "120",
        "name": "Eskişehir-Konya demiryolu",
        "operator": "TCDD",
        "railway": "rail",
        "railway:etcs": "2",
        "usage": "main",
        "voltage": "25000"
      },
      "geometry": {
        "type": "LineString",
        "coordinates": [
          [
            30.4458248,
            39.7421827
          ],
          [
            30.4411953,
            39.7412627
          ],
          [
            30.440615,
            39.741116
          ],
          [
            30.4401707,
            39.741019
          ],
          [
            30.4394745,
            39.7408117
          ],
          [
            30.4388975,
            39.7406155
          ],
          [
            30.4382006,
            39.7403478
          ],
          [
            30.4377094,
            39.7401265
          ],
          [
            30.4372779,
            39.7398951
          ],
          [
            30.4365711,
            39.7395117
          ],
          [
            30.4313633,
            39.7361699
          ],
          [
            30.4302671,
            39.7352872
          ],
          [
            30.429922,
            39.7349864
          ],
          [
            30.4294318,
            39.7345173
          ],
          [
            30.4288798,
            39.7339172
          ],
          [
            30.4283371,
            39.7332567
          ],
          [
            30.427806,
            39.7324661
          ],
          [
            30.4274524,
            39.7319544
          ],
          [
            30.42719,
            39.7314881
          ]
        ]
      },
      "id": "way/1427951245"
    },
    {
      "type": "Feature",
      "properties": {
        "@id": "way/1427951246",
        "axle_load": "22.5",
        "electrified": "contact_line",
        "frequency": "50",
        "gauge": "1435",
        "layer": "-1",
        "maxspeed": "120",
        "operator": "TCDD",
        "railway": "rail",
        "railway:etcs": "2",
        "tunnel": "yes",
        "usage": "main",
        "voltage": "25000"
      },
      "geometry": {
        "type": "LineString",
        "coordinates": [
          [
            30.42719,
            39.7314881
          ],
          [
            30.4271651,
            39.731436
          ]
        ]
      },
      "id": "way/1427951246"
    },
    {
      "type": "Feature",
      "properties": {
        "@id": "way/1427957137",
        "axle_load": "22.5",
        "bridge": "yes",
        "construction:electrified": "contact_line",
        "construction:frequency": "50",
        "construction:railway:etcs": "1",
        "construction:voltage": "25000",
        "electrified": "no",
        "gauge": "1435",
        "layer": "1",
        "name": "Eskişehir-Konya demiryolu",
        "operator": "TCDD",
        "railway": "rail",
        "railway:etcs": "no",
        "source": "osm-gpx",
        "usage": "main"
      },
      "geometry": {
        "type": "LineString",
        "coordinates": [
          [
            30.6321377,
            38.7083587
          ],
          [
            30.6320098,
            38.7084442
          ]
        ]
      },
      "id": "way/1427957137"
    },
    {
      "type": "Feature",
      "properties": {
        "@id": "way/1427957138",
        "axle_load": "22.5",
        "construction:electrified": "contact_line",
        "construction:frequency": "50",
        "construction:railway:etcs": "1",
        "construction:voltage": "25000",
        "electrified": "no",
        "gauge": "1435",
        "name": "Eskişehir-Konya demiryolu",
        "operator": "TCDD",
        "railway": "rail",
        "railway:etcs": "no",
        "source": "osm-gpx",
        "usage": "main"
      },
      "geometry": {
        "type": "LineString",
        "coordinates": [
          [
            30.6342634,
            38.707295
          ],
          [
            30.6338782,
            38.7074416
          ],
          [
            30.6335833,
            38.7075668
          ],
          [
            30.633034,
            38.7078256
          ],
          [
            30.6324712,
            38.7081397
          ],
          [
            30.6321377,
            38.7083587
          ]
        ]
      },
      "id": "way/1427957138"
    },
    {
      "type": "Feature",
      "properties": {
        "@id": "way/1427957139",
        "axle_load": "22.5",
        "bridge": "yes",
        "construction:electrified": "contact_line",
        "construction:frequency": "50",
        "construction:railway:etcs": "1",
        "construction:voltage": "25000",
        "electrified": "no",
        "gauge": "1435",
        "layer": "1",
        "name": "Eskişehir-Konya demiryolu",
        "operator": "TCDD",
        "railway": "rail",
        "railway:etcs": "no",
        "source": "osm-gpx",
        "usage": "main"
      },
      "geometry": {
        "type": "LineString",
        "coordinates": [
          [
            30.6344612,
            38.7072189
          ],
          [
            30.6342634,
            38.707295
          ]
        ]
      },
      "id": "way/1427957139"
    },
    {
      "type": "Feature",
      "properties": {
        "@id": "way/1427957140",
        "axle_load": "22.5",
        "construction:electrified": "contact_line",
        "construction:frequency": "50",
        "construction:railway:etcs": "1",
        "construction:voltage": "25000",
        "electrified": "no",
        "gauge": "1435",
        "operator": "TCDD",
        "railway": "rail",
        "railway:etcs": "no",
        "service": "siding",
        "source": "osm-gpx"
      },
      "geometry": {
        "type": "LineString",
        "coordinates": [
          [
            30.6304405,
            38.7095654
          ],
          [
            30.6307304,
            38.7093708
          ],
          [
            30.6314142,
            38.708853
          ],
          [
            30.6320098,
            38.7084442
          ]
        ]
      },
      "id": "way/1427957140"
    },
    {
      "type": "Feature",
      "properties": {
        "@id": "way/1471697842",
        "axle_load": "22.5",
        "electrified": "contact_line",
        "frequency": "50",
        "gauge": "1435",
        "name": "İstanbul - Ankara demiryolu",
        "name:en": "İstanbul - Ankara railway",
        "operator": "TCDD",
        "passenger_lines": "1",
        "railway": "rail",
        "railway:bidirectional": "regular",
        "railway:preferred_direction": "both",
        "source": "bing",
        "usage": "main",
        "voltage": "25000",
        "wikidata": "Q15103266",
        "wikipedia": "en:Istanbul–Ankara railway"
      },
      "geometry": {
        "type": "LineString",
        "coordinates": [
          [
            30.6427357,
            39.7969168
          ],
          [
            30.6433038,
            39.7971832
          ],
          [
            30.6442067,
            39.7975169
          ],
          [
            30.6450209,
            39.7977095
          ],
          [
            30.645584,
            39.7977899
          ],
          [
            30.6461278,
            39.7978215
          ],
          [
            30.6468049,
            39.7978014
          ],
          [
            30.6474819,
            39.7977484
          ],
          [
            30.6484722,
            39.7976493
          ],
          [
            30.6491568,
            39.7976421
          ],
          [
            30.649833,
            39.7976713
          ],
          [
            30.6516644,
            39.7978461
          ]
        ]
      },
      "id": "way/1471697842"
    },
    {
      "type": "Feature",
      "properties": {
        "@id": "way/1471697843",
        "axle_load": "22.5",
        "bridge": "yes",
        "electrified": "contact_line",
        "frequency": "50",
        "gauge": "1435",
        "layer": "1",
        "name": "İstanbul - Ankara demiryolu",
        "name:en": "İstanbul - Ankara railway",
        "operator": "TCDD",
        "passenger_lines": "1",
        "railway": "rail",
        "railway:bidirectional": "regular",
        "railway:preferred_direction": "both",
        "source": "bing",
        "usage": "main",
        "voltage": "25000",
        "wikidata": "Q15103266",
        "wikipedia": "en:Istanbul–Ankara railway"
      },
      "geometry": {
        "type": "LineString",
        "coordinates": [
          [
            30.6421106,
            39.796621
          ],
          [
            30.6427357,
            39.7969168
          ]
        ]
      },
      "id": "way/1471697843"
    },
    {
      "type": "Feature",
      "properties": {
        "@id": "way/1471749488",
        "axle_load": "22.5",
        "electrified": "contact_line",
        "frequency": "50",
        "gauge": "1435",
        "railway": "rail",
        "service": "crossover",
        "voltage": "25000"
      },
      "geometry": {
        "type": "LineString",
        "coordinates": [
          [
            30.3946195,
            39.7835404
          ],
          [
            30.395366,
            39.7834431
          ]
        ]
      },
      "id": "way/1471749488"
    },
    {
      "type": "Feature",
      "properties": {
        "@id": "way/1472043395",
        "electrified": "contact_line",
        "frequency": "50",
        "gauge": "1435",
        "railway": "rail",
        "service": "yard",
        "source": "bing",
        "voltage": "25000"
      },
      "geometry": {
        "type": "LineString",
        "coordinates": [
          [
            30.6062589,
            39.7926316
          ],
          [
            30.6070306,
            39.7925701
          ],
          [
            30.6073256,
            39.7925443
          ],
          [
            30.6079103,
            39.7924679
          ],
          [
            30.6105697,
            39.7920434
          ]
        ]
      },
      "id": "way/1472043395"
    },
    {
      "type": "Feature",
      "properties": {
        "@id": "way/1472043396",
        "electrified": "no",
        "gauge": "1435",
        "railway": "rail",
        "service": "yard"
      },
      "geometry": {
        "type": "LineString",
        "coordinates": [
          [
            30.6104338,
            39.7924293
          ],
          [
            30.6112734,
            39.7925232
          ],
          [
            30.6115916,
            39.7925597
          ],
          [
            30.6119605,
            39.7926597
          ],
          [
            30.6123037,
            39.7927699
          ],
          [
            30.6126161,
            39.7928475
          ],
          [
            30.6129864,
            39.7929543
          ]
        ]
      },
      "id": "way/1472043396"
    },
    {
      "type": "Feature",
      "properties": {
        "@id": "way/1472043397",
        "electrified": "no",
        "gauge": "1435",
        "railway": "rail",
        "service": "yard"
      },
      "geometry": {
        "type": "LineString",
        "coordinates": [
          [
            30.6104437,
            39.7923773
          ],
          [
            30.6112833,
            39.7924712
          ],
          [
            30.6116023,
            39.7925092
          ],
          [
            30.6119962,
            39.7926205
          ],
          [
            30.6126161,
            39.7928475
          ]
        ]
      },
      "id": "way/1472043397"
    },
    {
      "type": "Feature",
      "properties": {
        "@id": "way/1472043398",
        "electrified": "no",
        "gauge": "1435",
        "railway": "rail",
        "service": "yard"
      },
      "geometry": {
        "type": "LineString",
        "coordinates": [
          [
            30.6104536,
            39.7923253
          ],
          [
            30.6112932,
            39.7924192
          ],
          [
            30.6116131,
            39.7924587
          ],
          [
            30.6120319,
            39.7925813
          ],
          [
            30.6126886,
            39.7928224
          ]
        ]
      },
      "id": "way/1472043398"
    },
    {
      "type": "Feature",
      "properties": {
        "@id": "way/1472043399",
        "electrified": "contact_line",
        "frequency": "50",
        "gauge": "1435",
        "railway": "rail",
        "service": "yard",
        "source": "bing",
        "voltage": "25000"
      },
      "geometry": {
        "type": "LineString",
        "coordinates": [
          [
            30.6079442,
            39.792511
          ],
          [
            30.6087458,
            39.7923958
          ],
          [
            30.6093157,
            39.7923123
          ],
          [
            30.6096698,
            39.7922649
          ],
          [
            30.6099475,
            39.7922444
          ],
          [
            30.6102598,
            39.7922546
          ],
          [
            30.6104636,
            39.7922733
          ]
        ]
      },
      "id": "way/1472043399"
    },
    {
      "type": "Feature",
      "properties": {
        "@id": "way/1472043400",
        "electrified": "no",
        "gauge": "1435",
        "railway": "rail",
        "service": "crossover"
      },
      "geometry": {
        "type": "LineString",
        "coordinates": [
          [
            30.6266599,
            39.7929634
          ],
          [
            30.6261399,
            39.7930059
          ]
        ]
      },
      "id": "way/1472043400"
    },
    {
      "type": "Feature",
      "properties": {
        "@id": "way/1472043401",
        "electrified": "contact_line",
        "frequency": "50",
        "gauge": "1435",
        "railway": "rail",
        "service": "crossover",
        "source": "bing",
        "voltage": "25000"
      },
      "geometry": {
        "type": "LineString",
        "coordinates": [
          [
            30.624442,
            39.7947001
          ],
          [
            30.624179,
            39.7946254
          ],
          [
            30.6239246,
            39.7945532
          ]
        ]
      },
      "id": "way/1472043401"
    },
    {
      "type": "Feature",
      "properties": {
        "@id": "way/1473005140",
        "electrified": "no",
        "gauge": "1435",
        "railway": "rail",
        "service": "yard",
        "source": "bing"
      },
      "geometry": {
        "type": "LineString",
        "coordinates": [
          [
            30.494549,
            39.7762481
          ],
          [
            30.4943033,
            39.7761446
          ],
          [
            30.4940273,
            39.776039
          ],
          [
            30.4937916,
            39.7759527
          ]
        ]
      },
      "id": "way/1473005140"
    },
    {
      "type": "Feature",
      "properties": {
        "@id": "way/1473005141",
        "electrified": "no",
        "gauge": "1435",
        "railway": "rail",
        "service": "spur",
        "source": "bing"
      },
      "geometry": {
        "type": "LineString",
        "coordinates": [
          [
            30.4975804,
            39.775517
          ],
          [
            30.4960188,
            39.7764334
          ],
          [
            30.4958247,
            39.7765269
          ],
          [
            30.4956289,
            39.7765722
          ],
          [
            30.4954478,
            39.7765928
          ],
          [
            30.4951851,
            39.7765753
          ]
        ]
      },
      "id": "way/1473005141"
    },
    {
      "type": "Feature",
      "properties": {
        "@id": "way/1473005142",
        "electrified": "no",
        "gauge": "1435",
        "railway": "rail",
        "service": "yard"
      },
      "geometry": {
        "type": "LineString",
        "coordinates": [
          [
            30.4968238,
            39.774788
          ],
          [
            30.4951787,
            39.7757634
          ],
          [
            30.4950744,
            39.775824
          ]
        ]
      },
      "id": "way/1473005142"
    },
    {
      "type": "Feature",
      "properties": {
        "@id": "way/1473005143",
        "electrified": "no",
        "gauge": "1435",
        "railway": "rail",
        "service": "spur"
      },
      "geometry": {
        "type": "LineString",
        "coordinates": [
          [
            30.4968975,
            39.774854
          ],
          [
            30.4952442,
            39.7758297
          ],
          [
            30.49513,
            39.7758971
          ],
          [
            30.4948685,
            39.7759775
          ],
          [
            30.4946418,
            39.7760033
          ],
          [
            30.4943696,
            39.7759899
          ],
          [
            30.4940571,
            39.7759043
          ],
          [
            30.4937688,
            39.7757776
          ]
        ]
      },
      "id": "way/1473005143"
    },
    {
      "type": "Feature",
      "properties": {
        "@id": "way/1473005144",
        "electrified": "no",
        "gauge": "1435",
        "railway": "rail",
        "service": "spur"
      },
      "geometry": {
        "type": "LineString",
        "coordinates": [
          [
            30.4969713,
            39.77492
          ],
          [
            30.4953097,
            39.775896
          ],
          [
            30.495185,
            39.7759692
          ],
          [
            30.4949073,
            39.7760703
          ],
          [
            30.4946566,
            39.7761001
          ],
          [
            30.4943441,
            39.7760764
          ],
          [
            30.4940449,
            39.7759898
          ],
          [
            30.4935128,
            39.7758077
          ]
        ]
      },
      "id": "way/1473005144"
    },
    {
      "type": "Feature",
      "properties": {
        "@id": "way/1473005145",
        "electrified": "no",
        "gauge": "1435",
        "railway": "rail",
        "service": "spur"
      },
      "geometry": {
        "type": "LineString",
        "coordinates": [
          [
            30.4966936,
            39.7742482
          ],
          [
            30.4958268,
            39.7747499
          ],
          [
            30.4947545,
            39.7753705
          ],
          [
            30.4944215,
            39.7755181
          ]
        ]
      },
      "id": "way/1473005145"
    },
    {
      "type": "Feature",
      "properties": {
        "@id": "way/1473005146",
        "electrified": "no",
        "gauge": "1435",
        "railway": "rail",
        "service": "spur"
      },
      "geometry": {
        "type": "LineString",
        "coordinates": [
          [
            30.4965708,
            39.7741182
          ],
          [
            30.4957024,
            39.774623
          ],
          [
            30.4946054,
            39.7752607
          ],
          [
            30.494391,
            39.7753673
          ],
          [
            30.4941228,
            39.7754663
          ],
          [
            30.4938036,
            39.7755343
          ],
          [
            30.4934925,
            39.7755611
          ]
        ]
      },
      "id": "way/1473005146"
    },
    {
      "type": "Feature",
      "properties": {
        "@id": "way/1473005147",
        "electrified": "no",
        "gauge": "1435",
        "railway": "rail",
        "service": "spur"
      },
      "geometry": {
        "type": "LineString",
        "coordinates": [
          [
            30.4965395,
            39.7740851
          ],
          [
            30.49567,
            39.7745899
          ],
          [
            30.4945654,
            39.7752313
          ],
          [
            30.4941228,
            39.7754663
          ]
        ]
      },
      "id": "way/1473005147"
    },
    {
      "type": "Feature",
      "properties": {
        "@id": "way/1473005148",
        "electrified": "no",
        "gauge": "1435",
        "railway": "rail",
        "service": "spur"
      },
      "geometry": {
        "type": "LineString",
        "coordinates": [
          [
            30.4925027,
            39.7742345
          ],
          [
            30.4921433,
            39.774352
          ],
          [
            30.4920582,
            39.7743754
          ],
          [
            30.4919946,
            39.7743928
          ],
          [
            30.4918671,
            39.7744283
          ],
          [
            30.4914044,
            39.7744788
          ],
          [
            30.4911563,
            39.7744685
          ],
          [
            30.4908988,
            39.7744025
          ],
          [
            30.4905662,
            39.7742727
          ]
        ]
      },
      "id": "way/1473005148"
    },
    {
      "type": "Feature",
      "properties": {
        "@id": "way/1473005149",
        "electrified": "no",
        "gauge": "1435",
        "railway": "rail",
        "service": "spur"
      },
      "geometry": {
        "type": "LineString",
        "coordinates": [
          [
            30.496341,
            39.7739449
          ],
          [
            30.4951211,
            39.7746475
          ],
          [
            30.4943079,
            39.7751158
          ],
          [
            30.4940665,
            39.7752436
          ],
          [
            30.4938224,
            39.7753261
          ],
          [
            30.4934549,
            39.7753797
          ],
          [
            30.4930606,
            39.7753786
          ]
        ]
      },
      "id": "way/1473005149"
    },
    {
      "type": "Feature",
      "properties": {
        "@id": "way/1473005150",
        "electrified": "no",
        "gauge": "1435",
        "railway": "rail",
        "service": "spur"
      },
      "geometry": {
        "type": "LineString",
        "coordinates": [
          [
            30.495716,
            39.7738058
          ],
          [
            30.4939565,
            39.7748107
          ],
          [
            30.493758,
            39.7749128
          ],
          [
            30.4935595,
            39.7749942
          ],
          [
            30.4933812,
            39.7750375
          ],
          [
            30.4931425,
            39.7750756
          ],
          [
            30.4929346,
            39.7751024
          ],
          [
            30.4927098,
            39.7751096
          ],
          [
            30.4925215,
            39.7750952
          ],
          [
            30.4921634,
            39.7750468
          ]
        ]
      },
      "id": "way/1473005150"
    },
    {
      "type": "Feature",
      "properties": {
        "@id": "way/1473005151",
        "electrified": "no",
        "gauge": "1435",
        "railway": "rail",
        "service": "spur"
      },
      "geometry": {
        "type": "LineString",
        "coordinates": [
          [
            30.4958582,
            39.7739686
          ],
          [
            30.494104,
            39.7749798
          ],
          [
            30.4935515,
            39.7752704
          ],
          [
            30.4933074,
            39.7753518
          ],
          [
            30.4930606,
            39.7753786
          ],
          [
            30.4929534,
            39.7753683
          ],
          [
            30.4928129,
            39.7753444
          ],
          [
            30.4926409,
            39.7753189
          ],
          [
            30.4924822,
            39.7752771
          ]
        ]
      },
      "id": "way/1473005151"
    },
    {
      "type": "Feature",
      "properties": {
        "@id": "way/1473005154",
        "electrified": "contact_line",
        "frequency": "50",
        "gauge": "1435",
        "railway": "rail",
        "service": "crossover",
        "voltage": "25000"
      },
      "geometry": {
        "type": "LineString",
        "coordinates": [
          [
            30.4787372,
            39.7749696
          ],
          [
            30.4793342,
            39.7750333
          ]
        ]
      },
      "id": "way/1473005154"
    },
    {
      "type": "Feature",
      "properties": {
        "@id": "way/1473005155",
        "electrified": "contact_line",
        "frequency": "50",
        "gauge": "1435",
        "railway": "rail",
        "service": "crossover",
        "voltage": "25000"
      },
      "geometry": {
        "type": "LineString",
        "coordinates": [
          [
            30.4943286,
            39.7777857
          ],
          [
            30.4950453,
            39.7779828
          ]
        ]
      },
      "id": "way/1473005155"
    },
    {
      "type": "Feature",
      "properties": {
        "@id": "way/1473205033",
        "electrified": "no",
        "gauge": "1435",
        "railway": "rail",
        "service": "yard",
        "source": "bing"
      },
      "geometry": {
        "type": "LineString",
        "coordinates": [
          [
            30.5007613,
            39.7781595
          ],
          [
            30.5006218,
            39.7781079
          ],
          [
            30.5004314,
            39.7780543
          ],
          [
            30.5001497,
            39.7780152
          ],
          [
            30.4996562,
            39.7779935
          ],
          [
            30.4993491,
            39.7779925
          ],
          [
            30.4990916,
            39.7779688
          ],
          [
            30.4987738,
            39.7779348
          ],
          [
            30.4984103,
            39.7778823
          ]
        ]
      },
      "id": "way/1473205033"
    },
    {
      "type": "Feature",
      "properties": {
        "@id": "way/1473205034",
        "electrified": "no",
        "gauge": "1435",
        "railway": "rail",
        "service": "yard",
        "source": "bing"
      },
      "geometry": {
        "type": "LineString",
        "coordinates": [
          [
            30.5006218,
            39.7778822
          ],
          [
            30.5003844,
            39.7778492
          ],
          [
            30.5000076,
            39.7778379
          ],
          [
            30.4996535,
            39.7778461
          ],
          [
            30.4992351,
            39.7778461
          ],
          [
            30.4989186,
            39.7778451
          ],
          [
            30.4985578,
            39.7778369
          ],
          [
            30.4981556,
            39.7778114
          ]
        ]
      },
      "id": "way/1473205034"
    },
    {
      "type": "Feature",
      "properties": {
        "@id": "way/1473205035",
        "electrified": "no",
        "gauge": "1435",
        "railway": "rail",
        "service": "yard",
        "source": "bing"
      },
      "geometry": {
        "type": "LineString",
        "coordinates": [
          [
            30.5007841,
            39.7778338
          ],
          [
            30.5004917,
            39.777742
          ],
          [
            30.5001792,
            39.7776936
          ],
          [
            30.4998641,
            39.7776843
          ],
          [
            30.4987952,
            39.7776977
          ],
          [
            30.4984519,
            39.7777283
          ]
        ]
      },
      "id": "way/1473205035"
    },
    {
      "type": "Feature",
      "properties": {
        "@id": "way/1473205037",
        "electrified": "no",
        "gauge": "1435",
        "railway": "rail",
        "service": "spur",
        "source": "bing"
      },
      "geometry": {
        "type": "LineString",
        "coordinates": [
          [
            30.499074,
            39.7776096
          ],
          [
            30.4992364,
            39.7776163
          ],
          [
            30.499789,
            39.7775946
          ],
          [
            30.5004354,
            39.7776575
          ],
          [
            30.5006151,
            39.7777255
          ],
          [
            30.5009906,
            39.7777885
          ],
          [
            30.5010232,
            39.7777938
          ],
          [
            30.5021592,
            39.7779779
          ],
          [
            30.5022724,
            39.7779963
          ],
          [
            30.5036839,
            39.7782251
          ],
          [
            30.5038525,
            39.7782525
          ]
        ]
      },
      "id": "way/1473205037"
    },
    {
      "type": "Feature",
      "properties": {
        "@id": "way/1473205038",
        "electrified": "no",
        "gauge": "1435",
        "railway": "rail",
        "service": "spur",
        "source": "bing"
      },
      "geometry": {
        "type": "LineString",
        "coordinates": [
          [
            30.5004354,
            39.7776575
          ],
          [
            30.5010022,
            39.7777475
          ],
          [
            30.5010328,
            39.7777523
          ],
          [
            30.5021684,
            39.7779397
          ],
          [
            30.5022834,
            39.7779587
          ],
          [
            30.5036938,
            39.7781914
          ],
          [
            30.5038624,
            39.7782192
          ]
        ]
      },
      "id": "way/1473205038"
    },
    {
      "type": "Feature",
      "properties": {
        "@id": "way/1473205039",
        "electrified": "no",
        "gauge": "1435",
        "railway": "rail",
        "service": "spur",
        "source": "bing"
      },
      "geometry": {
        "type": "LineString",
        "coordinates": [
          [
            30.4997875,
            39.7775608
          ],
          [
            30.5005786,
            39.7776435
          ],
          [
            30.5008642,
            39.7776903
          ],
          [
            30.5010116,
            39.7777145
          ],
          [
            30.5010404,
            39.7777192
          ],
          [
            30.5021767,
            39.7779055
          ],
          [
            30.5022934,
            39.7779247
          ],
          [
            30.5037041,
            39.778156
          ],
          [
            30.503873,
            39.7781837
          ]
        ]
      },
      "id": "way/1473205039"
    },
    {
      "type": "Feature",
      "properties": {
        "@id": "way/1473205041",
        "electrified": "no",
        "gauge": "1435",
        "railway": "rail",
        "service": "yard",
        "source": "bing"
      },
      "geometry": {
        "type": "LineString",
        "coordinates": [
          [
            30.5006567,
            39.7775689
          ],
          [
            30.5010359,
            39.7776283
          ],
          [
            30.5023213,
            39.7778297
          ],
          [
            30.5037349,
            39.7780511
          ],
          [
            30.5039017,
            39.7780773
          ]
        ]
      },
      "id": "way/1473205041"
    },
    {
      "type": "Feature",
      "properties": {
        "@id": "way/1473205042",
        "electrified": "no",
        "gauge": "1435",
        "railway": "rail",
        "service": "spur",
        "source": "bing"
      },
      "geometry": {
        "type": "LineString",
        "coordinates": [
          [
            30.5016625,
            39.7776565
          ],
          [
            30.5013548,
            39.7776057
          ],
          [
            30.5010562,
            39.7775563
          ],
          [
            30.5009204,
            39.7775339
          ],
          [
            30.5006134,
            39.7774832
          ],
          [
            30.5004582,
            39.7774576
          ],
          [
            30.5002076,
            39.7774276
          ],
          [
            30.4999016,
            39.777439
          ],
          [
            30.4995181,
            39.7775009
          ]
        ]
      },
      "id": "way/1473205042"
    },
    {
      "type": "Feature",
      "properties": {
        "@id": "way/1473205043",
        "electrified": "no",
        "gauge": "1435",
        "railway": "rail",
        "service": "spur",
        "source": "bing"
      },
      "geometry": {
        "type": "LineString",
        "coordinates": [
          [
            30.5009343,
            39.7773524
          ],
          [
            30.5006076,
            39.7773044
          ],
          [
            30.5004756,
            39.7772875
          ],
          [
            30.5003147,
            39.7772937
          ],
          [
            30.4999888,
            39.7773205
          ],
          [
            30.4997058,
            39.7773729
          ]
        ]
      },
      "id": "way/1473205043"
    },
    {
      "type": "Feature",
      "properties": {
        "@id": "way/1473205044",
        "electrified": "no",
        "gauge": "1435",
        "railway": "rail",
        "service": "spur",
        "source": "bing"
      },
      "geometry": {
        "type": "LineString",
        "coordinates": [
          [
            30.5009055,
            39.7770992
          ],
          [
            30.5011579,
            39.7771023
          ],
          [
            30.5012132,
            39.777103
          ],
          [
            30.5014614,
            39.7771389
          ],
          [
            30.5020036,
            39.7772221
          ],
          [
            30.5023184,
            39.7772704
          ],
          [
            30.5024918,
            39.7772971
          ],
          [
            30.5038899,
            39.7775117
          ],
          [
            30.5040562,
            39.7775373
          ]
        ]
      },
      "id": "way/1473205044"
    },
    {
      "type": "Feature",
      "properties": {
        "@id": "way/1473205045",
        "electrified": "no",
        "gauge": "1435",
        "railway": "rail",
        "service": "spur",
        "source": "bing"
      },
      "geometry": {
        "type": "LineString",
        "coordinates": [
          [
            30.5014935,
            39.7769401
          ],
          [
            30.5017202,
            39.7769567
          ],
          [
            30.5022271,
            39.7769556
          ],
          [
            30.5024131,
            39.7769776
          ],
          [
            30.5025752,
            39.7770022
          ],
          [
            30.5039703,
            39.7772405
          ],
          [
            30.5041332,
            39.7772683
          ]
        ]
      },
      "id": "way/1473205045"
    },
    {
      "type": "Feature",
      "properties": {
        "@id": "way/1473205046",
        "electrified": "no",
        "gauge": "1435",
        "railway": "rail",
        "service": "spur",
        "source": "bing"
      },
      "geometry": {
        "type": "LineString",
        "coordinates": [
          [
            30.5011973,
            39.7769747
          ],
          [
            30.5015525,
            39.7768742
          ],
          [
            30.5020004,
            39.7767814
          ],
          [
            30.5023317,
            39.7767505
          ],
          [
            30.502495,
            39.7767405
          ],
          [
            30.502653,
            39.7767421
          ],
          [
            30.5040497,
            39.7769748
          ],
          [
            30.5042096,
            39.7770015
          ]
        ]
      },
      "id": "way/1473205046"
    },
    {
      "type": "Feature",
      "properties": {
        "@id": "way/1473205047",
        "electrified": "no",
        "gauge": "1435",
        "railway": "rail",
        "service": "spur",
        "source": "bing"
      },
      "geometry": {
        "type": "LineString",
        "coordinates": [
          [
            30.5016908,
            39.7768852
          ],
          [
            30.5020031,
            39.7768082
          ],
          [
            30.5023161,
            39.776781
          ],
          [
            30.5024782,
            39.7767853
          ],
          [
            30.5026346,
            39.776801
          ],
          [
            30.5040307,
            39.7770383
          ],
          [
            30.5041912,
            39.7770656
          ]
        ]
      },
      "id": "way/1473205047"
    },
    {
      "type": "Feature",
      "properties": {
        "@id": "way/1473205049",
        "electrified": "no",
        "gauge": "1435",
        "railway": "rail",
        "service": "spur",
        "source": "bing"
      },
      "geometry": {
        "type": "LineString",
        "coordinates": [
          [
            30.5018673,
            39.7763881
          ],
          [
            30.5020742,
            39.7763083
          ],
          [
            30.5022486,
            39.7762465
          ],
          [
            30.5023907,
            39.7762228
          ],
          [
            30.5025798,
            39.7762022
          ],
          [
            30.5028172,
            39.7762166
          ]
        ]
      },
      "id": "way/1473205049"
    },
    {
      "type": "Feature",
      "properties": {
        "@id": "way/1473205050",
        "electrified": "no",
        "gauge": "1435",
        "railway": "rail",
        "service": "spur",
        "source": "bing"
      },
      "geometry": {
        "type": "LineString",
        "coordinates": [
          [
            30.5006698,
            39.7770709
          ],
          [
            30.5010425,
            39.7769223
          ],
          [
            30.5012698,
            39.7768237
          ],
          [
            30.5018235,
            39.7765837
          ],
          [
            30.5021235,
            39.7765112
          ],
          [
            30.5024503,
            39.7764514
          ],
          [
            30.5025717,
            39.7764602
          ],
          [
            30.5027339,
            39.776472
          ],
          [
            30.5029807,
            39.7764928
          ],
          [
            30.5042905,
            39.7767188
          ]
        ]
      },
      "id": "way/1473205050"
    },
    {
      "type": "Feature",
      "properties": {
        "@id": "way/1473205051",
        "electrified": "no",
        "gauge": "1435",
        "railway": "rail",
        "service": "yard",
        "source": "bing"
      },
      "geometry": {
        "type": "LineString",
        "coordinates": [
          [
            30.4939812,
            39.7760688
          ],
          [
            30.4944207,
            39.7763436
          ],
          [
            30.4945949,
            39.7764557
          ],
          [
            30.494855,
            39.7766474
          ],
          [
            30.4951555,
            39.7768866
          ]
        ]
      },
      "id": "way/1473205051"
    },
    {
      "type": "Feature",
      "properties": {
        "@id": "way/1501506889",
        "electrified": "no",
        "gauge": "1435",
        "operator": "TCDD",
        "railway": "rail",
        "service": "spur"
      },
      "geometry": {
        "type": "LineString",
        "coordinates": [
          [
            30.56078,
            38.746312
          ],
          [
            30.5608117,
            38.7460106
          ],
          [
            30.5608048,
            38.745872
          ],
          [
            30.5607771,
            38.7457316
          ],
          [
            30.5607113,
            38.7455471
          ],
          [
            30.5606086,
            38.7453401
          ],
          [
            30.5604875,
            38.7451799
          ],
          [
            30.5603363,
            38.7450189
          ],
          [
            30.5601367,
            38.7448659
          ],
          [
            30.5599579,
            38.7447511
          ],
          [
            30.5594317,
            38.7444132
          ],
          [
            30.5579478,
            38.7434484
          ]
        ]
      },
      "id": "way/1501506889"
    },
    {
      "type": "Feature",
      "properties": {
        "@id": "way/1501506890",
        "electrified": "no",
        "gauge": "1435",
        "operator": "TCDD",
        "railway": "rail",
        "service": "spur"
      },
      "geometry": {
        "type": "LineString",
        "coordinates": [
          [
            30.5599579,
            38.7447511
          ],
          [
            30.5597328,
            38.7445797
          ],
          [
            30.559509,
            38.7443997
          ],
          [
            30.5592771,
            38.7442377
          ],
          [
            30.5579894,
            38.7434007
          ]
        ]
      },
      "id": "way/1501506890"
    },
    {
      "type": "Feature",
      "properties": {
        "@id": "way/1501508879",
        "electrified": "no",
        "gauge": "1435",
        "railway": "rail",
        "service": "siding"
      },
      "geometry": {
        "type": "LineString",
        "coordinates": [
          [
            30.5607231,
            38.7566615
          ],
          [
            30.5653241,
            38.7551936
          ],
          [
            30.5696831,
            38.7538094
          ],
          [
            30.57083,
            38.7534452
          ],
          [
            30.5720707,
            38.7530512
          ],
          [
            30.5725784,
            38.7528936
          ]
        ]
      },
      "id": "way/1501508879"
    },
    {
      "type": "Feature",
      "properties": {
        "@id": "way/1501508880",
        "electrified": "no",
        "gauge": "1435",
        "operator": "TCDD",
        "railway": "rail",
        "service": "siding"
      },
      "geometry": {
        "type": "LineString",
        "coordinates": [
          [
            30.5696831,
            38.7538094
          ],
          [
            30.5701076,
            38.7537
          ],
          [
            30.5704293,
            38.7536109
          ],
          [
            30.5708423,
            38.7534814
          ],
          [
            30.5721225,
            38.7530802
          ]
        ]
      },
      "id": "way/1501508880"
    },
    {
      "type": "Feature",
      "properties": {
        "@id": "way/1503061115",
        "electrified": "contact_line",
        "frequency": "50",
        "gauge": "1435",
        "highspeed": "yes",
        "railway": "rail",
        "railway:etcs": "2",
        "railway:track_ref": "1",
        "usage": "main",
        "voltage": "25000"
      },
      "geometry": {
        "type": "LineString",
        "coordinates": [
          [
            30.5013929,
            39.7793269
          ],
          [
            30.5017509,
            39.7793876
          ],
          [
            30.5064639,
            39.7801864
          ]
        ]
      },
      "id": "way/1503061115"
    },
    {
      "type": "Feature",
      "properties": {
        "@id": "way/1503061116",
        "electrified": "contact_line",
        "frequency": "50",
        "gauge": "1435",
        "highspeed": "yes",
        "railway": "rail",
        "railway:etcs": "2",
        "railway:track_ref": "2",
        "usage": "main",
        "voltage": "25000"
      },
      "geometry": {
        "type": "LineString",
        "coordinates": [
          [
            30.5013993,
            39.7792838
          ],
          [
            30.5064766,
            39.7801474
          ]
        ]
      },
      "id": "way/1503061116"
    },
    {
      "type": "Feature",
      "properties": {
        "@id": "way/1503061117",
        "electrified": "contact_line",
        "frequency": "50",
        "gauge": "1435",
        "highspeed": "yes",
        "railway": "rail",
        "railway:etcs": "2",
        "railway:track_ref": "3",
        "usage": "main",
        "voltage": "25000"
      },
      "geometry": {
        "type": "LineString",
        "coordinates": [
          [
            30.5065117,
            39.7800313
          ],
          [
            30.5064536,
            39.7800214
          ],
          [
            30.5014323,
            39.779169
          ]
        ]
      },
      "id": "way/1503061117"
    },
    {
      "type": "Feature",
      "properties": {
        "@id": "way/1503061118",
        "electrified": "contact_line",
        "frequency": "50",
        "gauge": "1435",
        "highspeed": "yes",
        "maxspeed": "250",
        "name": "Ankara - İstanbul yüksek hızlı demiryolu",
        "name:en": "Ankara - İstanbul high-speed railway",
        "operator": "TCDD",
        "passenger_lines": "1",
        "railway": "rail",
        "railway:etcs": "1",
        "railway:track_ref": "4",
        "usage": "main",
        "voltage": "25000",
        "wikidata": "Q513146",
        "wikipedia": "en:Ankara–Istanbul high-speed railway"
      },
      "geometry": {
        "type": "LineString",
        "coordinates": [
          [
            30.5065236,
            39.7799912
          ],
          [
            30.5014472,
            39.7791278
          ]
        ]
      },
      "id": "way/1503061118"
    },
    {
      "type": "Feature",
      "properties": {
        "@id": "way/1503061119",
        "electrified": "contact_line",
        "frequency": "50",
        "gauge": "1435",
        "highspeed": "yes",
        "maxspeed": "250",
        "name": "Ankara - İstanbul yüksek hızlı demiryolu",
        "name:en": "Ankara - İstanbul high-speed railway",
        "operator": "TCDD",
        "passenger_lines": "1",
        "railway": "rail",
        "railway:etcs": "1",
        "railway:track_ref": "5",
        "usage": "main",
        "voltage": "25000",
        "wikidata": "Q513146",
        "wikipedia": "en:Ankara–Istanbul high-speed railway"
      },
      "geometry": {
        "type": "LineString",
        "coordinates": [
          [
            30.5014546,
            39.7790894
          ],
          [
            30.506537,
            39.7799534
          ]
        ]
      },
      "id": "way/1503061119"
    },
    {
      "type": "Feature",
      "properties": {
        "@id": "way/1503061120",
        "electrified": "contact_line",
        "frequency": "50",
        "gauge": "1435",
        "highspeed": "yes",
        "railway": "rail",
        "railway:etcs": "2",
        "railway:track_ref": "6",
        "usage": "main",
        "voltage": "25000"
      },
      "geometry": {
        "type": "LineString",
        "coordinates": [
          [
            30.5065504,
            39.7799117
          ],
          [
            30.501471,
            39.7790448
          ]
        ]
      },
      "id": "way/1503061120"
    },
    {
      "type": "Feature",
      "properties": {
        "@id": "way/1503061121",
        "electrified": "contact_line",
        "frequency": "50",
        "gauge": "1435",
        "railway": "rail",
        "railway:etcs": "2",
        "railway:track_ref": "7",
        "usage": "main",
        "voltage": "25000"
      },
      "geometry": {
        "type": "LineString",
        "coordinates": [
          [
            30.5015037,
            39.7789295
          ],
          [
            30.506575,
            39.7797923
          ]
        ]
      },
      "id": "way/1503061121"
    },
    {
      "type": "Feature",
      "properties": {
        "@id": "way/1503061122",
        "axle_load": "22.5",
        "electrified": "contact_line",
        "frequency": "50",
        "gauge": "1435",
        "name": "İstanbul - Ankara demiryolu",
        "operator": "TCDD",
        "railway": "rail",
        "railway:etcs": "yes",
        "railway:track_ref": "8",
        "source": "Bing",
        "usage": "main",
        "voltage": "25000"
      },
      "geometry": {
        "type": "LineString",
        "coordinates": [
          [
            30.5065904,
            39.7797528
          ],
          [
            30.5015123,
            39.7788887
          ]
        ]
      },
      "id": "way/1503061122"
    },
    {
      "type": "Feature",
      "properties": {
        "@id": "way/1503061123",
        "electrified": "contact_line",
        "frequency": "50",
        "gauge": "1435",
        "railway": "rail",
        "railway:etcs": "2",
        "railway:track_ref": "9",
        "usage": "main",
        "voltage": "25000"
      },
      "geometry": {
        "type": "LineString",
        "coordinates": [
          [
            30.5036028,
            39.7792041
          ],
          [
            30.5065982,
            39.7797113
          ]
        ]
      },
      "id": "way/1503061123"
    },
    {
      "type": "Feature",
      "properties": {
        "@id": "way/1503061124",
        "electrified": "contact_line",
        "frequency": "50",
        "gauge": "1435",
        "railway": "rail",
        "railway:etcs": "2",
        "railway:track_ref": "10",
        "usage": "main",
        "voltage": "25000"
      },
      "geometry": {
        "type": "LineString",
        "coordinates": [
          [
            30.5036403,
            39.7790875
          ],
          [
            30.5038712,
            39.7791201
          ],
          [
            30.5065814,
            39.7795836
          ]
        ]
      },
      "id": "way/1503061124"
    },
    {
      "type": "Feature",
      "properties": {
        "@id": "way/1503061125",
        "electrified": "contact_line",
        "frequency": "50",
        "gauge": "1435",
        "highspeed": "yes",
        "maxspeed": "250",
        "name": "Ankara - İstanbul yüksek hızlı demiryolu",
        "name:en": "Ankara - İstanbul high-speed railway",
        "operator": "TCDD",
        "passenger_lines": "1",
        "railway": "rail",
        "railway:etcs": "1",
        "usage": "main",
        "voltage": "25000",
        "wikidata": "Q513146",
        "wikipedia": "en:Ankara–Istanbul high-speed railway"
      },
      "geometry": {
        "type": "LineString",
        "coordinates": [
          [
            30.4980709,
            39.7785529
          ],
          [
            30.4988361,
            39.7786901
          ],
          [
            30.4993787,
            39.7787816
          ],
          [
            30.5014472,
            39.7791278
          ]
        ]
      },
      "id": "way/1503061125"
    },
    {
      "type": "Feature",
      "properties": {
        "@id": "way/1503061126",
        "electrified": "contact_line",
        "frequency": "50",
        "gauge": "1435",
        "highspeed": "yes",
        "maxspeed": "250",
        "name": "Ankara - İstanbul yüksek hızlı demiryolu",
        "name:en": "Ankara - İstanbul high-speed railway",
        "operator": "TCDD",
        "passenger_lines": "1",
        "railway": "rail",
        "railway:etcs": "1",
        "usage": "main",
        "voltage": "25000",
        "wikidata": "Q513146",
        "wikipedia": "en:Ankara–Istanbul high-speed railway"
      },
      "geometry": {
        "type": "LineString",
        "coordinates": [
          [
            30.4980791,
            39.7785107
          ],
          [
            30.498849,
            39.7786513
          ],
          [
            30.4993922,
            39.7787432
          ],
          [
            30.5014546,
            39.7790894
          ]
        ]
      },
      "id": "way/1503061126"
    },
    {
      "type": "Feature",
      "properties": {
        "@id": "way/1503061127",
        "electrified": "contact_line",
        "frequency": "50",
        "gauge": "1435",
        "highspeed": "yes",
        "railway": "rail",
        "railway:etcs": "2",
        "usage": "main",
        "voltage": "25000"
      },
      "geometry": {
        "type": "LineString",
        "coordinates": [
          [
            30.4980709,
            39.7785529
          ],
          [
            30.4983945,
            39.7786207
          ],
          [
            30.4986164,
            39.7786785
          ],
          [
            30.499361,
            39.7788559
          ],
          [
            30.5003974,
            39.7791037
          ],
          [
            30.50104,
            39.7792582
          ],
          [
            30.501199,
            39.7792931
          ],
          [
            30.5013929,
            39.7793269
          ]
        ]
      },
      "id": "way/1503061127"
    },
    {
      "type": "Feature",
      "properties": {
        "@id": "way/1503061128",
        "electrified": "contact_line",
        "frequency": "50",
        "gauge": "1435",
        "highspeed": "yes",
        "railway": "rail",
        "railway:etcs": "2",
        "usage": "main",
        "voltage": "25000"
      },
      "geometry": {
        "type": "LineString",
        "coordinates": [
          [
            30.5003974,
            39.7791037
          ],
          [
            30.5007647,
            39.7791799
          ],
          [
            30.501172,
            39.7792509
          ],
          [
            30.5013993,
            39.7792838
          ]
        ]
      },
      "id": "way/1503061128"
    },
    {
      "type": "Feature",
      "properties": {
        "@id": "way/1503061129",
        "electrified": "contact_line",
        "frequency": "50",
        "gauge": "1435",
        "railway": "rail",
        "railway:etcs": "2",
        "usage": "main",
        "voltage": "25000"
      },
      "geometry": {
        "type": "LineString",
        "coordinates": [
          [
            30.4986164,
            39.7786785
          ],
          [
            30.4989644,
            39.7787525
          ],
          [
            30.4993731,
            39.778824
          ],
          [
            30.5014323,
            39.779169
          ]
        ]
      },
      "id": "way/1503061129"
    },
    {
      "type": "Feature",
      "properties": {
        "@id": "way/1503061130",
        "electrified": "contact_line",
        "frequency": "50",
        "gauge": "1435",
        "highspeed": "yes",
        "railway": "rail",
        "railway:etcs": "2",
        "usage": "main",
        "voltage": "25000"
      },
      "geometry": {
        "type": "LineString",
        "coordinates": [
          [
            30.4980791,
            39.7785107
          ],
          [
            30.4983717,
            39.7785516
          ],
          [
            30.4986852,
            39.7785911
          ],
          [
            30.4989644,
            39.7786312
          ],
          [
            30.4994118,
            39.778705
          ],
          [
            30.501471,
            39.7790448
          ]
        ]
      },
      "id": "way/1503061130"
    },
    {
      "type": "Feature",
      "properties": {
        "@id": "way/1503061131",
        "axle_load": "22.5",
        "electrified": "contact_line",
        "frequency": "50",
        "gauge": "1435",
        "name": "İstanbul - Ankara demiryolu",
        "operator": "TCDD",
        "railway": "rail",
        "railway:etcs": "yes",
        "source": "Bing",
        "usage": "main",
        "voltage": "25000"
      },
      "geometry": {
        "type": "LineString",
        "coordinates": [
          [
            30.4952316,
            39.777786
          ],
          [
            30.4957543,
            39.7778933
          ],
          [
            30.4960675,
            39.7779576
          ],
          [
            30.4972402,
            39.7781636
          ],
          [
            30.4974866,
            39.7782051
          ],
          [
            30.4980097,
            39.7782931
          ],
          [
            30.4985223,
            39.7783794
          ],
          [
            30.5014569,
            39.7788792
          ],
          [
            30.5015123,
            39.7788887
          ]
        ]
      },
      "id": "way/1503061131"
    },
    {
      "type": "Feature",
      "properties": {
        "@id": "way/1503061132",
        "electrified": "contact_line",
        "frequency": "50",
        "gauge": "1435",
        "railway": "rail",
        "railway:etcs": "2",
        "usage": "main",
        "voltage": "25000"
      },
      "geometry": {
        "type": "LineString",
        "coordinates": [
          [
            30.4980097,
            39.7782931
          ],
          [
            30.4982534,
            39.7783462
          ],
          [
            30.4985126,
            39.7784133
          ],
          [
            30.4986962,
            39.7784555
          ],
          [
            30.4989806,
            39.7785112
          ],
          [
            30.5015037,
            39.7789295
          ]
        ]
      },
      "id": "way/1503061132"
    },
    {
      "type": "Feature",
      "properties": {
        "@id": "way/1503061133",
        "electrified": "contact_line",
        "frequency": "50",
        "gauge": "1435",
        "railway": "rail",
        "railway:etcs": "2",
        "usage": "main",
        "voltage": "25000"
      },
      "geometry": {
        "type": "LineString",
        "coordinates": [
          [
            30.4974866,
            39.7782051
          ],
          [
            30.4977008,
            39.778231
          ],
          [
            30.4979774,
            39.7782508
          ],
          [
            30.4982418,
            39.7782732
          ],
          [
            30.4984357,
            39.7782911
          ],
          [
            30.4986186,
            39.7783144
          ],
          [
            30.4990188,
            39.7783875
          ],
          [
            30.5012426,
            39.7787604
          ],
          [
            30.501623,
            39.7788271
          ],
          [
            30.5021641,
            39.778922
          ],
          [
            30.5024148,
            39.7789602
          ],
          [
            30.5027141,
            39.7790024
          ],
          [
            30.5028783,
            39.7790213
          ],
          [
            30.5030729,
            39.7790382
          ],
          [
            30.5032952,
            39.7790531
          ],
          [
            30.5034756,
            39.779068
          ],
          [
            30.5036403,
            39.7790875
          ]
        ]
      },
      "id": "way/1503061133"
    },
    {
      "type": "Feature",
      "properties": {
        "@id": "way/1503061134",
        "electrified": "contact_line",
        "frequency": "50",
        "gauge": "1435",
        "railway": "rail",
        "railway:etcs": "2",
        "usage": "main",
        "voltage": "25000"
      },
      "geometry": {
        "type": "LineString",
        "coordinates": [
          [
            30.4979774,
            39.7782508
          ],
          [
            30.4981894,
            39.7782764
          ],
          [
            30.4985356,
            39.7783365
          ],
          [
            30.5028247,
            39.7790709
          ],
          [
            30.5036028,
            39.7792041
          ]
        ]
      },
      "id": "way/1503061134"
    },
    {
      "type": "Feature",
      "properties": {
        "@id": "way/1503061135",
        "electrified": "contact_line",
        "frequency": "50",
        "gauge": "1435",
        "railway": "rail",
        "railway:etcs": "2",
        "usage": "main",
        "voltage": "25000"
      },
      "geometry": {
        "type": "LineString",
        "coordinates": [
          [
            30.5065814,
            39.7795836
          ],
          [
            30.5079949,
            39.7798341
          ],
          [
            30.5081982,
            39.7798741
          ],
          [
            30.5083501,
            39.7799125
          ],
          [
            30.5093225,
            39.7801757
          ],
          [
            30.5095957,
            39.7802449
          ],
          [
            30.5098029,
            39.7802931
          ]
        ]
      },
      "id": "way/1503061135"
    },
    {
      "type": "Feature",
      "properties": {
        "@id": "way/1503061136",
        "electrified": "contact_line",
        "frequency": "50",
        "gauge": "1435",
        "railway": "rail",
        "railway:etcs": "2",
        "usage": "main",
        "voltage": "25000"
      },
      "geometry": {
        "type": "LineString",
        "coordinates": [
          [
            30.5065982,
            39.7797113
          ],
          [
            30.5089889,
            39.7801047
          ],
          [
            30.5091334,
            39.7801328
          ],
          [
            30.5093225,
            39.7801757
          ]
        ]
      },
      "id": "way/1503061136"
    },
    {
      "type": "Feature",
      "properties": {
        "@id": "way/1503061137",
        "electrified": "contact_line",
        "frequency": "50",
        "gauge": "1435",
        "railway": "rail",
        "railway:etcs": "2",
        "usage": "main",
        "voltage": "25000"
      },
      "geometry": {
        "type": "LineString",
        "coordinates": [
          [
            30.506575,
            39.7797923
          ],
          [
            30.5083754,
            39.780083
          ],
          [
            30.5085042,
            39.7801019
          ],
          [
            30.5086479,
            39.7801162
          ],
          [
            30.5087946,
            39.7801305
          ],
          [
            30.5089986,
            39.7801534
          ]
        ]
      },
      "id": "way/1503061137"
    },
    {
      "type": "Feature",
      "properties": {
        "@id": "way/1503061138",
        "electrified": "contact_line",
        "frequency": "50",
        "gauge": "1435",
        "highspeed": "yes",
        "maxspeed": "250",
        "name": "Ankara - İstanbul yüksek hızlı demiryolu",
        "name:en": "Ankara - İstanbul high-speed railway",
        "operator": "TCDD",
        "passenger_lines": "1",
        "railway": "rail",
        "railway:etcs": "1",
        "usage": "main",
        "voltage": "25000",
        "wikidata": "Q513146",
        "wikipedia": "en:Ankara–Istanbul high-speed railway"
      },
      "geometry": {
        "type": "LineString",
        "coordinates": [
          [
            30.506537,
            39.7799534
          ],
          [
            30.5066635,
            39.7799744
          ],
          [
            30.5070047,
            39.7800309
          ],
          [
            30.5074067,
            39.7800847
          ],
          [
            30.5085027,
            39.7802232
          ],
          [
            30.5090664,
            39.7802861
          ],
          [
            30.5105324,
            39.7804652
          ],
          [
            30.510792,
            39.7805049
          ]
        ]
      },
      "id": "way/1503061138"
    },
    {
      "type": "Feature",
      "properties": {
        "@id": "way/1503061139",
        "electrified": "contact_line",
        "frequency": "50",
        "gauge": "1435",
        "highspeed": "yes",
        "maxspeed": "250",
        "name": "Ankara - İstanbul yüksek hızlı demiryolu",
        "name:en": "Ankara - İstanbul high-speed railway",
        "operator": "TCDD",
        "passenger_lines": "1",
        "railway": "rail",
        "railway:etcs": "1",
        "usage": "main",
        "voltage": "25000",
        "wikidata": "Q513146",
        "wikipedia": "en:Ankara–Istanbul high-speed railway"
      },
      "geometry": {
        "type": "LineString",
        "coordinates": [
          [
            30.5065236,
            39.7799912
          ],
          [
            30.5069965,
            39.7800687
          ],
          [
            30.5073978,
            39.7801225
          ],
          [
            30.5096032,
            39.780392
          ],
          [
            30.5105562,
            39.7805093
          ],
          [
            30.5107851,
            39.7805408
          ]
        ]
      },
      "id": "way/1503061139"
    },
    {
      "type": "Feature",
      "properties": {
        "@id": "way/1503061140",
        "electrified": "contact_line",
        "frequency": "50",
        "gauge": "1435",
        "highspeed": "yes",
        "railway": "rail",
        "railway:etcs": "2",
        "usage": "main",
        "voltage": "25000"
      },
      "geometry": {
        "type": "LineString",
        "coordinates": [
          [
            30.5065504,
            39.7799117
          ],
          [
            30.507021,
            39.7799914
          ],
          [
            30.5074172,
            39.7800447
          ],
          [
            30.5090879,
            39.7802381
          ],
          [
            30.5093686,
            39.7802712
          ],
          [
            30.5095645,
            39.7802981
          ],
          [
            30.5097849,
            39.7803376
          ],
          [
            30.5100886,
            39.7803943
          ],
          [
            30.5102889,
            39.7804286
          ],
          [
            30.5105324,
            39.7804652
          ]
        ]
      },
      "id": "way/1503061140"
    },
    {
      "type": "Feature",
      "properties": {
        "@id": "way/1503061141",
        "electrified": "contact_line",
        "frequency": "50",
        "gauge": "1435",
        "highspeed": "yes",
        "railway": "rail",
        "railway:etcs": "2",
        "usage": "main",
        "voltage": "25000"
      },
      "geometry": {
        "type": "LineString",
        "coordinates": [
          [
            30.5065117,
            39.7800313
          ],
          [
            30.5069824,
            39.7801092
          ],
          [
            30.5073882,
            39.7801658
          ],
          [
            30.5078923,
            39.7802299
          ],
          [
            30.5084782,
            39.7803077
          ],
          [
            30.5091223,
            39.7803878
          ],
          [
            30.5093866,
            39.7804193
          ],
          [
            30.5096033,
            39.7804399
          ],
          [
            30.5098319,
            39.7804565
          ],
          [
            30.5101766,
            39.7804765
          ],
          [
            30.5105562,
            39.7805093
          ]
        ]
      },
      "id": "way/1503061141"
    },
    {
      "type": "Feature",
      "properties": {
        "@id": "way/1503061142",
        "electrified": "contact_line",
        "frequency": "50",
        "gauge": "1435",
        "highspeed": "yes",
        "railway": "rail",
        "railway:etcs": "2",
        "usage": "main",
        "voltage": "25000"
      },
      "geometry": {
        "type": "LineString",
        "coordinates": [
          [
            30.5064766,
            39.7801474
          ],
          [
            30.5065262,
            39.7801558
          ],
          [
            30.5069176,
            39.7802222
          ],
          [
            30.5072296,
            39.7802657
          ],
          [
            30.507572,
            39.7803052
          ],
          [
            30.5079138,
            39.7803275
          ],
          [
            30.5083159,
            39.7803446
          ],
          [
            30.5086554,
            39.780359
          ],
          [
            30.5088378,
            39.7803647
          ],
          [
            30.5091223,
            39.7803878
          ]
        ]
      },
      "id": "way/1503061142"
    },
    {
      "type": "Feature",
      "properties": {
        "@id": "way/1503061143",
        "electrified": "contact_line",
        "frequency": "50",
        "gauge": "1435",
        "highspeed": "yes",
        "railway": "rail",
        "railway:etcs": "2",
        "usage": "main",
        "voltage": "25000"
      },
      "geometry": {
        "type": "LineString",
        "coordinates": [
          [
            30.5064639,
            39.7801864
          ],
          [
            30.5072206,
            39.7803103
          ],
          [
            30.5075601,
            39.7803527
          ],
          [
            30.5078989,
            39.7803687
          ],
          [
            30.5083129,
            39.7803561
          ],
          [
            30.5086554,
            39.780359
          ]
        ]
      },
      "id": "way/1503061143"
    },
    {
      "type": "Feature",
      "properties": {
        "@id": "way/1503064977",
        "electrified": "no",
        "gauge": "1435",
        "railway": "rail",
        "service": "yard"
      },
      "geometry": {
        "type": "LineString",
        "coordinates": [
          [
            30.4952009,
            39.7769978
          ],
          [
            30.4954159,
            39.7771462
          ],
          [
            30.4957498,
            39.7773717
          ],
          [
            30.4959573,
            39.7775084
          ],
          [
            30.4961504,
            39.7776244
          ]
        ]
      },
      "id": "way/1503064977"
    },
    {
      "type": "Feature",
      "properties": {
        "@id": "way/1503064978",
        "electrified": "no",
        "gauge": "1435",
        "railway": "rail",
        "service": "yard"
      },
      "geometry": {
        "type": "LineString",
        "coordinates": [
          [
            30.4959573,
            39.7775084
          ],
          [
            30.4957801,
            39.7773809
          ],
          [
            30.4955815,
            39.7772266
          ],
          [
            30.4953606,
            39.7770465
          ],
          [
            30.4951555,
            39.7768866
          ]
        ]
      },
      "id": "way/1503064978"
    },
    {
      "type": "Feature",
      "properties": {
        "@id": "way/1503292812",
        "electrified": "no",
        "gauge": "1435",
        "railway": "rail",
        "service": "spur"
      },
      "geometry": {
        "type": "LineString",
        "coordinates": [
          [
            30.4904197,
            39.7742572
          ],
          [
            30.4900802,
            39.7740808
          ],
          [
            30.4899352,
            39.7739926
          ],
          [
            30.4897533,
            39.7738614
          ],
          [
            30.4896,
            39.7737315
          ],
          [
            30.4894702,
            39.7736021
          ],
          [
            30.4893652,
            39.7734477
          ],
          [
            30.4892988,
            39.7733189
          ],
          [
            30.489249,
            39.7731767
          ],
          [
            30.489215,
            39.7730479
          ],
          [
            30.4892014,
            39.7728965
          ],
          [
            30.4891976,
            39.772777
          ],
          [
            30.4892188,
            39.7726302
          ]
        ]
      },
      "id": "way/1503292812"
    },
    {
      "type": "Feature",
      "properties": {
        "@id": "way/1503292813",
        "electrified": "no",
        "gauge": "1435",
        "railway": "rail",
        "service": "spur",
        "source": "bing"
      },
      "geometry": {
        "type": "LineString",
        "coordinates": [
          [
            30.4900802,
            39.7740808
          ],
          [
            30.4886001,
            39.7732687
          ]
        ]
      },
      "id": "way/1503292813"
    }
  ]
}