{
  "type": "FeatureCollection",
  "generator": "overpass-turbo",
  "copyright": "The data included in this document is from www.openstreetmap.org. The data is made available under ODbL.",
  "timestamp": "2026-05-25T19:06:30Z",
  "features": [
    {
      "type": "Feature",
      "properties": {
        "@id": "way/18862215",
        "electrified": "contact_line",
        "frequency": "50",
        "gauge": "1435",
        "name": "İstanbul - Ankara demiryolu",
        "operator": "TCDD",
        "railway": "rail",
        "railway:etcs": "yes",
        "usage": "main",
        "voltage": "25000"
      },
      "geometry": {
        "type": "LineString",
        "coordinates": [
          [
            30.0095405,
            40.1581332
          ],
          [
            30.0094435,
            40.1579972
          ],
          [
            30.0093161,
            40.1577538
          ],
          [
            30.0091887,
            40.1575157
          ],
          [
            30.0091108,
            40.1571965
          ],
          [
            30.0089769,
            40.156117
          ],
          [
            30.0089338,
            40.1557954
          ],
          [
            30.0088631,
            40.1555573
          ],
          [
            30.0087427,
            40.1552706
          ],
          [
            30.0086719,
            40.1551029
          ],
          [
            30.0085799,
            40.154919
          ],
          [
            30.0083183,
            40.1546292
          ],
          [
            30.0072282,
            40.1536956
          ],
          [
            30.0070347,
            40.153513
          ],
          [
            30.006874,
            40.1533338
          ],
          [
            30.0066334,
            40.1530146
          ],
          [
            30.0063998,
            40.15269
          ],
          [
            30.0062299,
            40.152268
          ],
          [
            30.0061662,
            40.1517865
          ],
          [
            30.0062864,
            40.1506356
          ],
          [
            30.0062443,
            40.1501259
          ],
          [
            30.0058399,
            40.1485727
          ],
          [
            30.0058211,
            40.1482689
          ],
          [
            30.0058746,
            40.1479114
          ],
          [
            30.0060012,
            40.1475602
          ],
          [
            30.006237,
            40.1470631
          ],
          [
            30.0064847,
            40.1467493
          ],
          [
            30.0067679,
            40.1464409
          ],
          [
            30.0070368,
            40.1462401
          ],
          [
            30.0072636,
            40.1461263
          ],
          [
            30.0077332,
            40.1459061
          ],
          [
            30.0083025,
            40.1457336
          ],
          [
            30.0089544,
            40.1456079
          ],
          [
            30.0093124,
            40.1455558
          ],
          [
            30.00964,
            40.1454736
          ],
          [
            30.0100524,
            40.1453221
          ],
          [
            30.0104185,
            40.145154
          ],
          [
            30.0107326,
            40.1449831
          ],
          [
            30.0110174,
            40.1448108
          ],
          [
            30.0112612,
            40.1446052
          ],
          [
            30.0114832,
            40.1443408
          ],
          [
            30.0116877,
            40.1440981
          ],
          [
            30.0118707,
            40.1436374
          ],
          [
            30.0119779,
            40.1432987
          ],
          [
            30.0120913,
            40.1428024
          ],
          [
            30.0121029,
            40.1425209
          ],
          [
            30.0120752,
            40.1421154
          ],
          [
            30.0119353,
            40.1416094
          ],
          [
            30.0117732,
            40.141286
          ],
          [
            30.0114485,
            40.1406502
          ],
          [
            30.0106351,
            40.1391339
          ],
          [
            30.0093615,
            40.1367304
          ],
          [
            30.0088344,
            40.1357175
          ],
          [
            30.0084859,
            40.1350767
          ],
          [
            30.0082975,
            40.1347098
          ],
          [
            30.0079155,
            40.1339659
          ],
          [
            30.0075835,
            40.1333042
          ],
          [
            30.0073904,
            40.1328099
          ],
          [
            30.0068686,
            40.131401
          ],
          [
            30.0065699,
            40.1305921
          ],
          [
            30.0060214,
            40.129469
          ],
          [
            30.0037641,
            40.1249035
          ],
          [
            30.0029272,
            40.1228306
          ],
          [
            30.002747,
            40.122279
          ],
          [
            30.0025919,
            40.1216943
          ],
          [
            30.0024795,
            40.1211429
          ],
          [
            30.002164,
            40.1197256
          ],
          [
            30.0018828,
            40.1186964
          ]
        ]
      },
      "id": "way/18862215"
    },
    {
      "type": "Feature",
      "properties": {
        "@id": "way/25927768",
        "electrified": "contact_line",
        "frequency": "50",
        "gauge": "1435",
        "name": "İstanbul - Ankara demiryolu",
        "operator": "TCDD",
        "railway": "rail",
        "railway:etcs": "yes",
        "usage": "main",
        "voltage": "25000"
      },
      "geometry": {
        "type": "LineString",
        "coordinates": [
          [
            30.0119173,
            40.1670668
          ],
          [
            30.0108782,
            40.1675961
          ],
          [
            30.0105351,
            40.1677855
          ],
          [
            30.0102824,
            40.1678987
          ],
          [
            30.00799,
            40.1689175
          ],
          [
            30.0075636,
            40.1691024
          ],
          [
            30.0071397,
            40.1693156
          ],
          [
            30.0068509,
            40.1695176
          ]
        ]
      },
      "id": "way/25927768"
    },
    {
      "type": "Feature",
      "properties": {
        "@id": "way/25927771",
        "electrified": "contact_line",
        "frequency": "50",
        "gauge": "1435",
        "name": "İstanbul - Ankara demiryolu",
        "operator": "TCDD",
        "railway": "rail",
        "railway:etcs": "yes",
        "usage": "main",
        "voltage": "25000"
      },
      "geometry": {
        "type": "LineString",
        "coordinates": [
          [
            30.0269405,
            40.224918
          ],
          [
            30.0271017,
            40.2251985
          ],
          [
            30.0272503,
            40.2255606
          ],
          [
            30.0273477,
            40.2259835
          ],
          [
            30.0273724,
            40.2263618
          ],
          [
            30.0273388,
            40.2268104
          ],
          [
            30.027268,
            40.2271441
          ],
          [
            30.0271795,
            40.2273927
          ],
          [
            30.0270875,
            40.2276021
          ],
          [
            30.02693,
            40.2279088
          ],
          [
            30.026279,
            40.2288695
          ],
          [
            30.0259833,
            40.2294922
          ],
          [
            30.025909,
            40.2298462
          ],
          [
            30.0259249,
            40.2302542
          ],
          [
            30.0259479,
            40.2304811
          ],
          [
            30.0260187,
            40.2307054
          ],
          [
            30.026208,
            40.2310823
          ],
          [
            30.0264257,
            40.2314525
          ],
          [
            30.0266046,
            40.2316774
          ],
          [
            30.0268896,
            40.231911
          ],
          [
            30.027868,
            40.2326969
          ],
          [
            30.0281277,
            40.2330053
          ],
          [
            30.0282818,
            40.2332499
          ],
          [
            30.028405,
            40.2335322
          ],
          [
            30.0285129,
            40.2338027
          ],
          [
            30.0285591,
            40.2341108
          ],
          [
            30.028556,
            40.2344377
          ],
          [
            30.0284913,
            40.2347717
          ],
          [
            30.0284081,
            40.2350399
          ],
          [
            30.0282695,
            40.2353339
          ],
          [
            30.0281431,
            40.2355314
          ],
          [
            30.0279891,
            40.2357361
          ],
          [
            30.0272575,
            40.2367087
          ],
          [
            30.0270956,
            40.2370273
          ],
          [
            30.0269785,
            40.2373425
          ],
          [
            30.0269415,
            40.2375683
          ],
          [
            30.02692,
            40.2378599
          ],
          [
            30.0269415,
            40.2381187
          ],
          [
            30.0269847,
            40.2384597
          ],
          [
            30.0271025,
            40.239041
          ],
          [
            30.0270975,
            40.2392906
          ],
          [
            30.0270821,
            40.2396414
          ],
          [
            30.0269421,
            40.2406512
          ],
          [
            30.0268753,
            40.2410301
          ],
          [
            30.0266744,
            40.2416359
          ],
          [
            30.0261544,
            40.2428654
          ],
          [
            30.0261005,
            40.2430083
          ],
          [
            30.0260607,
            40.2432448
          ],
          [
            30.0260959,
            40.2437441
          ],
          [
            30.0262005,
            40.2441447
          ],
          [
            30.0263252,
            40.2444951
          ],
          [
            30.0265601,
            40.2449368
          ],
          [
            30.0268045,
            40.2454243
          ],
          [
            30.0277074,
            40.2469588
          ],
          [
            30.0284048,
            40.2482108
          ],
          [
            30.0287409,
            40.2488974
          ],
          [
            30.0288948,
            40.2492489
          ],
          [
            30.0290479,
            40.2496117
          ],
          [
            30.0291389,
            40.2499775
          ],
          [
            30.0291404,
            40.250438
          ],
          [
            30.0290557,
            40.2509037
          ],
          [
            30.0288724,
            40.2512983
          ],
          [
            30.028698,
            40.251562
          ],
          [
            30.0285097,
            40.2517975
          ],
          [
            30.0281053,
            40.2522473
          ],
          [
            30.0277302,
            40.2526345
          ],
          [
            30.0244462,
            40.2563339
          ],
          [
            30.0240213,
            40.2568366
          ],
          [
            30.0238851,
            40.2570315
          ],
          [
            30.0237596,
            40.257382
          ],
          [
            30.0236952,
            40.2578487
          ],
          [
            30.0236909,
            40.2583235
          ],
          [
            30.0238465,
            40.2588181
          ],
          [
            30.0241485,
            40.2595918
          ],
          [
            30.0244237,
            40.2603983
          ],
          [
            30.0245009,
            40.2608543
          ],
          [
            30.0244934,
            40.2613496
          ],
          [
            30.0244698,
            40.2616668
          ],
          [
            30.0243819,
            40.2619677
          ],
          [
            30.0238825,
            40.2630607
          ],
          [
            30.0237339,
            40.2634618
          ],
          [
            30.0236845,
            40.2637337
          ],
          [
            30.0236405,
            40.2640137
          ],
          [
            30.0236995,
            40.2644885
          ],
          [
            30.0238454,
            40.2649797
          ],
          [
            30.0241887,
            40.2654709
          ],
          [
            30.0247638,
            40.2663027
          ],
          [
            30.0248841,
            40.2667117
          ],
          [
            30.0249317,
            40.2669618
          ],
          [
            30.0249279,
            40.2674084
          ],
          [
            30.0247509,
            40.2685933
          ],
          [
            30.0247691,
            40.2691016
          ],
          [
            30.0248976,
            40.2694556
          ],
          [
            30.0250638,
            40.2697565
          ],
          [
            30.0255298,
            40.2705752
          ],
          [
            30.0258142,
            40.2711891
          ],
          [
            30.025863,
            40.2716375
          ],
          [
            30.025841,
            40.2720093
          ],
          [
            30.025776,
            40.2723036
          ],
          [
            30.0256011,
            40.2727418
          ],
          [
            30.0254705,
            40.2729818
          ],
          [
            30.0240751,
            40.2749226
          ],
          [
            30.0234753,
            40.2756086
          ],
          [
            30.0231935,
            40.2758572
          ]
        ]
      },
      "id": "way/25927771"
    },
    {
      "type": "Feature",
      "properties": {
        "@id": "way/25927781",
        "electrified": "contact_line",
        "frequency": "50",
        "gauge": "1435",
        "name": "İstanbul - Ankara demiryolu",
        "operator": "TCDD",
        "railway": "rail",
        "railway:etcs": "yes",
        "usage": "main",
        "voltage": "25000"
      },
      "geometry": {
        "type": "LineString",
        "coordinates": [
          [
            30.0625128,
            40.3346073
          ],
          [
            30.0568861,
            40.3376497
          ],
          [
            30.0562217,
            40.3380411
          ],
          [
            30.055414,
            40.3385507
          ],
          [
            30.0546455,
            40.3390649
          ],
          [
            30.0537819,
            40.3396895
          ],
          [
            30.0530362,
            40.3402912
          ],
          [
            30.049457,
            40.3434777
          ],
          [
            30.0486817,
            40.3441555
          ],
          [
            30.0482319,
            40.3445154
          ],
          [
            30.0478283,
            40.3448144
          ],
          [
            30.0468873,
            40.3454862
          ],
          [
            30.0458404,
            40.3461618
          ],
          [
            30.045395,
            40.346454
          ],
          [
            30.0447991,
            40.3470034
          ],
          [
            30.0382307,
            40.3538814
          ],
          [
            30.0375117,
            40.354572
          ],
          [
            30.0366284,
            40.355257
          ],
          [
            30.0360583,
            40.355754
          ],
          [
            30.0357528,
            40.356023
          ],
          [
            30.0352379,
            40.3565534
          ],
          [
            30.0349028,
            40.356949
          ],
          [
            30.0344268,
            40.3577185
          ],
          [
            30.0327689,
            40.3607122
          ],
          [
            30.0321323,
            40.3617335
          ],
          [
            30.0319302,
            40.3620762
          ],
          [
            30.0317295,
            40.3623241
          ],
          [
            30.0315209,
            40.3625516
          ],
          [
            30.0311904,
            40.3628214
          ],
          [
            30.0308861,
            40.3630269
          ],
          [
            30.0304667,
            40.3632346
          ],
          [
            30.0298927,
            40.3634578
          ],
          [
            30.0251377,
            40.3651505
          ],
          [
            30.0247366,
            40.3652973
          ],
          [
            30.0244066,
            40.3654464
          ],
          [
            30.0243196,
            40.3654778
          ]
        ]
      },
      "id": "way/25927781"
    },
    {
      "type": "Feature",
      "properties": {
        "@id": "way/25927847",
        "electrified": "contact_line",
        "frequency": "50",
        "gauge": "1435",
        "highspeed": "yes",
        "maxspeed": "250",
        "name": "Ankara - İstanbul yüksek hızlı demiryolu",
        "name:en": "Ankara - İstanbul high-speed railway",
        "operator": "TCDD",
        "passenger_lines": "1",
        "railway": "rail",
        "railway:etcs": "1",
        "usage": "main",
        "voltage": "25000",
        "wikidata": "Q513146",
        "wikipedia": "en:Ankara–Istanbul high-speed railway"
      },
      "geometry": {
        "type": "LineString",
        "coordinates": [
          [
            30.0531389,
            40.4579073
          ],
          [
            30.0516033,
            40.4474701
          ],
          [
            30.0513434,
            40.4453752
          ],
          [
            30.0511993,
            40.4443172
          ],
          [
            30.050758,
            40.4408364
          ],
          [
            30.0503713,
            40.4377389
          ],
          [
            30.0501044,
            40.4358227
          ]
        ]
      },
      "id": "way/25927847"
    },
    {
      "type": "Feature",
      "properties": {
        "@id": "way/25927886",
        "electrified": "contact_line",
        "frequency": "50",
        "gauge": "1435",
        "maxspeed": "120",
        "name": "İstanbul - Ankara demiryolu",
        "operator": "TCDD",
        "railway": "rail",
        "railway:etcs": "1",
        "usage": "main",
        "voltage": "25000"
      },
      "geometry": {
        "type": "LineString",
        "coordinates": [
          [
            30.337742,
            40.637166
          ],
          [
            30.3377012,
            40.6368057
          ],
          [
            30.3372374,
            40.6348911
          ],
          [
            30.337169,
            40.6344357
          ],
          [
            30.3372056,
            40.6340579
          ],
          [
            30.3374795,
            40.6329968
          ],
          [
            30.3375509,
            40.632575
          ],
          [
            30.3375703,
            40.6321934
          ],
          [
            30.3375507,
            40.63196
          ],
          [
            30.3374671,
            40.6316466
          ],
          [
            30.3367266,
            40.629798
          ],
          [
            30.3365598,
            40.6294694
          ],
          [
            30.336407,
            40.6292474
          ],
          [
            30.3359813,
            40.6286484
          ],
          [
            30.3345895,
            40.6271679
          ]
        ]
      },
      "id": "way/25927886"
    },
    {
      "type": "Feature",
      "properties": {
        "@id": "way/27701972",
        "bridge": "yes",
        "electrified": "contact_line",
        "frequency": "50",
        "gauge": "1435",
        "layer": "1",
        "maxspeed": "120",
        "name": "İstanbul - Ankara demiryolu",
        "operator": "TCDD",
        "railway": "rail",
        "railway:etcs": "yes",
        "usage": "main",
        "voltage": "25000"
      },
      "geometry": {
        "type": "LineString",
        "coordinates": [
          [
            30.3155694,
            40.5519168
          ],
          [
            30.3136421,
            40.5520135
          ]
        ]
      },
      "id": "way/27701972"
    },
    {
      "type": "Feature",
      "properties": {
        "@id": "way/27701973",
        "electrified": "contact_line",
        "frequency": "50",
        "gauge": "1435",
        "maxspeed": "120",
        "name": "İstanbul - Ankara demiryolu",
        "operator": "TCDD",
        "railway": "rail",
        "railway:etcs": "yes",
        "usage": "main",
        "voltage": "25000"
      },
      "geometry": {
        "type": "LineString",
        "coordinates": [
          [
            30.3136421,
            40.5520135
          ],
          [
            30.3129584,
            40.5520313
          ],
          [
            30.3125815,
            40.5520182
          ],
          [
            30.3121682,
            40.5519756
          ],
          [
            30.311868,
            40.5519194
          ],
          [
            30.3113932,
            40.5517922
          ],
          [
            30.3109783,
            40.5516442
          ],
          [
            30.3078663,
            40.5503928
          ],
          [
            30.3073827,
            40.5501953
          ],
          [
            30.3066792,
            40.5498849
          ],
          [
            30.3062287,
            40.5496658
          ],
          [
            30.305758,
            40.549367
          ],
          [
            30.3054084,
            40.5491183
          ],
          [
            30.3050374,
            40.5488032
          ],
          [
            30.3044516,
            40.5482224
          ],
          [
            30.3039108,
            40.5475877
          ],
          [
            30.3028186,
            40.5460477
          ],
          [
            30.3025375,
            40.5457289
          ],
          [
            30.3018793,
            40.5451154
          ],
          [
            30.2951441,
            40.5387369
          ]
        ]
      },
      "id": "way/27701973"
    },
    {
      "type": "Feature",
      "properties": {
        "@id": "way/27702142",
        "bridge": "yes",
        "electrified": "contact_line",
        "frequency": "50",
        "gauge": "1435",
        "layer": "1",
        "name": "İstanbul - Ankara demiryolu",
        "operator": "TCDD",
        "railway": "rail",
        "railway:etcs": "yes",
        "usage": "main",
        "voltage": "25000"
      },
      "geometry": {
        "type": "LineString",
        "coordinates": [
          [
            30.0233603,
            40.3662206
          ],
          [
            30.0224511,
            40.3672915
          ]
        ]
      },
      "id": "way/27702142"
    },
    {
      "type": "Feature",
      "properties": {
        "@id": "way/27702143",
        "electrified": "contact_line",
        "frequency": "50",
        "gauge": "1435",
        "name": "İstanbul - Ankara demiryolu",
        "operator": "TCDD",
        "railway": "rail",
        "railway:etcs": "yes",
        "source": "Bing",
        "usage": "main",
        "voltage": "25000"
      },
      "geometry": {
        "type": "LineString",
        "coordinates": [
          [
            30.0224511,
            40.3672915
          ],
          [
            30.0221503,
            40.3675701
          ],
          [
            30.021932,
            40.367763
          ],
          [
            30.0216744,
            40.3679594
          ],
          [
            30.0212692,
            40.3681924
          ],
          [
            30.0209229,
            40.3683371
          ],
          [
            30.0204825,
            40.3685068
          ],
          [
            30.0200527,
            40.36868
          ],
          [
            30.0196454,
            40.3689171
          ],
          [
            30.0193981,
            40.3690936
          ],
          [
            30.0190671,
            40.3693777
          ],
          [
            30.0188203,
            40.3696306
          ],
          [
            30.0186457,
            40.3698778
          ],
          [
            30.0158515,
            40.3738211
          ],
          [
            30.0155411,
            40.3742051
          ],
          [
            30.0152769,
            40.3745173
          ],
          [
            30.0149401,
            40.374829
          ],
          [
            30.0147289,
            40.3750183
          ],
          [
            30.0143838,
            40.3752726
          ],
          [
            30.0140601,
            40.3754846
          ],
          [
            30.0120423,
            40.3766908
          ],
          [
            30.0109682,
            40.3773803
          ],
          [
            30.009186,
            40.378464
          ],
          [
            30.0086452,
            40.3787265
          ],
          [
            30.0080975,
            40.3789476
          ],
          [
            30.0077486,
            40.3790684
          ],
          [
            30.0072227,
            40.3791781
          ],
          [
            30.0066339,
            40.3793063
          ],
          [
            30.0058076,
            40.3794014
          ],
          [
            30.0014474,
            40.3796871
          ],
          [
            30.0007911,
            40.3797406
          ],
          [
            30.0001417,
            40.3798695
          ],
          [
            29.9992118,
            40.3802076
          ],
          [
            29.9982505,
            40.3806784
          ],
          [
            29.9951456,
            40.3823201
          ],
          [
            29.994431,
            40.3828882
          ],
          [
            29.9940019,
            40.3833721
          ],
          [
            29.9937015,
            40.3839605
          ],
          [
            29.9936328,
            40.3845489
          ],
          [
            29.9937186,
            40.3852876
          ],
          [
            29.9943759,
            40.3891419
          ],
          [
            29.9943195,
            40.3897985
          ],
          [
            29.9941735,
            40.3905373
          ],
          [
            29.9937762,
            40.391379
          ],
          [
            29.9930003,
            40.3925914
          ],
          [
            29.9928078,
            40.3930527
          ],
          [
            29.9927144,
            40.3935247
          ],
          [
            29.9927144,
            40.3940934
          ],
          [
            29.9929118,
            40.3947667
          ],
          [
            29.9931865,
            40.3953224
          ],
          [
            29.9934869,
            40.3957799
          ],
          [
            29.9942213,
            40.3963969
          ],
          [
            29.9961153,
            40.3975779
          ],
          [
            29.9966026,
            40.3979893
          ],
          [
            29.9970918,
            40.398473
          ],
          [
            29.9980102,
            40.3995711
          ],
          [
            29.9983589,
            40.3999324
          ],
          [
            29.9990176,
            40.4004061
          ],
          [
            30.0030868,
            40.4030222
          ],
          [
            30.0039097,
            40.4036336
          ],
          [
            30.0046097,
            40.4042353
          ],
          [
            30.0058016,
            40.4054382
          ]
        ]
      },
      "id": "way/27702143"
    },
    {
      "type": "Feature",
      "properties": {
        "@id": "way/27702296",
        "electrified": "contact_line",
        "frequency": "50",
        "gauge": "1435",
        "name": "İstanbul - Ankara demiryolu",
        "operator": "TCDD",
        "railway": "rail",
        "railway:etcs": "yes",
        "usage": "main",
        "voltage": "25000"
      },
      "geometry": {
        "type": "LineString",
        "coordinates": [
          [
            30.006513,
            40.4061978
          ],
          [
            30.0067434,
            40.4064192
          ],
          [
            30.0070656,
            40.4066766
          ],
          [
            30.0073942,
            40.4068788
          ],
          [
            30.0077388,
            40.4070358
          ],
          [
            30.0081775,
            40.4071844
          ],
          [
            30.0085758,
            40.4072738
          ],
          [
            30.0089536,
            40.4073278
          ],
          [
            30.0093685,
            40.4073417
          ],
          [
            30.0098616,
            40.4073071
          ],
          [
            30.0103058,
            40.4072314
          ],
          [
            30.0189138,
            40.4049843
          ],
          [
            30.0192996,
            40.4049212
          ],
          [
            30.0196653,
            40.4048785
          ],
          [
            30.0203284,
            40.4048523
          ],
          [
            30.0208277,
            40.4048862
          ],
          [
            30.0211929,
            40.404935
          ],
          [
            30.021711,
            40.405041
          ],
          [
            30.022001,
            40.4051259
          ],
          [
            30.0225656,
            40.4053434
          ],
          [
            30.0231182,
            40.4056356
          ],
          [
            30.0241389,
            40.4062668
          ],
          [
            30.0249049,
            40.4067992
          ],
          [
            30.0252315,
            40.4070631
          ],
          [
            30.0254855,
            40.4073044
          ],
          [
            30.0257119,
            40.4075413
          ],
          [
            30.0261008,
            40.408016
          ],
          [
            30.0263813,
            40.4084612
          ],
          [
            30.0265517,
            40.4088216
          ],
          [
            30.0267172,
            40.409214
          ],
          [
            30.0268369,
            40.4096703
          ],
          [
            30.0272232,
            40.4124528
          ],
          [
            30.0273024,
            40.412881
          ],
          [
            30.02739,
            40.4131654
          ],
          [
            30.0276101,
            40.4136321
          ],
          [
            30.0277934,
            40.4138712
          ],
          [
            30.0282912,
            40.4144855
          ],
          [
            30.0286301,
            40.4148274
          ],
          [
            30.0288921,
            40.4150475
          ],
          [
            30.0292159,
            40.4152692
          ],
          [
            30.0295959,
            40.4154853
          ],
          [
            30.0303495,
            40.415803
          ],
          [
            30.0322928,
            40.4165018
          ],
          [
            30.0327553,
            40.4167075
          ],
          [
            30.0332226,
            40.4169368
          ],
          [
            30.033711,
            40.4172564
          ],
          [
            30.0340345,
            40.417505
          ],
          [
            30.0344132,
            40.4178502
          ],
          [
            30.0347291,
            40.4182225
          ],
          [
            30.0349809,
            40.4186054
          ],
          [
            30.0373524,
            40.4228905
          ],
          [
            30.0382568,
            40.4246116
          ],
          [
            30.0388559,
            40.4255376
          ],
          [
            30.0396689,
            40.4262714
          ],
          [
            30.0413787,
            40.427659
          ],
          [
            30.0420572,
            40.4283982
          ],
          [
            30.04492,
            40.4314165
          ],
          [
            30.0452375,
            40.4316974
          ],
          [
            30.0458896,
            40.4321934
          ],
          [
            30.0467374,
            40.4327536
          ],
          [
            30.0473212,
            40.4332146
          ],
          [
            30.0477669,
            40.4337095
          ],
          [
            30.0481311,
            40.43432
          ],
          [
            30.0488969,
            40.4357737
          ],
          [
            30.0490967,
            40.4361765
          ],
          [
            30.0493925,
            40.4368923
          ],
          [
            30.0499007,
            40.4383593
          ],
          [
            30.0502253,
            40.4393187
          ],
          [
            30.0503781,
            40.4398332
          ],
          [
            30.0505015,
            40.4403149
          ],
          [
            30.0506008,
            40.4408151
          ],
          [
            30.050692,
            40.4414357
          ],
          [
            30.0508502,
            40.4424339
          ],
          [
            30.0511983,
            40.4449792
          ],
          [
            30.0514859,
            40.4471593
          ],
          [
            30.0517648,
            40.4491393
          ],
          [
            30.0521742,
            40.4519064
          ],
          [
            30.0530013,
            40.4578778
          ]
        ]
      },
      "id": "way/27702296"
    },
    {
      "type": "Feature",
      "properties": {
        "@id": "way/27702297",
        "bridge": "yes",
        "electrified": "contact_line",
        "frequency": "50",
        "gauge": "1435",
        "layer": "1",
        "name": "İstanbul - Ankara demiryolu",
        "operator": "TCDD",
        "railway": "rail",
        "railway:etcs": "yes",
        "usage": "main",
        "voltage": "25000"
      },
      "geometry": {
        "type": "LineString",
        "coordinates": [
          [
            30.0058016,
            40.4054382
          ],
          [
            30.006513,
            40.4061978
          ]
        ]
      },
      "id": "way/27702297"
    },
    {
      "type": "Feature",
      "properties": {
        "@id": "way/89785322",
        "electrified": "contact_line",
        "frequency": "50",
        "gauge": "1435",
        "maxspeed": "120",
        "name": "İstanbul - Ankara demiryolu",
        "operator": "TCDD",
        "railway": "rail",
        "railway:etcs": "1",
        "usage": "main",
        "voltage": "25000"
      },
      "geometry": {
        "type": "LineString",
        "coordinates": [
          [
            30.3649019,
            40.6927639
          ],
          [
            30.3638504,
            40.6859702
          ],
          [
            30.3637761,
            40.685592
          ],
          [
            30.3636674,
            40.6852121
          ],
          [
            30.3635473,
            40.6848679
          ],
          [
            30.3631141,
            40.6839636
          ],
          [
            30.3627448,
            40.6834088
          ],
          [
            30.3623369,
            40.6828849
          ],
          [
            30.3602088,
            40.6803944
          ],
          [
            30.3592673,
            40.6793346
          ],
          [
            30.3590251,
            40.6790097
          ],
          [
            30.358734,
            40.6785588
          ],
          [
            30.3585516,
            40.6781703
          ],
          [
            30.3583689,
            40.6776764
          ],
          [
            30.3582865,
            40.6772473
          ],
          [
            30.3582545,
            40.6768382
          ],
          [
            30.3582737,
            40.6765775
          ],
          [
            30.3583038,
            40.6762972
          ],
          [
            30.3583472,
            40.6760494
          ],
          [
            30.3584482,
            40.6756977
          ],
          [
            30.3585702,
            40.6753516
          ],
          [
            30.3587297,
            40.6750149
          ],
          [
            30.358911,
            40.6746964
          ],
          [
            30.3618491,
            40.6698836
          ],
          [
            30.3622091,
            40.6692585
          ],
          [
            30.362454,
            40.6687758
          ],
          [
            30.3626316,
            40.6683688
          ],
          [
            30.3628408,
            40.6678782
          ],
          [
            30.3629226,
            40.6676269
          ],
          [
            30.3630441,
            40.6673061
          ],
          [
            30.3632636,
            40.6664708
          ],
          [
            30.3634402,
            40.6656295
          ],
          [
            30.3634975,
            40.66519
          ]
        ]
      },
      "id": "way/89785322"
    },
    {
      "type": "Feature",
      "properties": {
        "@id": "way/97551985",
        "electrified": "contact_line",
        "embankment": "yes",
        "frequency": "50",
        "gauge": "1435",
        "name": "İstanbul - Ankara demiryolu",
        "operator": "TCDD",
        "railway": "rail",
        "railway:etcs": "yes",
        "usage": "main",
        "voltage": "25000"
      },
      "geometry": {
        "type": "LineString",
        "coordinates": [
          [
            30.0168319,
            40.1595902
          ],
          [
            30.0172422,
            40.1596402
          ],
          [
            30.0177465,
            40.1597538
          ],
          [
            30.0182516,
            40.1599058
          ],
          [
            30.0186547,
            40.1601262
          ],
          [
            30.0190061,
            40.1603619
          ],
          [
            30.0192881,
            40.1605998
          ],
          [
            30.0195821,
            40.1608815
          ],
          [
            30.0198573,
            40.1612397
          ],
          [
            30.020067,
            40.1615332
          ],
          [
            30.0203653,
            40.1620153
          ],
          [
            30.0204822,
            40.1622251
          ],
          [
            30.0206013,
            40.1625377
          ],
          [
            30.0206453,
            40.1627411
          ],
          [
            30.0207027,
            40.1629896
          ],
          [
            30.0207038,
            40.1633007
          ],
          [
            30.0206661,
            40.163576
          ],
          [
            30.0205811,
            40.1638138
          ],
          [
            30.0204791,
            40.1640848
          ],
          [
            30.0203212,
            40.1643755
          ],
          [
            30.0201613,
            40.164602
          ],
          [
            30.0198884,
            40.1648839
          ]
        ]
      },
      "id": "way/97551985"
    },
    {
      "type": "Feature",
      "properties": {
        "@id": "way/97551986",
        "electrified": "contact_line",
        "frequency": "50",
        "gauge": "1435",
        "layer": "-1",
        "operator": "TCDD",
        "railway": "rail",
        "railway:etcs": "yes",
        "tunnel": "yes",
        "usage": "main",
        "voltage": "25000"
      },
      "geometry": {
        "type": "LineString",
        "coordinates": [
          [
            30.0098177,
            40.177601
          ],
          [
            30.009923,
            40.1778728
          ],
          [
            30.0100002,
            40.1781497
          ]
        ]
      },
      "id": "way/97551986"
    },
    {
      "type": "Feature",
      "properties": {
        "@id": "way/97552042",
        "electrified": "contact_line",
        "frequency": "50",
        "gauge": "1435",
        "operator": "TCDD",
        "railway": "rail",
        "railway:etcs": "yes",
        "usage": "main",
        "voltage": "25000"
      },
      "geometry": {
        "type": "LineString",
        "coordinates": [
          [
            30.0100002,
            40.1781497
          ],
          [
            30.0100331,
            40.1784666
          ],
          [
            30.0100137,
            40.1786929
          ]
        ]
      },
      "id": "way/97552042"
    },
    {
      "type": "Feature",
      "properties": {
        "@id": "way/97552100",
        "bridge": "yes",
        "electrified": "contact_line",
        "frequency": "50",
        "gauge": "1435",
        "layer": "1",
        "operator": "TCDD",
        "railway": "rail",
        "railway:etcs": "yes",
        "usage": "main",
        "voltage": "25000"
      },
      "geometry": {
        "type": "LineString",
        "coordinates": [
          [
            30.0164249,
            40.1595649
          ],
          [
            30.0168319,
            40.1595902
          ]
        ]
      },
      "id": "way/97552100"
    },
    {
      "type": "Feature",
      "properties": {
        "@id": "way/123063294",
        "electrified": "contact_line",
        "frequency": "50",
        "gauge": "1435",
        "name": "İstanbul - Ankara demiryolu",
        "operator": "TCDD",
        "railway": "rail",
        "railway:etcs": "yes",
        "usage": "main",
        "voltage": "25000"
      },
      "geometry": {
        "type": "LineString",
        "coordinates": [
          [
            30.0211207,
            40.2167472
          ],
          [
            30.0210648,
            40.2169058
          ],
          [
            30.0210026,
            40.2172866
          ],
          [
            30.0210036,
            40.217594
          ],
          [
            30.0210248,
            40.2179034
          ],
          [
            30.0211151,
            40.218221
          ],
          [
            30.0212673,
            40.2185399
          ],
          [
            30.0235838,
            40.2219557
          ],
          [
            30.0239394,
            40.2224327
          ],
          [
            30.0242261,
            40.2227192
          ],
          [
            30.0245287,
            40.2229705
          ],
          [
            30.0255267,
            40.2235109
          ],
          [
            30.0259868,
            40.2238231
          ],
          [
            30.0262912,
            40.2240663
          ],
          [
            30.0266504,
            40.2244513
          ],
          [
            30.0268884,
            40.2248266
          ]
        ]
      },
      "id": "way/123063294"
    },
    {
      "type": "Feature",
      "properties": {
        "@id": "way/123063295",
        "electrified": "contact_line",
        "frequency": "50",
        "gauge": "1435",
        "name": "İstanbul - Ankara demiryolu",
        "operator": "TCDD",
        "railway": "rail",
        "railway:etcs": "yes",
        "usage": "main",
        "voltage": "25000"
      },
      "geometry": {
        "type": "LineString",
        "coordinates": [
          [
            30.0190013,
            40.1991985
          ],
          [
            30.0199953,
            40.2002514
          ],
          [
            30.0202636,
            40.2004917
          ],
          [
            30.020546,
            40.2007283
          ],
          [
            30.020862,
            40.2009749
          ],
          [
            30.0220437,
            40.2016572
          ],
          [
            30.0223831,
            40.2018703
          ],
          [
            30.0226779,
            40.2020878
          ],
          [
            30.0229242,
            40.2023348
          ],
          [
            30.0264053,
            40.2064493
          ],
          [
            30.0266224,
            40.2067623
          ],
          [
            30.0267566,
            40.2070601
          ],
          [
            30.0268539,
            40.2073777
          ],
          [
            30.0268716,
            40.2076967
          ],
          [
            30.0268486,
            40.2080575
          ],
          [
            30.0267761,
            40.208321
          ],
          [
            30.0267194,
            40.2085386
          ],
          [
            30.0265354,
            40.208917
          ],
          [
            30.0263195,
            40.2092306
          ],
          [
            30.0260801,
            40.2095193
          ],
          [
            30.0257869,
            40.2097671
          ],
          [
            30.0247075,
            40.2105252
          ],
          [
            30.0242243,
            40.2109549
          ],
          [
            30.0240102,
            40.2112253
          ],
          [
            30.0238509,
            40.2114698
          ],
          [
            30.0237607,
            40.2117063
          ],
          [
            30.0236758,
            40.2120023
          ],
          [
            30.0236368,
            40.212255
          ],
          [
            30.0235165,
            40.2134712
          ],
          [
            30.0234288,
            40.2138336
          ],
          [
            30.0233059,
            40.2141337
          ],
          [
            30.0231164,
            40.214459
          ],
          [
            30.022861,
            40.2147633
          ],
          [
            30.0216712,
            40.2158661
          ],
          [
            30.0214526,
            40.2161266
          ],
          [
            30.0212492,
            40.2164285
          ]
        ]
      },
      "id": "way/123063295"
    },
    {
      "type": "Feature",
      "properties": {
        "@id": "way/123063298",
        "bridge": "yes",
        "electrified": "contact_line",
        "frequency": "50",
        "gauge": "1435",
        "layer": "1",
        "operator": "TCDD",
        "railway": "rail",
        "railway:etcs": "yes",
        "usage": "main",
        "voltage": "25000"
      },
      "geometry": {
        "type": "LineString",
        "coordinates": [
          [
            30.0100137,
            40.1786929
          ],
          [
            30.0099624,
            40.1790205
          ]
        ]
      },
      "id": "way/123063298"
    },
    {
      "type": "Feature",
      "properties": {
        "@id": "way/123063299",
        "bridge": "yes",
        "electrified": "contact_line",
        "frequency": "50",
        "gauge": "1435",
        "layer": "1",
        "operator": "TCDD",
        "railway": "rail",
        "railway:etcs": "yes",
        "usage": "main",
        "voltage": "25000"
      },
      "geometry": {
        "type": "LineString",
        "coordinates": [
          [
            30.0268884,
            40.2248266
          ],
          [
            30.0269405,
            40.224918
          ]
        ]
      },
      "id": "way/123063299"
    },
    {
      "type": "Feature",
      "properties": {
        "@id": "way/123063300",
        "bridge": "yes",
        "electrified": "contact_line",
        "frequency": "50",
        "gauge": "1435",
        "layer": "1",
        "operator": "TCDD",
        "railway": "rail",
        "railway:etcs": "yes",
        "usage": "main",
        "voltage": "25000"
      },
      "geometry": {
        "type": "LineString",
        "coordinates": [
          [
            30.0122453,
            40.166904
          ],
          [
            30.0119173,
            40.1670668
          ]
        ]
      },
      "id": "way/123063300"
    },
    {
      "type": "Feature",
      "properties": {
        "@id": "way/123063302",
        "bridge": "yes",
        "electrified": "contact_line",
        "frequency": "50",
        "gauge": "1435",
        "layer": "1",
        "operator": "TCDD",
        "railway": "rail",
        "railway:etcs": "yes",
        "usage": "main",
        "voltage": "25000"
      },
      "geometry": {
        "type": "LineString",
        "coordinates": [
          [
            30.0094595,
            40.1803983
          ],
          [
            30.0094349,
            40.1807076
          ]
        ]
      },
      "id": "way/123063302"
    },
    {
      "type": "Feature",
      "properties": {
        "@id": "way/123063303",
        "bridge": "yes",
        "electrified": "contact_line",
        "frequency": "50",
        "gauge": "1435",
        "layer": "1",
        "operator": "TCDD",
        "railway": "rail",
        "railway:etcs": "yes",
        "usage": "main",
        "voltage": "25000"
      },
      "geometry": {
        "type": "LineString",
        "coordinates": [
          [
            30.0212492,
            40.2164285
          ],
          [
            30.0211207,
            40.2167472
          ]
        ]
      },
      "id": "way/123063303"
    },
    {
      "type": "Feature",
      "properties": {
        "@id": "way/123063304",
        "electrified": "contact_line",
        "frequency": "50",
        "gauge": "1435",
        "name": "İstanbul - Ankara demiryolu",
        "operator": "TCDD",
        "railway": "rail",
        "railway:etcs": "yes",
        "usage": "main",
        "voltage": "25000"
      },
      "geometry": {
        "type": "LineString",
        "coordinates": [
          [
            30.0094758,
            40.1770854
          ],
          [
            30.0096597,
            40.1773271
          ],
          [
            30.0098177,
            40.177601
          ]
        ]
      },
      "id": "way/123063304"
    },
    {
      "type": "Feature",
      "properties": {
        "@id": "way/123063305",
        "bridge": "yes",
        "electrified": "contact_line",
        "frequency": "50",
        "gauge": "1435",
        "layer": "1",
        "operator": "TCDD",
        "railway": "rail",
        "railway:etcs": "yes",
        "usage": "main",
        "voltage": "25000"
      },
      "geometry": {
        "type": "LineString",
        "coordinates": [
          [
            30.0187786,
            40.1989512
          ],
          [
            30.0190013,
            40.1991985
          ]
        ]
      },
      "id": "way/123063305"
    },
    {
      "type": "Feature",
      "properties": {
        "@id": "way/123063306",
        "bridge": "yes",
        "electrified": "contact_line",
        "frequency": "50",
        "gauge": "1435",
        "layer": "1",
        "operator": "TCDD",
        "railway": "rail",
        "railway:etcs": "yes",
        "usage": "main",
        "voltage": "25000"
      },
      "geometry": {
        "type": "LineString",
        "coordinates": [
          [
            30.0091836,
            40.1767843
          ],
          [
            30.0094758,
            40.1770854
          ]
        ]
      },
      "id": "way/123063306"
    },
    {
      "type": "Feature",
      "properties": {
        "@id": "way/123063307",
        "bridge": "yes",
        "electrified": "contact_line",
        "frequency": "50",
        "gauge": "1435",
        "layer": "1",
        "name": "İstanbul - Ankara demiryolu",
        "operator": "TCDD",
        "railway": "rail",
        "railway:etcs": "yes",
        "usage": "main",
        "voltage": "25000"
      },
      "geometry": {
        "type": "LineString",
        "coordinates": [
          [
            30.0134276,
            40.1663169
          ],
          [
            30.0130624,
            40.1664982
          ]
        ]
      },
      "id": "way/123063307"
    },
    {
      "type": "Feature",
      "properties": {
        "@id": "way/123063308",
        "electrified": "contact_line",
        "frequency": "50",
        "gauge": "1435",
        "name": "İstanbul - Ankara demiryolu",
        "operator": "TCDD",
        "railway": "rail",
        "railway:etcs": "yes",
        "usage": "main",
        "voltage": "25000"
      },
      "geometry": {
        "type": "LineString",
        "coordinates": [
          [
            30.0130624,
            40.1664982
          ],
          [
            30.0122453,
            40.166904
          ]
        ]
      },
      "id": "way/123063308"
    },
    {
      "type": "Feature",
      "properties": {
        "@id": "way/123063309",
        "electrified": "contact_line",
        "frequency": "50",
        "gauge": "1435",
        "name": "İstanbul - Ankara demiryolu",
        "operator": "TCDD",
        "railway": "rail",
        "railway:etcs": "yes",
        "usage": "main",
        "voltage": "25000"
      },
      "geometry": {
        "type": "LineString",
        "coordinates": [
          [
            30.0160578,
            40.1962061
          ],
          [
            30.0187786,
            40.1989512
          ]
        ]
      },
      "id": "way/123063309"
    },
    {
      "type": "Feature",
      "properties": {
        "@id": "way/123063310",
        "bridge": "yes",
        "electrified": "contact_line",
        "frequency": "50",
        "gauge": "1435",
        "layer": "1",
        "operator": "TCDD",
        "railway": "rail",
        "railway:etcs": "yes",
        "usage": "main",
        "voltage": "25000"
      },
      "geometry": {
        "type": "LineString",
        "coordinates": [
          [
            30.0158516,
            40.1959779
          ],
          [
            30.0160578,
            40.1962061
          ]
        ]
      },
      "id": "way/123063310"
    },
    {
      "type": "Feature",
      "properties": {
        "@id": "way/123063312",
        "electrified": "contact_line",
        "frequency": "50",
        "gauge": "1435",
        "name": "İstanbul - Ankara demiryolu",
        "operator": "TCDD",
        "railway": "rail",
        "railway:etcs": "yes",
        "source": "Bing",
        "usage": "main",
        "voltage": "25000"
      },
      "geometry": {
        "type": "LineString",
        "coordinates": [
          [
            30.0094349,
            40.1807076
          ],
          [
            30.009435,
            40.1810593
          ],
          [
            30.0094882,
            40.1813411
          ],
          [
            30.0096441,
            40.181851
          ],
          [
            30.009769,
            40.1822186
          ],
          [
            30.0098822,
            40.1826327
          ],
          [
            30.0099374,
            40.183278
          ],
          [
            30.0098893,
            40.1839461
          ],
          [
            30.0098064,
            40.1844827
          ],
          [
            30.0098771,
            40.1848747
          ],
          [
            30.009963,
            40.18523
          ],
          [
            30.0101088,
            40.1855278
          ],
          [
            30.0103298,
            40.1859064
          ],
          [
            30.0105938,
            40.1862042
          ],
          [
            30.010931,
            40.1865735
          ],
          [
            30.011165,
            40.1868058
          ],
          [
            30.0114035,
            40.1871277
          ],
          [
            30.0115408,
            40.1874336
          ],
          [
            30.011658,
            40.1878303
          ],
          [
            30.0116982,
            40.1883395
          ],
          [
            30.0117027,
            40.1891374
          ],
          [
            30.0117337,
            40.1893212
          ],
          [
            30.0122624,
            40.1909666
          ],
          [
            30.0124031,
            40.1913716
          ],
          [
            30.012729,
            40.1923225
          ],
          [
            30.0128531,
            40.1926374
          ],
          [
            30.0130427,
            40.1929895
          ],
          [
            30.0132898,
            40.1933288
          ],
          [
            30.0135862,
            40.1936627
          ],
          [
            30.0154788,
            40.1955702
          ],
          [
            30.0156657,
            40.1957751
          ],
          [
            30.0158516,
            40.1959779
          ]
        ]
      },
      "id": "way/123063312"
    },
    {
      "type": "Feature",
      "properties": {
        "@id": "way/123063313",
        "electrified": "contact_line",
        "frequency": "50",
        "gauge": "1435",
        "name": "İstanbul - Ankara demiryolu",
        "operator": "TCDD",
        "railway": "rail",
        "railway:etcs": "yes",
        "usage": "main",
        "voltage": "25000"
      },
      "geometry": {
        "type": "LineString",
        "coordinates": [
          [
            30.0099624,
            40.1790205
          ],
          [
            30.0098633,
            40.1793882
          ],
          [
            30.0096863,
            40.1797568
          ],
          [
            30.0095471,
            40.180066
          ],
          [
            30.0094595,
            40.1803983
          ]
        ]
      },
      "id": "way/123063313"
    },
    {
      "type": "Feature",
      "properties": {
        "@id": "way/123067582",
        "bridge": "yes",
        "electrified": "contact_line",
        "frequency": "50",
        "gauge": "1435",
        "layer": "1",
        "name": "İstanbul - Ankara demiryolu",
        "operator": "TCDD",
        "railway": "rail",
        "railway:etcs": "yes",
        "source": "bing",
        "usage": "main",
        "voltage": "25000"
      },
      "geometry": {
        "type": "LineString",
        "coordinates": [
          [
            30.0231935,
            40.2758572
          ],
          [
            30.0229879,
            40.2760417
          ]
        ]
      },
      "id": "way/123067582"
    },
    {
      "type": "Feature",
      "properties": {
        "@id": "way/123067584",
        "electrified": "contact_line",
        "frequency": "50",
        "gauge": "1435",
        "name": "İstanbul - Ankara demiryolu",
        "operator": "TCDD",
        "railway": "rail",
        "railway:etcs": "yes",
        "usage": "main",
        "voltage": "25000"
      },
      "geometry": {
        "type": "LineString",
        "coordinates": [
          [
            30.0229879,
            40.2760417
          ],
          [
            30.0228394,
            40.2761844
          ],
          [
            30.0216754,
            40.2773025
          ],
          [
            30.0213099,
            40.2777855
          ],
          [
            30.0210553,
            40.2783355
          ],
          [
            30.0209002,
            40.2788939
          ],
          [
            30.0208675,
            40.2793928
          ],
          [
            30.0209283,
            40.280154
          ],
          [
            30.0213039,
            40.2830181
          ],
          [
            30.0214041,
            40.2837824
          ],
          [
            30.0215463,
            40.2844031
          ],
          [
            30.0218713,
            40.2851489
          ],
          [
            30.0222146,
            40.2856858
          ],
          [
            30.0227039,
            40.2862751
          ],
          [
            30.023133,
            40.2867203
          ],
          [
            30.0237338,
            40.2871786
          ],
          [
            30.0244033,
            40.2875715
          ],
          [
            30.0255466,
            40.2881101
          ],
          [
            30.0345743,
            40.2925996
          ],
          [
            30.035321,
            40.2930185
          ],
          [
            30.0359905,
            40.2935423
          ],
          [
            30.0376642,
            40.2952444
          ],
          [
            30.0382678,
            40.295701
          ],
          [
            30.038758,
            40.2959766
          ],
          [
            30.0393298,
            40.2962537
          ],
          [
            30.0441229,
            40.2983641
          ],
          [
            30.0448474,
            40.2986212
          ],
          [
            30.0476763,
            40.299479
          ],
          [
            30.0481759,
            40.2996659
          ],
          [
            30.0485384,
            40.2998436
          ],
          [
            30.0489979,
            40.3001309
          ],
          [
            30.0492731,
            40.3003431
          ],
          [
            30.0495477,
            40.3006114
          ],
          [
            30.0534312,
            40.3046995
          ],
          [
            30.0537132,
            40.3049475
          ],
          [
            30.0540791,
            40.3052203
          ],
          [
            30.0544856,
            40.3054994
          ],
          [
            30.0550727,
            40.3058279
          ],
          [
            30.0574667,
            40.3069307
          ]
        ]
      },
      "id": "way/123067584"
    },
    {
      "type": "Feature",
      "properties": {
        "@id": "way/125076477",
        "bridge": "yes",
        "electrified": "contact_line",
        "frequency": "50",
        "gauge": "1435",
        "layer": "1",
        "maxspeed": "120",
        "operator": "TCDD",
        "railway": "rail",
        "railway:etcs": "yes",
        "usage": "main",
        "voltage": "25000"
      },
      "geometry": {
        "type": "LineString",
        "coordinates": [
          [
            30.3341362,
            40.6266893
          ],
          [
            30.3340088,
            40.6265549
          ]
        ]
      },
      "id": "way/125076477"
    },
    {
      "type": "Feature",
      "properties": {
        "@id": "way/125076478",
        "electrified": "contact_line",
        "frequency": "50",
        "gauge": "1435",
        "maxspeed": "120",
        "name": "İstanbul - Ankara demiryolu",
        "operator": "TCDD",
        "railway": "rail",
        "railway:etcs": "yes",
        "usage": "main",
        "voltage": "25000"
      },
      "geometry": {
        "type": "LineString",
        "coordinates": [
          [
            30.3277677,
            40.6194835
          ],
          [
            30.3273703,
            40.6190067
          ],
          [
            30.327066,
            40.6186014
          ],
          [
            30.3269471,
            40.6183862
          ],
          [
            30.3268192,
            40.6180541
          ],
          [
            30.3267615,
            40.6178432
          ],
          [
            30.3267238,
            40.6175113
          ],
          [
            30.3267349,
            40.6172208
          ],
          [
            30.3268065,
            40.616839
          ],
          [
            30.3269246,
            40.6165268
          ],
          [
            30.3270484,
            40.6162791
          ],
          [
            30.327227,
            40.6160163
          ],
          [
            30.3274395,
            40.6157857
          ],
          [
            30.3278113,
            40.6154892
          ],
          [
            30.3285646,
            40.6150229
          ]
        ]
      },
      "id": "way/125076478"
    },
    {
      "type": "Feature",
      "properties": {
        "@id": "way/125133709",
        "bridge": "yes",
        "electrified": "contact_line",
        "frequency": "50",
        "gauge": "1435",
        "layer": "1",
        "maxspeed": "120",
        "name": "İstanbul - Ankara demiryolu",
        "operator": "TCDD",
        "railway": "rail",
        "railway:etcs": "yes",
        "usage": "main",
        "voltage": "25000"
      },
      "geometry": {
        "type": "LineString",
        "coordinates": [
          [
            30.2951441,
            40.5387369
          ],
          [
            30.2950138,
            40.5385971
          ]
        ]
      },
      "id": "way/125133709"
    },
    {
      "type": "Feature",
      "properties": {
        "@id": "way/132210692",
        "bridge": "yes",
        "electrified": "contact_line",
        "frequency": "50",
        "gauge": "1435",
        "layer": "1",
        "maxspeed": "120",
        "operator": "TCDD",
        "railway": "rail",
        "railway:etcs": "1",
        "usage": "main",
        "voltage": "25000"
      },
      "geometry": {
        "type": "LineString",
        "coordinates": [
          [
            30.3634975,
            40.66519
          ],
          [
            30.3635224,
            40.6649009
          ]
        ]
      },
      "id": "way/132210692"
    },
    {
      "type": "Feature",
      "properties": {
        "@id": "way/132210693",
        "electrified": "contact_line",
        "frequency": "50",
        "gauge": "1435",
        "maxspeed": "120",
        "name": "İstanbul - Ankara demiryolu",
        "operator": "TCDD",
        "railway": "rail",
        "railway:etcs": "1",
        "usage": "main",
        "voltage": "25000"
      },
      "geometry": {
        "type": "LineString",
        "coordinates": [
          [
            30.3635224,
            40.6649009
          ],
          [
            30.363534,
            40.6644528
          ],
          [
            30.3635386,
            40.6641496
          ],
          [
            30.3635341,
            40.6637531
          ],
          [
            30.3635092,
            40.6633241
          ],
          [
            30.3634358,
            40.6626676
          ],
          [
            30.3633351,
            40.6621012
          ],
          [
            30.3632381,
            40.6616528
          ],
          [
            30.3631479,
            40.6613258
          ],
          [
            30.3630319,
            40.6609627
          ],
          [
            30.3628263,
            40.6603667
          ],
          [
            30.3626813,
            40.6600123
          ],
          [
            30.3623401,
            40.6592597
          ],
          [
            30.3619209,
            40.6584765
          ],
          [
            30.361405,
            40.6577052
          ],
          [
            30.3560218,
            40.6505305
          ],
          [
            30.3556433,
            40.650132
          ],
          [
            30.3553515,
            40.6498556
          ],
          [
            30.3550097,
            40.6495768
          ],
          [
            30.3546438,
            40.6493276
          ],
          [
            30.3543475,
            40.649127
          ],
          [
            30.3540284,
            40.6489315
          ],
          [
            30.3534502,
            40.6486438
          ],
          [
            30.3528589,
            40.6483888
          ],
          [
            30.3523949,
            40.6482234
          ],
          [
            30.3517807,
            40.648024
          ],
          [
            30.3444478,
            40.6458332
          ],
          [
            30.3440196,
            40.6457
          ],
          [
            30.3436272,
            40.6455492
          ],
          [
            30.343186,
            40.6453606
          ],
          [
            30.342791,
            40.6451661
          ],
          [
            30.3423653,
            40.6449249
          ],
          [
            30.3419391,
            40.6446388
          ],
          [
            30.3414476,
            40.644276
          ],
          [
            30.3410647,
            40.6439488
          ],
          [
            30.3381042,
            40.6411803
          ],
          [
            30.3379113,
            40.6409537
          ],
          [
            30.337804,
            40.6407949
          ],
          [
            30.3376562,
            40.6405451
          ],
          [
            30.3375691,
            40.6402886
          ],
          [
            30.3375136,
            40.6400699
          ],
          [
            30.3374819,
            40.6398515
          ],
          [
            30.3374714,
            40.6396138
          ],
          [
            30.3375085,
            40.6393061
          ],
          [
            30.3376638,
            40.6385704
          ]
        ]
      },
      "id": "way/132210693"
    },
    {
      "type": "Feature",
      "properties": {
        "@id": "way/132237660",
        "electrified": "contact_line",
        "frequency": "50",
        "gauge": "1435",
        "maxspeed": "100",
        "name": "İstanbul - Ankara demiryolu",
        "name:en": "İstanbul - Ankara railway",
        "operator": "TCDD",
        "passenger_lines": "1",
        "railway": "rail",
        "railway:etcs": "1",
        "source": "bing",
        "usage": "main",
        "voltage": "25000",
        "wikidata": "Q15103266",
        "wikipedia": "en:Istanbul–Ankara railway"
      },
      "geometry": {
        "type": "LineString",
        "coordinates": [
          [
            30.2623284,
            40.6956571
          ],
          [
            30.2618115,
            40.6957845
          ]
        ]
      },
      "id": "way/132237660"
    },
    {
      "type": "Feature",
      "properties": {
        "@id": "way/160515899",
        "electrified": "contact_line",
        "frequency": "50",
        "gauge": "1435",
        "layer": "-1",
        "maxspeed": "120",
        "name": "İstanbul - Ankara demiryolu",
        "operator": "TCDD",
        "railway": "rail",
        "railway:etcs": "1",
        "source": "Bing",
        "tunnel": "yes",
        "usage": "main",
        "voltage": "25000"
      },
      "geometry": {
        "type": "LineString",
        "coordinates": [
          [
            30.3136332,
            40.7048404
          ],
          [
            30.3135169,
            40.7048026
          ],
          [
            30.3128677,
            40.7045916
          ],
          [
            30.312354,
            40.7043622
          ],
          [
            30.3116702,
            40.7040092
          ],
          [
            30.311101,
            40.7037136
          ],
          [
            30.3107,
            40.7034306
          ]
        ]
      },
      "id": "way/160515899"
    },
    {
      "type": "Feature",
      "properties": {
        "@id": "way/160515903",
        "bridge": "yes",
        "electrified": "contact_line",
        "frequency": "50",
        "gauge": "1435",
        "layer": "1",
        "maxspeed": "120",
        "operator": "TCDD",
        "railway": "rail",
        "railway:etcs": "1",
        "source": "Bing",
        "usage": "main",
        "voltage": "25000"
      },
      "geometry": {
        "type": "LineString",
        "coordinates": [
          [
            30.3103426,
            40.7031401
          ],
          [
            30.3102455,
            40.703053
          ]
        ]
      },
      "id": "way/160515903"
    },
    {
      "type": "Feature",
      "properties": {
        "@id": "way/160515904",
        "electrified": "contact_line",
        "frequency": "50",
        "gauge": "1435",
        "maxspeed": "120",
        "operator": "TCDD",
        "railway": "rail",
        "railway:etcs": "1",
        "usage": "main",
        "voltage": "25000"
      },
      "geometry": {
        "type": "LineString",
        "coordinates": [
          [
            30.3107,
            40.7034306
          ],
          [
            30.3104982,
            40.7032757
          ],
          [
            30.3103426,
            40.7031401
          ]
        ]
      },
      "id": "way/160515904"
    },
    {
      "type": "Feature",
      "properties": {
        "@id": "way/160596791",
        "bridge": "yes",
        "electrified": "contact_line",
        "frequency": "50",
        "gauge": "1435",
        "layer": "1",
        "maxspeed": "100",
        "name": "İstanbul - Ankara demiryolu",
        "name:en": "İstanbul - Ankara railway",
        "operator": "TCDD",
        "passenger_lines": "1",
        "railway": "rail",
        "railway:etcs": "yes",
        "source": "bing",
        "usage": "main",
        "voltage": "25000",
        "wikidata": "Q15103266",
        "wikipedia": "en:Istanbul–Ankara railway"
      },
      "geometry": {
        "type": "LineString",
        "coordinates": [
          [
            29.9595659,
            40.7604111
          ],
          [
            29.9589954,
            40.7607293
          ]
        ]
      },
      "id": "way/160596791"
    },
    {
      "type": "Feature",
      "properties": {
        "@id": "way/202086282",
        "bridge": "yes",
        "electrified": "contact_line",
        "frequency": "50",
        "gauge": "1435",
        "layer": "1",
        "maxspeed": "100",
        "name": "İstanbul - Ankara demiryolu",
        "name:en": "İstanbul - Ankara railway",
        "operator": "TCDD",
        "passenger_lines": "1",
        "railway": "rail",
        "railway:etcs": "yes",
        "source": "bing",
        "usage": "main",
        "voltage": "25000",
        "wikidata": "Q15103266",
        "wikipedia": "en:Istanbul–Ankara railway"
      },
      "geometry": {
        "type": "LineString",
        "coordinates": [
          [
            29.9574417,
            40.7614471
          ],
          [
            29.9576271,
            40.7613726
          ]
        ]
      },
      "id": "way/202086282"
    },
    {
      "type": "Feature",
      "properties": {
        "@id": "way/202086284",
        "electrified": "contact_line",
        "frequency": "50",
        "gauge": "1435",
        "maxspeed": "100",
        "name": "İstanbul - Ankara demiryolu",
        "name:en": "İstanbul - Ankara railway",
        "operator": "TCDD",
        "passenger_lines": "1",
        "railway": "rail",
        "railway:etcs": "yes",
        "source": "bing",
        "usage": "main",
        "voltage": "25000",
        "wikidata": "Q15103266",
        "wikipedia": "en:Istanbul–Ankara railway"
      },
      "geometry": {
        "type": "LineString",
        "coordinates": [
          [
            29.9576271,
            40.7613726
          ],
          [
            29.9582533,
            40.7611075
          ],
          [
            29.9586317,
            40.7609195
          ],
          [
            29.9589954,
            40.7607293
          ]
        ]
      },
      "id": "way/202086284"
    },
    {
      "type": "Feature",
      "properties": {
        "@id": "way/202182468",
        "electrified": "contact_line",
        "frequency": "50",
        "gauge": "1435",
        "maxspeed": "160",
        "name": "İstanbul - Ankara yüksek hızlı demiryolu",
        "name:en": "İstanbul - Ankara high speed railway",
        "operator": "TCDD",
        "passenger_lines": "1",
        "railway": "rail",
        "railway:etcs": "1",
        "source": "bing",
        "usage": "main",
        "voltage": "25000",
        "wikidata": "Q15103266",
        "wikipedia": "en:Istanbul–Ankara high speed railway"
      },
      "geometry": {
        "type": "LineString",
        "coordinates": [
          [
            29.9574996,
            40.7615357
          ],
          [
            29.9567549,
            40.7618018
          ],
          [
            29.9562762,
            40.7619434
          ],
          [
            29.9554923,
            40.7621418
          ],
          [
            29.9547654,
            40.7622812
          ],
          [
            29.9541692,
            40.7623683
          ],
          [
            29.9535856,
            40.762434
          ],
          [
            29.9531051,
            40.762467
          ],
          [
            29.9526577,
            40.7624948
          ],
          [
            29.9519959,
            40.7625095
          ],
          [
            29.9513991,
            40.7624936
          ],
          [
            29.9506708,
            40.7624528
          ],
          [
            29.9492525,
            40.7623716
          ],
          [
            29.9467238,
            40.7622525
          ],
          [
            29.9436555,
            40.7620624
          ],
          [
            29.9328067,
            40.7613695
          ],
          [
            29.9314579,
            40.7613109
          ],
          [
            29.9302412,
            40.7612722
          ],
          [
            29.9278539,
            40.7612309
          ],
          [
            29.9240174,
            40.7611645
          ],
          [
            29.9226808,
            40.7611414
          ],
          [
            29.9224033,
            40.7611373
          ],
          [
            29.9221525,
            40.7611445
          ],
          [
            29.9218118,
            40.7611688
          ],
          [
            29.9208946,
            40.761244
          ]
        ]
      },
      "id": "way/202182468"
    },
    {
      "type": "Feature",
      "properties": {
        "@id": "way/215538900",
        "bridge": "yes",
        "electrified": "contact_line",
        "frequency": "50",
        "gauge": "1435",
        "layer": "1",
        "maxspeed": "100",
        "name": "İstanbul - Ankara demiryolu",
        "name:en": "İstanbul - Ankara railway",
        "operator": "TCDD",
        "passenger_lines": "1",
        "railway": "rail",
        "railway:etcs": "1",
        "source": "bing",
        "usage": "main",
        "voltage": "25000",
        "wikidata": "Q15103266",
        "wikipedia": "en:Istanbul–Ankara railway"
      },
      "geometry": {
        "type": "LineString",
        "coordinates": [
          [
            30.2618115,
            40.6957845
          ],
          [
            30.261731,
            40.6958029
          ],
          [
            30.2616634,
            40.6958184
          ]
        ]
      },
      "id": "way/215538900"
    },
    {
      "type": "Feature",
      "properties": {
        "@id": "way/215538904",
        "electrified": "contact_line",
        "frequency": "50",
        "gauge": "1435",
        "maxspeed": "160",
        "name": "İstanbul - Ankara demiryolu",
        "name:en": "İstanbul - Ankara railway",
        "operator": "TCDD",
        "passenger_lines": "1",
        "railway": "rail",
        "source": "bing",
        "usage": "main",
        "voltage": "25000",
        "wikidata": "Q15103266",
        "wikipedia": "en:Istanbul–Ankara railway"
      },
      "geometry": {
        "type": "LineString",
        "coordinates": [
          [
            30.2190579,
            40.7014475
          ],
          [
            30.201821,
            40.7026012
          ],
          [
            30.1980755,
            40.7028723
          ]
        ]
      },
      "id": "way/215538904"
    },
    {
      "type": "Feature",
      "properties": {
        "@id": "way/215802127",
        "electrified": "contact_line",
        "frequency": "50",
        "gauge": "1435",
        "maxspeed": "120",
        "name": "İstanbul - Ankara demiryolu",
        "operator": "TCDD",
        "railway": "rail",
        "railway:etcs": "1",
        "source": "bing",
        "usage": "main",
        "voltage": "25000"
      },
      "geometry": {
        "type": "LineString",
        "coordinates": [
          [
            30.3612757,
            40.7131609
          ],
          [
            30.3608427,
            40.7131609
          ],
          [
            30.3604925,
            40.7131557
          ],
          [
            30.3593341,
            40.7131384
          ],
          [
            30.3561091,
            40.7130998
          ],
          [
            30.3508019,
            40.7130578
          ],
          [
            30.3489313,
            40.7130357
          ],
          [
            30.3461063,
            40.7129929
          ],
          [
            30.3456571,
            40.7129858
          ],
          [
            30.3306845,
            40.7128384
          ],
          [
            30.3293815,
            40.7127876
          ],
          [
            30.3288536,
            40.7127443
          ],
          [
            30.3283054,
            40.7126789
          ],
          [
            30.3277101,
            40.7125829
          ],
          [
            30.32714,
            40.712481
          ],
          [
            30.3264148,
            40.7123066
          ],
          [
            30.3256782,
            40.7120958
          ],
          [
            30.3251832,
            40.7119264
          ],
          [
            30.3246538,
            40.7117093
          ],
          [
            30.3237625,
            40.7112948
          ],
          [
            30.3210248,
            40.7098555
          ],
          [
            30.3207137,
            40.7096734
          ],
          [
            30.32026,
            40.7093549
          ],
          [
            30.3198843,
            40.7090545
          ],
          [
            30.3195238,
            40.7086981
          ],
          [
            30.3191872,
            40.7083427
          ],
          [
            30.3185769,
            40.7075951
          ],
          [
            30.3181479,
            40.7071461
          ],
          [
            30.3178149,
            40.706824
          ],
          [
            30.3176451,
            40.7066629
          ],
          [
            30.3174285,
            40.7065047
          ],
          [
            30.3172614,
            40.7063826
          ],
          [
            30.3169847,
            40.7061882
          ],
          [
            30.3165788,
            40.705945
          ],
          [
            30.3162734,
            40.7057713
          ],
          [
            30.3160045,
            40.7056406
          ],
          [
            30.3156724,
            40.7054954
          ],
          [
            30.3152291,
            40.7053377
          ],
          [
            30.3145709,
            40.7051375
          ],
          [
            30.314187,
            40.7050119
          ],
          [
            30.3136332,
            40.7048404
          ]
        ]
      },
      "id": "way/215802127"
    },
    {
      "type": "Feature",
      "properties": {
        "@id": "way/215802143",
        "electrified": "contact_line",
        "frequency": "50",
        "gauge": "1435",
        "name": "İstanbul - Ankara demiryolu",
        "operator": "TCDD",
        "railway": "rail",
        "source": "bing",
        "usage": "branch",
        "voltage": "25000"
      },
      "geometry": {
        "type": "LineString",
        "coordinates": [
          [
            30.3593306,
            40.7131809
          ],
          [
            30.3582513,
            40.7132603
          ],
          [
            30.3574841,
            40.7132852
          ],
          [
            30.3533568,
            40.7132567
          ],
          [
            30.3526738,
            40.7132422
          ],
          [
            30.3522715,
            40.7132199
          ],
          [
            30.35185,
            40.7131883
          ]
        ]
      },
      "id": "way/215802143"
    },
    {
      "type": "Feature",
      "properties": {
        "@id": "way/219653365",
        "bridge": "yes",
        "electrified": "contact_line",
        "frequency": "50",
        "gauge": "1435",
        "maxspeed": "100",
        "name": "İstanbul - Ankara demiryolu",
        "name:en": "İstanbul - Ankara railway",
        "operator": "TCDD",
        "passenger_lines": "1",
        "railway": "rail",
        "railway:etcs": "1",
        "source": "bing",
        "usage": "main",
        "voltage": "25000",
        "wikidata": "Q15103266",
        "wikipedia": "en:Istanbul–Ankara railway"
      },
      "geometry": {
        "type": "LineString",
        "coordinates": [
          [
            30.266533,
            40.6946903
          ],
          [
            30.2664367,
            40.694713
          ]
        ]
      },
      "id": "way/219653365"
    },
    {
      "type": "Feature",
      "properties": {
        "@id": "way/219653366",
        "electrified": "contact_line",
        "frequency": "50",
        "gauge": "1435",
        "maxspeed": "160",
        "name": "İstanbul - Ankara demiryolu",
        "name:en": "İstanbul - Ankara railway",
        "operator": "TCDD",
        "passenger_lines": "1",
        "railway": "rail",
        "source": "bing",
        "usage": "main",
        "voltage": "25000",
        "wikidata": "Q15103266",
        "wikipedia": "en:Istanbul–Ankara railway"
      },
      "geometry": {
        "type": "LineString",
        "coordinates": [
          [
            30.1977765,
            40.702904
          ],
          [
            30.1738811,
            40.7058111
          ]
        ]
      },
      "id": "way/219653366"
    },
    {
      "type": "Feature",
      "properties": {
        "@id": "way/219653367",
        "electrified": "contact_line",
        "frequency": "50",
        "gauge": "1435",
        "maxspeed": "100",
        "name": "İstanbul - Ankara demiryolu",
        "name:en": "İstanbul - Ankara railway",
        "operator": "TCDD",
        "passenger_lines": "1",
        "railway": "rail",
        "railway:etcs": "1",
        "source": "bing",
        "usage": "main",
        "voltage": "25000",
        "wikidata": "Q15103266",
        "wikipedia": "en:Istanbul–Ankara railway"
      },
      "geometry": {
        "type": "LineString",
        "coordinates": [
          [
            30.3102455,
            40.703053
          ],
          [
            30.3090692,
            40.701965
          ],
          [
            30.3085611,
            40.7015341
          ],
          [
            30.3083108,
            40.7013383
          ],
          [
            30.3081848,
            40.7012397
          ],
          [
            30.3077725,
            40.70094
          ],
          [
            30.3069142,
            40.7004194
          ],
          [
            30.3065375,
            40.700222
          ],
          [
            30.305998,
            40.6999712
          ],
          [
            30.3055853,
            40.6998008
          ],
          [
            30.3048076,
            40.6994991
          ],
          [
            30.3037622,
            40.6991377
          ],
          [
            30.3031955,
            40.6989442
          ],
          [
            30.3026053,
            40.6987671
          ],
          [
            30.3017694,
            40.6985246
          ],
          [
            30.3008868,
            40.6983318
          ],
          [
            30.3001559,
            40.6981909
          ],
          [
            30.2991323,
            40.6980354
          ],
          [
            30.2984311,
            40.697953
          ],
          [
            30.2976338,
            40.6978865
          ],
          [
            30.2970415,
            40.6978627
          ],
          [
            30.295664,
            40.6978396
          ],
          [
            30.29309,
            40.6978746
          ],
          [
            30.2923166,
            40.6978584
          ],
          [
            30.2919071,
            40.6978296
          ],
          [
            30.2914895,
            40.6977838
          ],
          [
            30.2911365,
            40.697742
          ],
          [
            30.290827,
            40.697685
          ],
          [
            30.2904777,
            40.6976007
          ],
          [
            30.2901323,
            40.6975156
          ],
          [
            30.2896589,
            40.6973525
          ],
          [
            30.2892122,
            40.6971703
          ],
          [
            30.288731,
            40.6969328
          ],
          [
            30.288435,
            40.6967737
          ],
          [
            30.288013,
            40.6965074
          ],
          [
            30.2876818,
            40.6962706
          ],
          [
            30.2872935,
            40.6959431
          ],
          [
            30.285837,
            40.694571
          ],
          [
            30.2855857,
            40.6943462
          ],
          [
            30.2849634,
            40.693888
          ],
          [
            30.284515,
            40.6936207
          ],
          [
            30.2842383,
            40.6934665
          ],
          [
            30.2840381,
            40.6933697
          ],
          [
            30.2836781,
            40.6932165
          ],
          [
            30.2832596,
            40.6930595
          ],
          [
            30.2828119,
            40.6929224
          ],
          [
            30.2822631,
            40.6927865
          ],
          [
            30.2810313,
            40.6925509
          ],
          [
            30.2798519,
            40.6923524
          ],
          [
            30.2794216,
            40.6922838
          ],
          [
            30.2790167,
            40.6922343
          ],
          [
            30.2785883,
            40.6922082
          ],
          [
            30.2781404,
            40.6921906
          ],
          [
            30.2777149,
            40.6922101
          ],
          [
            30.2772679,
            40.6922341
          ],
          [
            30.2767255,
            40.6923231
          ],
          [
            30.2762865,
            40.6924137
          ],
          [
            30.2734463,
            40.6930706
          ],
          [
            30.2698444,
            40.6939108
          ],
          [
            30.2686105,
            40.6941986
          ],
          [
            30.266533,
            40.6946903
          ]
        ]
      },
      "id": "way/219653367"
    },
    {
      "type": "Feature",
      "properties": {
        "@id": "way/230051464",
        "electrified": "contact_line",
        "frequency": "50",
        "gauge": "1435",
        "maxspeed": "160",
        "name": "İstanbul - Ankara demiryolu",
        "name:en": "İstanbul - Ankara railway",
        "operator": "TCDD",
        "passenger_lines": "1",
        "railway": "rail",
        "source": "bing",
        "usage": "main",
        "voltage": "25000",
        "wikidata": "Q15103266",
        "wikipedia": "en:Istanbul–Ankara railway"
      },
      "geometry": {
        "type": "LineString",
        "coordinates": [
          [
            30.1734513,
            40.7058662
          ],
          [
            30.1433701,
            40.7095716
          ],
          [
            30.1416874,
            40.7097598
          ],
          [
            30.1410912,
            40.7098257
          ],
          [
            30.140319,
            40.7098966
          ],
          [
            30.139305,
            40.7099851
          ],
          [
            30.1385738,
            40.7100281
          ],
          [
            30.1373015,
            40.7100733
          ],
          [
            30.1364782,
            40.7100813
          ],
          [
            30.1315909,
            40.7100419
          ]
        ]
      },
      "id": "way/230051464"
    },
    {
      "type": "Feature",
      "properties": {
        "@id": "way/263321288",
        "electrified": "contact_line",
        "frequency": "50",
        "gauge": "1435",
        "maxspeed": "100",
        "name": "İstanbul - Ankara demiryolu",
        "name:en": "İstanbul - Ankara railway",
        "operator": "TCDD",
        "passenger_lines": "1",
        "railway": "rail",
        "railway:etcs": "yes",
        "source": "bing",
        "usage": "main",
        "voltage": "25000",
        "wikidata": "Q15103266",
        "wikipedia": "en:Istanbul–Ankara railway"
      },
      "geometry": {
        "type": "LineString",
        "coordinates": [
          [
            29.9110262,
            40.7611861
          ],
          [
            29.9115303,
            40.7613108
          ],
          [
            29.9120665,
            40.7614132
          ],
          [
            29.9130694,
            40.7616201
          ],
          [
            29.9133335,
            40.7616524
          ],
          [
            29.9136611,
            40.7616728
          ],
          [
            29.9139175,
            40.7616853
          ],
          [
            29.9142858,
            40.7616667
          ],
          [
            29.9146244,
            40.7616483
          ],
          [
            29.9150071,
            40.7616079
          ],
          [
            29.9198663,
            40.7611657
          ],
          [
            29.9208022,
            40.7610912
          ],
          [
            29.9217261,
            40.7610458
          ],
          [
            29.9226917,
            40.7610614
          ],
          [
            29.9268238,
            40.7611235
          ],
          [
            29.9272462,
            40.7611298
          ],
          [
            29.9287664,
            40.7611527
          ],
          [
            29.9302521,
            40.761175
          ],
          [
            29.9314748,
            40.7612083
          ],
          [
            29.9327991,
            40.7612656
          ],
          [
            29.9436626,
            40.7619373
          ],
          [
            29.9455119,
            40.7620466
          ],
          [
            29.9467592,
            40.7621335
          ],
          [
            29.9492463,
            40.7622733
          ],
          [
            29.9506907,
            40.7623583
          ],
          [
            29.9513936,
            40.7623929
          ],
          [
            29.9520118,
            40.762401
          ],
          [
            29.9526212,
            40.7623959
          ],
          [
            29.9530885,
            40.7623769
          ],
          [
            29.9535797,
            40.7623407
          ],
          [
            29.9541097,
            40.762279
          ],
          [
            29.9547071,
            40.7621875
          ],
          [
            29.955426,
            40.7620439
          ],
          [
            29.9561815,
            40.7618454
          ],
          [
            29.9566785,
            40.7616999
          ],
          [
            29.9574417,
            40.7614471
          ]
        ]
      },
      "id": "way/263321288"
    },
    {
      "type": "Feature",
      "properties": {
        "@id": "way/263321289",
        "electrified": "contact_line",
        "frequency": "50",
        "gauge": "1435",
        "maxspeed": "100",
        "name": "İstanbul - Ankara demiryolu",
        "name:en": "İstanbul - Ankara railway",
        "operator": "TCDD",
        "passenger_lines": "1",
        "railway": "rail",
        "railway:etcs": "yes",
        "source": "bing",
        "usage": "main",
        "voltage": "25000",
        "wikidata": "Q15103266",
        "wikipedia": "en:Istanbul–Ankara railway"
      },
      "geometry": {
        "type": "LineString",
        "coordinates": [
          [
            29.9110262,
            40.7611861
          ],
          [
            29.9120772,
            40.7613736
          ],
          [
            29.9130934,
            40.7615815
          ],
          [
            29.9133437,
            40.76161
          ],
          [
            29.9136741,
            40.7616316
          ],
          [
            29.9139255,
            40.7616397
          ],
          [
            29.9142882,
            40.761632
          ],
          [
            29.9146199,
            40.7616064
          ],
          [
            29.915003,
            40.761575
          ],
          [
            29.9198603,
            40.7611329
          ],
          [
            29.9207989,
            40.7610533
          ],
          [
            29.9217331,
            40.7610022
          ],
          [
            29.9226925,
            40.7610178
          ],
          [
            29.9276944,
            40.7610901
          ],
          [
            29.9281945,
            40.7610973
          ],
          [
            29.9302575,
            40.7611271
          ],
          [
            29.9314822,
            40.7611636
          ],
          [
            29.9327962,
            40.7612255
          ],
          [
            29.9436646,
            40.7619136
          ],
          [
            29.945516,
            40.7620167
          ],
          [
            29.9467701,
            40.7620967
          ],
          [
            29.9492444,
            40.7622424
          ],
          [
            29.9506974,
            40.7623264
          ],
          [
            29.9513919,
            40.762361
          ],
          [
            29.9520161,
            40.7623717
          ],
          [
            29.95261,
            40.7623656
          ],
          [
            29.9530827,
            40.7623456
          ],
          [
            29.9535775,
            40.762306
          ],
          [
            29.9540884,
            40.762247
          ],
          [
            29.9546848,
            40.7621518
          ],
          [
            29.9554,
            40.7620054
          ],
          [
            29.9561564,
            40.7618194
          ],
          [
            29.9566551,
            40.7616687
          ],
          [
            29.9574239,
            40.7614125
          ]
        ]
      },
      "id": "way/263321289"
    },
    {
      "type": "Feature",
      "properties": {
        "@id": "way/263558902",
        "electrified": "contact_line",
        "frequency": "50",
        "gauge": "1435",
        "maxspeed": "100",
        "name": "İstanbul - Ankara demiryolu",
        "name:en": "İstanbul - Ankara railway",
        "operator": "TCDD",
        "passenger_lines": "1",
        "railway": "rail",
        "railway:etcs": "yes",
        "source": "bing",
        "usage": "main",
        "voltage": "25000",
        "wikidata": "Q15103266",
        "wikipedia": "en:Istanbul–Ankara railway"
      },
      "geometry": {
        "type": "LineString",
        "coordinates": [
          [
            29.9576018,
            40.7613406
          ],
          [
            29.9582242,
            40.761077
          ],
          [
            29.9585959,
            40.7608949
          ],
          [
            29.9589482,
            40.7607121
          ]
        ]
      },
      "id": "way/263558902"
    },
    {
      "type": "Feature",
      "properties": {
        "@id": "way/263558903",
        "bridge": "yes",
        "electrified": "contact_line",
        "frequency": "50",
        "gauge": "1435",
        "layer": "1",
        "maxspeed": "100",
        "name": "İstanbul - Ankara demiryolu",
        "name:en": "İstanbul - Ankara railway",
        "operator": "TCDD",
        "passenger_lines": "1",
        "railway": "rail",
        "railway:etcs": "yes",
        "source": "bing",
        "usage": "main",
        "voltage": "25000",
        "wikidata": "Q15103266",
        "wikipedia": "en:Istanbul–Ankara railway"
      },
      "geometry": {
        "type": "LineString",
        "coordinates": [
          [
            29.9574239,
            40.7614125
          ],
          [
            29.9576018,
            40.7613406
          ]
        ]
      },
      "id": "way/263558903"
    },
    {
      "type": "Feature",
      "properties": {
        "@id": "way/263558955",
        "bridge": "yes",
        "electrified": "contact_line",
        "frequency": "50",
        "gauge": "1435",
        "layer": "1",
        "maxspeed": "100",
        "name": "İstanbul - Ankara demiryolu",
        "name:en": "İstanbul - Ankara railway",
        "operator": "TCDD",
        "passenger_lines": "1",
        "railway": "rail",
        "railway:etcs": "yes",
        "source": "bing",
        "usage": "main",
        "voltage": "25000",
        "wikidata": "Q15103266",
        "wikipedia": "en:Istanbul–Ankara railway"
      },
      "geometry": {
        "type": "LineString",
        "coordinates": [
          [
            29.9589482,
            40.7607121
          ],
          [
            29.9595129,
            40.7603899
          ]
        ]
      },
      "id": "way/263558955"
    },
    {
      "type": "Feature",
      "properties": {
        "@id": "way/263559261",
        "electrified": "contact_line",
        "frequency": "50",
        "gauge": "1435",
        "maxspeed": "100",
        "name": "İstanbul - Ankara demiryolu",
        "name:en": "İstanbul - Ankara railway",
        "operator": "TCDD",
        "passenger_lines": "1",
        "railway": "rail",
        "railway:etcs": "yes",
        "source": "bing",
        "usage": "main",
        "voltage": "25000",
        "wikidata": "Q15103266",
        "wikipedia": "en:Istanbul–Ankara railway"
      },
      "geometry": {
        "type": "LineString",
        "coordinates": [
          [
            30.0105266,
            40.749109
          ],
          [
            30.0089911,
            40.7490543
          ],
          [
            30.0074387,
            40.7489972
          ],
          [
            29.9978466,
            40.748536
          ],
          [
            29.9958443,
            40.748436
          ],
          [
            29.9950933,
            40.7484082
          ],
          [
            29.9896113,
            40.7481401
          ],
          [
            29.9886412,
            40.7481062
          ],
          [
            29.9880846,
            40.7480893
          ],
          [
            29.9868907,
            40.7481076
          ],
          [
            29.9858371,
            40.7481571
          ],
          [
            29.9850342,
            40.7482222
          ],
          [
            29.9842383,
            40.7483014
          ],
          [
            29.9833907,
            40.7484078
          ],
          [
            29.9823843,
            40.7485481
          ],
          [
            29.9811303,
            40.7488046
          ],
          [
            29.9799528,
            40.7490837
          ],
          [
            29.9791579,
            40.7492981
          ],
          [
            29.9781855,
            40.7496033
          ],
          [
            29.9773581,
            40.7498949
          ],
          [
            29.9766221,
            40.7501668
          ],
          [
            29.9759385,
            40.7504414
          ],
          [
            29.9751367,
            40.7507942
          ],
          [
            29.9744452,
            40.7511219
          ],
          [
            29.9735359,
            40.7515982
          ],
          [
            29.9724087,
            40.75224
          ],
          [
            29.964401,
            40.7573314
          ],
          [
            29.9628159,
            40.758349
          ],
          [
            29.9595659,
            40.7604111
          ]
        ]
      },
      "id": "way/263559261"
    },
    {
      "type": "Feature",
      "properties": {
        "@id": "way/263559637",
        "electrified": "contact_line",
        "frequency": "50",
        "gauge": "1435",
        "maxspeed": "100",
        "name": "İstanbul - Ankara demiryolu",
        "name:en": "İstanbul - Ankara railway",
        "operator": "TCDD",
        "passenger_lines": "1",
        "railway": "rail",
        "railway:etcs": "yes",
        "source": "bing",
        "usage": "main",
        "voltage": "25000",
        "wikidata": "Q15103266",
        "wikipedia": "en:Istanbul–Ankara railway"
      },
      "geometry": {
        "type": "LineString",
        "coordinates": [
          [
            29.9595129,
            40.7603899
          ],
          [
            29.9627826,
            40.7583205
          ],
          [
            29.9643885,
            40.7572887
          ],
          [
            29.9723757,
            40.7522081
          ],
          [
            29.9735047,
            40.7515653
          ],
          [
            29.9744149,
            40.7510885
          ],
          [
            29.9751098,
            40.7507592
          ],
          [
            29.9759129,
            40.7504058
          ],
          [
            29.9765927,
            40.7501333
          ],
          [
            29.9773302,
            40.7498586
          ],
          [
            29.9781578,
            40.7495578
          ],
          [
            29.9791464,
            40.7492599
          ],
          [
            29.9799347,
            40.7490449
          ],
          [
            29.9811148,
            40.7487628
          ],
          [
            29.982371,
            40.7485155
          ],
          [
            29.9833879,
            40.7483663
          ],
          [
            29.9842323,
            40.7482649
          ],
          [
            29.9850368,
            40.7481856
          ],
          [
            29.9858369,
            40.7481232
          ],
          [
            29.9868995,
            40.748068
          ],
          [
            29.9880833,
            40.7480574
          ],
          [
            29.9886432,
            40.748071
          ],
          [
            29.9896124,
            40.7481049
          ],
          [
            29.9951088,
            40.7483623
          ],
          [
            29.9958489,
            40.7483992
          ],
          [
            29.9978513,
            40.7484854
          ],
          [
            29.9994726,
            40.7485642
          ],
          [
            30.0014687,
            40.748629
          ],
          [
            30.0076888,
            40.7489054
          ],
          [
            30.0089915,
            40.7490098
          ],
          [
            30.0100948,
            40.7490438
          ],
          [
            30.0113862,
            40.7491096
          ],
          [
            30.0122074,
            40.7491541
          ]
        ]
      },
      "id": "way/263559637"
    },
    {
      "type": "Feature",
      "properties": {
        "@id": "way/263616854",
        "electrified": "contact_line",
        "frequency": "50",
        "gauge": "1435",
        "maxspeed": "160",
        "name": "İstanbul - Ankara demiryolu",
        "name:en": "İstanbul - Ankara railway",
        "operator": "TCDD",
        "passenger_lines": "1",
        "railway": "rail",
        "source": "bing",
        "usage": "main",
        "voltage": "25000",
        "wikidata": "Q15103266",
        "wikipedia": "en:Istanbul–Ankara railway"
      },
      "geometry": {
        "type": "LineString",
        "coordinates": [
          [
            30.027958,
            40.746071
          ],
          [
            30.0590486,
            40.7304046
          ],
          [
            30.0613591,
            40.729143
          ],
          [
            30.0628209,
            40.7281511
          ],
          [
            30.0642988,
            40.7271287
          ],
          [
            30.0658926,
            40.7259632
          ],
          [
            30.0673565,
            40.7247423
          ],
          [
            30.0679118,
            40.7242585
          ],
          [
            30.0685998,
            40.7235887
          ],
          [
            30.0696747,
            40.7224874
          ],
          [
            30.0712694,
            40.720605
          ],
          [
            30.0735483,
            40.717996
          ]
        ]
      },
      "id": "way/263616854"
    },
    {
      "type": "Feature",
      "properties": {
        "@id": "way/263777191",
        "electrified": "contact_line",
        "frequency": "50",
        "gauge": "1435",
        "maxspeed": "120",
        "name": "İstanbul - Ankara demiryolu",
        "operator": "TCDD",
        "railway": "rail",
        "railway:etcs": "yes",
        "usage": "main",
        "voltage": "25000"
      },
      "geometry": {
        "type": "LineString",
        "coordinates": [
          [
            30.3286401,
            40.6149762
          ],
          [
            30.3289066,
            40.6148112
          ],
          [
            30.329107,
            40.6146814
          ],
          [
            30.3292946,
            40.6145309
          ],
          [
            30.3294761,
            40.614351
          ],
          [
            30.3296638,
            40.6141007
          ],
          [
            30.3298245,
            40.613883
          ],
          [
            30.3299662,
            40.6136134
          ],
          [
            30.3300397,
            40.6134067
          ],
          [
            30.3301146,
            40.6131805
          ],
          [
            30.3301461,
            40.6129242
          ],
          [
            30.3304818,
            40.6085372
          ],
          [
            30.3304628,
            40.6083145
          ],
          [
            30.3304045,
            40.6080496
          ],
          [
            30.330346,
            40.607811
          ],
          [
            30.3291991,
            40.6045775
          ],
          [
            30.3290487,
            40.6041201
          ],
          [
            30.3289416,
            40.6037528
          ],
          [
            30.3286813,
            40.6022761
          ],
          [
            30.3286026,
            40.6018469
          ],
          [
            30.3284654,
            40.601584
          ],
          [
            30.328233,
            40.6012431
          ],
          [
            30.3277092,
            40.6006815
          ],
          [
            30.326197,
            40.5993284
          ],
          [
            30.3256643,
            40.598778
          ],
          [
            30.3254602,
            40.5985124
          ],
          [
            30.3252375,
            40.5981935
          ],
          [
            30.3249343,
            40.597725
          ],
          [
            30.3247383,
            40.5972678
          ],
          [
            30.3245346,
            40.5964542
          ],
          [
            30.3244978,
            40.5961004
          ],
          [
            30.3244916,
            40.5957989
          ],
          [
            30.3246636,
            40.5937664
          ],
          [
            30.324636,
            40.5934838
          ],
          [
            30.3244144,
            40.5925226
          ],
          [
            30.3243641,
            40.5922792
          ],
          [
            30.3243433,
            40.5919382
          ],
          [
            30.3243611,
            40.5916687
          ],
          [
            30.3244133,
            40.5913886
          ],
          [
            30.3245488,
            40.5910321
          ],
          [
            30.3246902,
            40.5907583
          ],
          [
            30.3248856,
            40.5904709
          ],
          [
            30.3251387,
            40.5901985
          ],
          [
            30.3253933,
            40.5899747
          ],
          [
            30.3256759,
            40.5897842
          ],
          [
            30.3259809,
            40.589614
          ],
          [
            30.3265304,
            40.5894007
          ],
          [
            30.3271247,
            40.5892363
          ],
          [
            30.3275736,
            40.5891395
          ],
          [
            30.3281166,
            40.589001
          ],
          [
            30.3285435,
            40.5888641
          ],
          [
            30.3290053,
            40.588668
          ],
          [
            30.3294533,
            40.5884255
          ],
          [
            30.3297409,
            40.5882321
          ],
          [
            30.3309993,
            40.5870844
          ]
        ]
      },
      "id": "way/263777191"
    },
    {
      "type": "Feature",
      "properties": {
        "@id": "way/263777192",
        "bridge": "yes",
        "electrified": "contact_line",
        "frequency": "50",
        "gauge": "1435",
        "layer": "1",
        "maxspeed": "120",
        "operator": "TCDD",
        "railway": "rail",
        "railway:etcs": "yes",
        "source": "Bing",
        "usage": "main",
        "voltage": "25000"
      },
      "geometry": {
        "type": "LineString",
        "coordinates": [
          [
            30.3285646,
            40.6150229
          ],
          [
            30.3286401,
            40.6149762
          ]
        ]
      },
      "id": "way/263777192"
    },
    {
      "type": "Feature",
      "properties": {
        "@id": "way/263821818",
        "electrified": "contact_line",
        "frequency": "50",
        "gauge": "1435",
        "maxspeed": "160",
        "name": "İstanbul - Ankara demiryolu",
        "name:en": "İstanbul - Ankara railway",
        "operator": "TCDD",
        "passenger_lines": "1",
        "railway": "rail",
        "source": "bing",
        "usage": "main",
        "voltage": "25000",
        "wikidata": "Q15103266",
        "wikipedia": "en:Istanbul–Ankara railway"
      },
      "geometry": {
        "type": "LineString",
        "coordinates": [
          [
            30.1980752,
            40.702834
          ],
          [
            30.2018156,
            40.702573
          ],
          [
            30.2190522,
            40.7014127
          ]
        ]
      },
      "id": "way/263821818"
    },
    {
      "type": "Feature",
      "properties": {
        "@id": "way/263823475",
        "electrified": "contact_line",
        "frequency": "50",
        "gauge": "1435",
        "maxspeed": "100",
        "name": "İstanbul - Ankara demiryolu",
        "name:en": "İstanbul - Ankara railway",
        "operator": "TCDD",
        "passenger_lines": "1",
        "railway": "rail",
        "railway:etcs": "1",
        "source": "bing",
        "usage": "main",
        "voltage": "25000",
        "wikidata": "Q15103266",
        "wikipedia": "en:Istanbul–Ankara railway"
      },
      "geometry": {
        "type": "LineString",
        "coordinates": [
          [
            30.2664367,
            40.694713
          ],
          [
            30.2624534,
            40.6956263
          ]
        ]
      },
      "id": "way/263823475"
    },
    {
      "type": "Feature",
      "properties": {
        "@id": "way/263823476",
        "bridge": "yes",
        "electrified": "contact_line",
        "frequency": "50",
        "gauge": "1435",
        "layer": "1",
        "maxspeed": "100",
        "name": "İstanbul - Ankara demiryolu",
        "name:en": "İstanbul - Ankara railway",
        "operator": "TCDD",
        "passenger_lines": "1",
        "railway": "rail",
        "railway:etcs": "1",
        "source": "bing",
        "usage": "main",
        "voltage": "25000",
        "wikidata": "Q15103266",
        "wikipedia": "en:Istanbul–Ankara railway"
      },
      "geometry": {
        "type": "LineString",
        "coordinates": [
          [
            30.2624534,
            40.6956263
          ],
          [
            30.2623633,
            40.6956485
          ],
          [
            30.2623284,
            40.6956571
          ]
        ]
      },
      "id": "way/263823476"
    },
    {
      "type": "Feature",
      "properties": {
        "@id": "way/263837336",
        "bridge": "yes",
        "electrified": "contact_line",
        "frequency": "50",
        "gauge": "1435",
        "layer": "1",
        "maxspeed": "100",
        "name": "İstanbul - Ankara demiryolu",
        "name:en": "İstanbul - Ankara railway",
        "operator": "TCDD",
        "passenger_lines": "1",
        "railway": "rail",
        "railway:etcs": "1",
        "source": "bing",
        "usage": "main",
        "voltage": "25000",
        "wikidata": "Q15103266",
        "wikipedia": "en:Istanbul–Ankara railway"
      },
      "geometry": {
        "type": "LineString",
        "coordinates": [
          [
            30.2623171,
            40.6956307
          ],
          [
            30.2624421,
            40.6955999
          ]
        ]
      },
      "id": "way/263837336"
    },
    {
      "type": "Feature",
      "properties": {
        "@id": "way/263837337",
        "bridge": "yes",
        "electrified": "contact_line",
        "frequency": "50",
        "gauge": "1435",
        "layer": "1",
        "maxspeed": "100",
        "name": "İstanbul - Ankara demiryolu",
        "name:en": "İstanbul - Ankara railway",
        "operator": "TCDD",
        "passenger_lines": "1",
        "railway": "rail",
        "railway:etcs": "1",
        "source": "bing",
        "usage": "main",
        "voltage": "25000",
        "wikidata": "Q15103266",
        "wikipedia": "en:Istanbul–Ankara railway"
      },
      "geometry": {
        "type": "LineString",
        "coordinates": [
          [
            30.2616517,
            40.6957889
          ],
          [
            30.2617998,
            40.6957551
          ]
        ]
      },
      "id": "way/263837337"
    },
    {
      "type": "Feature",
      "properties": {
        "@id": "way/263837338",
        "electrified": "contact_line",
        "frequency": "50",
        "gauge": "1435",
        "maxspeed": "100",
        "name": "İstanbul - Ankara demiryolu",
        "name:en": "İstanbul - Ankara railway",
        "operator": "TCDD",
        "passenger_lines": "1",
        "railway": "rail",
        "railway:etcs": "1",
        "source": "bing",
        "usage": "main",
        "voltage": "25000",
        "wikidata": "Q15103266",
        "wikipedia": "en:Istanbul–Ankara railway"
      },
      "geometry": {
        "type": "LineString",
        "coordinates": [
          [
            30.2617998,
            40.6957551
          ],
          [
            30.2623171,
            40.6956307
          ]
        ]
      },
      "id": "way/263837338"
    },
    {
      "type": "Feature",
      "properties": {
        "@id": "way/263838094",
        "bridge": "yes",
        "electrified": "contact_line",
        "frequency": "50",
        "gauge": "1435",
        "maxspeed": "100",
        "name": "İstanbul - Ankara demiryolu",
        "name:en": "İstanbul - Ankara railway",
        "operator": "TCDD",
        "passenger_lines": "1",
        "railway": "rail",
        "railway:etcs": "1",
        "source": "bing",
        "usage": "main",
        "voltage": "25000",
        "wikidata": "Q15103266",
        "wikipedia": "en:Istanbul–Ankara railway"
      },
      "geometry": {
        "type": "LineString",
        "coordinates": [
          [
            30.2664221,
            40.6946805
          ],
          [
            30.266517,
            40.6946606
          ]
        ]
      },
      "id": "way/263838094"
    },
    {
      "type": "Feature",
      "properties": {
        "@id": "way/263838095",
        "electrified": "contact_line",
        "frequency": "50",
        "gauge": "1435",
        "maxspeed": "100",
        "name": "İstanbul - Ankara demiryolu",
        "name:en": "İstanbul - Ankara railway",
        "operator": "TCDD",
        "passenger_lines": "1",
        "railway": "rail",
        "railway:etcs": "1",
        "source": "bing",
        "usage": "main",
        "voltage": "25000",
        "wikidata": "Q15103266",
        "wikipedia": "en:Istanbul–Ankara railway"
      },
      "geometry": {
        "type": "LineString",
        "coordinates": [
          [
            30.2624421,
            40.6955999
          ],
          [
            30.2664221,
            40.6946805
          ]
        ]
      },
      "id": "way/263838095"
    },
    {
      "type": "Feature",
      "properties": {
        "@id": "way/263838202",
        "electrified": "contact_line",
        "frequency": "50",
        "gauge": "1435",
        "maxspeed": "100",
        "name": "İstanbul - Ankara demiryolu",
        "name:en": "İstanbul - Ankara railway",
        "operator": "TCDD",
        "passenger_lines": "1",
        "railway": "rail",
        "railway:etcs": "1",
        "source": "bing",
        "usage": "main",
        "voltage": "25000",
        "wikidata": "Q15103266",
        "wikipedia": "en:Istanbul–Ankara railway"
      },
      "geometry": {
        "type": "LineString",
        "coordinates": [
          [
            30.266517,
            40.6946606
          ],
          [
            30.2681482,
            40.6942655
          ],
          [
            30.2734356,
            40.693037
          ],
          [
            30.2763372,
            40.692363
          ],
          [
            30.2767151,
            40.6922861
          ],
          [
            30.277263,
            40.6921991
          ],
          [
            30.2777056,
            40.6921723
          ],
          [
            30.2781448,
            40.6921525
          ],
          [
            30.2785876,
            40.6921631
          ],
          [
            30.2790246,
            40.6921932
          ],
          [
            30.2794448,
            40.6922457
          ],
          [
            30.279871,
            40.6923114
          ],
          [
            30.2813453,
            40.6925683
          ],
          [
            30.2822751,
            40.6927572
          ],
          [
            30.2828273,
            40.6928906
          ],
          [
            30.2832597,
            40.6930188
          ],
          [
            30.2837001,
            40.6931796
          ],
          [
            30.28407,
            40.693345
          ],
          [
            30.2842772,
            40.6934431
          ],
          [
            30.2845567,
            40.6936005
          ],
          [
            30.2849897,
            40.6938647
          ],
          [
            30.2856412,
            40.6943339
          ],
          [
            30.2858334,
            40.6945097
          ],
          [
            30.2873238,
            40.6959211
          ],
          [
            30.2877355,
            40.6962577
          ],
          [
            30.2880578,
            40.6964875
          ],
          [
            30.2884425,
            40.6967401
          ],
          [
            30.2887558,
            40.6969089
          ],
          [
            30.2892351,
            40.6971471
          ],
          [
            30.2896911,
            40.6973329
          ],
          [
            30.2901425,
            40.6974846
          ],
          [
            30.2904747,
            40.6975673
          ],
          [
            30.290823,
            40.6976444
          ],
          [
            30.2911655,
            40.6977085
          ],
          [
            30.2915016,
            40.6977495
          ],
          [
            30.2918859,
            40.6978004
          ],
          [
            30.2923497,
            40.6978357
          ],
          [
            30.2930738,
            40.6978466
          ],
          [
            30.2956638,
            40.6978089
          ],
          [
            30.2970437,
            40.6978321
          ],
          [
            30.2976185,
            40.6978583
          ],
          [
            30.2984363,
            40.6979226
          ],
          [
            30.2991384,
            40.6980047
          ],
          [
            30.3001372,
            40.6981489
          ],
          [
            30.3009004,
            40.6983007
          ],
          [
            30.3017822,
            40.6984955
          ],
          [
            30.3026188,
            40.6987308
          ],
          [
            30.3032312,
            40.698918
          ],
          [
            30.3037939,
            40.6991098
          ],
          [
            30.3048352,
            40.6994737
          ],
          [
            30.3056215,
            40.6997737
          ],
          [
            30.3060362,
            40.6999512
          ],
          [
            30.3065509,
            40.7002019
          ],
          [
            30.3069382,
            40.7003947
          ],
          [
            30.3077986,
            40.7009165
          ],
          [
            30.3082379,
            40.7012304
          ],
          [
            30.3085922,
            40.7015065
          ],
          [
            30.3091088,
            40.7019419
          ],
          [
            30.3102766,
            40.7030331
          ]
        ]
      },
      "id": "way/263838202"
    },
    {
      "type": "Feature",
      "properties": {
        "@id": "way/263863411",
        "electrified": "contact_line",
        "frequency": "50",
        "gauge": "1435",
        "maxspeed": "120",
        "operator": "TCDD",
        "railway": "rail",
        "railway:etcs": "1",
        "usage": "main",
        "voltage": "25000"
      },
      "geometry": {
        "type": "LineString",
        "coordinates": [
          [
            30.3103737,
            40.7031202
          ],
          [
            30.3105437,
            40.7032652
          ],
          [
            30.3107328,
            40.7034039
          ]
        ]
      },
      "id": "way/263863411"
    },
    {
      "type": "Feature",
      "properties": {
        "@id": "way/263863412",
        "bridge": "yes",
        "electrified": "contact_line",
        "frequency": "50",
        "gauge": "1435",
        "layer": "1",
        "maxspeed": "120",
        "operator": "TCDD",
        "railway": "rail",
        "railway:etcs": "1",
        "source": "Bing",
        "usage": "main",
        "voltage": "25000"
      },
      "geometry": {
        "type": "LineString",
        "coordinates": [
          [
            30.3102766,
            40.7030331
          ],
          [
            30.3103096,
            40.7030627
          ],
          [
            30.3103737,
            40.7031202
          ]
        ]
      },
      "id": "way/263863412"
    },
    {
      "type": "Feature",
      "properties": {
        "@id": "way/263865496",
        "electrified": "contact_line",
        "frequency": "50",
        "gauge": "1435",
        "layer": "-1",
        "maxspeed": "120",
        "name": "İstanbul - Ankara demiryolu",
        "operator": "TCDD",
        "railway": "rail",
        "railway:etcs": "1",
        "source": "Bing",
        "tunnel": "yes",
        "usage": "main",
        "voltage": "25000"
      },
      "geometry": {
        "type": "LineString",
        "coordinates": [
          [
            30.3107328,
            40.7034039
          ],
          [
            30.3111312,
            40.7036851
          ],
          [
            30.3116973,
            40.703979
          ],
          [
            30.3123798,
            40.7043313
          ],
          [
            30.3128895,
            40.704559
          ],
          [
            30.3136521,
            40.7048069
          ]
        ]
      },
      "id": "way/263865496"
    },
    {
      "type": "Feature",
      "properties": {
        "@id": "way/263865497",
        "electrified": "contact_line",
        "frequency": "50",
        "gauge": "1435",
        "maxspeed": "120",
        "name": "İstanbul - Ankara demiryolu",
        "operator": "TCDD",
        "railway": "rail",
        "railway:etcs": "1",
        "usage": "main",
        "voltage": "25000"
      },
      "geometry": {
        "type": "LineString",
        "coordinates": [
          [
            30.3136521,
            40.7048069
          ],
          [
            30.314205,
            40.7049794
          ],
          [
            30.3145887,
            40.7051049
          ],
          [
            30.3152476,
            40.7053053
          ],
          [
            30.315694,
            40.7054642
          ],
          [
            30.3160287,
            40.7056105
          ],
          [
            30.3162999,
            40.7057423
          ],
          [
            30.3166071,
            40.7059171
          ],
          [
            30.317015,
            40.7061614
          ],
          [
            30.3172933,
            40.706357
          ],
          [
            30.3176795,
            40.7066391
          ],
          [
            30.3178513,
            40.7068021
          ],
          [
            30.318185,
            40.7071249
          ],
          [
            30.3186155,
            40.7075755
          ],
          [
            30.3192259,
            40.7083232
          ],
          [
            30.3195612,
            40.7086771
          ],
          [
            30.3199197,
            40.7090315
          ],
          [
            30.3202927,
            40.7093298
          ],
          [
            30.3207437,
            40.7096464
          ],
          [
            30.3210523,
            40.7098271
          ],
          [
            30.3237879,
            40.7112653
          ],
          [
            30.3246771,
            40.7116788
          ],
          [
            30.3252038,
            40.7118948
          ],
          [
            30.3256959,
            40.7120633
          ],
          [
            30.3264301,
            40.7122733
          ],
          [
            30.3271523,
            40.712447
          ],
          [
            30.3277202,
            40.7125485
          ],
          [
            30.3283138,
            40.7126443
          ],
          [
            30.3288597,
            40.7127094
          ],
          [
            30.3293852,
            40.7127525
          ],
          [
            30.3306859,
            40.7128032
          ],
          [
            30.3450576,
            40.7129402
          ],
          [
            30.3465761,
            40.7129599
          ],
          [
            30.3470168,
            40.7129672
          ],
          [
            30.3561521,
            40.713075
          ],
          [
            30.3592412,
            40.7131114
          ],
          [
            30.3599936,
            40.7131213
          ],
          [
            30.3608485,
            40.7131326
          ],
          [
            30.361273,
            40.7131355
          ]
        ]
      },
      "id": "way/263865497"
    },
    {
      "type": "Feature",
      "properties": {
        "@id": "way/263866533",
        "electrified": "contact_line",
        "frequency": "50",
        "gauge": "1435",
        "operator": "TCDD",
        "railway": "rail",
        "source": "bing",
        "usage": "main",
        "voltage": "25000"
      },
      "geometry": {
        "type": "LineString",
        "coordinates": [
          [
            30.3489313,
            40.7130357
          ],
          [
            30.3492602,
            40.7130753
          ],
          [
            30.3507458,
            40.7130996
          ],
          [
            30.35185,
            40.7131883
          ]
        ]
      },
      "id": "way/263866533"
    },
    {
      "type": "Feature",
      "properties": {
        "@id": "way/264094844",
        "electrified": "contact_line",
        "frequency": "50",
        "gauge": "1435",
        "maxspeed": "85",
        "name": "Arifiye - Adapazarı şube demiryolu",
        "operator": "TCDD",
        "railway": "rail",
        "source": "bing",
        "usage": "branch",
        "voltage": "25000"
      },
      "geometry": {
        "type": "LineString",
        "coordinates": [
          [
            30.3949986,
            40.7734298
          ],
          [
            30.3948381,
            40.7733869
          ],
          [
            30.3947752,
            40.7733701
          ],
          [
            30.3945546,
            40.7733097
          ],
          [
            30.3941368,
            40.7731816
          ],
          [
            30.3936938,
            40.7730107
          ],
          [
            30.3928649,
            40.7726054
          ],
          [
            30.3925254,
            40.7724025
          ],
          [
            30.3921851,
            40.7721704
          ],
          [
            30.3915984,
            40.7716841
          ],
          [
            30.3910138,
            40.7710662
          ],
          [
            30.389914,
            40.769835
          ],
          [
            30.3898466,
            40.7697617
          ],
          [
            30.3875386,
            40.7671437
          ],
          [
            30.3874547,
            40.7670511
          ],
          [
            30.386967,
            40.7664807
          ],
          [
            30.3869172,
            40.7664237
          ],
          [
            30.383008,
            40.7620948
          ],
          [
            30.3829097,
            40.7619879
          ]
        ]
      },
      "id": "way/264094844"
    },
    {
      "type": "Feature",
      "properties": {
        "@id": "way/264138420",
        "electrified": "contact_line",
        "frequency": "50",
        "gauge": "1435",
        "maxspeed": "120",
        "name": "İstanbul - Ankara demiryolu",
        "operator": "TCDD",
        "railway": "rail",
        "railway:etcs": "yes",
        "usage": "main",
        "voltage": "25000"
      },
      "geometry": {
        "type": "LineString",
        "coordinates": [
          [
            30.331159,
            40.5869239
          ],
          [
            30.3324167,
            40.5856357
          ],
          [
            30.3327678,
            40.5851044
          ],
          [
            30.33326,
            40.5840864
          ]
        ]
      },
      "id": "way/264138420"
    },
    {
      "type": "Feature",
      "properties": {
        "@id": "way/264138421",
        "bridge": "yes",
        "electrified": "contact_line",
        "frequency": "50",
        "gauge": "1435",
        "layer": "1",
        "maxspeed": "120",
        "operator": "TCDD",
        "railway": "rail",
        "railway:etcs": "yes",
        "source": "Bing",
        "usage": "main",
        "voltage": "25000"
      },
      "geometry": {
        "type": "LineString",
        "coordinates": [
          [
            30.3309993,
            40.5870844
          ],
          [
            30.331159,
            40.5869239
          ]
        ]
      },
      "id": "way/264138421"
    },
    {
      "type": "Feature",
      "properties": {
        "@id": "way/264153374",
        "electrified": "contact_line",
        "frequency": "50",
        "gauge": "1435",
        "maxspeed": "120",
        "name": "İstanbul - Ankara demiryolu",
        "operator": "TCDD",
        "railway": "rail",
        "railway:etcs": "yes",
        "usage": "main",
        "voltage": "25000"
      },
      "geometry": {
        "type": "LineString",
        "coordinates": [
          [
            30.3368345,
            40.5789606
          ],
          [
            30.3381109,
            40.577838
          ],
          [
            30.3383562,
            40.5776287
          ],
          [
            30.3385542,
            40.5773842
          ],
          [
            30.3387309,
            40.5770984
          ],
          [
            30.3388291,
            40.5768261
          ],
          [
            30.3389008,
            40.576499
          ],
          [
            30.3388981,
            40.5762615
          ],
          [
            30.3388625,
            40.5759489
          ],
          [
            30.3388091,
            40.5756851
          ],
          [
            30.3387114,
            40.5753973
          ],
          [
            30.3385439,
            40.5750727
          ],
          [
            30.3382794,
            40.5747242
          ],
          [
            30.338023,
            40.5744906
          ],
          [
            30.3325659,
            40.5699647
          ],
          [
            30.3322163,
            40.5696771
          ],
          [
            30.332039,
            40.5695172
          ],
          [
            30.3318592,
            40.5693362
          ],
          [
            30.3316229,
            40.5690185
          ],
          [
            30.331465,
            40.5686479
          ],
          [
            30.3313727,
            40.5683885
          ],
          [
            30.3306254,
            40.5658281
          ],
          [
            30.3304425,
            40.5654178
          ],
          [
            30.3302884,
            40.5650906
          ],
          [
            30.3300852,
            40.5647459
          ],
          [
            30.3293457,
            40.5635958
          ],
          [
            30.3286901,
            40.562772
          ],
          [
            30.3284293,
            40.5624947
          ],
          [
            30.3280326,
            40.5621413
          ],
          [
            30.3276314,
            40.5618186
          ],
          [
            30.3269344,
            40.5612844
          ],
          [
            30.3264579,
            40.5609155
          ],
          [
            30.3260172,
            40.5605495
          ],
          [
            30.3257096,
            40.5602593
          ],
          [
            30.3254628,
            40.5599964
          ],
          [
            30.3251649,
            40.559647
          ],
          [
            30.3248793,
            40.5592776
          ],
          [
            30.3243504,
            40.5585682
          ],
          [
            30.323929,
            40.558087
          ],
          [
            30.3236013,
            40.5577298
          ],
          [
            30.3189733,
            40.5532754
          ],
          [
            30.3185097,
            40.552862
          ],
          [
            30.3183059,
            40.5527153
          ],
          [
            30.3179004,
            40.5524775
          ],
          [
            30.3175864,
            40.5523283
          ],
          [
            30.3171415,
            40.5521698
          ],
          [
            30.3167612,
            40.5520641
          ],
          [
            30.3164199,
            40.5519928
          ],
          [
            30.3159894,
            40.5519359
          ],
          [
            30.3155694,
            40.5519168
          ]
        ]
      },
      "id": "way/264153374"
    },
    {
      "type": "Feature",
      "properties": {
        "@id": "way/264153376",
        "bridge": "yes",
        "electrified": "contact_line",
        "frequency": "50",
        "gauge": "1435",
        "layer": "1",
        "maxspeed": "120",
        "operator": "TCDD",
        "railway": "rail",
        "railway:etcs": "yes",
        "source": "Bing",
        "usage": "main",
        "voltage": "25000"
      },
      "geometry": {
        "type": "LineString",
        "coordinates": [
          [
            30.3366626,
            40.5791465
          ],
          [
            30.3368345,
            40.5789606
          ]
        ]
      },
      "id": "way/264153376"
    },
    {
      "type": "Feature",
      "properties": {
        "@id": "way/264214357",
        "electrified": "contact_line",
        "frequency": "50",
        "gauge": "1435",
        "maxspeed": "120",
        "name": "İstanbul - Ankara demiryolu",
        "operator": "TCDD",
        "railway": "rail",
        "railway:etcs": "yes",
        "source": "Bing;GPS, Bing",
        "usage": "main",
        "voltage": "25000"
      },
      "geometry": {
        "type": "LineString",
        "coordinates": [
          [
            30.2805747,
            40.5243771
          ],
          [
            30.2834334,
            40.527322
          ],
          [
            30.2837379,
            40.5276316
          ],
          [
            30.2848553,
            40.5287676
          ],
          [
            30.2852709,
            40.5291127
          ],
          [
            30.2854743,
            40.5292454
          ],
          [
            30.2858996,
            40.5294859
          ],
          [
            30.2862353,
            40.5296411
          ],
          [
            30.2866657,
            40.5297799
          ],
          [
            30.2871871,
            40.5298964
          ],
          [
            30.2876519,
            40.5299883
          ],
          [
            30.289476,
            40.5302862
          ],
          [
            30.2899102,
            40.5303783
          ],
          [
            30.2904143,
            40.530509
          ],
          [
            30.2907105,
            40.5306153
          ],
          [
            30.2910111,
            40.5307672
          ],
          [
            30.2912172,
            40.5308871
          ],
          [
            30.2915297,
            40.5311082
          ],
          [
            30.2917242,
            40.5312942
          ],
          [
            30.2919698,
            40.5315689
          ],
          [
            30.2920948,
            40.5317495
          ],
          [
            30.2922234,
            40.5319405
          ],
          [
            30.2923297,
            40.5321738
          ],
          [
            30.2924414,
            40.5324561
          ],
          [
            30.2924999,
            40.5326358
          ],
          [
            30.2926155,
            40.5329849
          ],
          [
            30.2939862,
            40.5372991
          ],
          [
            30.2940854,
            40.5374903
          ],
          [
            30.2941411,
            40.5375977
          ],
          [
            30.2942758,
            40.5378169
          ],
          [
            30.294569,
            40.5381508
          ],
          [
            30.2949415,
            40.5385195
          ],
          [
            30.2950138,
            40.5385971
          ]
        ]
      },
      "id": "way/264214357"
    },
    {
      "type": "Feature",
      "properties": {
        "@id": "way/264215507",
        "electrified": "contact_line",
        "frequency": "50",
        "gauge": "1435",
        "maxspeed": "120",
        "name": "İstanbul - Ankara demiryolu",
        "operator": "TCDD",
        "railway": "rail",
        "railway:etcs": "yes",
        "source": "Bing;GPS, Bing",
        "usage": "main",
        "voltage": "25000"
      },
      "geometry": {
        "type": "LineString",
        "coordinates": [
          [
            30.2806123,
            40.5243569
          ],
          [
            30.2830531,
            40.5268477
          ],
          [
            30.2841627,
            40.5279834
          ],
          [
            30.2849009,
            40.5287389
          ],
          [
            30.2853121,
            40.5290804
          ],
          [
            30.2855112,
            40.5292103
          ],
          [
            30.2859327,
            40.5294486
          ],
          [
            30.2862623,
            40.529601
          ],
          [
            30.2866856,
            40.5297375
          ],
          [
            30.2872029,
            40.5298531
          ],
          [
            30.2876656,
            40.5299446
          ],
          [
            30.2894902,
            40.5302426
          ],
          [
            30.2899277,
            40.5303354
          ],
          [
            30.2904365,
            40.5304673
          ],
          [
            30.2907396,
            40.5305761
          ],
          [
            30.2910455,
            40.5307306
          ],
          [
            30.2912554,
            40.5308527
          ],
          [
            30.2915732,
            40.5310776
          ],
          [
            30.2917718,
            40.5312676
          ],
          [
            30.2920206,
            40.5315457
          ],
          [
            30.2921473,
            40.5317288
          ],
          [
            30.2922779,
            40.5319228
          ],
          [
            30.2923859,
            40.53216
          ],
          [
            30.2924984,
            40.5324443
          ],
          [
            30.2925572,
            40.5326249
          ],
          [
            30.2928031,
            40.5333814
          ],
          [
            30.2940391,
            40.5372854
          ],
          [
            30.294124,
            40.5374494
          ],
          [
            30.2941909,
            40.5375788
          ],
          [
            30.2943221,
            40.5377971
          ],
          [
            30.2946027,
            40.5381222
          ],
          [
            30.2950486,
            40.5385776
          ]
        ]
      },
      "id": "way/264215507"
    },
    {
      "type": "Feature",
      "properties": {
        "@id": "way/264374085",
        "bridge": "yes",
        "electrified": "contact_line",
        "frequency": "50",
        "gauge": "1435",
        "highspeed": "yes",
        "layer": "1",
        "maxspeed": "250",
        "name": "Ankara - İstanbul yüksek hızlı demiryolu",
        "name:en": "Ankara - İstanbul high-speed railway",
        "operator": "TCDD",
        "passenger_lines": "1",
        "railway": "rail",
        "railway:etcs": "1",
        "usage": "main",
        "voltage": "25000",
        "wikidata": "Q513146",
        "wikipedia": "en:Ankara–Istanbul high-speed railway"
      },
      "geometry": {
        "type": "LineString",
        "coordinates": [
          [
            30.2967379,
            40.5307519
          ],
          [
            30.2962241,
            40.5303417
          ],
          [
            30.2956621,
            40.5299157
          ],
          [
            30.2943397,
            40.5289565
          ],
          [
            30.2935499,
            40.5284234
          ],
          [
            30.29277,
            40.5279077
          ],
          [
            30.2912826,
            40.526985
          ],
          [
            30.2905847,
            40.5265732
          ],
          [
            30.2897934,
            40.5261227
          ],
          [
            30.2883568,
            40.5253434
          ],
          [
            30.2874881,
            40.5248943
          ],
          [
            30.2864985,
            40.5244087
          ],
          [
            30.2860317,
            40.5241848
          ],
          [
            30.2855328,
            40.5239564
          ],
          [
            30.2844585,
            40.523471
          ],
          [
            30.2836239,
            40.5231124
          ],
          [
            30.2824258,
            40.5226243
          ],
          [
            30.2816478,
            40.5223221
          ]
        ]
      },
      "id": "way/264374085"
    },
    {
      "type": "Feature",
      "properties": {
        "@id": "way/264374901",
        "electrified": "contact_line",
        "embankment": "yes",
        "frequency": "50",
        "gauge": "1435",
        "highspeed": "yes",
        "maxspeed": "250",
        "name": "Ankara - İstanbul yüksek hızlı demiryolu",
        "name:en": "Ankara - İstanbul high-speed railway",
        "operator": "TCDD",
        "passenger_lines": "1",
        "railway": "rail",
        "railway:etcs": "1",
        "usage": "main",
        "voltage": "25000",
        "wikidata": "Q513146",
        "wikipedia": "en:Ankara–Istanbul high-speed railway"
      },
      "geometry": {
        "type": "LineString",
        "coordinates": [
          [
            30.2305234,
            40.5047978
          ],
          [
            30.2299473,
            40.5045837
          ],
          [
            30.2288956,
            40.5042263
          ],
          [
            30.227939,
            40.5039208
          ],
          [
            30.2269682,
            40.5036232
          ],
          [
            30.2256194,
            40.5032649
          ]
        ]
      },
      "id": "way/264374901"
    },
    {
      "type": "Feature",
      "properties": {
        "@id": "way/264386160",
        "electrified": "contact_line",
        "frequency": "50",
        "gauge": "1435",
        "maxspeed": "120",
        "name": "İstanbul - Ankara demiryolu",
        "operator": "TCDD",
        "railway": "rail",
        "railway:etcs": "yes",
        "source": "GPS, Bing",
        "usage": "main",
        "voltage": "25000"
      },
      "geometry": {
        "type": "LineString",
        "coordinates": [
          [
            30.2104967,
            40.5035299
          ],
          [
            30.2167857,
            40.5030261
          ],
          [
            30.2173879,
            40.502988
          ],
          [
            30.2179149,
            40.5029716
          ],
          [
            30.2182806,
            40.5029716
          ],
          [
            30.2187302,
            40.5029824
          ],
          [
            30.2193079,
            40.5030197
          ],
          [
            30.2199207,
            40.5030864
          ],
          [
            30.2205078,
            40.5031681
          ],
          [
            30.2302545,
            40.5050414
          ],
          [
            30.2307723,
            40.5051693
          ],
          [
            30.2312529,
            40.5053012
          ],
          [
            30.2316094,
            40.5054209
          ],
          [
            30.2320364,
            40.5055629
          ],
          [
            30.2324117,
            40.5057108
          ],
          [
            30.2327622,
            40.5058598
          ],
          [
            30.2331278,
            40.5060275
          ],
          [
            30.2335125,
            40.5062243
          ],
          [
            30.2454589,
            40.512878
          ],
          [
            30.2461305,
            40.5132416
          ],
          [
            30.2467646,
            40.5135425
          ],
          [
            30.2475565,
            40.5138713
          ],
          [
            30.2483613,
            40.5141509
          ],
          [
            30.2500942,
            40.5146994
          ],
          [
            30.2620281,
            40.5185005
          ],
          [
            30.262672,
            40.5186726
          ],
          [
            30.2635637,
            40.5188965
          ],
          [
            30.2640938,
            40.5190256
          ],
          [
            30.2647753,
            40.5191517
          ],
          [
            30.265548,
            40.5192572
          ],
          [
            30.2733583,
            40.5200467
          ],
          [
            30.2736094,
            40.5200793
          ],
          [
            30.273941,
            40.5201475
          ],
          [
            30.2743947,
            40.5202424
          ],
          [
            30.2749865,
            40.5203892
          ],
          [
            30.2760985,
            40.5207071
          ],
          [
            30.2765729,
            40.5208703
          ],
          [
            30.2769511,
            40.5210214
          ],
          [
            30.2773035,
            40.5212134
          ],
          [
            30.2776436,
            40.5214442
          ],
          [
            30.2778932,
            40.5216539
          ],
          [
            30.2782134,
            40.5219402
          ],
          [
            30.2785843,
            40.5223303
          ],
          [
            30.2804907,
            40.5242903
          ]
        ]
      },
      "id": "way/264386160"
    },
    {
      "type": "Feature",
      "properties": {
        "@id": "way/264533197",
        "bridge": "yes",
        "electrified": "contact_line",
        "frequency": "50",
        "gauge": "1435",
        "layer": "1",
        "name": "İstanbul - Ankara demiryolu",
        "operator": "TCDD",
        "railway": "rail",
        "railway:etcs": "yes",
        "source": "Bing",
        "usage": "main",
        "voltage": "25000"
      },
      "geometry": {
        "type": "LineString",
        "coordinates": [
          [
            30.2099458,
            40.5035728
          ],
          [
            30.2104967,
            40.5035299
          ]
        ]
      },
      "id": "way/264533197"
    },
    {
      "type": "Feature",
      "properties": {
        "@id": "way/264632185",
        "electrified": "contact_line",
        "frequency": "50",
        "gauge": "1435",
        "highspeed": "yes",
        "maxspeed": "250",
        "name": "Ankara - İstanbul yüksek hızlı demiryolu",
        "name:en": "Ankara - İstanbul high-speed railway",
        "operator": "TCDD",
        "passenger_lines": "1",
        "railway": "rail",
        "railway:etcs": "1",
        "usage": "main",
        "voltage": "25000",
        "wikidata": "Q513146",
        "wikipedia": "en:Ankara–Istanbul high-speed railway"
      },
      "geometry": {
        "type": "LineString",
        "coordinates": [
          [
            30.0532157,
            40.4581326
          ],
          [
            30.0533476,
            40.4590044
          ],
          [
            30.0534674,
            40.4597881
          ],
          [
            30.0537296,
            40.4612552
          ],
          [
            30.0538959,
            40.4620113
          ],
          [
            30.0540835,
            40.4627663
          ],
          [
            30.0544484,
            40.4640724
          ],
          [
            30.0548766,
            40.4653788
          ],
          [
            30.0555012,
            40.4669456
          ],
          [
            30.0558606,
            40.4677741
          ],
          [
            30.0562332,
            40.4685526
          ],
          [
            30.0567001,
            40.4694585
          ],
          [
            30.0571963,
            40.4703676
          ],
          [
            30.0578414,
            40.4714153
          ],
          [
            30.0586031,
            40.4725866
          ],
          [
            30.0592375,
            40.4734802
          ],
          [
            30.0599057,
            40.4743579
          ],
          [
            30.0605014,
            40.4750859
          ],
          [
            30.0614793,
            40.4762111
          ],
          [
            30.0627096,
            40.4775251
          ],
          [
            30.0640083,
            40.4787832
          ],
          [
            30.0647172,
            40.4794327
          ],
          [
            30.0654709,
            40.4800734
          ],
          [
            30.0662193,
            40.4806895
          ],
          [
            30.0670174,
            40.4813058
          ],
          [
            30.0687623,
            40.4825731
          ],
          [
            30.0699395,
            40.48336
          ],
          [
            30.0711978,
            40.4841372
          ],
          [
            30.0724534,
            40.4848671
          ],
          [
            30.0737678,
            40.4855796
          ],
          [
            30.075784,
            40.4865832
          ],
          [
            30.0778524,
            40.4874816
          ],
          [
            30.0797523,
            40.4882208
          ],
          [
            30.0809164,
            40.4886446
          ],
          [
            30.0821449,
            40.4890505
          ],
          [
            30.0833465,
            40.4894259
          ],
          [
            30.084587,
            40.4897728
          ],
          [
            30.0862741,
            40.4901959
          ],
          [
            30.0880297,
            40.490597
          ],
          [
            30.0893842,
            40.4908528
          ],
          [
            30.0908232,
            40.4910996
          ],
          [
            30.0922514,
            40.4913036
          ],
          [
            30.0937232,
            40.4914904
          ],
          [
            30.0971103,
            40.4917993
          ],
          [
            30.1004884,
            40.4920784
          ],
          [
            30.1087929,
            40.4927725
          ]
        ]
      },
      "id": "way/264632185"
    },
    {
      "type": "Feature",
      "properties": {
        "@id": "way/264641028",
        "electrified": "contact_line",
        "frequency": "50",
        "gauge": "1435",
        "name": "İstanbul - Ankara demiryolu",
        "operator": "TCDD",
        "railway": "rail",
        "railway:etcs": "yes",
        "source": "GPS, Bing",
        "usage": "main",
        "voltage": "25000"
      },
      "geometry": {
        "type": "LineString",
        "coordinates": [
          [
            30.0780364,
            40.4902458
          ],
          [
            30.080179,
            40.4907766
          ],
          [
            30.081013,
            40.4909787
          ],
          [
            30.0822609,
            40.4912977
          ],
          [
            30.0827531,
            40.4914521
          ],
          [
            30.083818,
            40.4918356
          ],
          [
            30.0848883,
            40.4922802
          ],
          [
            30.0881576,
            40.4938356
          ],
          [
            30.0893649,
            40.4944173
          ],
          [
            30.0917314,
            40.495508
          ],
          [
            30.0994105,
            40.4991853
          ],
          [
            30.1008456,
            40.4997888
          ],
          [
            30.1019744,
            40.5001415
          ],
          [
            30.1028283,
            40.5003513
          ],
          [
            30.1035326,
            40.5004848
          ],
          [
            30.1042854,
            40.5006029
          ],
          [
            30.1050229,
            40.5006602
          ],
          [
            30.1057525,
            40.5006907
          ],
          [
            30.1067106,
            40.5006749
          ],
          [
            30.107448,
            40.5006244
          ],
          [
            30.1084746,
            40.5005218
          ],
          [
            30.1147616,
            40.499697
          ],
          [
            30.1196533,
            40.4990432
          ],
          [
            30.1255739,
            40.4983086
          ],
          [
            30.1264476,
            40.4982363
          ],
          [
            30.1273673,
            40.498185
          ],
          [
            30.1284732,
            40.4981539
          ],
          [
            30.1290739,
            40.498175
          ],
          [
            30.1298714,
            40.4982277
          ],
          [
            30.1303665,
            40.4982711
          ],
          [
            30.1308203,
            40.4983248
          ],
          [
            30.1314965,
            40.4984187
          ],
          [
            30.1322127,
            40.4985413
          ],
          [
            30.1329733,
            40.4986826
          ],
          [
            30.1456654,
            40.5013823
          ],
          [
            30.1486477,
            40.5019961
          ],
          [
            30.1492199,
            40.5021105
          ],
          [
            30.1500878,
            40.5022596
          ],
          [
            30.1508388,
            40.5023749
          ],
          [
            30.1514405,
            40.5024424
          ],
          [
            30.1522189,
            40.5025073
          ],
          [
            30.1528087,
            40.5025485
          ],
          [
            30.153524,
            40.5025886
          ],
          [
            30.1540627,
            40.5026082
          ],
          [
            30.1547362,
            40.5026131
          ],
          [
            30.1552922,
            40.5026138
          ],
          [
            30.1559062,
            40.5026077
          ],
          [
            30.1641965,
            40.5021951
          ]
        ]
      },
      "id": "way/264641028"
    },
    {
      "type": "Feature",
      "properties": {
        "@id": "way/264641029",
        "bridge": "yes",
        "electrified": "contact_line",
        "frequency": "50",
        "gauge": "1435",
        "layer": "1",
        "operator": "TCDD",
        "railway": "rail",
        "railway:etcs": "yes",
        "source": "Bing",
        "usage": "main",
        "voltage": "25000"
      },
      "geometry": {
        "type": "LineString",
        "coordinates": [
          [
            30.0779461,
            40.4902212
          ],
          [
            30.0780364,
            40.4902458
          ]
        ]
      },
      "id": "way/264641029"
    },
    {
      "type": "Feature",
      "properties": {
        "@id": "way/264651710",
        "bridge": "yes",
        "electrified": "contact_line",
        "frequency": "50",
        "gauge": "1435",
        "highspeed": "yes",
        "layer": "1",
        "maxspeed": "250",
        "name": "Ankara - İstanbul yüksek hızlı demiryolu",
        "name:en": "Ankara - İstanbul high-speed railway",
        "operator": "TCDD",
        "passenger_lines": "1",
        "railway": "rail",
        "railway:etcs": "1",
        "usage": "main",
        "voltage": "25000",
        "wikidata": "Q513146",
        "wikipedia": "en:Ankara–Istanbul high-speed railway"
      },
      "geometry": {
        "type": "LineString",
        "coordinates": [
          [
            30.0501044,
            40.4358227
          ],
          [
            30.0498919,
            40.434572
          ],
          [
            30.0497223,
            40.4337577
          ],
          [
            30.0495312,
            40.4329859
          ],
          [
            30.0492451,
            40.431985
          ],
          [
            30.0489901,
            40.431174
          ],
          [
            30.0487004,
            40.4303834
          ],
          [
            30.0483772,
            40.4295764
          ],
          [
            30.0480399,
            40.4288122
          ],
          [
            30.0473959,
            40.427479
          ],
          [
            30.0468416,
            40.4263861
          ],
          [
            30.0461483,
            40.4252189
          ],
          [
            30.0448917,
            40.4234635
          ]
        ]
      },
      "id": "way/264651710"
    },
    {
      "type": "Feature",
      "properties": {
        "@id": "way/264651711",
        "electrified": "contact_line",
        "embankment": "yes",
        "frequency": "50",
        "gauge": "1435",
        "highspeed": "yes",
        "maxspeed": "250",
        "name": "Ankara - İstanbul yüksek hızlı demiryolu",
        "name:en": "Ankara - İstanbul high-speed railway",
        "operator": "TCDD",
        "passenger_lines": "1",
        "railway": "rail",
        "railway:etcs": "1",
        "usage": "main",
        "voltage": "25000",
        "wikidata": "Q513146",
        "wikipedia": "en:Ankara–Istanbul high-speed railway"
      },
      "geometry": {
        "type": "LineString",
        "coordinates": [
          [
            30.0448917,
            40.4234635
          ],
          [
            30.0434969,
            40.4218087
          ]
        ]
      },
      "id": "way/264651711"
    },
    {
      "type": "Feature",
      "properties": {
        "@id": "way/264652130",
        "electrified": "contact_line",
        "frequency": "50",
        "gauge": "1435",
        "highspeed": "yes",
        "layer": "-1",
        "maxspeed": "250",
        "name": "Ankara - İstanbul yüksek hızlı demiryolu",
        "name:en": "Ankara - İstanbul high-speed railway",
        "operator": "TCDD",
        "passenger_lines": "1",
        "railway": "rail",
        "railway:etcs": "1",
        "tunnel": "yes",
        "usage": "main",
        "voltage": "25000",
        "wikidata": "Q513146",
        "wikipedia": "en:Ankara–Istanbul high-speed railway"
      },
      "geometry": {
        "type": "LineString",
        "coordinates": [
          [
            30.0434969,
            40.4218087
          ],
          [
            30.0421545,
            40.4203165
          ]
        ]
      },
      "id": "way/264652130"
    },
    {
      "type": "Feature",
      "properties": {
        "@id": "way/264652131",
        "electrified": "contact_line",
        "frequency": "50",
        "gauge": "1435",
        "highspeed": "yes",
        "layer": "-1",
        "maxspeed": "250",
        "name": "Ankara - İstanbul yüksek hızlı demiryolu",
        "name:en": "Ankara - İstanbul high-speed railway",
        "operator": "TCDD",
        "passenger_lines": "1",
        "railway": "rail",
        "railway:etcs": "1",
        "tunnel": "yes",
        "usage": "main",
        "voltage": "25000",
        "wikidata": "Q513146",
        "wikipedia": "en:Ankara–Istanbul high-speed railway"
      },
      "geometry": {
        "type": "LineString",
        "coordinates": [
          [
            30.0409745,
            40.4190558
          ],
          [
            30.0387221,
            40.4166339
          ]
        ]
      },
      "id": "way/264652131"
    },
    {
      "type": "Feature",
      "properties": {
        "@id": "way/264652132",
        "electrified": "contact_line",
        "embankment": "yes",
        "frequency": "50",
        "gauge": "1435",
        "highspeed": "yes",
        "maxspeed": "250",
        "name": "Ankara - İstanbul yüksek hızlı demiryolu",
        "name:en": "Ankara - İstanbul high-speed railway",
        "operator": "TCDD",
        "passenger_lines": "1",
        "railway": "rail",
        "railway:etcs": "1",
        "usage": "main",
        "voltage": "25000",
        "wikidata": "Q513146",
        "wikipedia": "en:Ankara–Istanbul high-speed railway"
      },
      "geometry": {
        "type": "LineString",
        "coordinates": [
          [
            30.0387221,
            40.4166339
          ],
          [
            30.0367807,
            40.4146089
          ]
        ]
      },
      "id": "way/264652132"
    },
    {
      "type": "Feature",
      "properties": {
        "@id": "way/264652133",
        "cutting": "yes",
        "electrified": "contact_line",
        "frequency": "50",
        "gauge": "1435",
        "highspeed": "yes",
        "maxspeed": "250",
        "name": "Ankara - İstanbul yüksek hızlı demiryolu",
        "name:en": "Ankara - İstanbul high-speed railway",
        "operator": "TCDD",
        "passenger_lines": "1",
        "railway": "rail",
        "railway:etcs": "1",
        "usage": "main",
        "voltage": "25000",
        "wikidata": "Q513146",
        "wikipedia": "en:Ankara–Istanbul high-speed railway"
      },
      "geometry": {
        "type": "LineString",
        "coordinates": [
          [
            30.0421545,
            40.4203165
          ],
          [
            30.0409745,
            40.4190558
          ]
        ]
      },
      "id": "way/264652133"
    },
    {
      "type": "Feature",
      "properties": {
        "@id": "way/264652319",
        "electrified": "contact_line",
        "frequency": "50",
        "gauge": "1435",
        "highspeed": "yes",
        "maxspeed": "250",
        "name": "Ankara - İstanbul yüksek hızlı demiryolu",
        "name:en": "Ankara - İstanbul high-speed railway",
        "operator": "TCDD",
        "passenger_lines": "1",
        "railway": "rail",
        "railway:etcs": "1",
        "usage": "main",
        "voltage": "25000",
        "wikidata": "Q513146",
        "wikipedia": "en:Ankara–Istanbul high-speed railway"
      },
      "geometry": {
        "type": "LineString",
        "coordinates": [
          [
            30.0311097,
            40.404128
          ],
          [
            30.030868,
            40.4035517
          ]
        ]
      },
      "id": "way/264652319"
    },
    {
      "type": "Feature",
      "properties": {
        "@id": "way/264654485",
        "electrified": "contact_line",
        "frequency": "50",
        "gauge": "1435",
        "highspeed": "yes",
        "layer": "-1",
        "maxspeed": "250",
        "name": "Ankara - İstanbul yüksek hızlı demiryolu",
        "name:en": "Ankara - İstanbul high-speed railway",
        "operator": "TCDD",
        "passenger_lines": "1",
        "railway": "rail",
        "railway:etcs": "1",
        "tunnel": "yes",
        "usage": "main",
        "voltage": "25000",
        "wikidata": "Q513146",
        "wikipedia": "en:Ankara–Istanbul high-speed railway"
      },
      "geometry": {
        "type": "LineString",
        "coordinates": [
          [
            30.030868,
            40.4035517
          ],
          [
            30.0297833,
            40.3998032
          ],
          [
            30.0291303,
            40.3974295
          ],
          [
            30.0287246,
            40.3952445
          ],
          [
            30.0286793,
            40.3936485
          ],
          [
            30.0288641,
            40.3920169
          ],
          [
            30.0292331,
            40.3904039
          ],
          [
            30.0297439,
            40.3890551
          ],
          [
            30.0314069,
            40.3851281
          ],
          [
            30.033617,
            40.3810173
          ],
          [
            30.0377798,
            40.3745605
          ],
          [
            30.0389828,
            40.3725133
          ],
          [
            30.0400731,
            40.3708005
          ]
        ]
      },
      "id": "way/264654485"
    },
    {
      "type": "Feature",
      "properties": {
        "@id": "way/264655334",
        "bridge": "yes",
        "electrified": "contact_line",
        "frequency": "50",
        "gauge": "1435",
        "layer": "1",
        "operator": "TCDD",
        "railway": "rail",
        "railway:etcs": "yes",
        "source": "Bing",
        "usage": "main",
        "voltage": "25000"
      },
      "geometry": {
        "type": "LineString",
        "coordinates": [
          [
            30.0243196,
            40.3654778
          ],
          [
            30.0242209,
            40.3655293
          ]
        ]
      },
      "id": "way/264655334"
    },
    {
      "type": "Feature",
      "properties": {
        "@id": "way/264655335",
        "electrified": "contact_line",
        "frequency": "50",
        "gauge": "1435",
        "name": "İstanbul - Ankara demiryolu",
        "operator": "TCDD",
        "railway": "rail",
        "railway:etcs": "yes",
        "usage": "main",
        "voltage": "25000"
      },
      "geometry": {
        "type": "LineString",
        "coordinates": [
          [
            30.0242209,
            40.3655293
          ],
          [
            30.0240142,
            40.3656381
          ],
          [
            30.0237305,
            40.3658814
          ],
          [
            30.0235427,
            40.3660653
          ],
          [
            30.0233603,
            40.3662206
          ]
        ]
      },
      "id": "way/264655335"
    },
    {
      "type": "Feature",
      "properties": {
        "@id": "way/264790737",
        "electrified": "contact_line",
        "frequency": "50",
        "gauge": "1435",
        "name": "İstanbul - Ankara demiryolu",
        "operator": "TCDD",
        "railway": "rail",
        "railway:etcs": "yes",
        "usage": "main",
        "voltage": "25000"
      },
      "geometry": {
        "type": "LineString",
        "coordinates": [
          [
            30.0812213,
            40.3130676
          ],
          [
            30.0814854,
            40.3136509
          ],
          [
            30.0817562,
            40.3144767
          ],
          [
            30.0822394,
            40.3163482
          ],
          [
            30.0823961,
            40.317171
          ],
          [
            30.0824202,
            40.3176523
          ],
          [
            30.0824033,
            40.3180425
          ],
          [
            30.0823324,
            40.3184082
          ],
          [
            30.0822755,
            40.3187374
          ],
          [
            30.0821206,
            40.3191513
          ],
          [
            30.0819143,
            40.3196143
          ],
          [
            30.0816905,
            40.3200067
          ],
          [
            30.0814325,
            40.3203718
          ],
          [
            30.0811086,
            40.3207453
          ],
          [
            30.0796804,
            40.3221771
          ],
          [
            30.0793259,
            40.3226328
          ],
          [
            30.0790236,
            40.3231601
          ],
          [
            30.0775817,
            40.3256297
          ],
          [
            30.0771431,
            40.3261396
          ],
          [
            30.0767584,
            40.3264717
          ],
          [
            30.0764916,
            40.3266676
          ],
          [
            30.076064,
            40.3269409
          ],
          [
            30.0699322,
            40.3305529
          ],
          [
            30.0692217,
            40.3309081
          ],
          [
            30.0679976,
            40.3314581
          ],
          [
            30.0673136,
            40.3317893
          ],
          [
            30.0667486,
            40.3320942
          ],
          [
            30.0659832,
            40.3325745
          ],
          [
            30.0642022,
            40.3336868
          ],
          [
            30.0627051,
            40.3345079
          ]
        ]
      },
      "id": "way/264790737"
    },
    {
      "type": "Feature",
      "properties": {
        "@id": "way/264790738",
        "bridge": "yes",
        "electrified": "contact_line",
        "frequency": "50",
        "gauge": "1435",
        "layer": "1",
        "operator": "TCDD",
        "railway": "rail",
        "railway:etcs": "yes",
        "source": "Bing",
        "usage": "main",
        "voltage": "25000"
      },
      "geometry": {
        "type": "LineString",
        "coordinates": [
          [
            30.0811812,
            40.3129821
          ],
          [
            30.0812213,
            40.3130676
          ]
        ]
      },
      "id": "way/264790738"
    },
    {
      "type": "Feature",
      "properties": {
        "@id": "way/264808575",
        "bridge": "yes",
        "electrified": "contact_line",
        "frequency": "50",
        "gauge": "1435",
        "layer": "1",
        "operator": "TCDD",
        "railway": "rail",
        "railway:etcs": "yes",
        "source": "Bing",
        "usage": "main",
        "voltage": "25000"
      },
      "geometry": {
        "type": "LineString",
        "coordinates": [
          [
            30.0068509,
            40.1695176
          ],
          [
            30.0065004,
            40.1698775
          ]
        ]
      },
      "id": "way/264808575"
    },
    {
      "type": "Feature",
      "properties": {
        "@id": "way/264808576",
        "electrified": "contact_line",
        "frequency": "50",
        "gauge": "1435",
        "name": "İstanbul - Ankara demiryolu",
        "operator": "TCDD",
        "railway": "rail",
        "railway:etcs": "yes",
        "usage": "main",
        "voltage": "25000"
      },
      "geometry": {
        "type": "LineString",
        "coordinates": [
          [
            30.0065004,
            40.1698775
          ],
          [
            30.0063135,
            40.1701213
          ],
          [
            30.0060895,
            40.1704898
          ],
          [
            30.0060193,
            40.1707667
          ],
          [
            30.00592,
            40.1711574
          ],
          [
            30.0059,
            40.1717617
          ],
          [
            30.0059711,
            40.1735821
          ],
          [
            30.0060474,
            40.1741088
          ]
        ]
      },
      "id": "way/264808576"
    },
    {
      "type": "Feature",
      "properties": {
        "@id": "way/264808577",
        "electrified": "contact_line",
        "frequency": "50",
        "gauge": "1435",
        "name": "İstanbul - Ankara demiryolu",
        "operator": "TCDD",
        "railway": "rail",
        "railway:etcs": "yes",
        "usage": "main",
        "voltage": "25000"
      },
      "geometry": {
        "type": "LineString",
        "coordinates": [
          [
            30.0061442,
            40.1744405
          ],
          [
            30.0062353,
            40.1746314
          ],
          [
            30.0064318,
            40.1749577
          ],
          [
            30.0066429,
            40.1752317
          ],
          [
            30.0068231,
            40.1754243
          ],
          [
            30.007056,
            40.1755961
          ],
          [
            30.0086523,
            40.1764159
          ],
          [
            30.008974,
            40.1766073
          ],
          [
            30.0091836,
            40.1767843
          ]
        ]
      },
      "id": "way/264808577"
    },
    {
      "type": "Feature",
      "properties": {
        "@id": "way/264808578",
        "bridge": "yes",
        "electrified": "contact_line",
        "frequency": "50",
        "gauge": "1435",
        "layer": "1",
        "operator": "TCDD",
        "railway": "rail",
        "railway:etcs": "yes",
        "source": "Bing",
        "usage": "main",
        "voltage": "25000"
      },
      "geometry": {
        "type": "LineString",
        "coordinates": [
          [
            30.0060474,
            40.1741088
          ],
          [
            30.0061442,
            40.1744405
          ]
        ]
      },
      "id": "way/264808578"
    },
    {
      "type": "Feature",
      "properties": {
        "@id": "way/264811556",
        "bridge": "yes",
        "electrified": "contact_line",
        "frequency": "50",
        "gauge": "1435",
        "layer": "1",
        "operator": "TCDD",
        "railway": "rail",
        "railway:etcs": "yes",
        "source": "Bing",
        "usage": "main",
        "voltage": "25000"
      },
      "geometry": {
        "type": "LineString",
        "coordinates": [
          [
            30.0095405,
            40.1581332
          ],
          [
            30.0096269,
            40.1582348
          ]
        ]
      },
      "id": "way/264811556"
    },
    {
      "type": "Feature",
      "properties": {
        "@id": "way/264811557",
        "electrified": "contact_line",
        "frequency": "50",
        "gauge": "1435",
        "name": "İstanbul - Ankara demiryolu",
        "operator": "TCDD",
        "railway": "rail",
        "railway:etcs": "yes",
        "usage": "main",
        "voltage": "25000"
      },
      "geometry": {
        "type": "LineString",
        "coordinates": [
          [
            30.0096269,
            40.1582348
          ],
          [
            30.0099773,
            40.1585921
          ],
          [
            30.0103589,
            40.1588601
          ],
          [
            30.0107608,
            40.1590912
          ],
          [
            30.0112768,
            40.1593361
          ],
          [
            30.011928,
            40.159612
          ],
          [
            30.0123704,
            40.1597554
          ],
          [
            30.0127137,
            40.1598203
          ],
          [
            30.0131066,
            40.1598554
          ],
          [
            30.0134038,
            40.1598717
          ],
          [
            30.0137118,
            40.1598635
          ],
          [
            30.0141365,
            40.1598203
          ],
          [
            30.0144231,
            40.1597851
          ],
          [
            30.0149777,
            40.1596921
          ],
          [
            30.0156576,
            40.159599
          ],
          [
            30.0164249,
            40.1595649
          ]
        ]
      },
      "id": "way/264811557"
    },
    {
      "type": "Feature",
      "properties": {
        "@id": "way/267612655",
        "bridge": "yes",
        "electrified": "contact_line",
        "frequency": "50",
        "gauge": "1435",
        "highspeed": "yes",
        "layer": "1",
        "maxspeed": "250",
        "name": "Ankara - İstanbul yüksek hızlı demiryolu",
        "name:en": "Ankara - İstanbul high-speed railway",
        "operator": "TCDD",
        "passenger_lines": "1",
        "railway": "rail",
        "railway:etcs": "1",
        "usage": "main",
        "voltage": "25000",
        "wikidata": "Q513146",
        "wikipedia": "en:Ankara–Istanbul high-speed railway"
      },
      "geometry": {
        "type": "LineString",
        "coordinates": [
          [
            30.0531689,
            40.4581353
          ],
          [
            30.0531389,
            40.4579073
          ]
        ]
      },
      "id": "way/267612655"
    },
    {
      "type": "Feature",
      "properties": {
        "@id": "way/278715428",
        "electrified": "contact_line",
        "embankment": "yes",
        "frequency": "50",
        "gauge": "1435",
        "highspeed": "yes",
        "maxspeed": "250",
        "name": "Ankara - İstanbul yüksek hızlı demiryolu",
        "name:en": "Ankara - İstanbul high-speed railway",
        "operator": "TCDD",
        "passenger_lines": "1",
        "railway": "rail",
        "railway:etcs": "1",
        "usage": "main",
        "voltage": "25000",
        "wikidata": "Q513146",
        "wikipedia": "en:Ankara–Istanbul high-speed railway"
      },
      "geometry": {
        "type": "LineString",
        "coordinates": [
          [
            30.2256374,
            40.5032295
          ],
          [
            30.2269818,
            40.5035902
          ],
          [
            30.2279779,
            40.5038922
          ],
          [
            30.2289239,
            40.5041912
          ],
          [
            30.2299771,
            40.5045526
          ],
          [
            30.2305476,
            40.5047645
          ]
        ]
      },
      "id": "way/278715428"
    },
    {
      "type": "Feature",
      "properties": {
        "@id": "way/278715439",
        "electrified": "contact_line",
        "embankment": "yes",
        "frequency": "50",
        "gauge": "1435",
        "highspeed": "yes",
        "maxspeed": "250",
        "name": "Ankara - İstanbul yüksek hızlı demiryolu",
        "name:en": "Ankara - İstanbul high-speed railway",
        "operator": "TCDD",
        "passenger_lines": "1",
        "railway": "rail",
        "railway:etcs": "1",
        "usage": "main",
        "voltage": "25000",
        "wikidata": "Q513146",
        "wikipedia": "en:Ankara–Istanbul high-speed railway"
      },
      "geometry": {
        "type": "LineString",
        "coordinates": [
          [
            30.2088208,
            40.5010479
          ],
          [
            30.2099849,
            40.5011585
          ],
          [
            30.2158261,
            40.5016474
          ],
          [
            30.2173899,
            40.5017922
          ],
          [
            30.2180216,
            40.5018564
          ],
          [
            30.2186599,
            40.5019299
          ],
          [
            30.2198165,
            40.5020764
          ],
          [
            30.2203668,
            40.5021531
          ],
          [
            30.2215596,
            40.5023431
          ],
          [
            30.2233683,
            40.5026919
          ],
          [
            30.2252003,
            40.5031162
          ]
        ]
      },
      "id": "way/278715439"
    },
    {
      "type": "Feature",
      "properties": {
        "@id": "way/278827969",
        "cutting": "yes",
        "electrified": "contact_line",
        "frequency": "50",
        "gauge": "1435",
        "highspeed": "yes",
        "maxspeed": "250",
        "name": "Ankara - İstanbul yüksek hızlı demiryolu",
        "name:en": "Ankara - İstanbul high-speed railway",
        "operator": "TCDD",
        "passenger_lines": "1",
        "railway": "rail",
        "railway:etcs": "1",
        "usage": "main",
        "voltage": "25000",
        "wikidata": "Q513146",
        "wikipedia": "en:Ankara–Istanbul high-speed railway"
      },
      "geometry": {
        "type": "LineString",
        "coordinates": [
          [
            30.0400731,
            40.3708005
          ],
          [
            30.0431652,
            40.366042
          ],
          [
            30.0440466,
            40.3646829
          ],
          [
            30.0453121,
            40.3626492
          ]
        ]
      },
      "id": "way/278827969"
    },
    {
      "type": "Feature",
      "properties": {
        "@id": "way/278827970",
        "electrified": "contact_line",
        "embankment": "yes",
        "frequency": "50",
        "gauge": "1435",
        "highspeed": "yes",
        "maxspeed": "250",
        "name": "Ankara - İstanbul yüksek hızlı demiryolu",
        "name:en": "Ankara - İstanbul high-speed railway",
        "operator": "TCDD",
        "passenger_lines": "1",
        "railway": "rail",
        "railway:etcs": "1",
        "usage": "main",
        "voltage": "25000",
        "wikidata": "Q513146",
        "wikipedia": "en:Ankara–Istanbul high-speed railway"
      },
      "geometry": {
        "type": "LineString",
        "coordinates": [
          [
            30.0582994,
            40.3425517
          ],
          [
            30.0570981,
            40.3444429
          ]
        ]
      },
      "id": "way/278827970"
    },
    {
      "type": "Feature",
      "properties": {
        "@id": "way/278827976",
        "electrified": "contact_line",
        "frequency": "50",
        "gauge": "1435",
        "highspeed": "yes",
        "maxspeed": "250",
        "name": "Ankara - İstanbul Yüksek Hızlı Demiryolu",
        "name:en": "Ankara - İstanbul high-speed railway",
        "operator": "TCDD",
        "passenger_lines": "1",
        "railway": "rail",
        "railway:etcs": "1",
        "usage": "main",
        "voltage": "25000",
        "wikidata": "Q513146",
        "wikipedia": "en:Ankara–Istanbul high-speed railway"
      },
      "geometry": {
        "type": "LineString",
        "coordinates": [
          [
            30.0609685,
            40.3092718
          ],
          [
            30.0605498,
            40.3082836
          ]
        ]
      },
      "id": "way/278827976"
    },
    {
      "type": "Feature",
      "properties": {
        "@id": "way/278827980",
        "cutting": "yes",
        "electrified": "contact_line",
        "frequency": "50",
        "gauge": "1435",
        "highspeed": "yes",
        "maxspeed": "250",
        "name": "Ankara - İstanbul yüksek hızlı demiryolu",
        "name:en": "Ankara - İstanbul high-speed railway",
        "operator": "TCDD",
        "passenger_lines": "1",
        "railway": "rail",
        "railway:etcs": "1",
        "usage": "main",
        "voltage": "25000",
        "wikidata": "Q513146",
        "wikipedia": "en:Ankara–Istanbul high-speed railway"
      },
      "geometry": {
        "type": "LineString",
        "coordinates": [
          [
            30.0317681,
            40.2117848
          ],
          [
            30.0312678,
            40.2106515
          ]
        ]
      },
      "id": "way/278827980"
    },
    {
      "type": "Feature",
      "properties": {
        "@id": "way/278827981",
        "electrified": "contact_line",
        "frequency": "50",
        "gauge": "1435",
        "highspeed": "yes",
        "maxspeed": "250",
        "name": "Ankara - İstanbul yüksek hızlı demiryolu",
        "name:en": "Ankara - İstanbul high-speed railway",
        "operator": "TCDD",
        "passenger_lines": "1",
        "railway": "rail",
        "railway:etcs": "1",
        "usage": "main",
        "voltage": "25000",
        "wikidata": "Q513146",
        "wikipedia": "en:Ankara–Istanbul high-speed railway"
      },
      "geometry": {
        "type": "LineString",
        "coordinates": [
          [
            30.0025414,
            40.1069919
          ],
          [
            30.0024369,
            40.1075177
          ]
        ]
      },
      "id": "way/278827981"
    },
    {
      "type": "Feature",
      "properties": {
        "@id": "way/278827982",
        "electrified": "contact_line",
        "frequency": "50",
        "gauge": "1435",
        "highspeed": "yes",
        "layer": "-1",
        "maxspeed": "250",
        "name": "Ankara - İstanbul yüksek hızlı demiryolu",
        "name:en": "Ankara - İstanbul high-speed railway",
        "operator": "TCDD",
        "passenger_lines": "1",
        "railway": "rail",
        "railway:etcs": "1",
        "tunnel": "yes",
        "usage": "main",
        "voltage": "25000",
        "wikidata": "Q513146",
        "wikipedia": "en:Ankara–Istanbul high-speed railway"
      },
      "geometry": {
        "type": "LineString",
        "coordinates": [
          [
            30.0410254,
            40.4190275
          ],
          [
            30.0387602,
            40.4166037
          ]
        ]
      },
      "id": "way/278827982"
    },
    {
      "type": "Feature",
      "properties": {
        "@id": "way/278827983",
        "bridge": "yes",
        "electrified": "contact_line",
        "frequency": "50",
        "gauge": "1435",
        "highspeed": "yes",
        "layer": "1",
        "maxspeed": "250",
        "name": "Ankara - İstanbul yüksek hızlı demiryolu",
        "name:en": "Ankara - İstanbul high-speed railway",
        "operator": "TCDD",
        "passenger_lines": "1",
        "railway": "rail",
        "railway:etcs": "1",
        "usage": "main",
        "voltage": "25000",
        "wikidata": "Q513146",
        "wikipedia": "en:Ankara–Istanbul high-speed railway"
      },
      "geometry": {
        "type": "LineString",
        "coordinates": [
          [
            30.0317257,
            40.2471148
          ],
          [
            30.0317282,
            40.248992
          ]
        ]
      },
      "id": "way/278827983"
    },
    {
      "type": "Feature",
      "properties": {
        "@id": "way/278827984",
        "cutting": "yes",
        "electrified": "contact_line",
        "frequency": "50",
        "gauge": "1435",
        "highspeed": "yes",
        "maxspeed": "250",
        "name": "Ankara - İstanbul yüksek hızlı demiryolu",
        "name:en": "Ankara - İstanbul high-speed railway",
        "operator": "TCDD",
        "passenger_lines": "1",
        "railway": "rail",
        "railway:etcs": "1",
        "usage": "main",
        "voltage": "25000",
        "wikidata": "Q513146",
        "wikipedia": "en:Ankara–Istanbul high-speed railway"
      },
      "geometry": {
        "type": "LineString",
        "coordinates": [
          [
            30.0313326,
            40.2106438
          ],
          [
            30.0318293,
            40.2117637
          ]
        ]
      },
      "id": "way/278827984"
    },
    {
      "type": "Feature",
      "properties": {
        "@id": "way/278827985",
        "electrified": "contact_line",
        "frequency": "50",
        "gauge": "1435",
        "highspeed": "yes",
        "maxspeed": "250",
        "name": "Ankara - İstanbul yüksek hızlı demiryolu",
        "name:en": "Ankara - İstanbul high-speed railway",
        "operator": "TCDD",
        "passenger_lines": "1",
        "railway": "rail",
        "railway:etcs": "1",
        "usage": "main",
        "voltage": "25000",
        "wikidata": "Q513146",
        "wikipedia": "en:Ankara–Istanbul high-speed railway"
      },
      "geometry": {
        "type": "LineString",
        "coordinates": [
          [
            30.0148288,
            40.156206
          ],
          [
            30.0148328,
            40.1563758
          ]
        ]
      },
      "id": "way/278827985"
    },
    {
      "type": "Feature",
      "properties": {
        "@id": "way/278827988",
        "bridge": "yes",
        "electrified": "contact_line",
        "frequency": "50",
        "gauge": "1435",
        "highspeed": "yes",
        "layer": "1",
        "maxspeed": "250",
        "name": "Ankara - İstanbul yüksek hızlı demiryolu",
        "name:en": "Ankara - İstanbul high-speed railway",
        "operator": "TCDD",
        "passenger_lines": "1",
        "railway": "rail",
        "railway:etcs": "1",
        "usage": "main",
        "voltage": "25000",
        "wikidata": "Q513146",
        "wikipedia": "en:Ankara–Istanbul high-speed railway"
      },
      "geometry": {
        "type": "LineString",
        "coordinates": [
          [
            30.0531577,
            40.2990733
          ],
          [
            30.0520033,
            40.2979578
          ]
        ]
      },
      "id": "way/278827988"
    },
    {
      "type": "Feature",
      "properties": {
        "@id": "way/278827989",
        "electrified": "contact_line",
        "frequency": "50",
        "gauge": "1435",
        "name": "İstanbul - Ankara Hızlı Tren hatti",
        "operator": "TCDD",
        "railway": "rail",
        "railway:etcs": "2",
        "usage": "main",
        "voltage": "25000"
      },
      "geometry": {
        "type": "LineString",
        "coordinates": [
          [
            30.0151436,
            40.1623388
          ],
          [
            30.0151318,
            40.1621994
          ]
        ]
      },
      "id": "way/278827989"
    },
    {
      "type": "Feature",
      "properties": {
        "@id": "way/278827990",
        "electrified": "contact_line",
        "frequency": "50",
        "gauge": "1435",
        "highspeed": "yes",
        "maxspeed": "250",
        "name": "Ankara - İstanbul yüksek hızlı demiryolu",
        "name:en": "Ankara - İstanbul high-speed railway",
        "operator": "TCDD",
        "passenger_lines": "1",
        "railway": "rail",
        "railway:etcs": "1",
        "usage": "main",
        "voltage": "25000",
        "wikidata": "Q513146",
        "wikipedia": "en:Ankara–Istanbul high-speed railway"
      },
      "geometry": {
        "type": "LineString",
        "coordinates": [
          [
            30.0309064,
            40.403538
          ],
          [
            30.0311507,
            40.4041229
          ]
        ]
      },
      "id": "way/278827990"
    },
    {
      "type": "Feature",
      "properties": {
        "@id": "way/278827991",
        "electrified": "contact_line",
        "frequency": "50",
        "gauge": "1435",
        "highspeed": "yes",
        "maxspeed": "250",
        "name": "Ankara - İstanbul Yüksek Hızlı Demiryolu",
        "name:en": "Ankara - İstanbul high-speed railway",
        "operator": "TCDD",
        "passenger_lines": "1",
        "railway": "rail",
        "railway:etcs": "1",
        "usage": "main",
        "voltage": "25000",
        "wikidata": "Q513146",
        "wikipedia": "en:Ankara–Istanbul high-speed railway"
      },
      "geometry": {
        "type": "LineString",
        "coordinates": [
          [
            30.0605905,
            40.3082639
          ],
          [
            30.0610162,
            40.3092572
          ]
        ]
      },
      "id": "way/278827991"
    },
    {
      "type": "Feature",
      "properties": {
        "@id": "way/278827992",
        "electrified": "contact_line",
        "frequency": "50",
        "gauge": "1435",
        "highspeed": "yes",
        "layer": "-1",
        "maxspeed": "250",
        "name": "Ankara - İstanbul yüksek hızlı demiryolu",
        "name:en": "Ankara - İstanbul high-speed railway",
        "operator": "TCDD",
        "passenger_lines": "1",
        "railway": "rail",
        "railway:etcs": "1",
        "tunnel": "yes",
        "usage": "main",
        "voltage": "25000",
        "wikidata": "Q513146",
        "wikipedia": "en:Ankara–Istanbul high-speed railway"
      },
      "geometry": {
        "type": "LineString",
        "coordinates": [
          [
            30.0422046,
            40.4202893
          ],
          [
            30.0435316,
            40.4217826
          ]
        ]
      },
      "id": "way/278827992"
    },
    {
      "type": "Feature",
      "properties": {
        "@id": "way/278827994",
        "electrified": "contact_line",
        "embankment": "yes",
        "frequency": "50",
        "gauge": "1435",
        "highspeed": "yes",
        "maxspeed": "250",
        "name": "Ankara - İstanbul yüksek hızlı demiryolu",
        "name:en": "Ankara - İstanbul high-speed railway",
        "operator": "TCDD",
        "passenger_lines": "1",
        "railway": "rail",
        "railway:etcs": "1",
        "usage": "main",
        "voltage": "25000",
        "wikidata": "Q513146",
        "wikipedia": "en:Ankara–Istanbul high-speed railway"
      },
      "geometry": {
        "type": "LineString",
        "coordinates": [
          [
            30.0316583,
            40.2470831
          ],
          [
            30.0316688,
            40.2450915
          ]
        ]
      },
      "id": "way/278827994"
    },
    {
      "type": "Feature",
      "properties": {
        "@id": "way/278827998",
        "electrified": "contact_line",
        "embankment": "yes",
        "frequency": "50",
        "gauge": "1435",
        "highspeed": "yes",
        "maxspeed": "250",
        "name": "Ankara - İstanbul yüksek hızlı demiryolu",
        "name:en": "Ankara - İstanbul high-speed railway",
        "operator": "TCDD",
        "passenger_lines": "1",
        "railway": "rail",
        "railway:etcs": "1",
        "usage": "main",
        "voltage": "25000",
        "wikidata": "Q513146",
        "wikipedia": "en:Ankara–Istanbul high-speed railway"
      },
      "geometry": {
        "type": "LineString",
        "coordinates": [
          [
            30.0317257,
            40.2471148
          ],
          [
            30.0317266,
            40.2450914
          ]
        ]
      },
      "id": "way/278827998"
    },
    {
      "type": "Feature",
      "properties": {
        "@id": "way/278828000",
        "electrified": "contact_line",
        "embankment": "yes",
        "frequency": "50",
        "gauge": "1435",
        "highspeed": "yes",
        "maxspeed": "250",
        "name": "Ankara - İstanbul Yüksek Hızlı Demiryolu",
        "name:en": "Ankara - İstanbul high-speed railway",
        "operator": "TCDD",
        "passenger_lines": "1",
        "railway": "rail",
        "railway:etcs": "1",
        "usage": "main",
        "voltage": "25000",
        "wikidata": "Q513146",
        "wikipedia": "en:Ankara–Istanbul high-speed railway"
      },
      "geometry": {
        "type": "LineString",
        "coordinates": [
          [
            30.0532022,
            40.2990525
          ],
          [
            30.0543538,
            40.3002552
          ],
          [
            30.055568,
            40.30142
          ]
        ]
      },
      "id": "way/278828000"
    },
    {
      "type": "Feature",
      "properties": {
        "@id": "way/278828001",
        "electrified": "contact_line",
        "frequency": "50",
        "gauge": "1435",
        "highspeed": "yes",
        "layer": "-1",
        "maxspeed": "250",
        "name": "Ankara - İstanbul yüksek hızlı demiryolu",
        "name:en": "Ankara - İstanbul high-speed railway",
        "operator": "TCDD",
        "passenger_lines": "1",
        "railway": "rail",
        "railway:etcs": "1",
        "tunnel": "yes",
        "usage": "main",
        "voltage": "25000",
        "wikidata": "Q513146",
        "wikipedia": "en:Ankara–Istanbul high-speed railway"
      },
      "geometry": {
        "type": "LineString",
        "coordinates": [
          [
            30.0318293,
            40.2117637
          ],
          [
            30.0328072,
            40.2140285
          ]
        ]
      },
      "id": "way/278828001"
    },
    {
      "type": "Feature",
      "properties": {
        "@id": "way/278828002",
        "electrified": "contact_line",
        "frequency": "50",
        "gauge": "1435",
        "highspeed": "yes",
        "maxspeed": "250",
        "name": "Ankara - İstanbul yüksek hızlı demiryolu",
        "name:en": "Ankara - İstanbul high-speed railway",
        "operator": "TCDD",
        "passenger_lines": "1",
        "railway": "rail",
        "railway:etcs": "1",
        "usage": "main",
        "voltage": "25000",
        "wikidata": "Q513146",
        "wikipedia": "en:Ankara–Istanbul high-speed railway"
      },
      "geometry": {
        "type": "LineString",
        "coordinates": [
          [
            30.0151935,
            40.1622109
          ],
          [
            30.0152046,
            40.1623404
          ]
        ]
      },
      "id": "way/278828002"
    },
    {
      "type": "Feature",
      "properties": {
        "@id": "way/278828004",
        "electrified": "contact_line",
        "frequency": "50",
        "gauge": "1435",
        "highspeed": "yes",
        "maxspeed": "250",
        "name": "Ankara - İstanbul yüksek hızlı demiryolu",
        "name:en": "Ankara - İstanbul high-speed railway",
        "operator": "TCDD",
        "passenger_lines": "1",
        "railway": "rail",
        "railway:etcs": "1",
        "usage": "main",
        "voltage": "25000",
        "wikidata": "Q513146",
        "wikipedia": "en:Ankara–Istanbul high-speed railway"
      },
      "geometry": {
        "type": "LineString",
        "coordinates": [
          [
            30.0627052,
            40.3343946
          ],
          [
            30.0625599,
            40.3347698
          ]
        ]
      },
      "id": "way/278828004"
    },
    {
      "type": "Feature",
      "properties": {
        "@id": "way/278828006",
        "electrified": "contact_line",
        "frequency": "50",
        "gauge": "1435",
        "highspeed": "yes",
        "maxspeed": "250",
        "name": "Ankara - İstanbul yüksek hızlı demiryolu",
        "name:en": "Ankara - İstanbul high-speed railway",
        "operator": "TCDD",
        "passenger_lines": "1",
        "railway": "rail",
        "railway:etcs": "1",
        "usage": "main",
        "voltage": "25000",
        "wikidata": "Q513146",
        "wikipedia": "en:Ankara–Istanbul high-speed railway"
      },
      "geometry": {
        "type": "LineString",
        "coordinates": [
          [
            30.0624996,
            40.3347558
          ],
          [
            30.0626473,
            40.3343843
          ]
        ]
      },
      "id": "way/278828006"
    },
    {
      "type": "Feature",
      "properties": {
        "@id": "way/278828007",
        "cutting": "yes",
        "electrified": "contact_line",
        "frequency": "50",
        "gauge": "1435",
        "highspeed": "yes",
        "maxspeed": "250",
        "name": "Ankara - İstanbul yüksek hızlı demiryolu",
        "name:en": "Ankara - İstanbul high-speed railway",
        "operator": "TCDD",
        "passenger_lines": "1",
        "railway": "rail",
        "railway:etcs": "1",
        "usage": "main",
        "voltage": "25000",
        "wikidata": "Q513146",
        "wikipedia": "en:Ankara–Istanbul high-speed railway"
      },
      "geometry": {
        "type": "LineString",
        "coordinates": [
          [
            30.0329726,
            40.2145931
          ],
          [
            30.0327587,
            40.2140455
          ]
        ]
      },
      "id": "way/278828007"
    },
    {
      "type": "Feature",
      "properties": {
        "@id": "way/278828008",
        "electrified": "contact_line",
        "frequency": "50",
        "gauge": "1435",
        "highspeed": "yes",
        "maxspeed": "250",
        "name": "Ankara - İstanbul yüksek hızlı demiryolu",
        "name:en": "Ankara - İstanbul high-speed railway",
        "operator": "TCDD",
        "passenger_lines": "1",
        "railway": "rail",
        "railway:etcs": "1",
        "usage": "main",
        "voltage": "25000",
        "wikidata": "Q513146",
        "wikipedia": "en:Ankara–Istanbul high-speed railway"
      },
      "geometry": {
        "type": "LineString",
        "coordinates": [
          [
            30.0147796,
            40.1563762
          ],
          [
            30.0147726,
            40.1562068
          ]
        ]
      },
      "id": "way/278828008"
    },
    {
      "type": "Feature",
      "properties": {
        "@id": "way/278828010",
        "electrified": "contact_line",
        "frequency": "50",
        "gauge": "1435",
        "highspeed": "yes",
        "layer": "-1",
        "maxspeed": "250",
        "name": "Ankara - İstanbul yüksek hızlı demiryolu",
        "name:en": "Ankara - İstanbul high-speed railway",
        "operator": "TCDD",
        "passenger_lines": "1",
        "railway": "rail",
        "railway:etcs": "1",
        "tunnel": "yes",
        "usage": "main",
        "voltage": "25000",
        "wikidata": "Q513146",
        "wikipedia": "en:Ankara–Istanbul high-speed railway"
      },
      "geometry": {
        "type": "LineString",
        "coordinates": [
          [
            30.0100788,
            40.0930377
          ],
          [
            30.0081915,
            40.0955881
          ],
          [
            30.0065429,
            40.0980165
          ],
          [
            30.0063362,
            40.0983531
          ],
          [
            30.0048057,
            40.1012318
          ],
          [
            30.00354,
            40.1039017
          ],
          [
            30.003018,
            40.1053293
          ],
          [
            30.0025414,
            40.1069919
          ]
        ]
      },
      "id": "way/278828010"
    },
    {
      "type": "Feature",
      "properties": {
        "@id": "way/278828014",
        "electrified": "contact_line",
        "embankment": "yes",
        "frequency": "50",
        "gauge": "1435",
        "highspeed": "yes",
        "maxspeed": "250",
        "name": "Ankara - İstanbul yüksek hızlı demiryolu",
        "name:en": "Ankara - İstanbul high-speed railway",
        "operator": "TCDD",
        "passenger_lines": "1",
        "railway": "rail",
        "railway:etcs": "1",
        "usage": "main",
        "voltage": "25000",
        "wikidata": "Q513146",
        "wikipedia": "en:Ankara–Istanbul high-speed railway"
      },
      "geometry": {
        "type": "LineString",
        "coordinates": [
          [
            30.0368282,
            40.4145789
          ],
          [
            30.0387602,
            40.4166037
          ]
        ]
      },
      "id": "way/278828014"
    },
    {
      "type": "Feature",
      "properties": {
        "@id": "way/278828016",
        "electrified": "contact_line",
        "embankment": "yes",
        "frequency": "50",
        "gauge": "1435",
        "highspeed": "yes",
        "maxspeed": "250",
        "name": "Ankara - İstanbul Yüksek Hızlı Demiryolu",
        "name:en": "Ankara - İstanbul high-speed railway",
        "operator": "TCDD",
        "passenger_lines": "1",
        "railway": "rail",
        "railway:etcs": "1",
        "usage": "main",
        "voltage": "25000",
        "wikidata": "Q513146",
        "wikipedia": "en:Ankara–Istanbul high-speed railway"
      },
      "geometry": {
        "type": "LineString",
        "coordinates": [
          [
            30.0555367,
            40.301451
          ],
          [
            30.0543136,
            40.3002761
          ],
          [
            30.0531577,
            40.2990733
          ]
        ]
      },
      "id": "way/278828016"
    },
    {
      "type": "Feature",
      "properties": {
        "@id": "way/278828018",
        "bridge": "yes",
        "electrified": "contact_line",
        "frequency": "50",
        "gauge": "1435",
        "highspeed": "yes",
        "layer": "1",
        "maxspeed": "250",
        "name": "Ankara - İstanbul yüksek hızlı demiryolu",
        "name:en": "Ankara - İstanbul high-speed railway",
        "operator": "TCDD",
        "passenger_lines": "1",
        "railway": "rail",
        "railway:etcs": "1",
        "usage": "main",
        "voltage": "25000",
        "wikidata": "Q513146",
        "wikipedia": "en:Ankara–Istanbul high-speed railway"
      },
      "geometry": {
        "type": "LineString",
        "coordinates": [
          [
            30.0531888,
            40.4579016
          ],
          [
            30.0532157,
            40.4581326
          ]
        ]
      },
      "id": "way/278828018"
    },
    {
      "type": "Feature",
      "properties": {
        "@id": "way/278828019",
        "electrified": "contact_line",
        "frequency": "50",
        "gauge": "1435",
        "highspeed": "yes",
        "maxspeed": "250",
        "name": "Ankara - İstanbul yüksek hızlı demiryolu",
        "name:en": "Ankara - İstanbul high-speed railway",
        "operator": "TCDD",
        "passenger_lines": "1",
        "railway": "rail",
        "railway:etcs": "1",
        "usage": "main",
        "voltage": "25000",
        "wikidata": "Q513146",
        "wikipedia": "en:Ankara–Istanbul high-speed railway"
      },
      "geometry": {
        "type": "LineString",
        "coordinates": [
          [
            30.002389,
            40.107508
          ],
          [
            30.0024871,
            40.1069878
          ]
        ]
      },
      "id": "way/278828019"
    },
    {
      "type": "Feature",
      "properties": {
        "@id": "way/278828020",
        "cutting": "yes",
        "electrified": "contact_line",
        "frequency": "50",
        "gauge": "1435",
        "highspeed": "yes",
        "maxspeed": "250",
        "name": "Ankara - İstanbul yüksek hızlı demiryolu",
        "name:en": "Ankara - İstanbul high-speed railway",
        "operator": "TCDD",
        "passenger_lines": "1",
        "railway": "rail",
        "railway:etcs": "1",
        "usage": "main",
        "voltage": "25000",
        "wikidata": "Q513146",
        "wikipedia": "en:Ankara–Istanbul high-speed railway"
      },
      "geometry": {
        "type": "LineString",
        "coordinates": [
          [
            30.0410254,
            40.4190275
          ],
          [
            30.0422046,
            40.4202893
          ]
        ]
      },
      "id": "way/278828020"
    },
    {
      "type": "Feature",
      "properties": {
        "@id": "way/278828021",
        "bridge": "yes",
        "electrified": "contact_line",
        "frequency": "50",
        "gauge": "1435",
        "highspeed": "yes",
        "layer": "1",
        "maxspeed": "250",
        "name": "Ankara - İstanbul yüksek hızlı demiryolu",
        "name:en": "Ankara - İstanbul high-speed railway",
        "operator": "TCDD",
        "passenger_lines": "1",
        "railway": "rail",
        "railway:etcs": "1",
        "usage": "main",
        "voltage": "25000",
        "wikidata": "Q513146",
        "wikipedia": "en:Ankara–Istanbul high-speed railway"
      },
      "geometry": {
        "type": "LineString",
        "coordinates": [
          [
            30.0316767,
            40.248975
          ],
          [
            30.0316583,
            40.2470831
          ]
        ]
      },
      "id": "way/278828021"
    },
    {
      "type": "Feature",
      "properties": {
        "@id": "way/278828022",
        "cutting": "yes",
        "electrified": "contact_line",
        "frequency": "50",
        "gauge": "1435",
        "highspeed": "yes",
        "maxspeed": "250",
        "name": "Ankara - İstanbul yüksek hızlı demiryolu",
        "name:en": "Ankara - İstanbul high-speed railway",
        "operator": "TCDD",
        "passenger_lines": "1",
        "railway": "rail",
        "railway:etcs": "1",
        "usage": "main",
        "voltage": "25000",
        "wikidata": "Q513146",
        "wikipedia": "en:Ankara–Istanbul high-speed railway"
      },
      "geometry": {
        "type": "LineString",
        "coordinates": [
          [
            30.0328072,
            40.2140285
          ],
          [
            30.0330244,
            40.214573
          ]
        ]
      },
      "id": "way/278828022"
    },
    {
      "type": "Feature",
      "properties": {
        "@id": "way/278828023",
        "bridge": "yes",
        "electrified": "contact_line",
        "frequency": "50",
        "gauge": "1435",
        "highspeed": "yes",
        "layer": "1",
        "maxspeed": "250",
        "name": "Ankara - İstanbul yüksek hızlı demiryolu",
        "name:en": "Ankara - İstanbul high-speed railway",
        "operator": "TCDD",
        "passenger_lines": "1",
        "railway": "rail",
        "railway:etcs": "1",
        "usage": "main",
        "voltage": "25000",
        "wikidata": "Q513146",
        "wikipedia": "en:Ankara–Istanbul high-speed railway"
      },
      "geometry": {
        "type": "LineString",
        "coordinates": [
          [
            30.0520458,
            40.2979268
          ],
          [
            30.0532022,
            40.2990525
          ]
        ]
      },
      "id": "way/278828023"
    },
    {
      "type": "Feature",
      "properties": {
        "@id": "way/278828024",
        "electrified": "contact_line",
        "frequency": "50",
        "gauge": "1435",
        "highspeed": "yes",
        "layer": "-1",
        "maxspeed": "250",
        "name": "Ankara - İstanbul yüksek hızlı demiryolu",
        "name:en": "Ankara - İstanbul high-speed railway",
        "operator": "TCDD",
        "passenger_lines": "1",
        "railway": "rail",
        "railway:etcs": "1",
        "tunnel": "yes",
        "usage": "main",
        "voltage": "25000",
        "wikidata": "Q513146",
        "wikipedia": "en:Ankara–Istanbul high-speed railway"
      },
      "geometry": {
        "type": "LineString",
        "coordinates": [
          [
            30.0024871,
            40.1069878
          ],
          [
            30.0029459,
            40.1053286
          ],
          [
            30.0034699,
            40.1038908
          ],
          [
            30.0047327,
            40.1012193
          ],
          [
            30.0062599,
            40.0983294
          ],
          [
            30.0064696,
            40.097988
          ],
          [
            30.0081293,
            40.0955654
          ],
          [
            30.0100138,
            40.0930179
          ]
        ]
      },
      "id": "way/278828024"
    },
    {
      "type": "Feature",
      "properties": {
        "@id": "way/278828026",
        "electrified": "contact_line",
        "frequency": "50",
        "gauge": "1435",
        "highspeed": "yes",
        "layer": "-1",
        "maxspeed": "250",
        "name": "Ankara - İstanbul yüksek hızlı demiryolu",
        "name:en": "Ankara - İstanbul high-speed railway",
        "operator": "TCDD",
        "passenger_lines": "1",
        "railway": "rail",
        "railway:etcs": "1",
        "tunnel": "yes",
        "usage": "main",
        "voltage": "25000",
        "wikidata": "Q513146",
        "wikipedia": "en:Ankara–Istanbul high-speed railway"
      },
      "geometry": {
        "type": "LineString",
        "coordinates": [
          [
            30.0327587,
            40.2140455
          ],
          [
            30.0317681,
            40.2117848
          ]
        ]
      },
      "id": "way/278828026"
    },
    {
      "type": "Feature",
      "properties": {
        "@id": "way/278828027",
        "bridge": "yes",
        "electrified": "contact_line",
        "frequency": "50",
        "gauge": "1435",
        "highspeed": "yes",
        "layer": "1",
        "maxspeed": "250",
        "name": "Ankara - İstanbul yüksek hızlı demiryolu",
        "name:en": "Ankara - İstanbul high-speed railway",
        "operator": "TCDD",
        "passenger_lines": "1",
        "railway": "rail",
        "railway:etcs": "1",
        "usage": "main",
        "voltage": "25000",
        "wikidata": "Q513146",
        "wikipedia": "en:Ankara–Istanbul high-speed railway"
      },
      "geometry": {
        "type": "LineString",
        "coordinates": [
          [
            30.0281426,
            40.2036173
          ],
          [
            30.0286996,
            40.2048872
          ],
          [
            30.0294084,
            40.2065041
          ],
          [
            30.0302019,
            40.2082603
          ],
          [
            30.0308044,
            40.2095186
          ]
        ]
      },
      "id": "way/278828027"
    },
    {
      "type": "Feature",
      "properties": {
        "@id": "way/278828029",
        "electrified": "contact_line",
        "frequency": "50",
        "gauge": "1435",
        "highspeed": "yes",
        "maxspeed": "250",
        "name": "Ankara - İstanbul yüksek hızlı demiryolu",
        "name:en": "Ankara - İstanbul high-speed railway",
        "operator": "TCDD",
        "passenger_lines": "1",
        "railway": "rail",
        "railway:etcs": "1",
        "usage": "main",
        "voltage": "25000",
        "wikidata": "Q513146",
        "wikipedia": "en:Ankara–Istanbul high-speed railway"
      },
      "geometry": {
        "type": "LineString",
        "coordinates": [
          [
            30.0625599,
            40.3347698
          ],
          [
            30.0621584,
            40.3357834
          ],
          [
            30.061693,
            40.3367679
          ],
          [
            30.0611955,
            40.3377646
          ],
          [
            30.0607004,
            40.3386846
          ],
          [
            30.0596162,
            40.3405024
          ]
        ]
      },
      "id": "way/278828029"
    },
    {
      "type": "Feature",
      "properties": {
        "@id": "way/278828030",
        "electrified": "contact_line",
        "frequency": "50",
        "gauge": "1435",
        "highspeed": "yes",
        "maxspeed": "250",
        "name": "Ankara - İstanbul yüksek hızlı demiryolu",
        "name:en": "Ankara - İstanbul high-speed railway",
        "operator": "TCDD",
        "passenger_lines": "1",
        "railway": "rail",
        "railway:etcs": "1",
        "usage": "main",
        "voltage": "25000",
        "wikidata": "Q513146",
        "wikipedia": "en:Ankara–Istanbul high-speed railway"
      },
      "geometry": {
        "type": "LineString",
        "coordinates": [
          [
            30.0595646,
            40.3404883
          ],
          [
            30.0606363,
            40.3386804
          ],
          [
            30.0611325,
            40.3377554
          ],
          [
            30.0616407,
            40.3367362
          ],
          [
            30.0620914,
            40.3357691
          ],
          [
            30.0624996,
            40.3347558
          ]
        ]
      },
      "id": "way/278828030"
    },
    {
      "type": "Feature",
      "properties": {
        "@id": "way/278828031",
        "electrified": "contact_line",
        "embankment": "yes",
        "frequency": "50",
        "gauge": "1435",
        "highspeed": "yes",
        "maxspeed": "250",
        "name": "Ankara - İstanbul yüksek hızlı demiryolu",
        "name:en": "Ankara - İstanbul high-speed railway",
        "operator": "TCDD",
        "passenger_lines": "1",
        "railway": "rail",
        "railway:etcs": "1",
        "usage": "main",
        "voltage": "25000",
        "wikidata": "Q513146",
        "wikipedia": "en:Ankara–Istanbul high-speed railway"
      },
      "geometry": {
        "type": "LineString",
        "coordinates": [
          [
            30.0435316,
            40.4217826
          ],
          [
            30.0449426,
            40.4234418
          ]
        ]
      },
      "id": "way/278828031"
    },
    {
      "type": "Feature",
      "properties": {
        "@id": "way/278828032",
        "electrified": "contact_line",
        "frequency": "50",
        "gauge": "1435",
        "highspeed": "yes",
        "layer": "-1",
        "maxspeed": "250",
        "name": "Ankara - İstanbul yüksek hızlı demiryolu",
        "name:en": "Ankara - İstanbul high-speed railway",
        "operator": "TCDD",
        "passenger_lines": "1",
        "railway": "rail",
        "railway:etcs": "1",
        "tunnel": "yes",
        "usage": "main",
        "voltage": "25000",
        "wikidata": "Q513146",
        "wikipedia": "en:Ankara–Istanbul high-speed railway"
      },
      "geometry": {
        "type": "LineString",
        "coordinates": [
          [
            30.0316741,
            40.2440931
          ],
          [
            30.0316709,
            40.2402918
          ],
          [
            30.0317282,
            40.2393757
          ]
        ]
      },
      "id": "way/278828032"
    },
    {
      "type": "Feature",
      "properties": {
        "@id": "way/278828033",
        "bridge": "yes",
        "electrified": "contact_line",
        "frequency": "50",
        "gauge": "1435",
        "highspeed": "yes",
        "layer": "1",
        "maxspeed": "250",
        "name": "Ankara - İstanbul yüksek hızlı demiryolu",
        "name:en": "Ankara - İstanbul high-speed railway",
        "operator": "TCDD",
        "passenger_lines": "1",
        "railway": "rail",
        "railway:etcs": "1",
        "usage": "main",
        "voltage": "25000",
        "wikidata": "Q513146",
        "wikipedia": "en:Ankara–Istanbul high-speed railway"
      },
      "geometry": {
        "type": "LineString",
        "coordinates": [
          [
            30.0153324,
            40.1644468
          ],
          [
            30.0154035,
            40.1659994
          ],
          [
            30.0155128,
            40.1673859
          ]
        ]
      },
      "id": "way/278828033"
    },
    {
      "type": "Feature",
      "properties": {
        "@id": "way/278828034",
        "bridge": "yes",
        "electrified": "contact_line",
        "frequency": "50",
        "gauge": "1435",
        "highspeed": "yes",
        "layer": "1",
        "maxspeed": "250",
        "name": "Ankara - İstanbul yüksek hızlı demiryolu",
        "name:en": "Ankara - İstanbul high-speed railway",
        "operator": "TCDD",
        "passenger_lines": "1",
        "railway": "rail",
        "railway:etcs": "1",
        "usage": "main",
        "voltage": "25000",
        "wikidata": "Q513146",
        "wikipedia": "en:Ankara–Istanbul high-speed railway"
      },
      "geometry": {
        "type": "LineString",
        "coordinates": [
          [
            30.0307547,
            40.2095574
          ],
          [
            30.0301602,
            40.2082903
          ],
          [
            30.0293672,
            40.2065319
          ],
          [
            30.028664,
            40.2049042
          ],
          [
            30.0280896,
            40.2036289
          ]
        ]
      },
      "id": "way/278828034"
    },
    {
      "type": "Feature",
      "properties": {
        "@id": "way/278828035",
        "electrified": "contact_line",
        "frequency": "50",
        "gauge": "1435",
        "highspeed": "yes",
        "layer": "-1",
        "maxspeed": "250",
        "name": "Ankara - İstanbul yüksek hızlı demiryolu",
        "name:en": "Ankara - İstanbul high-speed railway",
        "operator": "TCDD",
        "passenger_lines": "1",
        "railway": "rail",
        "railway:etcs": "1",
        "tunnel": "yes",
        "usage": "main",
        "voltage": "25000",
        "wikidata": "Q513146",
        "wikipedia": "en:Ankara–Istanbul high-speed railway"
      },
      "geometry": {
        "type": "LineString",
        "coordinates": [
          [
            30.0317871,
            40.2393795
          ],
          [
            30.0317276,
            40.2402669
          ],
          [
            30.031727,
            40.2441021
          ]
        ]
      },
      "id": "way/278828035"
    },
    {
      "type": "Feature",
      "properties": {
        "@id": "way/278828036",
        "bridge": "yes",
        "electrified": "contact_line",
        "frequency": "50",
        "gauge": "1435",
        "highspeed": "yes",
        "layer": "1",
        "maxspeed": "250",
        "name": "Ankara - İstanbul yüksek hızlı demiryolu",
        "name:en": "Ankara - İstanbul high-speed railway",
        "operator": "TCDD",
        "passenger_lines": "1",
        "railway": "rail",
        "railway:etcs": "1",
        "usage": "main",
        "voltage": "25000",
        "wikidata": "Q513146",
        "wikipedia": "en:Ankara–Istanbul high-speed railway"
      },
      "geometry": {
        "type": "LineString",
        "coordinates": [
          [
            30.0154435,
            40.1673941
          ],
          [
            30.0153391,
            40.1659379
          ],
          [
            30.0152546,
            40.164455
          ]
        ]
      },
      "id": "way/278828036"
    },
    {
      "type": "Feature",
      "properties": {
        "@id": "way/278828037",
        "electrified": "contact_line",
        "frequency": "50",
        "gauge": "1435",
        "highspeed": "yes",
        "maxspeed": "250",
        "name": "Ankara - İstanbul yüksek hızlı demiryolu",
        "name:en": "Ankara - İstanbul high-speed railway",
        "operator": "TCDD",
        "passenger_lines": "1",
        "railway": "rail",
        "railway:etcs": "1",
        "usage": "main",
        "voltage": "25000",
        "wikidata": "Q513146",
        "wikipedia": "en:Ankara–Istanbul high-speed railway"
      },
      "geometry": {
        "type": "LineString",
        "coordinates": [
          [
            30.0501627,
            40.4358139
          ],
          [
            30.0504275,
            40.4377326
          ],
          [
            30.050817,
            40.4408337
          ],
          [
            30.0512584,
            40.4443152
          ],
          [
            30.0514025,
            40.4453729
          ],
          [
            30.0516569,
            40.4474735
          ],
          [
            30.0531888,
            40.4579016
          ]
        ]
      },
      "id": "way/278828037"
    },
    {
      "type": "Feature",
      "properties": {
        "@id": "way/278828038",
        "bridge": "yes",
        "electrified": "contact_line",
        "frequency": "50",
        "gauge": "1435",
        "highspeed": "yes",
        "layer": "1",
        "maxspeed": "250",
        "name": "Ankara - İstanbul yüksek hızlı demiryolu",
        "name:en": "Ankara - İstanbul high-speed railway",
        "operator": "TCDD",
        "passenger_lines": "1",
        "railway": "rail",
        "railway:etcs": "1",
        "usage": "main",
        "voltage": "25000",
        "wikidata": "Q513146",
        "wikipedia": "en:Ankara–Istanbul high-speed railway"
      },
      "geometry": {
        "type": "LineString",
        "coordinates": [
          [
            30.0596162,
            40.3405024
          ],
          [
            30.0582994,
            40.3425517
          ]
        ]
      },
      "id": "way/278828038"
    },
    {
      "type": "Feature",
      "properties": {
        "@id": "way/278828039",
        "bridge": "yes",
        "electrified": "contact_line",
        "frequency": "50",
        "gauge": "1435",
        "highspeed": "yes",
        "layer": "1",
        "maxspeed": "250",
        "name": "Ankara - İstanbul yüksek hızlı demiryolu",
        "name:en": "Ankara - İstanbul high-speed railway",
        "operator": "TCDD",
        "passenger_lines": "1",
        "railway": "rail",
        "railway:etcs": "1",
        "usage": "main",
        "voltage": "25000",
        "wikidata": "Q513146",
        "wikipedia": "en:Ankara–Istanbul high-speed railway"
      },
      "geometry": {
        "type": "LineString",
        "coordinates": [
          [
            30.0582613,
            40.3425323
          ],
          [
            30.0595646,
            40.3404883
          ]
        ]
      },
      "id": "way/278828039"
    },
    {
      "type": "Feature",
      "properties": {
        "@id": "way/278828045",
        "bridge": "yes",
        "electrified": "contact_line",
        "frequency": "50",
        "gauge": "1435",
        "highspeed": "yes",
        "layer": "1",
        "maxspeed": "250",
        "name": "Ankara - İstanbul yüksek hızlı demiryolu",
        "name:en": "Ankara - İstanbul high-speed railway",
        "operator": "TCDD",
        "passenger_lines": "1",
        "railway": "rail",
        "railway:etcs": "1",
        "usage": "main",
        "voltage": "25000",
        "wikidata": "Q513146",
        "wikipedia": "en:Ankara–Istanbul high-speed railway"
      },
      "geometry": {
        "type": "LineString",
        "coordinates": [
          [
            30.0024369,
            40.1075177
          ],
          [
            30.0019473,
            40.1131544
          ],
          [
            30.0019909,
            40.1142898
          ],
          [
            30.0021301,
            40.1172767
          ],
          [
            30.0023023,
            40.1186403
          ],
          [
            30.0026234,
            40.1202
          ],
          [
            30.0028396,
            40.1210752
          ],
          [
            30.0042092,
            40.1250686
          ]
        ]
      },
      "id": "way/278828045"
    },
    {
      "type": "Feature",
      "properties": {
        "@id": "way/278828047",
        "electrified": "contact_line",
        "embankment": "yes",
        "frequency": "50",
        "gauge": "1435",
        "highspeed": "yes",
        "maxspeed": "250",
        "name": "Ankara - İstanbul yüksek hızlı demiryolu",
        "name:en": "Ankara - İstanbul high-speed railway",
        "operator": "TCDD",
        "passenger_lines": "1",
        "railway": "rail",
        "railway:etcs": "1",
        "usage": "main",
        "voltage": "25000",
        "wikidata": "Q513146",
        "wikipedia": "en:Ankara–Istanbul high-speed railway"
      },
      "geometry": {
        "type": "LineString",
        "coordinates": [
          [
            30.0520033,
            40.2979578
          ],
          [
            30.0491507,
            40.2951068
          ],
          [
            30.0486477,
            40.2946354
          ],
          [
            30.0477777,
            40.2936985
          ]
        ]
      },
      "id": "way/278828047"
    },
    {
      "type": "Feature",
      "properties": {
        "@id": "way/278828048",
        "bridge": "yes",
        "electrified": "contact_line",
        "frequency": "50",
        "gauge": "1435",
        "highspeed": "yes",
        "layer": "1",
        "maxspeed": "250",
        "name": "Ankara - İstanbul Yüksek Hızlı Demiryolu",
        "name:en": "Ankara - İstanbul high-speed railway",
        "operator": "TCDD",
        "passenger_lines": "1",
        "railway": "rail",
        "railway:etcs": "1",
        "usage": "main",
        "voltage": "25000",
        "wikidata": "Q513146",
        "wikipedia": "en:Ankara–Istanbul high-speed railway"
      },
      "geometry": {
        "type": "LineString",
        "coordinates": [
          [
            30.055568,
            40.30142
          ],
          [
            30.0561725,
            40.302126
          ],
          [
            30.0573241,
            40.303454
          ],
          [
            30.058146,
            40.3044859
          ],
          [
            30.0594065,
            40.3063611
          ],
          [
            30.0605905,
            40.3082639
          ]
        ]
      },
      "id": "way/278828048"
    },
    {
      "type": "Feature",
      "properties": {
        "@id": "way/278828053",
        "bridge": "yes",
        "electrified": "contact_line",
        "frequency": "50",
        "gauge": "1435",
        "highspeed": "yes",
        "layer": "1",
        "maxspeed": "250",
        "name": "Ankara - İstanbul Yüksek Hızlı Demiryolu",
        "name:en": "Ankara - İstanbul high-speed railway",
        "operator": "TCDD",
        "passenger_lines": "1",
        "railway": "rail",
        "railway:etcs": "1",
        "usage": "main",
        "voltage": "25000",
        "wikidata": "Q513146",
        "wikipedia": "en:Ankara–Istanbul high-speed railway"
      },
      "geometry": {
        "type": "LineString",
        "coordinates": [
          [
            30.0605498,
            40.3082836
          ],
          [
            30.0593609,
            40.3063856
          ],
          [
            30.0581167,
            40.3045199
          ],
          [
            30.0572781,
            40.3034678
          ],
          [
            30.0561323,
            40.3021537
          ],
          [
            30.0555367,
            40.301451
          ]
        ]
      },
      "id": "way/278828053"
    },
    {
      "type": "Feature",
      "properties": {
        "@id": "way/278828060",
        "electrified": "contact_line",
        "embankment": "yes",
        "frequency": "50",
        "gauge": "1435",
        "highspeed": "yes",
        "maxspeed": "250",
        "name": "Ankara - İstanbul yüksek hızlı demiryolu",
        "name:en": "Ankara - İstanbul high-speed railway",
        "operator": "TCDD",
        "passenger_lines": "1",
        "railway": "rail",
        "railway:etcs": "1",
        "usage": "main",
        "voltage": "25000",
        "wikidata": "Q513146",
        "wikipedia": "en:Ankara–Istanbul high-speed railway"
      },
      "geometry": {
        "type": "LineString",
        "coordinates": [
          [
            30.0478195,
            40.2936698
          ],
          [
            30.0486902,
            40.2946124
          ],
          [
            30.0491838,
            40.2950766
          ],
          [
            30.0520458,
            40.2979268
          ]
        ]
      },
      "id": "way/278828060"
    },
    {
      "type": "Feature",
      "properties": {
        "@id": "way/278828062",
        "electrified": "contact_line",
        "frequency": "50",
        "gauge": "1435",
        "highspeed": "yes",
        "layer": "-1",
        "maxspeed": "250",
        "name": "Ankara - İstanbul yüksek hızlı demiryolu",
        "name:en": "Ankara - İstanbul high-speed railway",
        "operator": "TCDD",
        "passenger_lines": "1",
        "railway": "rail",
        "railway:etcs": "1",
        "tunnel": "yes",
        "usage": "main",
        "voltage": "25000",
        "wikidata": "Q513146",
        "wikipedia": "en:Ankara–Istanbul high-speed railway"
      },
      "geometry": {
        "type": "LineString",
        "coordinates": [
          [
            30.0645005,
            40.3254143
          ],
          [
            30.0646663,
            40.3238781
          ],
          [
            30.0647199,
            40.3225161
          ],
          [
            30.0644631,
            40.3198868
          ],
          [
            30.0640333,
            40.3178371
          ],
          [
            30.0632725,
            40.3151307
          ],
          [
            30.0627994,
            40.3133459
          ],
          [
            30.0619948,
            40.3111861
          ],
          [
            30.0609685,
            40.3092718
          ]
        ]
      },
      "id": "way/278828062"
    },
    {
      "type": "Feature",
      "properties": {
        "@id": "way/278828065",
        "electrified": "contact_line",
        "frequency": "50",
        "gauge": "1435",
        "highspeed": "yes",
        "maxspeed": "250",
        "name": "Ankara - İstanbul yüksek hızlı demiryolu",
        "name:en": "Ankara - İstanbul high-speed railway",
        "operator": "TCDD",
        "passenger_lines": "1",
        "railway": "rail",
        "railway:etcs": "1",
        "usage": "main",
        "voltage": "25000",
        "wikidata": "Q513146",
        "wikipedia": "en:Ankara–Istanbul high-speed railway"
      },
      "geometry": {
        "type": "LineString",
        "coordinates": [
          [
            30.0317156,
            40.2560625
          ],
          [
            30.0317058,
            40.2552781
          ]
        ]
      },
      "id": "way/278828065"
    },
    {
      "type": "Feature",
      "properties": {
        "@id": "way/278828067",
        "bridge": "yes",
        "electrified": "contact_line",
        "frequency": "50",
        "gauge": "1435",
        "highspeed": "yes",
        "layer": "1",
        "maxspeed": "250",
        "name": "Ankara - İstanbul yüksek hızlı demiryolu",
        "name:en": "Ankara - İstanbul high-speed railway",
        "operator": "TCDD",
        "passenger_lines": "1",
        "railway": "rail",
        "railway:etcs": "1",
        "usage": "main",
        "voltage": "25000",
        "wikidata": "Q513146",
        "wikipedia": "en:Ankara–Istanbul high-speed railway"
      },
      "geometry": {
        "type": "LineString",
        "coordinates": [
          [
            30.0148328,
            40.1563758
          ],
          [
            30.0148861,
            40.1574015
          ],
          [
            30.014999,
            40.1593011
          ],
          [
            30.0150422,
            40.1599355
          ],
          [
            30.0151358,
            40.1615685
          ],
          [
            30.0151935,
            40.1622109
          ]
        ]
      },
      "id": "way/278828067"
    },
    {
      "type": "Feature",
      "properties": {
        "@id": "way/278828069",
        "electrified": "contact_line",
        "frequency": "50",
        "gauge": "1435",
        "highspeed": "yes",
        "maxspeed": "250",
        "name": "Ankara - İstanbul yüksek hızlı demiryolu",
        "name:en": "Ankara - İstanbul high-speed railway",
        "operator": "TCDD",
        "passenger_lines": "1",
        "railway": "rail",
        "railway:etcs": "1",
        "usage": "main",
        "voltage": "25000",
        "wikidata": "Q513146",
        "wikipedia": "en:Ankara–Istanbul high-speed railway"
      },
      "geometry": {
        "type": "LineString",
        "coordinates": [
          [
            30.0317282,
            40.248992
          ],
          [
            30.0317311,
            40.2514147
          ]
        ]
      },
      "id": "way/278828069"
    },
    {
      "type": "Feature",
      "properties": {
        "@id": "way/278828070",
        "bridge": "yes",
        "electrified": "contact_line",
        "frequency": "50",
        "gauge": "1435",
        "highspeed": "yes",
        "layer": "1",
        "maxspeed": "250",
        "name": "Ankara - İstanbul yüksek hızlı demiryolu",
        "name:en": "Ankara - İstanbul high-speed railway",
        "operator": "TCDD",
        "passenger_lines": "1",
        "railway": "rail",
        "railway:etcs": "1",
        "usage": "main",
        "voltage": "25000",
        "wikidata": "Q513146",
        "wikipedia": "en:Ankara–Istanbul high-speed railway"
      },
      "geometry": {
        "type": "LineString",
        "coordinates": [
          [
            30.0151318,
            40.1621994
          ],
          [
            30.0150856,
            40.1615536
          ],
          [
            30.014981,
            40.159919
          ],
          [
            30.0149437,
            40.159292
          ],
          [
            30.0148217,
            40.1573539
          ],
          [
            30.0147796,
            40.1563762
          ]
        ]
      },
      "id": "way/278828070"
    },
    {
      "type": "Feature",
      "properties": {
        "@id": "way/278828072",
        "electrified": "contact_line",
        "frequency": "50",
        "gauge": "1435",
        "highspeed": "yes",
        "maxspeed": "250",
        "name": "Ankara - İstanbul yüksek hızlı demiryolu",
        "name:en": "Ankara - İstanbul high-speed railway",
        "operator": "TCDD",
        "passenger_lines": "1",
        "railway": "rail",
        "railway:etcs": "1",
        "usage": "main",
        "voltage": "25000",
        "wikidata": "Q513146",
        "wikipedia": "en:Ankara–Istanbul high-speed railway"
      },
      "geometry": {
        "type": "LineString",
        "coordinates": [
          [
            30.0119057,
            40.1408976
          ],
          [
            30.0114063,
            40.1398337
          ],
          [
            30.0107383,
            40.1384748
          ],
          [
            30.0077744,
            40.1325545
          ],
          [
            30.0071381,
            40.1312864
          ],
          [
            30.0060051,
            40.1290112
          ],
          [
            30.0047451,
            40.1264558
          ],
          [
            30.0041456,
            40.125077
          ]
        ]
      },
      "id": "way/278828072"
    },
    {
      "type": "Feature",
      "properties": {
        "@id": "way/278828073",
        "electrified": "contact_line",
        "frequency": "50",
        "gauge": "1435",
        "highspeed": "yes",
        "maxspeed": "250",
        "name": "Ankara - İstanbul yüksek hızlı demiryolu",
        "name:en": "Ankara - İstanbul high-speed railway",
        "operator": "TCDD",
        "passenger_lines": "1",
        "railway": "rail",
        "railway:etcs": "1",
        "usage": "main",
        "voltage": "25000",
        "wikidata": "Q513146",
        "wikipedia": "en:Ankara–Istanbul high-speed railway"
      },
      "geometry": {
        "type": "LineString",
        "coordinates": [
          [
            30.0042092,
            40.1250686
          ],
          [
            30.0048022,
            40.1264379
          ],
          [
            30.0060618,
            40.1290038
          ],
          [
            30.0071701,
            40.1312367
          ],
          [
            30.0078052,
            40.1325193
          ],
          [
            30.0107757,
            40.1384624
          ],
          [
            30.0114632,
            40.1398273
          ],
          [
            30.0119606,
            40.1408772
          ]
        ]
      },
      "id": "way/278828073"
    },
    {
      "type": "Feature",
      "properties": {
        "@id": "way/278828074",
        "cutting": "yes",
        "electrified": "contact_line",
        "frequency": "50",
        "gauge": "1435",
        "highspeed": "yes",
        "maxspeed": "250",
        "name": "Ankara - İstanbul yüksek hızlı demiryolu",
        "name:en": "Ankara - İstanbul high-speed railway",
        "operator": "TCDD",
        "passenger_lines": "1",
        "railway": "rail",
        "railway:etcs": "1",
        "usage": "main",
        "voltage": "25000",
        "wikidata": "Q513146",
        "wikipedia": "en:Ankara–Istanbul high-speed railway"
      },
      "geometry": {
        "type": "LineString",
        "coordinates": [
          [
            30.0626473,
            40.3343843
          ],
          [
            30.0630851,
            40.3331838
          ],
          [
            30.0634321,
            40.332088
          ],
          [
            30.0638105,
            40.3304322
          ],
          [
            30.0640362,
            40.3291477
          ],
          [
            30.0642255,
            40.3278618
          ],
          [
            30.0643452,
            40.3271568
          ],
          [
            30.0644399,
            40.3264928
          ],
          [
            30.0645005,
            40.3254143
          ]
        ]
      },
      "id": "way/278828074"
    },
    {
      "type": "Feature",
      "properties": {
        "@id": "way/278828075",
        "cutting": "yes",
        "electrified": "contact_line",
        "frequency": "50",
        "gauge": "1435",
        "highspeed": "yes",
        "maxspeed": "250",
        "name": "Ankara - İstanbul yüksek hızlı demiryolu",
        "name:en": "Ankara - İstanbul high-speed railway",
        "operator": "TCDD",
        "passenger_lines": "1",
        "railway": "rail",
        "railway:etcs": "1",
        "usage": "main",
        "voltage": "25000",
        "wikidata": "Q513146",
        "wikipedia": "en:Ankara–Istanbul high-speed railway"
      },
      "geometry": {
        "type": "LineString",
        "coordinates": [
          [
            30.0645681,
            40.3254169
          ],
          [
            30.0644892,
            40.3264838
          ],
          [
            30.0644108,
            40.3271469
          ],
          [
            30.0642818,
            40.3278696
          ],
          [
            30.0640949,
            40.3291524
          ],
          [
            30.0638741,
            40.330433
          ],
          [
            30.06349,
            40.3321222
          ],
          [
            30.0631294,
            40.3332237
          ],
          [
            30.0627052,
            40.3343946
          ]
        ]
      },
      "id": "way/278828075"
    },
    {
      "type": "Feature",
      "properties": {
        "@id": "way/278828077",
        "bridge": "yes",
        "electrified": "contact_line",
        "frequency": "50",
        "gauge": "1435",
        "highspeed": "yes",
        "layer": "1",
        "maxspeed": "250",
        "name": "Ankara - İstanbul yüksek hızlı demiryolu",
        "name:en": "Ankara - İstanbul high-speed railway",
        "operator": "TCDD",
        "passenger_lines": "1",
        "railway": "rail",
        "railway:etcs": "1",
        "usage": "main",
        "voltage": "25000",
        "wikidata": "Q513146",
        "wikipedia": "en:Ankara–Istanbul high-speed railway"
      },
      "geometry": {
        "type": "LineString",
        "coordinates": [
          [
            30.0041456,
            40.125077
          ],
          [
            30.0027773,
            40.1210711
          ],
          [
            30.0025517,
            40.1201928
          ],
          [
            30.0022391,
            40.1186383
          ],
          [
            30.0020711,
            40.1172796
          ],
          [
            30.0018932,
            40.1142862
          ],
          [
            30.001868,
            40.1131439
          ],
          [
            30.002389,
            40.107508
          ]
        ]
      },
      "id": "way/278828077"
    },
    {
      "type": "Feature",
      "properties": {
        "@id": "way/278828082",
        "bridge": "yes",
        "electrified": "contact_line",
        "frequency": "50",
        "gauge": "1435",
        "highspeed": "yes",
        "layer": "1",
        "maxspeed": "250",
        "name": "Ankara - İstanbul yüksek hızlı demiryolu",
        "name:en": "Ankara - İstanbul high-speed railway",
        "operator": "TCDD",
        "passenger_lines": "1",
        "railway": "rail",
        "railway:etcs": "1",
        "usage": "main",
        "voltage": "25000",
        "wikidata": "Q513146",
        "wikipedia": "en:Ankara–Istanbul high-speed railway"
      },
      "geometry": {
        "type": "LineString",
        "coordinates": [
          [
            30.0449426,
            40.4234418
          ],
          [
            30.0462017,
            40.4251678
          ],
          [
            30.0469054,
            40.4263514
          ],
          [
            30.0474757,
            40.4274516
          ],
          [
            30.0481309,
            40.4288035
          ],
          [
            30.0484644,
            40.429604
          ],
          [
            30.0487762,
            40.4303972
          ],
          [
            30.0490666,
            40.4311801
          ],
          [
            30.0493041,
            40.4319761
          ],
          [
            30.049587,
            40.4329723
          ],
          [
            30.049776,
            40.4337404
          ],
          [
            30.0499483,
            40.4345561
          ],
          [
            30.0501627,
            40.4358139
          ]
        ]
      },
      "id": "way/278828082"
    },
    {
      "type": "Feature",
      "properties": {
        "@id": "way/309862326",
        "bridge": "yes",
        "electrified": "contact_line",
        "frequency": "50",
        "gauge": "1435",
        "layer": "1",
        "operator": "TCDD",
        "railway": "rail",
        "railway:etcs": "yes",
        "usage": "main",
        "voltage": "25000"
      },
      "geometry": {
        "type": "LineString",
        "coordinates": [
          [
            30.0018828,
            40.1186964
          ],
          [
            30.0018007,
            40.1184141
          ]
        ]
      },
      "id": "way/309862326"
    },
    {
      "type": "Feature",
      "properties": {
        "@id": "way/309862329",
        "electrified": "contact_line",
        "frequency": "50",
        "gauge": "1435",
        "name": "İstanbul - Ankara demiryolu",
        "operator": "TCDD",
        "railway": "rail",
        "railway:etcs": "yes",
        "usage": "main",
        "voltage": "25000"
      },
      "geometry": {
        "type": "LineString",
        "coordinates": [
          [
            30.0018007,
            40.1184141
          ],
          [
            30.0017513,
            40.1181908
          ],
          [
            30.0016451,
            40.1177357
          ],
          [
            30.0014858,
            40.1172951
          ],
          [
            30.0012226,
            40.1166065
          ],
          [
            29.9999087,
            40.1137558
          ],
          [
            29.9995878,
            40.1131533
          ],
          [
            29.9993438,
            40.1126651
          ],
          [
            29.9990505,
            40.1120556
          ],
          [
            29.9988214,
            40.1116339
          ],
          [
            29.9983701,
            40.1105625
          ],
          [
            29.9981019,
            40.109906
          ],
          [
            29.997955,
            40.1094751
          ],
          [
            29.9978203,
            40.1090178
          ],
          [
            29.9977227,
            40.1085671
          ],
          [
            29.9975403,
            40.1074667
          ],
          [
            29.9974186,
            40.1070101
          ],
          [
            29.9972999,
            40.1067571
          ],
          [
            29.9971889,
            40.1065383
          ],
          [
            29.9969834,
            40.1062627
          ],
          [
            29.9966085,
            40.1059064
          ],
          [
            29.995512,
            40.1051092
          ],
          [
            29.9953816,
            40.1049784
          ],
          [
            29.9952092,
            40.1048191
          ],
          [
            29.9950014,
            40.1045571
          ],
          [
            29.9948295,
            40.1042833
          ],
          [
            29.9947124,
            40.1040504
          ],
          [
            29.9946171,
            40.1036741
          ],
          [
            29.9946023,
            40.1034194
          ],
          [
            29.9946136,
            40.1031103
          ],
          [
            29.994655,
            40.1029005
          ],
          [
            29.9948034,
            40.1024244
          ],
          [
            29.9949288,
            40.1020893
          ],
          [
            29.9950854,
            40.1017147
          ],
          [
            29.9951409,
            40.1014848
          ],
          [
            29.9951438,
            40.101164
          ],
          [
            29.9950554,
            40.1008023
          ],
          [
            29.9950085,
            40.1003893
          ],
          [
            29.9948662,
            40.1000306
          ],
          [
            29.9947494,
            40.0998504
          ],
          [
            29.9945228,
            40.0995579
          ],
          [
            29.9942595,
            40.099311
          ],
          [
            29.9937869,
            40.0989451
          ],
          [
            29.9929796,
            40.0983724
          ],
          [
            29.9924028,
            40.0978968
          ],
          [
            29.9911459,
            40.0966074
          ],
          [
            29.9908822,
            40.0963249
          ],
          [
            29.9904631,
            40.0957958
          ],
          [
            29.9902816,
            40.0954413
          ],
          [
            29.9901483,
            40.0950819
          ],
          [
            29.9898761,
            40.0945865
          ],
          [
            29.9897365,
            40.0943552
          ],
          [
            29.9895185,
            40.0941484
          ],
          [
            29.989235,
            40.0939084
          ],
          [
            29.9882877,
            40.0932092
          ],
          [
            29.9880379,
            40.0929588
          ],
          [
            29.987853,
            40.0927376
          ],
          [
            29.9876072,
            40.0923803
          ],
          [
            29.9864963,
            40.0902635
          ],
          [
            29.9863874,
            40.0900059
          ],
          [
            29.9863192,
            40.0897251
          ],
          [
            29.9862782,
            40.0894653
          ],
          [
            29.9862576,
            40.0891221
          ],
          [
            29.9863634,
            40.0887812
          ],
          [
            29.9865647,
            40.0884682
          ],
          [
            29.9869037,
            40.0880522
          ]
        ]
      },
      "id": "way/309862329"
    },
    {
      "type": "Feature",
      "properties": {
        "@id": "way/318166897",
        "electrified": "contact_line",
        "frequency": "50",
        "gauge": "1435",
        "maxspeed": "85",
        "name": "Arifiye - Adapazarı şube demiryolu",
        "operator": "TCDD",
        "railway": "rail",
        "source": "bing;local knowledge",
        "usage": "branch",
        "voltage": "25000"
      },
      "geometry": {
        "type": "LineString",
        "coordinates": [
          [
            30.3775105,
            40.7560611
          ],
          [
            30.3766595,
            40.7551381
          ],
          [
            30.3766389,
            40.7551091
          ],
          [
            30.3764898,
            40.754885
          ],
          [
            30.3764034,
            40.7547456
          ],
          [
            30.3763095,
            40.7545849
          ],
          [
            30.3762122,
            40.7544052
          ],
          [
            30.3760552,
            40.7540331
          ],
          [
            30.3759512,
            40.7537077
          ],
          [
            30.3758851,
            40.7531362
          ],
          [
            30.3758901,
            40.7526722
          ],
          [
            30.3759202,
            40.7523566
          ],
          [
            30.3759974,
            40.7518937
          ],
          [
            30.3765855,
            40.7501873
          ],
          [
            30.3767876,
            40.7495896
          ],
          [
            30.3769162,
            40.7491445
          ],
          [
            30.3769633,
            40.7487663
          ],
          [
            30.3769705,
            40.7484604
          ],
          [
            30.3769493,
            40.7480503
          ],
          [
            30.3768665,
            40.7476309
          ],
          [
            30.3765602,
            40.7468538
          ],
          [
            30.3762271,
            40.7462884
          ],
          [
            30.375239,
            40.7448596
          ],
          [
            30.3747776,
            40.7440353
          ],
          [
            30.3744851,
            40.7433552
          ],
          [
            30.374292,
            40.7427794
          ],
          [
            30.3741268,
            40.7420186
          ],
          [
            30.3740312,
            40.740942
          ],
          [
            30.3740268,
            40.7404449
          ],
          [
            30.3740954,
            40.7398559
          ],
          [
            30.3745062,
            40.7377436
          ],
          [
            30.374706,
            40.7367601
          ],
          [
            30.3761866,
            40.7296598
          ],
          [
            30.3763578,
            40.7285408
          ],
          [
            30.3763691,
            40.7282415
          ],
          [
            30.3762144,
            40.7274527
          ],
          [
            30.3759843,
            40.7268846
          ],
          [
            30.3756001,
            40.7262128
          ],
          [
            30.3738764,
            40.7243896
          ],
          [
            30.3696025,
            40.7199815
          ],
          [
            30.3674856,
            40.7178175
          ],
          [
            30.3661916,
            40.7164943
          ],
          [
            30.3648518,
            40.7151073
          ],
          [
            30.3641457,
            40.7143924
          ],
          [
            30.3637769,
            40.7140454
          ],
          [
            30.3632946,
            40.7137216
          ],
          [
            30.3629872,
            40.7135638
          ],
          [
            30.3628024,
            40.713484
          ],
          [
            30.3625986,
            40.7134087
          ],
          [
            30.3623332,
            40.7133357
          ],
          [
            30.3618998,
            40.7132492
          ],
          [
            30.3616187,
            40.7132238
          ]
        ]
      },
      "id": "way/318166897"
    },
    {
      "type": "Feature",
      "properties": {
        "@id": "way/338938873",
        "cutting": "yes",
        "electrified": "contact_line",
        "frequency": "50",
        "gauge": "1435",
        "highspeed": "yes",
        "maxspeed": "250",
        "name": "Ankara - İstanbul yüksek hızlı demiryolu",
        "name:en": "Ankara - İstanbul high-speed railway",
        "operator": "TCDD",
        "passenger_lines": "1",
        "railway": "rail",
        "railway:etcs": "1",
        "usage": "main",
        "voltage": "25000",
        "wikidata": "Q513146",
        "wikipedia": "en:Ankara–Istanbul high-speed railway"
      },
      "geometry": {
        "type": "LineString",
        "coordinates": [
          [
            30.0330523,
            40.2327946
          ],
          [
            30.0325211,
            40.2348513
          ],
          [
            30.0322169,
            40.2361526
          ],
          [
            30.0319801,
            40.2375342
          ],
          [
            30.0317871,
            40.2393795
          ]
        ]
      },
      "id": "way/338938873"
    },
    {
      "type": "Feature",
      "properties": {
        "@id": "way/338938874",
        "electrified": "contact_line",
        "frequency": "50",
        "gauge": "1435",
        "highspeed": "yes",
        "layer": "-1",
        "maxspeed": "250",
        "name": "Ankara - İstanbul yüksek hızlı demiryolu",
        "name:en": "Ankara - İstanbul high-speed railway",
        "operator": "TCDD",
        "passenger_lines": "1",
        "railway": "rail",
        "railway:etcs": "1",
        "tunnel": "yes",
        "usage": "main",
        "voltage": "25000",
        "wikidata": "Q513146",
        "wikipedia": "en:Ankara–Istanbul high-speed railway"
      },
      "geometry": {
        "type": "LineString",
        "coordinates": [
          [
            30.0329847,
            40.2328066
          ],
          [
            30.0332703,
            40.2316971
          ],
          [
            30.0343851,
            40.2259345
          ]
        ]
      },
      "id": "way/338938874"
    },
    {
      "type": "Feature",
      "properties": {
        "@id": "way/338938875",
        "cutting": "yes",
        "electrified": "contact_line",
        "frequency": "50",
        "gauge": "1435",
        "highspeed": "yes",
        "maxspeed": "250",
        "name": "Ankara - İstanbul yüksek hızlı demiryolu",
        "name:en": "Ankara - İstanbul high-speed railway",
        "operator": "TCDD",
        "passenger_lines": "1",
        "railway": "rail",
        "railway:etcs": "1",
        "usage": "main",
        "voltage": "25000",
        "wikidata": "Q513146",
        "wikipedia": "en:Ankara–Istanbul high-speed railway"
      },
      "geometry": {
        "type": "LineString",
        "coordinates": [
          [
            30.0317282,
            40.2393757
          ],
          [
            30.0319311,
            40.2375254
          ],
          [
            30.0321592,
            40.2361434
          ],
          [
            30.032471,
            40.2348426
          ],
          [
            30.0329847,
            40.2328066
          ]
        ]
      },
      "id": "way/338938875"
    },
    {
      "type": "Feature",
      "properties": {
        "@id": "way/338938876",
        "electrified": "contact_line",
        "frequency": "50",
        "gauge": "1435",
        "highspeed": "yes",
        "layer": "-1",
        "maxspeed": "250",
        "name": "Ankara - İstanbul yüksek hızlı demiryolu",
        "name:en": "Ankara - İstanbul high-speed railway",
        "operator": "TCDD",
        "passenger_lines": "1",
        "railway": "rail",
        "railway:etcs": "1",
        "tunnel": "yes",
        "usage": "main",
        "voltage": "25000",
        "wikidata": "Q513146",
        "wikipedia": "en:Ankara–Istanbul high-speed railway"
      },
      "geometry": {
        "type": "LineString",
        "coordinates": [
          [
            30.03446,
            40.2259437
          ],
          [
            30.0333353,
            40.2316865
          ],
          [
            30.0330523,
            40.2327946
          ]
        ]
      },
      "id": "way/338938876"
    },
    {
      "type": "Feature",
      "properties": {
        "@id": "way/351588409",
        "electrified": "contact_line",
        "frequency": "50",
        "gauge": "1435",
        "highspeed": "yes",
        "layer": "-1",
        "maxspeed": "250",
        "name": "Ankara - İstanbul yüksek hızlı demiryolu",
        "name:en": "Ankara - İstanbul high-speed railway",
        "operator": "TCDD",
        "passenger_lines": "1",
        "railway": "rail",
        "railway:etcs": "1",
        "tunnel": "yes",
        "usage": "main",
        "voltage": "25000",
        "wikidata": "Q513146",
        "wikipedia": "en:Ankara–Istanbul high-speed railway"
      },
      "geometry": {
        "type": "LineString",
        "coordinates": [
          [
            30.0134284,
            40.14467
          ],
          [
            30.0138775,
            40.1462614
          ],
          [
            30.014086,
            40.1471271
          ],
          [
            30.014425,
            40.1489773
          ],
          [
            30.0148288,
            40.156206
          ]
        ]
      },
      "id": "way/351588409"
    },
    {
      "type": "Feature",
      "properties": {
        "@id": "way/351588410",
        "electrified": "contact_line",
        "frequency": "50",
        "gauge": "1435",
        "highspeed": "yes",
        "layer": "-1",
        "maxspeed": "250",
        "name": "Ankara - İstanbul yüksek hızlı demiryolu",
        "name:en": "Ankara - İstanbul high-speed railway",
        "operator": "TCDD",
        "passenger_lines": "1",
        "railway": "rail",
        "railway:etcs": "1",
        "tunnel": "yes",
        "usage": "main",
        "voltage": "25000",
        "wikidata": "Q513146",
        "wikipedia": "en:Ankara–Istanbul high-speed railway"
      },
      "geometry": {
        "type": "LineString",
        "coordinates": [
          [
            30.0147726,
            40.1562068
          ],
          [
            30.0143651,
            40.1489739
          ],
          [
            30.0140297,
            40.1471443
          ],
          [
            30.0138187,
            40.1462711
          ],
          [
            30.0133732,
            40.1446772
          ]
        ]
      },
      "id": "way/351588410"
    },
    {
      "type": "Feature",
      "properties": {
        "@id": "way/390500424",
        "electrified": "contact_line",
        "frequency": "50",
        "gauge": "1435",
        "highspeed": "yes",
        "maxspeed": "250",
        "name": "Ankara - İstanbul yüksek hızlı demiryolu",
        "name:en": "Ankara - İstanbul high-speed railway",
        "operator": "TCDD",
        "passenger_lines": "1",
        "railway": "rail",
        "railway:etcs": "1",
        "usage": "main",
        "voltage": "25000",
        "wikidata": "Q513146",
        "wikipedia": "en:Ankara–Istanbul high-speed railway"
      },
      "geometry": {
        "type": "LineString",
        "coordinates": [
          [
            30.3031199,
            40.5363816
          ],
          [
            30.3035597,
            40.5367396
          ]
        ]
      },
      "id": "way/390500424"
    },
    {
      "type": "Feature",
      "properties": {
        "@id": "way/444649193",
        "bridge": "yes",
        "electrified": "contact_line",
        "frequency": "50",
        "gauge": "1435",
        "highspeed": "yes",
        "layer": "1",
        "maxspeed": "250",
        "name": "Ankara - İstanbul yüksek hızlı demiryolu",
        "name:en": "Ankara - İstanbul high-speed railway",
        "operator": "TCDD",
        "passenger_lines": "1",
        "railway": "rail",
        "railway:etcs": "1",
        "usage": "main",
        "voltage": "25000",
        "wikidata": "Q513146",
        "wikipedia": "en:Ankara–Istanbul high-speed railway"
      },
      "geometry": {
        "type": "LineString",
        "coordinates": [
          [
            30.0133364,
            40.1445603
          ],
          [
            30.0132023,
            40.1441518
          ],
          [
            30.0129735,
            40.1435131
          ],
          [
            30.0126407,
            40.1426089
          ],
          [
            30.0121471,
            40.1414382
          ],
          [
            30.0119057,
            40.1408976
          ]
        ]
      },
      "id": "way/444649193"
    },
    {
      "type": "Feature",
      "properties": {
        "@id": "way/444649195",
        "bridge": "yes",
        "electrified": "contact_line",
        "frequency": "50",
        "gauge": "1435",
        "highspeed": "yes",
        "layer": "1",
        "maxspeed": "250",
        "name": "Ankara - İstanbul yüksek hızlı demiryolu",
        "name:en": "Ankara - İstanbul high-speed railway",
        "operator": "TCDD",
        "passenger_lines": "1",
        "railway": "rail",
        "railway:etcs": "1",
        "usage": "main",
        "voltage": "25000",
        "wikidata": "Q513146",
        "wikipedia": "en:Ankara–Istanbul high-speed railway"
      },
      "geometry": {
        "type": "LineString",
        "coordinates": [
          [
            30.0119606,
            40.1408772
          ],
          [
            30.0121972,
            40.1414183
          ],
          [
            30.0127091,
            40.1426056
          ],
          [
            30.0130253,
            40.143506
          ],
          [
            30.0132558,
            40.1441511
          ],
          [
            30.0133975,
            40.1445571
          ]
        ]
      },
      "id": "way/444649195"
    },
    {
      "type": "Feature",
      "properties": {
        "@id": "way/444649196",
        "bridge": "yes",
        "electrified": "contact_line",
        "frequency": "50",
        "gauge": "1435",
        "layer": "1",
        "operator": "TCDD",
        "railway": "rail",
        "railway:etcs": "yes",
        "source": "Bing",
        "usage": "main",
        "voltage": "25000"
      },
      "geometry": {
        "type": "LineString",
        "coordinates": [
          [
            30.0198884,
            40.1648839
          ],
          [
            30.0198101,
            40.1649592
          ]
        ]
      },
      "id": "way/444649196"
    },
    {
      "type": "Feature",
      "properties": {
        "@id": "way/444649197",
        "electrified": "contact_line",
        "frequency": "50",
        "gauge": "1435",
        "name": "İstanbul - Ankara demiryolu",
        "operator": "TCDD",
        "railway": "rail",
        "railway:etcs": "yes",
        "usage": "main",
        "voltage": "25000"
      },
      "geometry": {
        "type": "LineString",
        "coordinates": [
          [
            30.0198101,
            40.1649592
          ],
          [
            30.0195333,
            40.1651723
          ],
          [
            30.0192428,
            40.1653543
          ],
          [
            30.0189654,
            40.1654853
          ],
          [
            30.0185448,
            40.1656526
          ],
          [
            30.0181501,
            40.1657522
          ],
          [
            30.0178415,
            40.1658102
          ],
          [
            30.0174787,
            40.1658494
          ],
          [
            30.0171126,
            40.1658548
          ],
          [
            30.0166595,
            40.165834
          ],
          [
            30.0160282,
            40.1657693
          ],
          [
            30.0156347,
            40.1657517
          ],
          [
            30.0151909,
            40.1657436
          ],
          [
            30.0147434,
            40.1658162
          ],
          [
            30.014385,
            40.1658986
          ],
          [
            30.0140192,
            40.1660212
          ],
          [
            30.0134276,
            40.1663169
          ]
        ]
      },
      "id": "way/444649197"
    },
    {
      "type": "Feature",
      "properties": {
        "@id": "way/444649198",
        "electrified": "contact_line",
        "frequency": "50",
        "gauge": "1435",
        "highspeed": "yes",
        "maxspeed": "250",
        "name": "Ankara - İstanbul yüksek hızlı demiryolu",
        "name:en": "Ankara - İstanbul high-speed railway",
        "operator": "TCDD",
        "passenger_lines": "1",
        "railway": "rail",
        "railway:etcs": "1",
        "usage": "main",
        "voltage": "25000",
        "wikidata": "Q513146",
        "wikipedia": "en:Ankara–Istanbul high-speed railway"
      },
      "geometry": {
        "type": "LineString",
        "coordinates": [
          [
            30.0133975,
            40.1445571
          ],
          [
            30.0134284,
            40.14467
          ]
        ]
      },
      "id": "way/444649198"
    },
    {
      "type": "Feature",
      "properties": {
        "@id": "way/444649201",
        "electrified": "contact_line",
        "frequency": "50",
        "gauge": "1435",
        "highspeed": "yes",
        "maxspeed": "250",
        "name": "Ankara - İstanbul yüksek hızlı demiryolu",
        "name:en": "Ankara - İstanbul high-speed railway",
        "operator": "TCDD",
        "passenger_lines": "1",
        "railway": "rail",
        "railway:etcs": "1",
        "usage": "main",
        "voltage": "25000",
        "wikidata": "Q513146",
        "wikipedia": "en:Ankara–Istanbul high-speed railway"
      },
      "geometry": {
        "type": "LineString",
        "coordinates": [
          [
            30.0133732,
            40.1446772
          ],
          [
            30.0133364,
            40.1445603
          ]
        ]
      },
      "id": "way/444649201"
    },
    {
      "type": "Feature",
      "properties": {
        "@id": "way/444651673",
        "electrified": "contact_line",
        "frequency": "50",
        "gauge": "1435",
        "highspeed": "yes",
        "maxspeed": "250",
        "name": "Ankara - İstanbul yüksek hızlı demiryolu",
        "name:en": "Ankara - İstanbul high-speed railway",
        "operator": "TCDD",
        "passenger_lines": "1",
        "railway": "rail",
        "railway:etcs": "1",
        "usage": "main",
        "voltage": "25000",
        "wikidata": "Q513146",
        "wikipedia": "en:Ankara–Istanbul high-speed railway"
      },
      "geometry": {
        "type": "LineString",
        "coordinates": [
          [
            30.0280896,
            40.2036289
          ],
          [
            30.0278115,
            40.2029783
          ]
        ]
      },
      "id": "way/444651673"
    },
    {
      "type": "Feature",
      "properties": {
        "@id": "way/444651674",
        "electrified": "contact_line",
        "frequency": "50",
        "gauge": "1435",
        "highspeed": "yes",
        "maxspeed": "250",
        "name": "Ankara - İstanbul yüksek hızlı demiryolu",
        "name:en": "Ankara - İstanbul high-speed railway",
        "operator": "TCDD",
        "passenger_lines": "1",
        "railway": "rail",
        "railway:etcs": "1",
        "usage": "main",
        "voltage": "25000",
        "wikidata": "Q513146",
        "wikipedia": "en:Ankara–Istanbul high-speed railway"
      },
      "geometry": {
        "type": "LineString",
        "coordinates": [
          [
            30.0278776,
            40.2029596
          ],
          [
            30.0281426,
            40.2036173
          ]
        ]
      },
      "id": "way/444651674"
    },
    {
      "type": "Feature",
      "properties": {
        "@id": "way/444651742",
        "electrified": "contact_line",
        "frequency": "50",
        "gauge": "1435",
        "highspeed": "yes",
        "maxspeed": "250",
        "name": "Ankara - İstanbul yüksek hızlı demiryolu",
        "name:en": "Ankara - İstanbul high-speed railway",
        "operator": "TCDD",
        "passenger_lines": "1",
        "railway": "rail",
        "railway:etcs": "1",
        "usage": "main",
        "voltage": "25000",
        "wikidata": "Q513146",
        "wikipedia": "en:Ankara–Istanbul high-speed railway"
      },
      "geometry": {
        "type": "LineString",
        "coordinates": [
          [
            30.0308044,
            40.2095186
          ],
          [
            30.0313326,
            40.2106438
          ]
        ]
      },
      "id": "way/444651742"
    },
    {
      "type": "Feature",
      "properties": {
        "@id": "way/444651743",
        "electrified": "contact_line",
        "frequency": "50",
        "gauge": "1435",
        "highspeed": "yes",
        "maxspeed": "250",
        "name": "Ankara - İstanbul yüksek hızlı demiryolu",
        "name:en": "Ankara - İstanbul high-speed railway",
        "operator": "TCDD",
        "passenger_lines": "1",
        "railway": "rail",
        "railway:etcs": "1",
        "usage": "main",
        "voltage": "25000",
        "wikidata": "Q513146",
        "wikipedia": "en:Ankara–Istanbul high-speed railway"
      },
      "geometry": {
        "type": "LineString",
        "coordinates": [
          [
            30.0312678,
            40.2106515
          ],
          [
            30.0307547,
            40.2095574
          ]
        ]
      },
      "id": "way/444651743"
    },
    {
      "type": "Feature",
      "properties": {
        "@id": "way/444652224",
        "electrified": "contact_line",
        "frequency": "50",
        "gauge": "1435",
        "highspeed": "yes",
        "layer": "-1",
        "maxspeed": "250",
        "name": "Ankara - İstanbul yüksek hızlı demiryolu",
        "name:en": "Ankara - İstanbul high-speed railway",
        "operator": "TCDD",
        "passenger_lines": "1",
        "railway": "rail",
        "railway:etcs": "1",
        "tunnel": "yes",
        "usage": "main",
        "voltage": "25000",
        "wikidata": "Q513146",
        "wikipedia": "en:Ankara–Istanbul high-speed railway"
      },
      "geometry": {
        "type": "LineString",
        "coordinates": [
          [
            30.0330244,
            40.214573
          ],
          [
            30.0337303,
            40.2167955
          ],
          [
            30.0341477,
            40.2182726
          ],
          [
            30.0343925,
            40.2196706
          ]
        ]
      },
      "id": "way/444652224"
    },
    {
      "type": "Feature",
      "properties": {
        "@id": "way/444652226",
        "electrified": "contact_line",
        "frequency": "50",
        "gauge": "1435",
        "highspeed": "yes",
        "layer": "-1",
        "maxspeed": "250",
        "name": "Ankara - İstanbul yüksek hızlı demiryolu",
        "name:en": "Ankara - İstanbul high-speed railway",
        "operator": "TCDD",
        "passenger_lines": "1",
        "railway": "rail",
        "railway:etcs": "1",
        "tunnel": "yes",
        "usage": "main",
        "voltage": "25000",
        "wikidata": "Q513146",
        "wikipedia": "en:Ankara–Istanbul high-speed railway"
      },
      "geometry": {
        "type": "LineString",
        "coordinates": [
          [
            30.0343339,
            40.2196784
          ],
          [
            30.034045,
            40.2182632
          ],
          [
            30.0336566,
            40.2168206
          ],
          [
            30.0329726,
            40.2145931
          ]
        ]
      },
      "id": "way/444652226"
    },
    {
      "type": "Feature",
      "properties": {
        "@id": "way/444652229",
        "electrified": "contact_line",
        "embankment": "yes",
        "frequency": "50",
        "gauge": "1435",
        "highspeed": "yes",
        "maxspeed": "250",
        "name": "Ankara - İstanbul yüksek hızlı demiryolu",
        "name:en": "Ankara - İstanbul high-speed railway",
        "operator": "TCDD",
        "passenger_lines": "1",
        "railway": "rail",
        "railway:etcs": "1",
        "usage": "main",
        "voltage": "25000",
        "wikidata": "Q513146",
        "wikipedia": "en:Ankara–Istanbul high-speed railway"
      },
      "geometry": {
        "type": "LineString",
        "coordinates": [
          [
            30.0343851,
            40.2259345
          ],
          [
            30.0345463,
            40.2253606
          ],
          [
            30.0345679,
            40.2249442
          ],
          [
            30.0346058,
            40.2243811
          ],
          [
            30.0346122,
            40.2238447
          ],
          [
            30.0346138,
            40.2228219
          ],
          [
            30.0345259,
            40.2212221
          ],
          [
            30.0343339,
            40.2196784
          ]
        ]
      },
      "id": "way/444652229"
    },
    {
      "type": "Feature",
      "properties": {
        "@id": "way/444652230",
        "electrified": "contact_line",
        "embankment": "yes",
        "frequency": "50",
        "gauge": "1435",
        "highspeed": "yes",
        "maxspeed": "250",
        "name": "Ankara - İstanbul yüksek hızlı demiryolu",
        "name:en": "Ankara - İstanbul high-speed railway",
        "operator": "TCDD",
        "passenger_lines": "1",
        "railway": "rail",
        "railway:etcs": "1",
        "usage": "main",
        "voltage": "25000",
        "wikidata": "Q513146",
        "wikipedia": "en:Ankara–Istanbul high-speed railway"
      },
      "geometry": {
        "type": "LineString",
        "coordinates": [
          [
            30.0343925,
            40.2196706
          ],
          [
            30.0345699,
            40.2212142
          ],
          [
            30.0346701,
            40.2228203
          ],
          [
            30.0346704,
            40.2238526
          ],
          [
            30.0346639,
            40.2243824
          ],
          [
            30.0346283,
            40.2249523
          ],
          [
            30.0346063,
            40.2253539
          ],
          [
            30.03446,
            40.2259437
          ]
        ]
      },
      "id": "way/444652230"
    },
    {
      "type": "Feature",
      "properties": {
        "@id": "way/444653818",
        "electrified": "contact_line",
        "frequency": "50",
        "gauge": "1435",
        "highspeed": "yes",
        "maxspeed": "250",
        "name": "Ankara - İstanbul yüksek hızlı demiryolu",
        "name:en": "Ankara - İstanbul high-speed railway",
        "operator": "TCDD",
        "passenger_lines": "1",
        "railway": "rail",
        "railway:etcs": "1",
        "usage": "main",
        "voltage": "25000",
        "wikidata": "Q513146",
        "wikipedia": "en:Ankara–Istanbul high-speed railway"
      },
      "geometry": {
        "type": "LineString",
        "coordinates": [
          [
            30.0452382,
            40.2908217
          ],
          [
            30.0472574,
            40.2930613
          ],
          [
            30.0478195,
            40.2936698
          ]
        ]
      },
      "id": "way/444653818"
    },
    {
      "type": "Feature",
      "properties": {
        "@id": "way/458943232",
        "electrified": "contact_line",
        "frequency": "50",
        "gauge": "1435",
        "highspeed": "yes",
        "maxspeed": "250",
        "name": "Ankara - İstanbul yüksek hızlı demiryolu",
        "name:en": "Ankara - İstanbul high-speed railway",
        "operator": "TCDD",
        "passenger_lines": "1",
        "railway": "rail",
        "railway:etcs": "1",
        "usage": "main",
        "voltage": "25000",
        "wikidata": "Q513146",
        "wikipedia": "en:Ankara–Istanbul high-speed railway"
      },
      "geometry": {
        "type": "LineString",
        "coordinates": [
          [
            30.2967756,
            40.5307074
          ],
          [
            30.2970119,
            40.5309124
          ]
        ]
      },
      "id": "way/458943232"
    },
    {
      "type": "Feature",
      "properties": {
        "@id": "way/495045056",
        "electrified": "contact_line",
        "frequency": "50",
        "gauge": "1435",
        "highspeed": "yes",
        "layer": "-1",
        "maxspeed": "250",
        "name": "Ankara - İstanbul yüksek hızlı demiryolu",
        "name:en": "Ankara - İstanbul high-speed railway",
        "operator": "TCDD",
        "passenger_lines": "1",
        "railway": "rail",
        "railway:etcs": "1",
        "tunnel": "yes",
        "usage": "main",
        "voltage": "25000",
        "wikidata": "Q513146",
        "wikipedia": "en:Ankara–Istanbul high-speed railway"
      },
      "geometry": {
        "type": "LineString",
        "coordinates": [
          [
            30.3383229,
            40.5701771
          ],
          [
            30.3394961,
            40.572558
          ],
          [
            30.3401506,
            40.5740574
          ],
          [
            30.340644,
            40.5754086
          ],
          [
            30.3409123,
            40.5763636
          ],
          [
            30.3413093,
            40.5779934
          ],
          [
            30.3417223,
            40.5799604
          ]
        ]
      },
      "id": "way/495045056"
    },
    {
      "type": "Feature",
      "properties": {
        "@id": "way/495045059",
        "electrified": "contact_line",
        "frequency": "50",
        "gauge": "1435",
        "highspeed": "yes",
        "layer": "-1",
        "maxspeed": "250",
        "name": "Ankara - İstanbul yüksek hızlı demiryolu",
        "name:en": "Ankara - İstanbul high-speed railway",
        "operator": "TCDD",
        "passenger_lines": "1",
        "railway": "rail",
        "railway:etcs": "1",
        "tunnel": "yes",
        "usage": "main",
        "voltage": "25000",
        "wikidata": "Q513146",
        "wikipedia": "en:Ankara–Istanbul high-speed railway"
      },
      "geometry": {
        "type": "LineString",
        "coordinates": [
          [
            30.3344963,
            40.5642711
          ],
          [
            30.3377507,
            40.5692204
          ]
        ]
      },
      "id": "way/495045059"
    },
    {
      "type": "Feature",
      "properties": {
        "@id": "way/495045061",
        "electrified": "contact_line",
        "frequency": "50",
        "gauge": "1435",
        "highspeed": "yes",
        "layer": "-1",
        "maxspeed": "250",
        "name": "Ankara - İstanbul yüksek hızlı demiryolu",
        "name:en": "Ankara - İstanbul high-speed railway",
        "operator": "TCDD",
        "passenger_lines": "1",
        "railway": "rail",
        "railway:etcs": "1",
        "tunnel": "yes",
        "usage": "main",
        "voltage": "25000",
        "wikidata": "Q513146",
        "wikipedia": "en:Ankara–Istanbul high-speed railway"
      },
      "geometry": {
        "type": "LineString",
        "coordinates": [
          [
            30.3035597,
            40.5367396
          ],
          [
            30.3320718,
            40.5614331
          ],
          [
            30.3327906,
            40.5621788
          ],
          [
            30.3335424,
            40.563039
          ]
        ]
      },
      "id": "way/495045061"
    },
    {
      "type": "Feature",
      "properties": {
        "@id": "way/503096424",
        "bridge": "yes",
        "electrified": "contact_line",
        "frequency": "50",
        "gauge": "1435",
        "highspeed": "yes",
        "layer": "1",
        "maxspeed": "250",
        "name": "Ankara - İstanbul yüksek hızlı demiryolu",
        "name:en": "Ankara - İstanbul high-speed railway",
        "operator": "TCDD",
        "passenger_lines": "1",
        "railway": "rail",
        "railway:etcs": "1",
        "usage": "main",
        "voltage": "25000",
        "wikidata": "Q513146",
        "wikipedia": "en:Ankara–Istanbul high-speed railway"
      },
      "geometry": {
        "type": "LineString",
        "coordinates": [
          [
            30.3335424,
            40.563039
          ],
          [
            30.3342605,
            40.5638973
          ]
        ]
      },
      "id": "way/503096424"
    },
    {
      "type": "Feature",
      "properties": {
        "@id": "way/503096680",
        "electrified": "contact_line",
        "frequency": "50",
        "gauge": "1435",
        "highspeed": "yes",
        "maxspeed": "250",
        "name": "Ankara - İstanbul yüksek hızlı demiryolu",
        "name:en": "Ankara - İstanbul high-speed railway",
        "operator": "TCDD",
        "passenger_lines": "1",
        "railway": "rail",
        "railway:etcs": "1",
        "usage": "main",
        "voltage": "25000",
        "wikidata": "Q513146",
        "wikipedia": "en:Ankara–Istanbul high-speed railway"
      },
      "geometry": {
        "type": "LineString",
        "coordinates": [
          [
            30.2816478,
            40.5223221
          ],
          [
            30.2803682,
            40.5218645
          ],
          [
            30.2796319,
            40.5215995
          ],
          [
            30.2789362,
            40.5213678
          ],
          [
            30.2772903,
            40.5208542
          ],
          [
            30.2755952,
            40.5203629
          ],
          [
            30.273896,
            40.5199204
          ],
          [
            30.2720485,
            40.5194907
          ],
          [
            30.2704266,
            40.5191466
          ],
          [
            30.2686282,
            40.518815
          ],
          [
            30.2637103,
            40.5179545
          ],
          [
            30.2618207,
            40.5176051
          ],
          [
            30.2609691,
            40.5174522
          ],
          [
            30.2601712,
            40.5172991
          ],
          [
            30.2587413,
            40.5169992
          ],
          [
            30.2567878,
            40.5165241
          ],
          [
            30.2557442,
            40.5162349
          ],
          [
            30.2547437,
            40.5159514
          ],
          [
            30.2536695,
            40.5156354
          ],
          [
            30.2526533,
            40.5153096
          ],
          [
            30.2514419,
            40.5148952
          ],
          [
            30.250314,
            40.5144952
          ],
          [
            30.2491741,
            40.5140449
          ],
          [
            30.2480073,
            40.5135739
          ],
          [
            30.2468887,
            40.513082
          ],
          [
            30.2462469,
            40.512789
          ],
          [
            30.245474,
            40.5124339
          ],
          [
            30.2447444,
            40.5120669
          ],
          [
            30.2436546,
            40.5115206
          ],
          [
            30.2426322,
            40.51098
          ],
          [
            30.2416492,
            40.5104374
          ],
          [
            30.2385685,
            40.5086871
          ],
          [
            30.2367058,
            40.5076447
          ],
          [
            30.2347679,
            40.5066291
          ],
          [
            30.2338533,
            40.5061968
          ],
          [
            30.2327732,
            40.5057037
          ],
          [
            30.2315828,
            40.5052097
          ],
          [
            30.2305234,
            40.5047978
          ]
        ]
      },
      "id": "way/503096680"
    },
    {
      "type": "Feature",
      "properties": {
        "@id": "way/503096684",
        "electrified": "contact_line",
        "frequency": "50",
        "gauge": "1435",
        "highspeed": "yes",
        "maxspeed": "250",
        "name": "Ankara - İstanbul yüksek hızlı demiryolu",
        "name:en": "Ankara - İstanbul high-speed railway",
        "operator": "TCDD",
        "passenger_lines": "1",
        "railway": "rail",
        "railway:etcs": "1",
        "usage": "main",
        "voltage": "25000",
        "wikidata": "Q513146",
        "wikipedia": "en:Ankara–Istanbul high-speed railway"
      },
      "geometry": {
        "type": "LineString",
        "coordinates": [
          [
            30.2305476,
            40.5047645
          ],
          [
            30.2316311,
            40.5051832
          ],
          [
            30.2328218,
            40.5056792
          ],
          [
            30.2339043,
            40.5061733
          ],
          [
            30.2348384,
            40.5066178
          ],
          [
            30.2367313,
            40.507605
          ],
          [
            30.2386084,
            40.5086586
          ],
          [
            30.2416976,
            40.5104084
          ],
          [
            30.242667,
            40.5109422
          ],
          [
            30.243701,
            40.511491
          ],
          [
            30.2447726,
            40.5120343
          ],
          [
            30.2455115,
            40.5123962
          ],
          [
            30.2462872,
            40.5127559
          ],
          [
            30.2469394,
            40.5130548
          ],
          [
            30.2480406,
            40.5135414
          ],
          [
            30.2492023,
            40.5140092
          ],
          [
            30.2503404,
            40.5144564
          ],
          [
            30.2514808,
            40.5148615
          ],
          [
            30.2527004,
            40.515282
          ],
          [
            30.2536923,
            40.5156038
          ],
          [
            30.2547625,
            40.5159168
          ],
          [
            30.2557576,
            40.5162012
          ],
          [
            30.256814,
            40.5164897
          ],
          [
            30.2587524,
            40.5169568
          ],
          [
            30.260184,
            40.5172509
          ],
          [
            30.2609959,
            40.5174104
          ],
          [
            30.2618355,
            40.5175633
          ],
          [
            30.2637187,
            40.5179032
          ],
          [
            30.2686411,
            40.5187722
          ],
          [
            30.2704158,
            40.5190936
          ],
          [
            30.2720677,
            40.5194448
          ],
          [
            30.2739014,
            40.5198745
          ],
          [
            30.275614,
            40.5203241
          ],
          [
            30.2773091,
            40.5208094
          ],
          [
            30.2789554,
            40.5213297
          ],
          [
            30.2796493,
            40.5215597
          ],
          [
            30.280391,
            40.5218176
          ],
          [
            30.2816573,
            40.5222775
          ]
        ]
      },
      "id": "way/503096684"
    },
    {
      "type": "Feature",
      "properties": {
        "@id": "way/503098542",
        "bridge": "yes",
        "electrified": "contact_line",
        "frequency": "50",
        "gauge": "1435",
        "layer": "1",
        "maxspeed": "120",
        "name": "İstanbul - Ankara demiryolu",
        "operator": "TCDD",
        "railway": "rail",
        "railway:etcs": "1",
        "usage": "main",
        "voltage": "25000"
      },
      "geometry": {
        "type": "LineString",
        "coordinates": [
          [
            30.3376638,
            40.6385704
          ],
          [
            30.3377444,
            40.6381465
          ],
          [
            30.3377903,
            40.6378064
          ],
          [
            30.3378092,
            40.6374698
          ],
          [
            30.3378011,
            40.6371636
          ]
        ]
      },
      "id": "way/503098542"
    },
    {
      "type": "Feature",
      "properties": {
        "@id": "way/503098544",
        "electrified": "contact_line",
        "frequency": "50",
        "gauge": "1435",
        "maxspeed": "120",
        "name": "İstanbul - Ankara demiryolu",
        "operator": "TCDD",
        "railway": "rail",
        "railway:etcs": "1",
        "usage": "main",
        "voltage": "25000"
      },
      "geometry": {
        "type": "LineString",
        "coordinates": [
          [
            30.3634751,
            40.6649002
          ],
          [
            30.3634866,
            40.6644522
          ],
          [
            30.3634912,
            40.6641495
          ],
          [
            30.3634867,
            40.6637541
          ],
          [
            30.3634619,
            40.6633264
          ],
          [
            30.3633887,
            40.6626715
          ],
          [
            30.3632882,
            40.6621065
          ],
          [
            30.3631916,
            40.6616594
          ],
          [
            30.3631016,
            40.6613338
          ],
          [
            30.3629859,
            40.6609715
          ],
          [
            30.3627807,
            40.6603766
          ],
          [
            30.3626363,
            40.6600235
          ],
          [
            30.3622957,
            40.6592723
          ],
          [
            30.3618778,
            40.6584914
          ],
          [
            30.3613633,
            40.6577222
          ],
          [
            30.3559821,
            40.6505502
          ],
          [
            30.3556056,
            40.6501537
          ],
          [
            30.3553156,
            40.6498791
          ],
          [
            30.3549764,
            40.6496024
          ],
          [
            30.3546122,
            40.6493544
          ],
          [
            30.3543169,
            40.6491544
          ],
          [
            30.3540005,
            40.6489606
          ],
          [
            30.3534255,
            40.6486745
          ],
          [
            30.3528371,
            40.6484207
          ],
          [
            30.3523755,
            40.6482562
          ],
          [
            30.3517627,
            40.6480572
          ],
          [
            30.3444261,
            40.645875
          ],
          [
            30.3439942,
            40.6457406
          ],
          [
            30.3435972,
            40.645588
          ],
          [
            30.3431546,
            40.6453987
          ],
          [
            30.3427577,
            40.6452033
          ],
          [
            30.3423286,
            40.6449601
          ],
          [
            30.3418994,
            40.6446722
          ],
          [
            30.3414059,
            40.6443079
          ],
          [
            30.3410196,
            40.6439781
          ],
          [
            30.3380558,
            40.6412062
          ],
          [
            30.33786,
            40.6409762
          ],
          [
            30.33775,
            40.6408134
          ],
          [
            30.3375998,
            40.6405589
          ],
          [
            30.3375113,
            40.6402984
          ],
          [
            30.337455,
            40.6400766
          ],
          [
            30.3374228,
            40.6398547
          ],
          [
            30.3374121,
            40.6396125
          ],
          [
            30.3374496,
            40.6393011
          ],
          [
            30.3376052,
            40.6385643
          ]
        ]
      },
      "id": "way/503098544"
    },
    {
      "type": "Feature",
      "properties": {
        "@id": "way/503098545",
        "bridge": "yes",
        "electrified": "contact_line",
        "frequency": "50",
        "gauge": "1435",
        "layer": "1",
        "maxspeed": "120",
        "name": "İstanbul - Ankara demiryolu",
        "operator": "TCDD",
        "railway": "rail",
        "railway:etcs": "1",
        "usage": "main",
        "voltage": "25000"
      },
      "geometry": {
        "type": "LineString",
        "coordinates": [
          [
            30.3376052,
            40.6385643
          ],
          [
            30.3376856,
            40.638141
          ],
          [
            30.3377312,
            40.6378031
          ],
          [
            30.33775,
            40.6374693
          ],
          [
            30.337742,
            40.637166
          ]
        ]
      },
      "id": "way/503098545"
    },
    {
      "type": "Feature",
      "properties": {
        "@id": "way/503100485",
        "electrified": "contact_line",
        "frequency": "50",
        "gauge": "1435",
        "highspeed": "yes",
        "maxspeed": "250",
        "name": "Ankara - İstanbul yüksek hızlı demiryolu",
        "name:en": "Ankara - İstanbul high-speed railway",
        "operator": "TCDD",
        "passenger_lines": "1",
        "railway": "rail",
        "railway:etcs": "1",
        "usage": "main",
        "voltage": "25000",
        "wikidata": "Q513146",
        "wikipedia": "en:Ankara–Istanbul high-speed railway"
      },
      "geometry": {
        "type": "LineString",
        "coordinates": [
          [
            30.0280133,
            40.7461382
          ],
          [
            30.0591499,
            40.7305079
          ],
          [
            30.0614455,
            40.7292281
          ],
          [
            30.0629979,
            40.7282792
          ],
          [
            30.0636819,
            40.727836
          ],
          [
            30.0644651,
            40.7272567
          ],
          [
            30.0660557,
            40.7260575
          ],
          [
            30.0687271,
            40.7237829
          ],
          [
            30.070889,
            40.7218863
          ],
          [
            30.0730991,
            40.7200181
          ],
          [
            30.0738823,
            40.7193737
          ],
          [
            30.0749499,
            40.7185971
          ],
          [
            30.0766289,
            40.7174526
          ],
          [
            30.0776911,
            40.7168142
          ],
          [
            30.0785574,
            40.7163223
          ],
          [
            30.0794855,
            40.7158059
          ],
          [
            30.0803894,
            40.7153424
          ],
          [
            30.0811994,
            40.71495
          ],
          [
            30.0828087,
            40.71421
          ],
          [
            30.0840855,
            40.7136793
          ],
          [
            30.0850189,
            40.7133235
          ],
          [
            30.0856599,
            40.7130836
          ]
        ]
      },
      "id": "way/503100485"
    },
    {
      "type": "Feature",
      "properties": {
        "@id": "way/503100486",
        "electrified": "contact_line",
        "frequency": "50",
        "gauge": "1435",
        "highspeed": "yes",
        "maxspeed": "160",
        "name": "İstanbul - Ankara yüksek hızlı demiryolu",
        "name:en": "İstanbul - Ankara high speed railway",
        "operator": "TCDD",
        "passenger_lines": "1",
        "railway": "rail",
        "railway:etcs": "1",
        "source": "bing",
        "usage": "main",
        "voltage": "25000",
        "wikidata": "Q15103266",
        "wikipedia": "en:Istanbul–Ankara high speed railway"
      },
      "geometry": {
        "type": "LineString",
        "coordinates": [
          [
            30.0057712,
            40.7491159
          ],
          [
            30.0051832,
            40.749089
          ],
          [
            30.0018789,
            40.7489347
          ],
          [
            29.9968626,
            40.7486211
          ],
          [
            29.9886395,
            40.7482057
          ],
          [
            29.9880887,
            40.7481935
          ],
          [
            29.9868683,
            40.7482077
          ],
          [
            29.9858378,
            40.7482584
          ],
          [
            29.9850449,
            40.7483197
          ],
          [
            29.984259,
            40.7483983
          ],
          [
            29.9834023,
            40.7485058
          ],
          [
            29.9824251,
            40.7486477
          ],
          [
            29.9811657,
            40.7488989
          ],
          [
            29.9800007,
            40.7491728
          ],
          [
            29.9791954,
            40.7493999
          ],
          [
            29.9782368,
            40.7496879
          ],
          [
            29.9774154,
            40.7499696
          ],
          [
            29.9766875,
            40.7502413
          ],
          [
            29.9759997,
            40.7505191
          ],
          [
            29.9751966,
            40.7508719
          ],
          [
            29.9745144,
            40.7511982
          ],
          [
            29.9736282,
            40.7516607
          ],
          [
            29.972498,
            40.7523099
          ],
          [
            29.9644885,
            40.7574413
          ],
          [
            29.9629018,
            40.7584225
          ],
          [
            29.9596775,
            40.7604605
          ]
        ]
      },
      "id": "way/503100486"
    },
    {
      "type": "Feature",
      "properties": {
        "@id": "way/503100487",
        "bridge": "yes",
        "electrified": "contact_line",
        "frequency": "50",
        "gauge": "1435",
        "layer": "1",
        "maxspeed": "100",
        "name": "İstanbul - Ankara yüksek hızlıdemiryolu",
        "name:en": "İstanbul - Ankara high speed railway",
        "operator": "TCDD",
        "passenger_lines": "1",
        "railway": "rail",
        "railway:etcs": "1",
        "source": "bing",
        "usage": "main",
        "voltage": "25000",
        "wikidata": "Q15103266",
        "wikipedia": "en:Istanbul–Ankara high speed railway"
      },
      "geometry": {
        "type": "LineString",
        "coordinates": [
          [
            29.9596775,
            40.7604605
          ],
          [
            29.9591408,
            40.760776
          ]
        ]
      },
      "id": "way/503100487"
    },
    {
      "type": "Feature",
      "properties": {
        "@id": "way/503100488",
        "electrified": "contact_line",
        "frequency": "50",
        "gauge": "1435",
        "maxspeed": "160",
        "name": "İstanbul - Ankara yüksek hızlı demiryolu",
        "name:en": "İstanbul - Ankara high speed railway",
        "operator": "TCDD",
        "passenger_lines": "1",
        "railway": "rail",
        "railway:etcs": "1",
        "source": "bing",
        "usage": "main",
        "voltage": "25000",
        "wikidata": "Q15103266",
        "wikipedia": "en:Istanbul–Ankara high speed railway"
      },
      "geometry": {
        "type": "LineString",
        "coordinates": [
          [
            29.9591408,
            40.760776
          ],
          [
            29.9587369,
            40.7609918
          ],
          [
            29.9583306,
            40.7611886
          ],
          [
            29.9576828,
            40.7614665
          ]
        ]
      },
      "id": "way/503100488"
    },
    {
      "type": "Feature",
      "properties": {
        "@id": "way/503100489",
        "bridge": "yes",
        "electrified": "contact_line",
        "frequency": "50",
        "gauge": "1435",
        "layer": "1",
        "maxspeed": "160",
        "name": "İstanbul - Ankara yüksek hızlı demiryolu",
        "name:en": "İstanbul - Ankara high speed railway",
        "operator": "TCDD",
        "passenger_lines": "1",
        "railway": "rail",
        "railway:etcs": "1",
        "source": "bing",
        "usage": "main",
        "voltage": "25000",
        "wikidata": "Q15103266",
        "wikipedia": "en:Istanbul–Ankara high speed railway"
      },
      "geometry": {
        "type": "LineString",
        "coordinates": [
          [
            29.9576828,
            40.7614665
          ],
          [
            29.9574996,
            40.7615357
          ]
        ]
      },
      "id": "way/503100489"
    },
    {
      "type": "Feature",
      "properties": {
        "@id": "way/503100491",
        "bridge": "yes",
        "electrified": "contact_line",
        "frequency": "50",
        "gauge": "1435",
        "layer": "1",
        "maxspeed": "160",
        "name": "İstanbul - Ankara yüksek hızlı demiryolu",
        "name:en": "İstanbul - Ankara high speed railway",
        "operator": "TCDD",
        "passenger_lines": "1",
        "railway": "rail",
        "railway:etcs": "1",
        "source": "bing",
        "usage": "main",
        "voltage": "25000",
        "wikidata": "Q15103266",
        "wikipedia": "en:Istanbul–Ankara high speed railway"
      },
      "geometry": {
        "type": "LineString",
        "coordinates": [
          [
            29.9574823,
            40.7615004
          ],
          [
            29.9576643,
            40.7614293
          ]
        ]
      },
      "id": "way/503100491"
    },
    {
      "type": "Feature",
      "properties": {
        "@id": "way/503100492",
        "electrified": "contact_line",
        "frequency": "50",
        "gauge": "1435",
        "maxspeed": "160",
        "name": "İstanbul - Ankara yüksek hızlı demiryolu",
        "name:en": "İstanbul - Ankara high speed railway",
        "operator": "TCDD",
        "passenger_lines": "1",
        "railway": "rail",
        "railway:etcs": "1",
        "source": "bing",
        "usage": "main",
        "voltage": "25000",
        "wikidata": "Q15103266",
        "wikipedia": "en:Istanbul–Ankara high speed railway"
      },
      "geometry": {
        "type": "LineString",
        "coordinates": [
          [
            29.9576643,
            40.7614293
          ],
          [
            29.9583011,
            40.7611576
          ],
          [
            29.9587008,
            40.760967
          ],
          [
            29.9590824,
            40.7607591
          ]
        ]
      },
      "id": "way/503100492"
    },
    {
      "type": "Feature",
      "properties": {
        "@id": "way/503100493",
        "bridge": "yes",
        "electrified": "contact_line",
        "frequency": "50",
        "gauge": "1435",
        "layer": "1",
        "maxspeed": "100",
        "name": "İstanbul - Ankara yüksek hızlı demiryolu",
        "name:en": "İstanbul - Ankara high speed railway",
        "operator": "TCDD",
        "passenger_lines": "1",
        "railway": "rail",
        "railway:etcs": "1",
        "source": "bing",
        "usage": "main",
        "voltage": "25000",
        "wikidata": "Q15103266",
        "wikipedia": "en:Istanbul–Ankara high speed railway"
      },
      "geometry": {
        "type": "LineString",
        "coordinates": [
          [
            29.9590824,
            40.7607591
          ],
          [
            29.9596296,
            40.7604385
          ]
        ]
      },
      "id": "way/503100493"
    },
    {
      "type": "Feature",
      "properties": {
        "@id": "way/503100494",
        "electrified": "contact_line",
        "frequency": "50",
        "gauge": "1435",
        "highspeed": "yes",
        "maxspeed": "160",
        "name": "İstanbul - Ankara yüksek hızlı demiryolu",
        "name:en": "İstanbul - Ankara high speed railway",
        "operator": "TCDD",
        "passenger_lines": "1",
        "railway": "rail",
        "railway:etcs": "1",
        "source": "bing",
        "usage": "main",
        "voltage": "25000",
        "wikidata": "Q513146",
        "wikipedia": "tr:Ankara-İstanbul yüksek hızlı demiryolu"
      },
      "geometry": {
        "type": "LineString",
        "coordinates": [
          [
            29.8954814,
            40.761741
          ],
          [
            29.898998,
            40.7613223
          ],
          [
            29.9019816,
            40.760967
          ],
          [
            29.9057139,
            40.7605225
          ],
          [
            29.9061757,
            40.7604765
          ],
          [
            29.9066964,
            40.7604647
          ],
          [
            29.9071356,
            40.7604688
          ],
          [
            29.9075101,
            40.760481
          ],
          [
            29.9079842,
            40.7605298
          ],
          [
            29.9085034,
            40.7606169
          ],
          [
            29.9090254,
            40.760725
          ],
          [
            29.9110064,
            40.7612209
          ],
          [
            29.9115374,
            40.7613588
          ],
          [
            29.9126374,
            40.7616309
          ],
          [
            29.913022,
            40.7616961
          ],
          [
            29.9133128,
            40.761738
          ],
          [
            29.913627,
            40.7617688
          ],
          [
            29.913899,
            40.7617804
          ],
          [
            29.9142777,
            40.7617835
          ],
          [
            29.9146373,
            40.7617666
          ],
          [
            29.9150236,
            40.7617405
          ],
          [
            29.9198887,
            40.7612901
          ],
          [
            29.9208957,
            40.7612092
          ],
          [
            29.9218024,
            40.7611312
          ],
          [
            29.9221472,
            40.7611078
          ],
          [
            29.9224167,
            40.7611028
          ],
          [
            29.9226843,
            40.7611044
          ],
          [
            29.9247961,
            40.7611369
          ],
          [
            29.9256131,
            40.7611494
          ],
          [
            29.9268799,
            40.7611689
          ],
          [
            29.930247,
            40.7612206
          ],
          [
            29.9314663,
            40.7612598
          ],
          [
            29.932803,
            40.7613187
          ],
          [
            29.9436576,
            40.7620335
          ],
          [
            29.9467358,
            40.7622121
          ],
          [
            29.9492505,
            40.7623389
          ],
          [
            29.9506786,
            40.7624158
          ],
          [
            29.9513972,
            40.7624585
          ],
          [
            29.9520021,
            40.7624671
          ],
          [
            29.9526446,
            40.7624594
          ],
          [
            29.9530985,
            40.7624312
          ],
          [
            29.9535836,
            40.7624021
          ],
          [
            29.9541454,
            40.7623326
          ],
          [
            29.9547469,
            40.7622516
          ],
          [
            29.9554712,
            40.7621105
          ],
          [
            29.9562434,
            40.7619094
          ],
          [
            29.9567279,
            40.7617658
          ],
          [
            29.9574823,
            40.7615004
          ]
        ]
      },
      "id": "way/503100494"
    },
    {
      "type": "Feature",
      "properties": {
        "@id": "way/503100499",
        "electrified": "contact_line",
        "frequency": "50",
        "gauge": "1435",
        "highspeed": "yes",
        "maxspeed": "160",
        "name": "İstanbul - Ankara yüksek hızlı demiryolu",
        "name:en": "İstanbul - Ankara high speed railway",
        "operator": "TCDD",
        "passenger_lines": "1",
        "railway": "rail",
        "railway:etcs": "1",
        "source": "bing",
        "usage": "main",
        "voltage": "25000",
        "wikidata": "Q15103266",
        "wikipedia": "en:Istanbul–Ankara high speed railway"
      },
      "geometry": {
        "type": "LineString",
        "coordinates": [
          [
            29.9596296,
            40.7604385
          ],
          [
            29.9628635,
            40.7583898
          ],
          [
            29.9644527,
            40.7574163
          ],
          [
            29.9724654,
            40.7522779
          ],
          [
            29.9735972,
            40.7516277
          ],
          [
            29.9744841,
            40.7511648
          ],
          [
            29.9751697,
            40.750837
          ],
          [
            29.9759737,
            40.7504838
          ],
          [
            29.9766581,
            40.7502079
          ],
          [
            29.9773887,
            40.7499348
          ],
          [
            29.9782145,
            40.7496512
          ],
          [
            29.9791809,
            40.7493519
          ],
          [
            29.9799829,
            40.7491347
          ],
          [
            29.9811513,
            40.74886
          ],
          [
            29.9824094,
            40.7486092
          ],
          [
            29.9833996,
            40.7484657
          ],
          [
            29.9842524,
            40.7483582
          ],
          [
            29.9850422,
            40.7482831
          ],
          [
            29.9858375,
            40.7482181
          ],
          [
            29.986877,
            40.7481687
          ],
          [
            29.9880871,
            40.7481531
          ],
          [
            29.9886417,
            40.7481653
          ],
          [
            29.9896093,
            40.7482019
          ],
          [
            29.9968667,
            40.7485808
          ],
          [
            30.0018861,
            40.7488939
          ],
          [
            30.0065811,
            40.7491056
          ]
        ]
      },
      "id": "way/503100499"
    },
    {
      "type": "Feature",
      "properties": {
        "@id": "way/503100989",
        "electrified": "contact_line",
        "frequency": "50",
        "gauge": "1435",
        "maxspeed": "160",
        "name": "İstanbul - Ankara demiryolu",
        "name:en": "İstanbul - Ankara railway",
        "operator": "TCDD",
        "passenger_lines": "1",
        "railway": "rail",
        "source": "bing",
        "usage": "main",
        "voltage": "25000",
        "wikidata": "Q15103266",
        "wikipedia": "en:Istanbul–Ankara railway"
      },
      "geometry": {
        "type": "LineString",
        "coordinates": [
          [
            30.1312874,
            40.7100452
          ],
          [
            30.1162129,
            40.7101664
          ],
          [
            30.1157571,
            40.7101705
          ],
          [
            30.1132641,
            40.7102043
          ],
          [
            30.1128644,
            40.7102299
          ],
          [
            30.1116927,
            40.7102814
          ],
          [
            30.1103175,
            40.7102983
          ],
          [
            30.1082388,
            40.7103186
          ],
          [
            30.107021,
            40.7103267
          ],
          [
            30.1057081,
            40.7102902
          ],
          [
            30.1052213,
            40.7102759
          ],
          [
            30.1048109,
            40.7102678
          ],
          [
            30.1041677,
            40.7102732
          ],
          [
            30.102649,
            40.7102879
          ],
          [
            30.1015371,
            40.7103111
          ],
          [
            30.1011497,
            40.7103324
          ],
          [
            30.1003566,
            40.7104114
          ],
          [
            30.0996014,
            40.7105307
          ],
          [
            30.0990249,
            40.7106561
          ],
          [
            30.0985261,
            40.7107795
          ],
          [
            30.0976555,
            40.7110507
          ],
          [
            30.0971413,
            40.7112487
          ],
          [
            30.0953343,
            40.7120555
          ],
          [
            30.0943427,
            40.712471
          ],
          [
            30.0937796,
            40.7126793
          ],
          [
            30.0931653,
            40.7128753
          ],
          [
            30.0926506,
            40.7130142
          ],
          [
            30.0922454,
            40.7131105
          ],
          [
            30.0916385,
            40.7132188
          ],
          [
            30.0912014,
            40.7132761
          ],
          [
            30.0907343,
            40.7133232
          ],
          [
            30.0902516,
            40.7133436
          ],
          [
            30.0897936,
            40.7133559
          ],
          [
            30.0893055,
            40.7133477
          ],
          [
            30.0888364,
            40.7133252
          ],
          [
            30.0883541,
            40.7132844
          ],
          [
            30.0874759,
            40.7131887
          ],
          [
            30.0860437,
            40.7130187
          ]
        ]
      },
      "id": "way/503100989"
    },
    {
      "type": "Feature",
      "properties": {
        "@id": "way/503101314",
        "electrified": "contact_line",
        "frequency": "50",
        "gauge": "1435",
        "highspeed": "yes",
        "maxspeed": "250",
        "name": "Ankara - İstanbul yüksek hızlı demiryolu",
        "name:en": "Ankara - İstanbul high-speed railway",
        "operator": "TCDD",
        "passenger_lines": "1",
        "railway": "rail",
        "railway:etcs": "1",
        "usage": "main",
        "voltage": "25000",
        "wikidata": "Q513146",
        "wikipedia": "en:Ankara–Istanbul high-speed railway"
      },
      "geometry": {
        "type": "LineString",
        "coordinates": [
          [
            30.0856827,
            40.7131202
          ],
          [
            30.0850427,
            40.7133597
          ],
          [
            30.0841103,
            40.7137151
          ],
          [
            30.0828354,
            40.714245
          ],
          [
            30.0812276,
            40.7149843
          ],
          [
            30.0804187,
            40.7153761
          ],
          [
            30.0795162,
            40.7158389
          ],
          [
            30.0785892,
            40.7163547
          ],
          [
            30.0777237,
            40.7168463
          ],
          [
            30.0766634,
            40.7174835
          ],
          [
            30.0749862,
            40.7186267
          ],
          [
            30.0739205,
            40.719402
          ],
          [
            30.0731386,
            40.7200453
          ],
          [
            30.070929,
            40.721913
          ],
          [
            30.0687673,
            40.7238095
          ],
          [
            30.0660947,
            40.7260851
          ],
          [
            30.064502,
            40.7272859
          ],
          [
            30.0637176,
            40.727866
          ],
          [
            30.0630324,
            40.72831
          ],
          [
            30.061478,
            40.7292601
          ],
          [
            30.0591817,
            40.7305403
          ],
          [
            30.0280422,
            40.7461734
          ]
        ]
      },
      "id": "way/503101314"
    },
    {
      "type": "Feature",
      "properties": {
        "@id": "way/503102868",
        "electrified": "contact_line",
        "frequency": "50",
        "gauge": "1435",
        "highspeed": "yes",
        "maxspeed": "250",
        "name": "Ankara - İstanbul yüksek hızlı demiryolu",
        "name:en": "Ankara - İstanbul high-speed railway",
        "operator": "TCDD",
        "passenger_lines": "1",
        "railway": "rail",
        "railway:etcs": "1",
        "usage": "main",
        "voltage": "25000",
        "wikidata": "Q513146",
        "wikipedia": "en:Ankara–Istanbul high-speed railway"
      },
      "geometry": {
        "type": "LineString",
        "coordinates": [
          [
            30.1734379,
            40.7056849
          ],
          [
            30.1433218,
            40.709468
          ],
          [
            30.1421928,
            40.7095867
          ],
          [
            30.1412514,
            40.709668
          ],
          [
            30.1401409,
            40.7097412
          ],
          [
            30.1387891,
            40.7098083
          ],
          [
            30.1376653,
            40.7098469
          ],
          [
            30.136072,
            40.7098693
          ],
          [
            30.1316036,
            40.7099133
          ]
        ]
      },
      "id": "way/503102868"
    },
    {
      "type": "Feature",
      "properties": {
        "@id": "way/503102870",
        "electrified": "contact_line",
        "frequency": "50",
        "gauge": "1435",
        "highspeed": "yes",
        "maxspeed": "250",
        "name": "Ankara - İstanbul yüksek hızlı demiryolu",
        "name:en": "Ankara - İstanbul high-speed railway",
        "operator": "TCDD",
        "passenger_lines": "1",
        "railway": "rail",
        "railway:etcs": "1",
        "usage": "main",
        "voltage": "25000",
        "wikidata": "Q513146",
        "wikipedia": "en:Ankara–Istanbul high-speed railway"
      },
      "geometry": {
        "type": "LineString",
        "coordinates": [
          [
            30.1977468,
            40.7028118
          ],
          [
            30.1962026,
            40.7029079
          ],
          [
            30.194312,
            40.7030934
          ],
          [
            30.1738396,
            40.7056375
          ]
        ]
      },
      "id": "way/503102870"
    },
    {
      "type": "Feature",
      "properties": {
        "@id": "way/503102873",
        "electrified": "contact_line",
        "frequency": "50",
        "gauge": "1435",
        "highspeed": "yes",
        "maxspeed": "250",
        "name": "Ankara - İstanbul yüksek hızlı demiryolu",
        "name:en": "Ankara - İstanbul high-speed railway",
        "operator": "TCDD",
        "passenger_lines": "1",
        "railway": "rail",
        "railway:etcs": "1",
        "usage": "main",
        "voltage": "25000",
        "wikidata": "Q513146",
        "wikipedia": "en:Ankara–Istanbul high-speed railway"
      },
      "geometry": {
        "type": "LineString",
        "coordinates": [
          [
            30.2591569,
            40.6963973
          ],
          [
            30.2582065,
            40.6965736
          ],
          [
            30.2567006,
            40.6968545
          ],
          [
            30.2546042,
            40.6973519
          ],
          [
            30.2539632,
            40.6974983
          ],
          [
            30.2529815,
            40.6977118
          ],
          [
            30.2522948,
            40.6978521
          ],
          [
            30.2518067,
            40.6979396
          ],
          [
            30.2490467,
            40.6983992
          ],
          [
            30.2479423,
            40.6985578
          ],
          [
            30.2400532,
            40.6996925
          ],
          [
            30.2390823,
            40.6998348
          ],
          [
            30.2381086,
            40.699965
          ],
          [
            30.2373737,
            40.7000585
          ],
          [
            30.2366012,
            40.700152
          ],
          [
            30.235759,
            40.7002435
          ],
          [
            30.2347036,
            40.7003289
          ],
          [
            30.2210149,
            40.7012501
          ],
          [
            30.2190596,
            40.7013517
          ]
        ]
      },
      "id": "way/503102873"
    },
    {
      "type": "Feature",
      "properties": {
        "@id": "way/503103738",
        "electrified": "contact_line",
        "frequency": "50",
        "gauge": "1435",
        "maxspeed": "100",
        "name": "İstanbul - Ankara demiryolu",
        "name:en": "İstanbul - Ankara railway",
        "operator": "TCDD",
        "passenger_lines": "1",
        "railway": "rail",
        "source": "bing",
        "usage": "main",
        "voltage": "25000",
        "wikidata": "Q15103266",
        "wikipedia": "en:Istanbul–Ankara railway"
      },
      "geometry": {
        "type": "LineString",
        "coordinates": [
          [
            30.2190522,
            40.7014127
          ],
          [
            30.2210295,
            40.7013081
          ],
          [
            30.2347102,
            40.7003873
          ],
          [
            30.2376312,
            40.7001643
          ],
          [
            30.2394838,
            40.6999688
          ],
          [
            30.2420434,
            40.6995888
          ],
          [
            30.2475849,
            40.6987916
          ],
          [
            30.2495643,
            40.698513
          ],
          [
            30.2502932,
            40.6983869
          ],
          [
            30.2508044,
            40.6982944
          ],
          [
            30.2513947,
            40.6981784
          ],
          [
            30.2567285,
            40.6969106
          ],
          [
            30.2582065,
            40.6965736
          ]
        ]
      },
      "id": "way/503103738"
    },
    {
      "type": "Feature",
      "properties": {
        "@id": "way/503103740",
        "electrified": "contact_line",
        "frequency": "50",
        "gauge": "1435",
        "maxspeed": "100",
        "name": "İstanbul - Ankara demiryolu",
        "name:en": "İstanbul - Ankara railway",
        "operator": "TCDD",
        "passenger_lines": "1",
        "railway": "rail",
        "source": "bing",
        "usage": "main",
        "voltage": "25000",
        "wikidata": "Q15103266",
        "wikipedia": "en:Istanbul–Ankara railway"
      },
      "geometry": {
        "type": "LineString",
        "coordinates": [
          [
            30.2591569,
            40.6963973
          ],
          [
            30.2567393,
            40.6969675
          ],
          [
            30.2514245,
            40.6982111
          ],
          [
            30.2508223,
            40.6983443
          ],
          [
            30.2503207,
            40.6984581
          ],
          [
            30.2495268,
            40.6986228
          ],
          [
            30.2488965,
            40.6987388
          ],
          [
            30.2395436,
            40.7000707
          ],
          [
            30.2388304,
            40.7001454
          ],
          [
            30.2376293,
            40.7002309
          ],
          [
            30.2347126,
            40.7004214
          ],
          [
            30.2210334,
            40.7013416
          ],
          [
            30.2190579,
            40.7014475
          ]
        ]
      },
      "id": "way/503103740"
    },
    {
      "type": "Feature",
      "properties": {
        "@id": "way/503185157",
        "electrified": "contact_line",
        "frequency": "50",
        "gauge": "1435",
        "highspeed": "yes",
        "layer": "-1",
        "maxspeed": "250",
        "name": "Ankara - İstanbul yüksek hızlı demiryolu",
        "name:en": "Ankara - İstanbul high-speed railway",
        "operator": "TCDD",
        "passenger_lines": "1",
        "railway": "rail",
        "railway:etcs": "1",
        "tunnel": "yes",
        "usage": "main",
        "voltage": "25000",
        "wikidata": "Q513146",
        "wikipedia": "en:Ankara–Istanbul high-speed railway"
      },
      "geometry": {
        "type": "LineString",
        "coordinates": [
          [
            30.0278115,
            40.2029783
          ],
          [
            30.0253093,
            40.1975478
          ],
          [
            30.0230061,
            40.1925613
          ],
          [
            30.0206995,
            40.1871356
          ],
          [
            30.0176525,
            40.1792996
          ],
          [
            30.0162792,
            40.1748074
          ],
          [
            30.015732,
            40.1717906
          ],
          [
            30.0154556,
            40.1675619
          ]
        ]
      },
      "id": "way/503185157"
    },
    {
      "type": "Feature",
      "properties": {
        "@id": "way/503185369",
        "electrified": "contact_line",
        "frequency": "50",
        "gauge": "1435",
        "highspeed": "yes",
        "maxspeed": "250",
        "name": "Ankara - İstanbul yüksek hızlı demiryolu",
        "name:en": "Ankara - İstanbul high-speed railway",
        "operator": "TCDD",
        "passenger_lines": "1",
        "railway": "rail",
        "railway:etcs": "1",
        "usage": "main",
        "voltage": "25000",
        "wikidata": "Q513146",
        "wikipedia": "en:Ankara–Istanbul high-speed railway"
      },
      "geometry": {
        "type": "LineString",
        "coordinates": [
          [
            30.0155128,
            40.1673859
          ],
          [
            30.0155266,
            40.1675613
          ]
        ]
      },
      "id": "way/503185369"
    },
    {
      "type": "Feature",
      "properties": {
        "@id": "way/503185373",
        "electrified": "contact_line",
        "frequency": "50",
        "gauge": "1435",
        "highspeed": "yes",
        "maxspeed": "250",
        "name": "Ankara - İstanbul yüksek hızlı demiryolu",
        "name:en": "Ankara - İstanbul high-speed railway",
        "operator": "TCDD",
        "passenger_lines": "1",
        "railway": "rail",
        "railway:etcs": "1",
        "usage": "main",
        "voltage": "25000",
        "wikidata": "Q513146",
        "wikipedia": "en:Ankara–Istanbul high-speed railway"
      },
      "geometry": {
        "type": "LineString",
        "coordinates": [
          [
            30.0154556,
            40.1675619
          ],
          [
            30.0154435,
            40.1673941
          ]
        ]
      },
      "id": "way/503185373"
    },
    {
      "type": "Feature",
      "properties": {
        "@id": "way/503185377",
        "electrified": "contact_line",
        "frequency": "50",
        "gauge": "1435",
        "highspeed": "yes",
        "layer": "-1",
        "maxspeed": "250",
        "name": "Ankara - İstanbul yüksek hızlı demiryolu",
        "name:en": "Ankara - İstanbul high-speed railway",
        "operator": "TCDD",
        "passenger_lines": "1",
        "railway": "rail",
        "railway:etcs": "1",
        "tunnel": "yes",
        "usage": "main",
        "voltage": "25000",
        "wikidata": "Q513146",
        "wikipedia": "en:Ankara–Istanbul high-speed railway"
      },
      "geometry": {
        "type": "LineString",
        "coordinates": [
          [
            30.0152046,
            40.1623404
          ],
          [
            30.0153324,
            40.1644468
          ]
        ]
      },
      "id": "way/503185377"
    },
    {
      "type": "Feature",
      "properties": {
        "@id": "way/503185382",
        "electrified": "contact_line",
        "frequency": "50",
        "gauge": "1435",
        "highspeed": "yes",
        "layer": "-1",
        "maxspeed": "250",
        "name": "Ankara - İstanbul yüksek hızlı demiryolu",
        "name:en": "Ankara - İstanbul high-speed railway",
        "operator": "TCDD",
        "passenger_lines": "1",
        "railway": "rail",
        "railway:etcs": "1",
        "tunnel": "yes",
        "usage": "main",
        "voltage": "25000",
        "wikidata": "Q513146",
        "wikipedia": "en:Ankara–Istanbul high-speed railway"
      },
      "geometry": {
        "type": "LineString",
        "coordinates": [
          [
            30.0152546,
            40.164455
          ],
          [
            30.0151436,
            40.1623388
          ]
        ]
      },
      "id": "way/503185382"
    },
    {
      "type": "Feature",
      "properties": {
        "@id": "way/503186170",
        "electrified": "contact_line",
        "frequency": "50",
        "gauge": "1435",
        "highspeed": "yes",
        "layer": "-1",
        "maxspeed": "250",
        "name": "Ankara - İstanbul yüksek hızlı demiryolu",
        "name:en": "Ankara - İstanbul high-speed railway",
        "operator": "TCDD",
        "passenger_lines": "1",
        "railway": "rail",
        "railway:etcs": "1",
        "tunnel": "yes",
        "usage": "main",
        "voltage": "25000",
        "wikidata": "Q513146",
        "wikipedia": "en:Ankara–Istanbul high-speed railway"
      },
      "geometry": {
        "type": "LineString",
        "coordinates": [
          [
            30.0155266,
            40.1675613
          ],
          [
            30.0158023,
            40.1717855
          ],
          [
            30.0163486,
            40.1747976
          ],
          [
            30.0177207,
            40.1792858
          ],
          [
            30.0207668,
            40.1871196
          ],
          [
            30.0230732,
            40.1925447
          ],
          [
            30.0253759,
            40.1975301
          ],
          [
            30.0278776,
            40.2029596
          ]
        ]
      },
      "id": "way/503186170"
    },
    {
      "type": "Feature",
      "properties": {
        "@id": "way/503187957",
        "electrified": "contact_line",
        "frequency": "50",
        "gauge": "1435",
        "highspeed": "yes",
        "layer": "-1",
        "maxspeed": "250",
        "name": "Ankara - İstanbul yüksek hızlı demiryolu",
        "name:en": "Ankara - İstanbul high-speed railway",
        "operator": "TCDD",
        "passenger_lines": "1",
        "railway": "rail",
        "railway:etcs": "1",
        "tunnel": "yes",
        "usage": "main",
        "voltage": "25000",
        "wikidata": "Q513146",
        "wikipedia": "en:Ankara–Istanbul high-speed railway"
      },
      "geometry": {
        "type": "LineString",
        "coordinates": [
          [
            30.0317726,
            40.256067
          ],
          [
            30.0318519,
            40.257862
          ],
          [
            30.0321306,
            40.2603817
          ],
          [
            30.0326451,
            40.2635389
          ],
          [
            30.0338243,
            40.2675145
          ],
          [
            30.0356049,
            40.2724906
          ],
          [
            30.0375143,
            40.2776874
          ],
          [
            30.0386187,
            40.2803051
          ],
          [
            30.0397553,
            40.2826936
          ],
          [
            30.0406982,
            40.2844919
          ],
          [
            30.0418659,
            40.286298
          ],
          [
            30.0441638,
            40.2894217
          ],
          [
            30.0452382,
            40.2908217
          ]
        ]
      },
      "id": "way/503187957"
    },
    {
      "type": "Feature",
      "properties": {
        "@id": "way/503187958",
        "electrified": "contact_line",
        "frequency": "50",
        "gauge": "1435",
        "highspeed": "yes",
        "layer": "-1",
        "maxspeed": "250",
        "name": "Ankara - İstanbul yüksek hızlı demiryolu",
        "name:en": "Ankara - İstanbul high-speed railway",
        "operator": "TCDD",
        "passenger_lines": "1",
        "railway": "rail",
        "railway:etcs": "1",
        "tunnel": "yes",
        "usage": "main",
        "voltage": "25000",
        "wikidata": "Q513146",
        "wikipedia": "en:Ankara–Istanbul high-speed railway"
      },
      "geometry": {
        "type": "LineString",
        "coordinates": [
          [
            30.0451966,
            40.2908475
          ],
          [
            30.0441132,
            40.2894447
          ],
          [
            30.0418138,
            40.2863189
          ],
          [
            30.0406444,
            40.2845102
          ],
          [
            30.0397003,
            40.2827096
          ],
          [
            30.038563,
            40.2803196
          ],
          [
            30.0374579,
            40.2777004
          ],
          [
            30.0355482,
            40.2725026
          ],
          [
            30.0337672,
            40.2675254
          ],
          [
            30.032587,
            40.2635466
          ],
          [
            30.032072,
            40.2603864
          ],
          [
            30.0317931,
            40.2578646
          ],
          [
            30.0317156,
            40.2560625
          ]
        ]
      },
      "id": "way/503187958"
    },
    {
      "type": "Feature",
      "properties": {
        "@id": "way/503188228",
        "electrified": "contact_line",
        "frequency": "50",
        "gauge": "1435",
        "highspeed": "yes",
        "layer": "-1",
        "maxspeed": "250",
        "name": "Ankara - İstanbul yüksek hızlı demiryolu",
        "name:en": "Ankara - İstanbul high-speed railway",
        "operator": "TCDD",
        "passenger_lines": "1",
        "railway": "rail",
        "railway:etcs": "1",
        "tunnel": "yes",
        "usage": "main",
        "voltage": "25000",
        "wikidata": "Q513146",
        "wikipedia": "en:Ankara–Istanbul high-speed railway"
      },
      "geometry": {
        "type": "LineString",
        "coordinates": [
          [
            30.0610162,
            40.3092572
          ],
          [
            30.0620508,
            40.3111722
          ],
          [
            30.0628567,
            40.3133353
          ],
          [
            30.0633302,
            40.3151216
          ],
          [
            30.0640912,
            40.3178288
          ],
          [
            30.0645216,
            40.3198812
          ],
          [
            30.0647789,
            40.3225149
          ],
          [
            30.0647252,
            40.3238799
          ],
          [
            30.0645681,
            40.3254169
          ]
        ]
      },
      "id": "way/503188228"
    },
    {
      "type": "Feature",
      "properties": {
        "@id": "way/503189061",
        "electrified": "contact_line",
        "frequency": "50",
        "gauge": "1435",
        "highspeed": "yes",
        "layer": "-1",
        "maxspeed": "250",
        "name": "Ankara - İstanbul yüksek hızlı demiryolu",
        "name:en": "Ankara - İstanbul high-speed railway",
        "operator": "TCDD",
        "passenger_lines": "1",
        "railway": "rail",
        "railway:etcs": "1",
        "tunnel": "yes",
        "usage": "main",
        "voltage": "25000",
        "wikidata": "Q513146",
        "wikipedia": "en:Ankara–Istanbul high-speed railway"
      },
      "geometry": {
        "type": "LineString",
        "coordinates": [
          [
            30.0311507,
            40.4041229
          ],
          [
            30.0323541,
            40.407014
          ],
          [
            30.032986,
            40.4084325
          ],
          [
            30.0339389,
            40.4100708
          ],
          [
            30.034551,
            40.4112591
          ],
          [
            30.0359985,
            40.4135804
          ],
          [
            30.0368282,
            40.4145789
          ]
        ]
      },
      "id": "way/503189061"
    },
    {
      "type": "Feature",
      "properties": {
        "@id": "way/503189062",
        "electrified": "contact_line",
        "frequency": "50",
        "gauge": "1435",
        "highspeed": "yes",
        "layer": "-1",
        "maxspeed": "250",
        "name": "Ankara - İstanbul yüksek hızlı demiryolu",
        "name:en": "Ankara - İstanbul high-speed railway",
        "operator": "TCDD",
        "passenger_lines": "1",
        "railway": "rail",
        "railway:etcs": "1",
        "tunnel": "yes",
        "usage": "main",
        "voltage": "25000",
        "wikidata": "Q513146",
        "wikipedia": "en:Ankara–Istanbul high-speed railway"
      },
      "geometry": {
        "type": "LineString",
        "coordinates": [
          [
            30.0367807,
            40.4146089
          ],
          [
            30.0359194,
            40.4135877
          ],
          [
            30.0344784,
            40.4112867
          ],
          [
            30.0338852,
            40.4101059
          ],
          [
            30.0329303,
            40.4084558
          ],
          [
            30.0322759,
            40.4070179
          ],
          [
            30.0311097,
            40.404128
          ]
        ]
      },
      "id": "way/503189062"
    },
    {
      "type": "Feature",
      "properties": {
        "@id": "way/503189063",
        "electrified": "contact_line",
        "frequency": "50",
        "gauge": "1435",
        "highspeed": "yes",
        "layer": "-1",
        "maxspeed": "250",
        "name": "Ankara - İstanbul yüksek hızlı demiryolu",
        "name:en": "Ankara - İstanbul high-speed railway",
        "operator": "TCDD",
        "passenger_lines": "1",
        "railway": "rail",
        "railway:etcs": "1",
        "tunnel": "yes",
        "usage": "main",
        "voltage": "25000",
        "wikidata": "Q513146",
        "wikipedia": "en:Ankara–Istanbul high-speed railway"
      },
      "geometry": {
        "type": "LineString",
        "coordinates": [
          [
            30.0401211,
            40.3708156
          ],
          [
            30.039065,
            40.3724992
          ],
          [
            30.0378756,
            40.3745804
          ],
          [
            30.0337354,
            40.3810843
          ],
          [
            30.0314626,
            40.3851429
          ],
          [
            30.0298011,
            40.389066
          ],
          [
            30.0292866,
            40.3904273
          ],
          [
            30.0289225,
            40.3920237
          ],
          [
            30.0287385,
            40.3936465
          ],
          [
            30.0287838,
            40.3952455
          ],
          [
            30.029189,
            40.397424
          ],
          [
            30.0298407,
            40.3997928
          ],
          [
            30.0309064,
            40.403538
          ]
        ]
      },
      "id": "way/503189063"
    },
    {
      "type": "Feature",
      "properties": {
        "@id": "way/503190373",
        "bridge": "yes",
        "electrified": "contact_line",
        "frequency": "50",
        "gauge": "1435",
        "layer": "1",
        "operator": "TCDD",
        "railway": "rail",
        "railway:etcs": "yes",
        "usage": "main",
        "voltage": "25000"
      },
      "geometry": {
        "type": "LineString",
        "coordinates": [
          [
            30.0530013,
            40.4578778
          ],
          [
            30.0530362,
            40.45814
          ]
        ]
      },
      "id": "way/503190373"
    },
    {
      "type": "Feature",
      "properties": {
        "@id": "way/503190374",
        "electrified": "contact_line",
        "frequency": "50",
        "gauge": "1435",
        "name": "İstanbul - Ankara demiryolu",
        "operator": "TCDD",
        "railway": "rail",
        "source": "GPS, Bing",
        "usage": "main",
        "voltage": "25000"
      },
      "geometry": {
        "type": "LineString",
        "coordinates": [
          [
            30.0563422,
            40.4715049
          ],
          [
            30.0598864,
            40.4762412
          ],
          [
            30.0647875,
            40.4827263
          ],
          [
            30.066358,
            40.4848299
          ],
          [
            30.0667235,
            40.4852877
          ],
          [
            30.0672897,
            40.4859003
          ],
          [
            30.0676769,
            40.4862774
          ],
          [
            30.0681339,
            40.4866577
          ],
          [
            30.068556,
            40.4869688
          ],
          [
            30.0690455,
            40.4873059
          ],
          [
            30.0695502,
            40.4876167
          ],
          [
            30.0702407,
            40.4879826
          ],
          [
            30.0706967,
            40.4881976
          ],
          [
            30.0713501,
            40.4884718
          ],
          [
            30.0720139,
            40.4886994
          ],
          [
            30.0726077,
            40.4888755
          ],
          [
            30.0779461,
            40.4902212
          ]
        ]
      },
      "id": "way/503190374"
    },
    {
      "type": "Feature",
      "properties": {
        "@id": "way/541948128",
        "electrified": "contact_line",
        "frequency": "50",
        "gauge": "1435",
        "maxspeed": "120",
        "name": "İstanbul - Ankara demiryolu",
        "operator": "TCDD",
        "railway": "rail",
        "railway:etcs": "1",
        "usage": "main",
        "voltage": "25000"
      },
      "geometry": {
        "type": "LineString",
        "coordinates": [
          [
            30.3615732,
            40.7131309
          ],
          [
            30.3623266,
            40.7130987
          ],
          [
            30.3625815,
            40.7130732
          ],
          [
            30.363016,
            40.7129987
          ],
          [
            30.3634139,
            40.7129189
          ],
          [
            30.3638487,
            40.7127822
          ],
          [
            30.3643484,
            40.7125983
          ],
          [
            30.3646851,
            40.7124519
          ],
          [
            30.3651344,
            40.7122143
          ],
          [
            30.3655774,
            40.7119172
          ],
          [
            30.365751,
            40.7117932
          ],
          [
            30.3660074,
            40.7115932
          ],
          [
            30.3661705,
            40.7114276
          ],
          [
            30.3665247,
            40.711018
          ],
          [
            30.3668144,
            40.7106033
          ],
          [
            30.3669324,
            40.710404
          ],
          [
            30.3670826,
            40.7101255
          ],
          [
            30.3671792,
            40.7098408
          ],
          [
            30.3672677,
            40.7095582
          ],
          [
            30.3673053,
            40.7092716
          ],
          [
            30.3673267,
            40.7090835
          ],
          [
            30.3673341,
            40.7087632
          ],
          [
            30.3671866,
            40.7078352
          ],
          [
            30.3670898,
            40.707088
          ],
          [
            30.3648877,
            40.6929874
          ]
        ]
      },
      "id": "way/541948128"
    },
    {
      "type": "Feature",
      "properties": {
        "@id": "way/541948129",
        "bridge": "yes",
        "electrified": "contact_line",
        "frequency": "50",
        "gauge": "1435",
        "layer": "1",
        "maxspeed": "120",
        "operator": "TCDD",
        "railway": "rail",
        "railway:etcs": "1",
        "usage": "main",
        "voltage": "25000"
      },
      "geometry": {
        "type": "LineString",
        "coordinates": [
          [
            30.3648877,
            40.6929874
          ],
          [
            30.3648548,
            40.6927682
          ]
        ]
      },
      "id": "way/541948129"
    },
    {
      "type": "Feature",
      "properties": {
        "@id": "way/541948130",
        "electrified": "contact_line",
        "frequency": "50",
        "gauge": "1435",
        "maxspeed": "120",
        "name": "İstanbul - Ankara demiryolu",
        "operator": "TCDD",
        "railway": "rail",
        "railway:etcs": "1",
        "usage": "main",
        "voltage": "25000"
      },
      "geometry": {
        "type": "LineString",
        "coordinates": [
          [
            30.3648548,
            40.6927682
          ],
          [
            30.3638034,
            40.6859749
          ],
          [
            30.3637294,
            40.6855985
          ],
          [
            30.3636213,
            40.6852206
          ],
          [
            30.363502,
            40.6848786
          ],
          [
            30.3630704,
            40.6839778
          ],
          [
            30.3627032,
            40.6834261
          ],
          [
            30.3622967,
            40.682904
          ],
          [
            30.3601694,
            40.6804144
          ],
          [
            30.3592269,
            40.6793535
          ],
          [
            30.3589831,
            40.6790265
          ],
          [
            30.3586902,
            40.6785728
          ],
          [
            30.3585064,
            40.6781812
          ],
          [
            30.3583224,
            40.6776839
          ],
          [
            30.3582393,
            40.677251
          ],
          [
            30.358207,
            40.6768383
          ],
          [
            30.3582264,
            40.676575
          ],
          [
            30.3582566,
            40.6762934
          ],
          [
            30.3583005,
            40.6760432
          ],
          [
            30.3584022,
            40.6756888
          ],
          [
            30.3585251,
            40.6753405
          ],
          [
            30.3586855,
            40.6750017
          ],
          [
            30.3588678,
            40.6746816
          ],
          [
            30.3618059,
            40.6698688
          ],
          [
            30.3621652,
            40.6692449
          ],
          [
            30.3624094,
            40.6687637
          ],
          [
            30.3625863,
            40.6683582
          ],
          [
            30.362795,
            40.6678691
          ],
          [
            30.3628765,
            40.6676185
          ],
          [
            30.3629979,
            40.6672983
          ],
          [
            30.3632169,
            40.6664644
          ],
          [
            30.3633931,
            40.6656252
          ],
          [
            30.3634503,
            40.6651871
          ]
        ]
      },
      "id": "way/541948130"
    },
    {
      "type": "Feature",
      "properties": {
        "@id": "way/541948131",
        "bridge": "yes",
        "electrified": "contact_line",
        "frequency": "50",
        "gauge": "1435",
        "layer": "1",
        "maxspeed": "120",
        "operator": "TCDD",
        "railway": "rail",
        "railway:etcs": "1",
        "usage": "main",
        "voltage": "25000"
      },
      "geometry": {
        "type": "LineString",
        "coordinates": [
          [
            30.3634503,
            40.6651871
          ],
          [
            30.3634751,
            40.6649002
          ]
        ]
      },
      "id": "way/541948131"
    },
    {
      "type": "Feature",
      "properties": {
        "@id": "way/541948139",
        "bridge": "yes",
        "electrified": "contact_line",
        "frequency": "50",
        "gauge": "1435",
        "layer": "1",
        "maxspeed": "120",
        "operator": "TCDD",
        "railway": "rail",
        "railway:etcs": "1",
        "usage": "main",
        "voltage": "25000"
      },
      "geometry": {
        "type": "LineString",
        "coordinates": [
          [
            30.3649334,
            40.6929852
          ],
          [
            30.3649019,
            40.6927639
          ]
        ]
      },
      "id": "way/541948139"
    },
    {
      "type": "Feature",
      "properties": {
        "@id": "way/541948140",
        "electrified": "contact_line",
        "frequency": "50",
        "gauge": "1435",
        "maxspeed": "120",
        "name": "İstanbul - Ankara demiryolu",
        "operator": "TCDD",
        "railway": "rail",
        "railway:etcs": "1",
        "usage": "main",
        "voltage": "25000"
      },
      "geometry": {
        "type": "LineString",
        "coordinates": [
          [
            30.3649334,
            40.6929852
          ],
          [
            30.3671853,
            40.707406
          ],
          [
            30.3671997,
            40.7075498
          ],
          [
            30.3673854,
            40.7087607
          ],
          [
            30.3673718,
            40.709095
          ],
          [
            30.3673481,
            40.7092839
          ],
          [
            30.367312,
            40.7095663
          ],
          [
            30.3672262,
            40.7098499
          ],
          [
            30.3671219,
            40.7101397
          ],
          [
            30.3669809,
            40.7104271
          ],
          [
            30.3668568,
            40.7106336
          ],
          [
            30.3665677,
            40.7110464
          ],
          [
            30.3662323,
            40.7114531
          ],
          [
            30.3660526,
            40.7116279
          ],
          [
            30.3658169,
            40.7118295
          ],
          [
            30.3656155,
            40.7119614
          ],
          [
            30.3651711,
            40.7122531
          ],
          [
            30.3647196,
            40.7124839
          ],
          [
            30.3643709,
            40.7126364
          ],
          [
            30.3638586,
            40.7128193
          ],
          [
            30.3634375,
            40.7129495
          ],
          [
            30.3630164,
            40.7130369
          ],
          [
            30.3625846,
            40.713108
          ],
          [
            30.3623338,
            40.7131304
          ],
          [
            30.3615761,
            40.7131609
          ]
        ]
      },
      "id": "way/541948140"
    },
    {
      "type": "Feature",
      "properties": {
        "@id": "way/550515083",
        "electrified": "contact_line",
        "frequency": "50",
        "gauge": "1435",
        "highspeed": "yes",
        "layer": "-1",
        "maxspeed": "250",
        "name": "Ankara – İstanbul yüksek hızlı demiryolu",
        "name:en": "Ankara – İstanbul high-speed railway",
        "operator": "TCDD",
        "passenger_lines": "2",
        "railway": "rail",
        "railway:etcs": "1",
        "railway:preferred_direction": "forward",
        "tunnel": "yes",
        "usage": "main",
        "voltage": "25000",
        "wikidata": "Q513146",
        "wikipedia": "en:Ankara–Istanbul high-speed railway"
      },
      "geometry": {
        "type": "LineString",
        "coordinates": [
          [
            30.3420322,
            40.5816826
          ],
          [
            30.3421337,
            40.5823241
          ],
          [
            30.3422333,
            40.5834008
          ],
          [
            30.342304,
            40.5845351
          ],
          [
            30.3422545,
            40.5854651
          ],
          [
            30.3420061,
            40.5868019
          ],
          [
            30.3413214,
            40.5891574
          ],
          [
            30.3317016,
            40.6156811
          ],
          [
            30.3315206,
            40.6161801
          ]
        ]
      },
      "id": "way/550515083"
    },
    {
      "type": "Feature",
      "properties": {
        "@id": "way/653804120",
        "bridge": "yes",
        "electrified": "contact_line",
        "frequency": "50",
        "gauge": "1435",
        "layer": "1",
        "maxspeed": "120",
        "name": "İstanbul - Ankara demiryolu",
        "operator": "TCDD",
        "railway": "rail",
        "railway:etcs": "yes",
        "usage": "main",
        "voltage": "25000"
      },
      "geometry": {
        "type": "LineString",
        "coordinates": [
          [
            30.2951822,
            40.5387156
          ],
          [
            30.2950486,
            40.5385776
          ]
        ]
      },
      "id": "way/653804120"
    },
    {
      "type": "Feature",
      "properties": {
        "@id": "way/653804124",
        "electrified": "contact_line",
        "frequency": "50",
        "gauge": "1435",
        "maxspeed": "120",
        "name": "İstanbul - Ankara demiryolu",
        "operator": "TCDD",
        "railway": "rail",
        "railway:etcs": "yes",
        "usage": "main",
        "voltage": "25000"
      },
      "geometry": {
        "type": "LineString",
        "coordinates": [
          [
            30.313639,
            40.5519776
          ],
          [
            30.3129581,
            40.5519954
          ],
          [
            30.3125862,
            40.5519823
          ],
          [
            30.3121781,
            40.5519404
          ],
          [
            30.3118816,
            40.5518849
          ],
          [
            30.3114112,
            40.5517589
          ],
          [
            30.3109995,
            40.5516121
          ],
          [
            30.3078884,
            40.550361
          ],
          [
            30.3074058,
            40.5501639
          ],
          [
            30.3067038,
            40.5498542
          ],
          [
            30.3062567,
            40.5496368
          ],
          [
            30.3057893,
            40.5493401
          ],
          [
            30.3054422,
            40.5490932
          ],
          [
            30.3050738,
            40.5487803
          ],
          [
            30.3044903,
            40.5482017
          ],
          [
            30.3039515,
            40.5475693
          ],
          [
            30.3028592,
            40.5460292
          ],
          [
            30.302576,
            40.545708
          ],
          [
            30.3019162,
            40.5450929
          ],
          [
            30.2951822,
            40.5387156
          ]
        ]
      },
      "id": "way/653804124"
    },
    {
      "type": "Feature",
      "properties": {
        "@id": "way/653804125",
        "bridge": "yes",
        "electrified": "contact_line",
        "frequency": "50",
        "gauge": "1435",
        "layer": "1",
        "maxspeed": "120",
        "name": "İstanbul - Ankara demiryolu",
        "operator": "TCDD",
        "railway": "rail",
        "railway:etcs": "yes",
        "usage": "main",
        "voltage": "25000"
      },
      "geometry": {
        "type": "LineString",
        "coordinates": [
          [
            30.3155663,
            40.5518809
          ],
          [
            30.313639,
            40.5519776
          ]
        ]
      },
      "id": "way/653804125"
    },
    {
      "type": "Feature",
      "properties": {
        "@id": "way/653804128",
        "electrified": "contact_line",
        "frequency": "50",
        "gauge": "1435",
        "maxspeed": "120",
        "name": "İstanbul - Ankara demiryolu",
        "operator": "TCDD",
        "railway": "rail",
        "railway:etcs": "yes",
        "usage": "main",
        "voltage": "25000"
      },
      "geometry": {
        "type": "LineString",
        "coordinates": [
          [
            30.3368762,
            40.5789832
          ],
          [
            30.3381605,
            40.5778685
          ],
          [
            30.3384018,
            40.5776552
          ],
          [
            30.3385973,
            40.5773992
          ],
          [
            30.3387759,
            40.5771098
          ],
          [
            30.3388754,
            40.5768338
          ],
          [
            30.3389476,
            40.5765043
          ],
          [
            30.3389456,
            40.5762627
          ],
          [
            30.3389096,
            40.575945
          ],
          [
            30.3388555,
            40.5756779
          ],
          [
            30.3387565,
            40.5753862
          ],
          [
            30.3385869,
            40.5750575
          ],
          [
            30.3383188,
            40.574704
          ],
          [
            30.3380585,
            40.5744668
          ],
          [
            30.332601,
            40.5699406
          ],
          [
            30.3322521,
            40.5696536
          ],
          [
            30.332076,
            40.5694948
          ],
          [
            30.3318989,
            40.5693165
          ],
          [
            30.3316664,
            40.569004
          ],
          [
            30.3315104,
            40.5686377
          ],
          [
            30.3314185,
            40.5683794
          ],
          [
            30.330671,
            40.5658183
          ],
          [
            30.3304872,
            40.565406
          ],
          [
            30.3303323,
            40.5650772
          ],
          [
            30.330128,
            40.5647306
          ],
          [
            30.3293876,
            40.563579
          ],
          [
            30.3287296,
            40.5627522
          ],
          [
            30.3284666,
            40.5624726
          ],
          [
            30.3280678,
            40.5621173
          ],
          [
            30.3276654,
            40.5617936
          ],
          [
            30.3269681,
            40.5612592
          ],
          [
            30.3264922,
            40.5608908
          ],
          [
            30.3260531,
            40.5605261
          ],
          [
            30.3257473,
            40.5602376
          ],
          [
            30.3255019,
            40.5599762
          ],
          [
            30.3252052,
            40.5596281
          ],
          [
            30.3249203,
            40.5592596
          ],
          [
            30.3243907,
            40.5585494
          ],
          [
            30.3239677,
            40.5580664
          ],
          [
            30.323639,
            40.5577081
          ],
          [
            30.3190102,
            40.5532528
          ],
          [
            30.3185441,
            40.5528372
          ],
          [
            30.3183367,
            40.552688
          ],
          [
            30.3179275,
            40.552448
          ],
          [
            30.3176091,
            40.5522967
          ],
          [
            30.3171597,
            40.5521366
          ],
          [
            30.3167756,
            40.5520298
          ],
          [
            30.3164301,
            40.5519576
          ],
          [
            30.3159949,
            40.5519001
          ],
          [
            30.3155663,
            40.5518809
          ]
        ]
      },
      "id": "way/653804128"
    },
    {
      "type": "Feature",
      "properties": {
        "@id": "way/653804129",
        "bridge": "yes",
        "electrified": "contact_line",
        "frequency": "50",
        "gauge": "1435",
        "layer": "1",
        "maxspeed": "120",
        "operator": "TCDD",
        "railway": "rail",
        "railway:etcs": "yes",
        "source": "Bing",
        "usage": "main",
        "voltage": "25000"
      },
      "geometry": {
        "type": "LineString",
        "coordinates": [
          [
            30.3367013,
            40.5791671
          ],
          [
            30.3367697,
            40.5790929
          ],
          [
            30.3368762,
            40.5789832
          ]
        ]
      },
      "id": "way/653804129"
    },
    {
      "type": "Feature",
      "properties": {
        "@id": "way/653804130",
        "bridge": "yes",
        "electrified": "contact_line",
        "frequency": "50",
        "gauge": "1435",
        "layer": "1",
        "maxspeed": "120",
        "operator": "TCDD",
        "railway": "rail",
        "railway:etcs": "yes",
        "usage": "main",
        "voltage": "25000"
      },
      "geometry": {
        "type": "LineString",
        "coordinates": [
          [
            30.33326,
            40.5840864
          ],
          [
            30.3333083,
            40.5839907
          ]
        ]
      },
      "id": "way/653804130"
    },
    {
      "type": "Feature",
      "properties": {
        "@id": "way/653804131",
        "electrified": "contact_line",
        "frequency": "50",
        "gauge": "1435",
        "maxspeed": "120",
        "name": "İstanbul - Ankara demiryolu",
        "operator": "TCDD",
        "railway": "rail",
        "railway:etcs": "yes",
        "usage": "main",
        "voltage": "25000"
      },
      "geometry": {
        "type": "LineString",
        "coordinates": [
          [
            30.3333083,
            40.5839907
          ],
          [
            30.3345427,
            40.5817744
          ],
          [
            30.3350151,
            40.5810339
          ],
          [
            30.3353733,
            40.5806106
          ],
          [
            30.3366626,
            40.5791465
          ]
        ]
      },
      "id": "way/653804131"
    },
    {
      "type": "Feature",
      "properties": {
        "@id": "way/653804132",
        "bridge": "yes",
        "electrified": "contact_line",
        "frequency": "50",
        "gauge": "1435",
        "layer": "1",
        "maxspeed": "120",
        "operator": "TCDD",
        "railway": "rail",
        "railway:etcs": "yes",
        "usage": "main",
        "voltage": "25000"
      },
      "geometry": {
        "type": "LineString",
        "coordinates": [
          [
            30.333323,
            40.5841108
          ],
          [
            30.3333753,
            40.5840151
          ]
        ]
      },
      "id": "way/653804132"
    },
    {
      "type": "Feature",
      "properties": {
        "@id": "way/653804133",
        "electrified": "contact_line",
        "frequency": "50",
        "gauge": "1435",
        "maxspeed": "120",
        "name": "İstanbul - Ankara demiryolu",
        "operator": "TCDD",
        "railway": "rail",
        "railway:etcs": "yes",
        "usage": "main",
        "voltage": "25000"
      },
      "geometry": {
        "type": "LineString",
        "coordinates": [
          [
            30.3311896,
            40.5869631
          ],
          [
            30.3324584,
            40.5856527
          ],
          [
            30.3328108,
            40.5851195
          ],
          [
            30.333323,
            40.5841108
          ]
        ]
      },
      "id": "way/653804133"
    },
    {
      "type": "Feature",
      "properties": {
        "@id": "way/653804134",
        "electrified": "contact_line",
        "frequency": "50",
        "gauge": "1435",
        "maxspeed": "120",
        "name": "İstanbul - Ankara demiryolu",
        "operator": "TCDD",
        "railway": "rail",
        "railway:etcs": "yes",
        "usage": "main",
        "voltage": "25000"
      },
      "geometry": {
        "type": "LineString",
        "coordinates": [
          [
            30.3333753,
            40.5840151
          ],
          [
            30.3345859,
            40.5817891
          ],
          [
            30.3350568,
            40.581051
          ],
          [
            30.3354133,
            40.5806298
          ],
          [
            30.3367013,
            40.5791671
          ]
        ]
      },
      "id": "way/653804134"
    },
    {
      "type": "Feature",
      "properties": {
        "@id": "way/653804135",
        "bridge": "yes",
        "electrified": "contact_line",
        "frequency": "50",
        "gauge": "1435",
        "layer": "1",
        "maxspeed": "120",
        "operator": "TCDD",
        "railway": "rail",
        "railway:etcs": "yes",
        "source": "Bing",
        "usage": "main",
        "voltage": "25000"
      },
      "geometry": {
        "type": "LineString",
        "coordinates": [
          [
            30.3310502,
            40.5871082
          ],
          [
            30.3311896,
            40.5869631
          ]
        ]
      },
      "id": "way/653804135"
    },
    {
      "type": "Feature",
      "properties": {
        "@id": "way/653804136",
        "electrified": "contact_line",
        "frequency": "50",
        "gauge": "1435",
        "maxspeed": "120",
        "name": "İstanbul - Ankara demiryolu",
        "operator": "TCDD",
        "railway": "rail",
        "railway:etcs": "yes",
        "usage": "main",
        "voltage": "25000"
      },
      "geometry": {
        "type": "LineString",
        "coordinates": [
          [
            30.3246314,
            40.5958557
          ],
          [
            30.3247868,
            40.5938051
          ],
          [
            30.324763,
            40.5934717
          ],
          [
            30.3245321,
            40.5923941
          ],
          [
            30.324508,
            40.5920207
          ],
          [
            30.324575,
            40.5915387
          ],
          [
            30.3246626,
            40.5912196
          ],
          [
            30.3248508,
            40.5908479
          ],
          [
            30.3250987,
            40.5905006
          ],
          [
            30.3254366,
            40.590192
          ],
          [
            30.3256854,
            40.5899959
          ],
          [
            30.3261619,
            40.589724
          ]
        ]
      },
      "id": "way/653804136"
    },
    {
      "type": "Feature",
      "properties": {
        "@id": "way/653804137",
        "bridge": "yes",
        "electrified": "contact_line",
        "frequency": "50",
        "gauge": "1435",
        "layer": "1",
        "maxspeed": "120",
        "operator": "TCDD",
        "railway": "rail",
        "railway:etcs": "yes",
        "source": "Bing",
        "usage": "main",
        "voltage": "25000"
      },
      "geometry": {
        "type": "LineString",
        "coordinates": [
          [
            30.3285915,
            40.6150525
          ],
          [
            30.328667,
            40.6150058
          ]
        ]
      },
      "id": "way/653804137"
    },
    {
      "type": "Feature",
      "properties": {
        "@id": "way/653804138",
        "electrified": "contact_line",
        "frequency": "50",
        "gauge": "1435",
        "maxspeed": "120",
        "name": "İstanbul - Ankara demiryolu",
        "operator": "TCDD",
        "railway": "rail",
        "railway:etcs": "yes",
        "usage": "main",
        "voltage": "25000"
      },
      "geometry": {
        "type": "LineString",
        "coordinates": [
          [
            30.3278092,
            40.619451
          ],
          [
            30.3274191,
            40.6189818
          ],
          [
            30.3271089,
            40.6185861
          ],
          [
            30.3269918,
            40.6183742
          ],
          [
            30.3268652,
            40.6180454
          ],
          [
            30.3268084,
            40.617838
          ],
          [
            30.3267712,
            40.6175099
          ],
          [
            30.3267822,
            40.6172228
          ],
          [
            30.3268532,
            40.6168458
          ],
          [
            30.3269696,
            40.6165382
          ],
          [
            30.3270917,
            40.6162938
          ],
          [
            30.3272676,
            40.6160349
          ],
          [
            30.3274771,
            40.6158076
          ],
          [
            30.3278456,
            40.6155141
          ],
          [
            30.3285915,
            40.6150525
          ]
        ]
      },
      "id": "way/653804138"
    },
    {
      "type": "Feature",
      "properties": {
        "@id": "way/653804139",
        "electrified": "contact_line",
        "frequency": "50",
        "gauge": "1435",
        "maxspeed": "120",
        "name": "İstanbul - Ankara demiryolu",
        "operator": "TCDD",
        "railway": "rail",
        "railway:etcs": "yes",
        "usage": "main",
        "voltage": "25000"
      },
      "geometry": {
        "type": "LineString",
        "coordinates": [
          [
            30.3340088,
            40.6265549
          ],
          [
            30.3337828,
            40.6263162
          ],
          [
            30.3329113,
            40.6254422
          ],
          [
            30.3323189,
            40.6247873
          ],
          [
            30.3285015,
            40.6203638
          ],
          [
            30.3277677,
            40.6194835
          ]
        ]
      },
      "id": "way/653804139"
    },
    {
      "type": "Feature",
      "properties": {
        "@id": "way/653804140",
        "electrified": "contact_line",
        "frequency": "50",
        "gauge": "1435",
        "maxspeed": "120",
        "name": "İstanbul - Ankara demiryolu",
        "operator": "TCDD",
        "railway": "rail",
        "railway:etcs": "yes",
        "usage": "main",
        "voltage": "25000"
      },
      "geometry": {
        "type": "LineString",
        "coordinates": [
          [
            30.3278092,
            40.619451
          ],
          [
            30.3281271,
            40.6198334
          ],
          [
            30.328302,
            40.6200437
          ],
          [
            30.3323681,
            40.6247715
          ],
          [
            30.3329623,
            40.6254162
          ],
          [
            30.3337717,
            40.6262439
          ]
        ]
      },
      "id": "way/653804140"
    },
    {
      "type": "Feature",
      "properties": {
        "@id": "way/653804147",
        "bridge": "yes",
        "electrified": "contact_line",
        "frequency": "50",
        "gauge": "1435",
        "layer": "1",
        "maxspeed": "120",
        "operator": "TCDD",
        "railway": "rail",
        "railway:etcs": "1",
        "usage": "main",
        "voltage": "25000"
      },
      "geometry": {
        "type": "LineString",
        "coordinates": [
          [
            30.3341728,
            40.626669
          ],
          [
            30.3340422,
            40.6265305
          ]
        ]
      },
      "id": "way/653804147"
    },
    {
      "type": "Feature",
      "properties": {
        "@id": "way/655442304",
        "electrified": "contact_line",
        "frequency": "50",
        "gauge": "1435",
        "maxspeed": "85",
        "name": "Arifiye - Adapazarı şube demiryolu",
        "operator": "TCDD",
        "railway": "rail",
        "source": "bing",
        "usage": "branch",
        "voltage": "25000"
      },
      "geometry": {
        "type": "LineString",
        "coordinates": [
          [
            30.3781084,
            40.7567639
          ],
          [
            30.3785403,
            40.7572871
          ],
          [
            30.3800704,
            40.758992
          ],
          [
            30.3820293,
            40.761182
          ],
          [
            30.3822644,
            40.7614421
          ],
          [
            30.3829097,
            40.7619879
          ]
        ]
      },
      "id": "way/655442304"
    },
    {
      "type": "Feature",
      "properties": {
        "@id": "way/656836626",
        "bridge": "yes",
        "electrified": "contact_line",
        "frequency": "50",
        "gauge": "1435",
        "layer": "1",
        "maxspeed": "120",
        "operator": "TCDD",
        "railway": "rail",
        "railway:etcs": "1",
        "source": "bing",
        "usage": "main",
        "voltage": "25000"
      },
      "geometry": {
        "type": "LineString",
        "coordinates": [
          [
            30.3615761,
            40.7131609
          ],
          [
            30.3612757,
            40.7131609
          ]
        ]
      },
      "id": "way/656836626"
    },
    {
      "type": "Feature",
      "properties": {
        "@id": "way/656836628",
        "bridge": "yes",
        "electrified": "contact_line",
        "frequency": "50",
        "gauge": "1435",
        "layer": "1",
        "maxspeed": "120",
        "operator": "TCDD",
        "railway": "rail",
        "railway:etcs": "1",
        "usage": "main",
        "voltage": "25000"
      },
      "geometry": {
        "type": "LineString",
        "coordinates": [
          [
            30.3615732,
            40.7131309
          ],
          [
            30.361273,
            40.7131355
          ]
        ]
      },
      "id": "way/656836628"
    },
    {
      "type": "Feature",
      "properties": {
        "@id": "way/852303561",
        "cutting": "yes",
        "electrified": "contact_line",
        "frequency": "50",
        "gauge": "1435",
        "highspeed": "yes",
        "maxspeed": "250",
        "name": "Ankara - İstanbul yüksek hızlı demiryolu",
        "name:en": "Ankara - İstanbul high-speed railway",
        "operator": "TCDD",
        "passenger_lines": "1",
        "railway": "rail",
        "railway:etcs": "1",
        "usage": "main",
        "voltage": "25000",
        "wikidata": "Q513146",
        "wikipedia": "en:Ankara–Istanbul high-speed railway"
      },
      "geometry": {
        "type": "LineString",
        "coordinates": [
          [
            30.0316688,
            40.2450915
          ],
          [
            30.0316741,
            40.2440931
          ]
        ]
      },
      "id": "way/852303561"
    },
    {
      "type": "Feature",
      "properties": {
        "@id": "way/852303562",
        "cutting": "yes",
        "electrified": "contact_line",
        "frequency": "50",
        "gauge": "1435",
        "highspeed": "yes",
        "maxspeed": "250",
        "name": "Ankara - İstanbul yüksek hızlı demiryolu",
        "name:en": "Ankara - İstanbul high-speed railway",
        "operator": "TCDD",
        "passenger_lines": "1",
        "railway": "rail",
        "railway:etcs": "1",
        "usage": "main",
        "voltage": "25000",
        "wikidata": "Q513146",
        "wikipedia": "en:Ankara–Istanbul high-speed railway"
      },
      "geometry": {
        "type": "LineString",
        "coordinates": [
          [
            30.0317266,
            40.2450914
          ],
          [
            30.031727,
            40.2441021
          ]
        ]
      },
      "id": "way/852303562"
    },
    {
      "type": "Feature",
      "properties": {
        "@id": "way/852303563",
        "cutting": "yes",
        "electrified": "contact_line",
        "frequency": "50",
        "gauge": "1435",
        "highspeed": "yes",
        "maxspeed": "250",
        "name": "Ankara - İstanbul yüksek hızlı demiryolu",
        "name:en": "Ankara - İstanbul high-speed railway",
        "operator": "TCDD",
        "passenger_lines": "1",
        "railway": "rail",
        "railway:etcs": "1",
        "usage": "main",
        "voltage": "25000",
        "wikidata": "Q513146",
        "wikipedia": "en:Ankara–Istanbul high-speed railway"
      },
      "geometry": {
        "type": "LineString",
        "coordinates": [
          [
            30.0317311,
            40.2514147
          ],
          [
            30.0317344,
            40.2534682
          ],
          [
            30.0317603,
            40.2552748
          ]
        ]
      },
      "id": "way/852303563"
    },
    {
      "type": "Feature",
      "properties": {
        "@id": "way/852303564",
        "electrified": "contact_line",
        "frequency": "50",
        "gauge": "1435",
        "highspeed": "yes",
        "maxspeed": "250",
        "name": "Ankara - İstanbul yüksek hızlı demiryolu",
        "name:en": "Ankara - İstanbul high-speed railway",
        "operator": "TCDD",
        "passenger_lines": "1",
        "railway": "rail",
        "railway:etcs": "1",
        "usage": "main",
        "voltage": "25000",
        "wikidata": "Q513146",
        "wikipedia": "en:Ankara–Istanbul high-speed railway"
      },
      "geometry": {
        "type": "LineString",
        "coordinates": [
          [
            30.0316822,
            40.2514073
          ],
          [
            30.0316767,
            40.248975
          ]
        ]
      },
      "id": "way/852303564"
    },
    {
      "type": "Feature",
      "properties": {
        "@id": "way/852303565",
        "electrified": "contact_line",
        "frequency": "50",
        "gauge": "1435",
        "highspeed": "yes",
        "maxspeed": "250",
        "name": "Ankara - İstanbul yüksek hızlı demiryolu",
        "name:en": "Ankara - İstanbul high-speed railway",
        "operator": "TCDD",
        "passenger_lines": "1",
        "railway": "rail",
        "railway:etcs": "1",
        "usage": "main",
        "voltage": "25000",
        "wikidata": "Q513146",
        "wikipedia": "en:Ankara–Istanbul high-speed railway"
      },
      "geometry": {
        "type": "LineString",
        "coordinates": [
          [
            30.0317603,
            40.2552748
          ],
          [
            30.0317726,
            40.256067
          ]
        ]
      },
      "id": "way/852303565"
    },
    {
      "type": "Feature",
      "properties": {
        "@id": "way/852303566",
        "cutting": "yes",
        "electrified": "contact_line",
        "frequency": "50",
        "gauge": "1435",
        "highspeed": "yes",
        "maxspeed": "250",
        "name": "Ankara - İstanbul yüksek hızlı demiryolu",
        "name:en": "Ankara - İstanbul high-speed railway",
        "operator": "TCDD",
        "passenger_lines": "1",
        "railway": "rail",
        "railway:etcs": "1",
        "usage": "main",
        "voltage": "25000",
        "wikidata": "Q513146",
        "wikipedia": "en:Ankara–Istanbul high-speed railway"
      },
      "geometry": {
        "type": "LineString",
        "coordinates": [
          [
            30.0317058,
            40.2552781
          ],
          [
            30.0316849,
            40.2534551
          ],
          [
            30.0316822,
            40.2514073
          ]
        ]
      },
      "id": "way/852303566"
    },
    {
      "type": "Feature",
      "properties": {
        "@id": "way/852303567",
        "electrified": "contact_line",
        "frequency": "50",
        "gauge": "1435",
        "highspeed": "yes",
        "maxspeed": "250",
        "name": "Ankara - İstanbul yüksek hızlı demiryolu",
        "name:en": "Ankara - İstanbul high-speed railway",
        "operator": "TCDD",
        "passenger_lines": "1",
        "railway": "rail",
        "railway:etcs": "1",
        "usage": "main",
        "voltage": "25000",
        "wikidata": "Q513146",
        "wikipedia": "en:Ankara–Istanbul high-speed railway"
      },
      "geometry": {
        "type": "LineString",
        "coordinates": [
          [
            30.0477777,
            40.2936985
          ],
          [
            30.0472051,
            40.2930818
          ],
          [
            30.0451966,
            40.2908475
          ]
        ]
      },
      "id": "way/852303567"
    },
    {
      "type": "Feature",
      "properties": {
        "@id": "way/852303568",
        "cutting": "yes",
        "electrified": "contact_line",
        "frequency": "50",
        "gauge": "1435",
        "highspeed": "yes",
        "maxspeed": "250",
        "name": "Ankara - İstanbul yüksek hızlı demiryolu",
        "name:en": "Ankara - İstanbul high-speed railway",
        "operator": "TCDD",
        "passenger_lines": "1",
        "railway": "rail",
        "railway:etcs": "1",
        "usage": "main",
        "voltage": "25000",
        "wikidata": "Q513146",
        "wikipedia": "en:Ankara–Istanbul high-speed railway"
      },
      "geometry": {
        "type": "LineString",
        "coordinates": [
          [
            30.0570981,
            40.3444429
          ],
          [
            30.0560752,
            40.3460287
          ],
          [
            30.0551723,
            40.3474263
          ],
          [
            30.0541964,
            40.3489451
          ],
          [
            30.0528257,
            40.3511513
          ]
        ]
      },
      "id": "way/852303568"
    },
    {
      "type": "Feature",
      "properties": {
        "@id": "way/852303569",
        "electrified": "contact_line",
        "embankment": "yes",
        "frequency": "50",
        "gauge": "1435",
        "highspeed": "yes",
        "maxspeed": "250",
        "name": "Ankara - İstanbul yüksek hızlı demiryolu",
        "name:en": "Ankara - İstanbul high-speed railway",
        "operator": "TCDD",
        "passenger_lines": "1",
        "railway": "rail",
        "railway:etcs": "1",
        "usage": "main",
        "voltage": "25000",
        "wikidata": "Q513146",
        "wikipedia": "en:Ankara–Istanbul high-speed railway"
      },
      "geometry": {
        "type": "LineString",
        "coordinates": [
          [
            30.0570469,
            40.3444274
          ],
          [
            30.0582613,
            40.3425323
          ]
        ]
      },
      "id": "way/852303569"
    },
    {
      "type": "Feature",
      "properties": {
        "@id": "way/852303570",
        "cutting": "yes",
        "electrified": "contact_line",
        "frequency": "50",
        "gauge": "1435",
        "highspeed": "yes",
        "maxspeed": "250",
        "name": "Ankara - İstanbul yüksek hızlı demiryolu",
        "name:en": "Ankara - İstanbul high-speed railway",
        "operator": "TCDD",
        "passenger_lines": "1",
        "railway": "rail",
        "railway:etcs": "1",
        "usage": "main",
        "voltage": "25000",
        "wikidata": "Q513146",
        "wikipedia": "en:Ankara–Istanbul high-speed railway"
      },
      "geometry": {
        "type": "LineString",
        "coordinates": [
          [
            30.0499682,
            40.3554105
          ],
          [
            30.0507917,
            40.3541273
          ],
          [
            30.050879,
            40.3539912
          ],
          [
            30.0510401,
            40.3537429
          ],
          [
            30.0512593,
            40.3534052
          ],
          [
            30.0518795,
            40.3524419
          ]
        ]
      },
      "id": "way/852303570"
    },
    {
      "type": "Feature",
      "properties": {
        "@id": "way/852303571",
        "cutting": "yes",
        "electrified": "contact_line",
        "frequency": "50",
        "gauge": "1435",
        "highspeed": "yes",
        "maxspeed": "250",
        "name": "Ankara - İstanbul yüksek hızlı demiryolu",
        "name:en": "Ankara - İstanbul high-speed railway",
        "operator": "TCDD",
        "passenger_lines": "1",
        "railway": "rail",
        "railway:etcs": "1",
        "usage": "main",
        "voltage": "25000",
        "wikidata": "Q513146",
        "wikipedia": "en:Ankara–Istanbul high-speed railway"
      },
      "geometry": {
        "type": "LineString",
        "coordinates": [
          [
            30.0527368,
            40.3511103
          ],
          [
            30.0541679,
            40.3488916
          ],
          [
            30.0551184,
            40.3474124
          ],
          [
            30.0560385,
            40.3459886
          ],
          [
            30.0570469,
            40.3444274
          ]
        ]
      },
      "id": "way/852303571"
    },
    {
      "type": "Feature",
      "properties": {
        "@id": "way/852303572",
        "electrified": "contact_line",
        "frequency": "50",
        "gauge": "1435",
        "highspeed": "yes",
        "maxspeed": "250",
        "name": "Ankara - İstanbul yüksek hızlı demiryolu",
        "name:en": "Ankara - İstanbul high-speed railway",
        "operator": "TCDD",
        "passenger_lines": "1",
        "railway": "rail",
        "railway:etcs": "1",
        "usage": "main",
        "voltage": "25000",
        "wikidata": "Q513146",
        "wikipedia": "en:Ankara–Istanbul high-speed railway"
      },
      "geometry": {
        "type": "LineString",
        "coordinates": [
          [
            30.0518795,
            40.3524419
          ],
          [
            30.0527368,
            40.3511103
          ]
        ]
      },
      "id": "way/852303572"
    },
    {
      "type": "Feature",
      "properties": {
        "@id": "way/852303573",
        "cutting": "yes",
        "electrified": "contact_line",
        "frequency": "50",
        "gauge": "1435",
        "highspeed": "yes",
        "maxspeed": "250",
        "name": "Ankara - İstanbul yüksek hızlı demiryolu",
        "name:en": "Ankara - İstanbul high-speed railway",
        "operator": "TCDD",
        "passenger_lines": "1",
        "railway": "rail",
        "railway:etcs": "1",
        "usage": "main",
        "voltage": "25000",
        "wikidata": "Q513146",
        "wikipedia": "en:Ankara–Istanbul high-speed railway"
      },
      "geometry": {
        "type": "LineString",
        "coordinates": [
          [
            30.0519529,
            40.3524784
          ],
          [
            30.0513248,
            40.3534516
          ],
          [
            30.0500419,
            40.3554392
          ]
        ]
      },
      "id": "way/852303573"
    },
    {
      "type": "Feature",
      "properties": {
        "@id": "way/852303574",
        "electrified": "contact_line",
        "frequency": "50",
        "gauge": "1435",
        "highspeed": "yes",
        "maxspeed": "250",
        "name": "Ankara - İstanbul yüksek hızlı demiryolu",
        "name:en": "Ankara - İstanbul high-speed railway",
        "operator": "TCDD",
        "passenger_lines": "1",
        "railway": "rail",
        "railway:etcs": "1",
        "usage": "main",
        "voltage": "25000",
        "wikidata": "Q513146",
        "wikipedia": "en:Ankara–Istanbul high-speed railway"
      },
      "geometry": {
        "type": "LineString",
        "coordinates": [
          [
            30.0528257,
            40.3511513
          ],
          [
            30.0519529,
            40.3524784
          ]
        ]
      },
      "id": "way/852303574"
    },
    {
      "type": "Feature",
      "properties": {
        "@id": "way/852303575",
        "electrified": "contact_line",
        "embankment": "yes",
        "frequency": "50",
        "gauge": "1435",
        "highspeed": "yes",
        "maxspeed": "250",
        "name": "Ankara - İstanbul yüksek hızlı demiryolu",
        "name:en": "Ankara - İstanbul high-speed railway",
        "operator": "TCDD",
        "passenger_lines": "1",
        "railway": "rail",
        "railway:etcs": "1",
        "usage": "main",
        "voltage": "25000",
        "wikidata": "Q513146",
        "wikipedia": "en:Ankara–Istanbul high-speed railway"
      },
      "geometry": {
        "type": "LineString",
        "coordinates": [
          [
            30.0500419,
            40.3554392
          ],
          [
            30.0482252,
            40.3582612
          ],
          [
            30.0467464,
            40.3606354
          ],
          [
            30.0453906,
            40.3626775
          ]
        ]
      },
      "id": "way/852303575"
    },
    {
      "type": "Feature",
      "properties": {
        "@id": "way/852303576",
        "cutting": "yes",
        "electrified": "contact_line",
        "frequency": "50",
        "gauge": "1435",
        "highspeed": "yes",
        "maxspeed": "250",
        "name": "Ankara - İstanbul yüksek hızlı demiryolu",
        "name:en": "Ankara - İstanbul high-speed railway",
        "operator": "TCDD",
        "passenger_lines": "1",
        "railway": "rail",
        "railway:etcs": "1",
        "usage": "main",
        "voltage": "25000",
        "wikidata": "Q513146",
        "wikipedia": "en:Ankara–Istanbul high-speed railway"
      },
      "geometry": {
        "type": "LineString",
        "coordinates": [
          [
            30.0453906,
            40.3626775
          ],
          [
            30.0440617,
            40.3647498
          ],
          [
            30.043237,
            40.3660274
          ],
          [
            30.0401211,
            40.3708156
          ]
        ]
      },
      "id": "way/852303576"
    },
    {
      "type": "Feature",
      "properties": {
        "@id": "way/852303577",
        "electrified": "contact_line",
        "embankment": "yes",
        "frequency": "50",
        "gauge": "1435",
        "highspeed": "yes",
        "maxspeed": "250",
        "name": "Ankara - İstanbul yüksek hızlı demiryolu",
        "name:en": "Ankara - İstanbul high-speed railway",
        "operator": "TCDD",
        "passenger_lines": "1",
        "railway": "rail",
        "railway:etcs": "1",
        "usage": "main",
        "voltage": "25000",
        "wikidata": "Q513146",
        "wikipedia": "en:Ankara–Istanbul high-speed railway"
      },
      "geometry": {
        "type": "LineString",
        "coordinates": [
          [
            30.0453121,
            40.3626492
          ],
          [
            30.0455952,
            40.3622232
          ],
          [
            30.0456311,
            40.3621692
          ],
          [
            30.0466742,
            40.3605994
          ],
          [
            30.0481703,
            40.3582472
          ],
          [
            30.0499682,
            40.3554105
          ]
        ]
      },
      "id": "way/852303577"
    },
    {
      "type": "Feature",
      "properties": {
        "@id": "way/852378078",
        "electrified": "contact_line",
        "embankment": "yes",
        "frequency": "50",
        "gauge": "1435",
        "highspeed": "yes",
        "maxspeed": "250",
        "name": "Ankara - İstanbul yüksek hızlı demiryolu",
        "name:en": "Ankara - İstanbul high-speed railway",
        "operator": "TCDD",
        "passenger_lines": "1",
        "railway": "rail",
        "railway:etcs": "1",
        "usage": "main",
        "voltage": "25000",
        "wikidata": "Q513146",
        "wikipedia": "en:Ankara–Istanbul high-speed railway"
      },
      "geometry": {
        "type": "LineString",
        "coordinates": [
          [
            30.1934605,
            40.4990321
          ],
          [
            30.1965691,
            40.4994331
          ],
          [
            30.2058796,
            40.5006887
          ],
          [
            30.2083476,
            40.5009999
          ]
        ]
      },
      "id": "way/852378078"
    },
    {
      "type": "Feature",
      "properties": {
        "@id": "way/852378079",
        "electrified": "contact_line",
        "frequency": "50",
        "gauge": "1435",
        "highspeed": "yes",
        "maxspeed": "250",
        "name": "Ankara - İstanbul yüksek hızlı demiryolu",
        "name:en": "Ankara - İstanbul high-speed railway",
        "operator": "TCDD",
        "passenger_lines": "1",
        "railway": "rail",
        "railway:etcs": "1",
        "usage": "main",
        "voltage": "25000",
        "wikidata": "Q513146",
        "wikipedia": "en:Ankara–Istanbul high-speed railway"
      },
      "geometry": {
        "type": "LineString",
        "coordinates": [
          [
            30.1087641,
            40.4928155
          ],
          [
            30.100484,
            40.4921247
          ],
          [
            30.0971183,
            40.4918441
          ],
          [
            30.0937242,
            40.4915401
          ],
          [
            30.092238,
            40.4913474
          ],
          [
            30.0908017,
            40.4911424
          ],
          [
            30.0893842,
            40.4908977
          ],
          [
            30.0880164,
            40.4906402
          ],
          [
            30.0862581,
            40.4902388
          ],
          [
            30.0845678,
            40.4898135
          ],
          [
            30.0833237,
            40.4894626
          ],
          [
            30.0821194,
            40.4890944
          ],
          [
            30.0808977,
            40.4886834
          ],
          [
            30.0797232,
            40.48827
          ],
          [
            30.0778179,
            40.4875288
          ],
          [
            30.0757653,
            40.4866261
          ],
          [
            30.0737279,
            40.4856242
          ],
          [
            30.0724125,
            40.4849013
          ],
          [
            30.071154,
            40.4841796
          ],
          [
            30.0699033,
            40.4833967
          ],
          [
            30.0687149,
            40.4826132
          ],
          [
            30.0669664,
            40.4813433
          ],
          [
            30.0661764,
            40.4807262
          ],
          [
            30.0654307,
            40.480108
          ],
          [
            30.0646783,
            40.4794633
          ],
          [
            30.0639506,
            40.478801
          ],
          [
            30.0626573,
            40.4775517
          ],
          [
            30.0614214,
            40.4762422
          ],
          [
            30.0604419,
            40.4751152
          ],
          [
            30.0598442,
            40.4743847
          ],
          [
            30.0591939,
            40.4734996
          ],
          [
            30.0585555,
            40.4726041
          ],
          [
            30.0577784,
            40.4714357
          ],
          [
            30.0571373,
            40.470388
          ],
          [
            30.0566438,
            40.4694789
          ],
          [
            30.0561697,
            40.4685588
          ],
          [
            30.0557989,
            40.4677894
          ],
          [
            30.0554314,
            40.466965
          ],
          [
            30.0548081,
            40.4653929
          ],
          [
            30.0543854,
            40.4640867
          ],
          [
            30.0540139,
            40.4627766
          ],
          [
            30.0538355,
            40.4620185
          ],
          [
            30.0536719,
            40.4612665
          ],
          [
            30.0534152,
            40.4597964
          ],
          [
            30.0532836,
            40.4590019
          ],
          [
            30.0531689,
            40.4581353
          ]
        ]
      },
      "id": "way/852378079"
    },
    {
      "type": "Feature",
      "properties": {
        "@id": "way/852378080",
        "bridge": "yes",
        "electrified": "contact_line",
        "frequency": "50",
        "gauge": "1435",
        "highspeed": "yes",
        "layer": "1",
        "maxspeed": "250",
        "name": "Ankara - İstanbul yüksek hızlı demiryolu",
        "name:en": "Ankara - İstanbul high-speed railway",
        "operator": "TCDD",
        "passenger_lines": "1",
        "railway": "rail",
        "railway:etcs": "1",
        "usage": "main",
        "voltage": "25000",
        "wikidata": "Q513146",
        "wikipedia": "en:Ankara–Istanbul high-speed railway"
      },
      "geometry": {
        "type": "LineString",
        "coordinates": [
          [
            30.2088167,
            40.5010869
          ],
          [
            30.2083545,
            40.5010427
          ]
        ]
      },
      "id": "way/852378080"
    },
    {
      "type": "Feature",
      "properties": {
        "@id": "way/852378081",
        "electrified": "contact_line",
        "embankment": "yes",
        "frequency": "50",
        "gauge": "1435",
        "highspeed": "yes",
        "maxspeed": "250",
        "name": "Ankara - İstanbul yüksek hızlı demiryolu",
        "name:en": "Ankara - İstanbul high-speed railway",
        "operator": "TCDD",
        "passenger_lines": "1",
        "railway": "rail",
        "railway:etcs": "1",
        "usage": "main",
        "voltage": "25000",
        "wikidata": "Q513146",
        "wikipedia": "en:Ankara–Istanbul high-speed railway"
      },
      "geometry": {
        "type": "LineString",
        "coordinates": [
          [
            30.2083545,
            40.5010427
          ],
          [
            30.2058703,
            40.5007807
          ],
          [
            30.1965526,
            40.499505
          ],
          [
            30.1934363,
            40.4990829
          ]
        ]
      },
      "id": "way/852378081"
    },
    {
      "type": "Feature",
      "properties": {
        "@id": "way/852378082",
        "bridge": "yes",
        "electrified": "contact_line",
        "frequency": "50",
        "gauge": "1435",
        "highspeed": "yes",
        "layer": "1",
        "maxspeed": "250",
        "name": "Ankara - İstanbul yüksek hızlı demiryolu",
        "name:en": "Ankara - İstanbul high-speed railway",
        "operator": "TCDD",
        "passenger_lines": "1",
        "railway": "rail",
        "railway:etcs": "1",
        "usage": "main",
        "voltage": "25000",
        "wikidata": "Q513146",
        "wikipedia": "en:Ankara–Istanbul high-speed railway"
      },
      "geometry": {
        "type": "LineString",
        "coordinates": [
          [
            30.2083476,
            40.5009999
          ],
          [
            30.2088208,
            40.5010479
          ]
        ]
      },
      "id": "way/852378082"
    },
    {
      "type": "Feature",
      "properties": {
        "@id": "way/852378083",
        "bridge": "yes",
        "electrified": "contact_line",
        "frequency": "50",
        "gauge": "1435",
        "highspeed": "yes",
        "layer": "1",
        "maxspeed": "250",
        "name": "Ankara - İstanbul yüksek hızlı demiryolu",
        "name:en": "Ankara - İstanbul high-speed railway",
        "operator": "TCDD",
        "passenger_lines": "1",
        "railway": "rail",
        "railway:etcs": "1",
        "usage": "main",
        "voltage": "25000",
        "wikidata": "Q513146",
        "wikipedia": "en:Ankara–Istanbul high-speed railway"
      },
      "geometry": {
        "type": "LineString",
        "coordinates": [
          [
            30.2252003,
            40.5031162
          ],
          [
            30.2256374,
            40.5032295
          ]
        ]
      },
      "id": "way/852378083"
    },
    {
      "type": "Feature",
      "properties": {
        "@id": "way/852378084",
        "bridge": "yes",
        "electrified": "contact_line",
        "frequency": "50",
        "gauge": "1435",
        "highspeed": "yes",
        "layer": "1",
        "maxspeed": "250",
        "name": "Ankara - İstanbul yüksek hızlı demiryolu",
        "name:en": "Ankara - İstanbul high-speed railway",
        "operator": "TCDD",
        "passenger_lines": "1",
        "railway": "rail",
        "railway:etcs": "1",
        "usage": "main",
        "voltage": "25000",
        "wikidata": "Q513146",
        "wikipedia": "en:Ankara–Istanbul high-speed railway"
      },
      "geometry": {
        "type": "LineString",
        "coordinates": [
          [
            30.2256194,
            40.5032649
          ],
          [
            30.2251852,
            40.5031523
          ]
        ]
      },
      "id": "way/852378084"
    },
    {
      "type": "Feature",
      "properties": {
        "@id": "way/852378085",
        "electrified": "contact_line",
        "embankment": "yes",
        "frequency": "50",
        "gauge": "1435",
        "highspeed": "yes",
        "maxspeed": "250",
        "name": "Ankara - İstanbul yüksek hızlı demiryolu",
        "name:en": "Ankara - İstanbul high-speed railway",
        "operator": "TCDD",
        "passenger_lines": "1",
        "railway": "rail",
        "railway:etcs": "1",
        "usage": "main",
        "voltage": "25000",
        "wikidata": "Q513146",
        "wikipedia": "en:Ankara–Istanbul high-speed railway"
      },
      "geometry": {
        "type": "LineString",
        "coordinates": [
          [
            30.2251852,
            40.5031523
          ],
          [
            30.2233441,
            40.5027316
          ],
          [
            30.2215245,
            40.5023791
          ],
          [
            30.2203523,
            40.5021911
          ],
          [
            30.2197985,
            40.5021095
          ],
          [
            30.2186239,
            40.5019645
          ],
          [
            30.2174046,
            40.5018382
          ],
          [
            30.2158181,
            40.5016916
          ],
          [
            30.2099861,
            40.5012014
          ],
          [
            30.2088167,
            40.5010869
          ]
        ]
      },
      "id": "way/852378085"
    },
    {
      "type": "Feature",
      "properties": {
        "@id": "way/852378087",
        "bridge": "yes",
        "electrified": "contact_line",
        "frequency": "50",
        "gauge": "1435",
        "highspeed": "yes",
        "layer": "1",
        "maxspeed": "250",
        "name": "Ankara - İstanbul yüksek hızlı demiryolu",
        "name:en": "Ankara - İstanbul high-speed railway",
        "operator": "TCDD",
        "passenger_lines": "1",
        "railway": "rail",
        "railway:etcs": "1",
        "usage": "main",
        "voltage": "25000",
        "wikidata": "Q513146",
        "wikipedia": "en:Ankara–Istanbul high-speed railway"
      },
      "geometry": {
        "type": "LineString",
        "coordinates": [
          [
            30.2816573,
            40.5222775
          ],
          [
            30.2824896,
            40.5226048
          ],
          [
            30.2836872,
            40.5230941
          ],
          [
            30.284538,
            40.5234613
          ],
          [
            30.2855556,
            40.5239166
          ],
          [
            30.2860518,
            40.524147
          ],
          [
            30.2865261,
            40.5243739
          ],
          [
            30.2875029,
            40.5248514
          ],
          [
            30.2883686,
            40.5252996
          ],
          [
            30.2898302,
            40.526088
          ],
          [
            30.2906303,
            40.5265467
          ],
          [
            30.2913113,
            40.5269505
          ],
          [
            30.2927884,
            40.5278712
          ],
          [
            30.2935874,
            40.5283968
          ],
          [
            30.2943551,
            40.5289162
          ],
          [
            30.295693,
            40.5298749
          ],
          [
            30.2962576,
            40.530305
          ],
          [
            30.2967756,
            40.5307074
          ]
        ]
      },
      "id": "way/852378087"
    },
    {
      "type": "Feature",
      "properties": {
        "@id": "way/852425244",
        "electrified": "contact_line",
        "frequency": "50",
        "gauge": "1435",
        "highspeed": "yes",
        "layer": "-1",
        "maxspeed": "250",
        "name": "Ankara - İstanbul yüksek hızlı demiryolu",
        "name:en": "Ankara - İstanbul high-speed railway",
        "operator": "TCDD",
        "passenger_lines": "1",
        "railway": "rail",
        "railway:etcs": "1",
        "tunnel": "yes",
        "usage": "main",
        "voltage": "25000",
        "wikidata": "Q513146",
        "wikipedia": "en:Ankara–Istanbul high-speed railway"
      },
      "geometry": {
        "type": "LineString",
        "coordinates": [
          [
            30.2970119,
            40.5309124
          ],
          [
            30.3031199,
            40.5363816
          ]
        ]
      },
      "id": "way/852425244"
    },
    {
      "type": "Feature",
      "properties": {
        "@id": "way/852425245",
        "electrified": "contact_line",
        "frequency": "50",
        "gauge": "1435",
        "highspeed": "yes",
        "maxspeed": "250",
        "name": "Ankara - İstanbul yüksek hızlı demiryolu",
        "name:en": "Ankara - İstanbul high-speed railway",
        "operator": "TCDD",
        "passenger_lines": "1",
        "railway": "rail",
        "railway:etcs": "1",
        "usage": "main",
        "voltage": "25000",
        "wikidata": "Q513146",
        "wikipedia": "en:Ankara–Istanbul high-speed railway"
      },
      "geometry": {
        "type": "LineString",
        "coordinates": [
          [
            30.296956,
            40.5309413
          ],
          [
            30.2967379,
            40.5307519
          ]
        ]
      },
      "id": "way/852425245"
    },
    {
      "type": "Feature",
      "properties": {
        "@id": "way/852461178",
        "electrified": "contact_line",
        "frequency": "50",
        "gauge": "1435",
        "highspeed": "yes",
        "layer": "-1",
        "maxspeed": "250",
        "name": "Ankara - İstanbul yüksek hızlı demiryolu",
        "name:en": "Ankara - İstanbul high-speed railway",
        "operator": "TCDD",
        "passenger_lines": "1",
        "railway": "rail",
        "railway:etcs": "1",
        "tunnel": "yes",
        "usage": "main",
        "voltage": "25000",
        "wikidata": "Q513146",
        "wikipedia": "en:Ankara–Istanbul high-speed railway"
      },
      "geometry": {
        "type": "LineString",
        "coordinates": [
          [
            30.3030758,
            40.5364127
          ],
          [
            30.3028272,
            40.5361905
          ],
          [
            30.296956,
            40.5309413
          ]
        ]
      },
      "id": "way/852461178"
    },
    {
      "type": "Feature",
      "properties": {
        "@id": "way/852461179",
        "electrified": "contact_line",
        "frequency": "50",
        "gauge": "1435",
        "highspeed": "yes",
        "maxspeed": "250",
        "name": "Ankara - İstanbul yüksek hızlı demiryolu",
        "name:en": "Ankara - İstanbul high-speed railway",
        "operator": "TCDD",
        "passenger_lines": "1",
        "railway": "rail",
        "railway:etcs": "1",
        "usage": "main",
        "voltage": "25000",
        "wikidata": "Q513146",
        "wikipedia": "en:Ankara–Istanbul high-speed railway"
      },
      "geometry": {
        "type": "LineString",
        "coordinates": [
          [
            30.3035144,
            40.5367703
          ],
          [
            30.3030758,
            40.5364127
          ]
        ]
      },
      "id": "way/852461179"
    },
    {
      "type": "Feature",
      "properties": {
        "@id": "way/852461180",
        "electrified": "contact_line",
        "frequency": "50",
        "gauge": "1435",
        "highspeed": "yes",
        "layer": "-1",
        "maxspeed": "250",
        "name": "Ankara - İstanbul yüksek hızlı demiryolu",
        "name:en": "Ankara - İstanbul high-speed railway",
        "operator": "TCDD",
        "passenger_lines": "1",
        "railway": "rail",
        "railway:etcs": "1",
        "tunnel": "yes",
        "usage": "main",
        "voltage": "25000",
        "wikidata": "Q513146",
        "wikipedia": "en:Ankara–Istanbul high-speed railway"
      },
      "geometry": {
        "type": "LineString",
        "coordinates": [
          [
            30.3334935,
            40.5630682
          ],
          [
            30.3327423,
            40.5622047
          ],
          [
            30.3320256,
            40.5614612
          ],
          [
            30.32364,
            40.5542001
          ],
          [
            30.3035144,
            40.5367703
          ]
        ]
      },
      "id": "way/852461180"
    },
    {
      "type": "Feature",
      "properties": {
        "@id": "way/852461181",
        "electrified": "contact_line",
        "frequency": "50",
        "gauge": "1435",
        "highspeed": "yes",
        "maxspeed": "250",
        "name": "Ankara - İstanbul yüksek hızlı demiryolu",
        "name:en": "Ankara - İstanbul high-speed railway",
        "operator": "TCDD",
        "passenger_lines": "1",
        "railway": "rail",
        "railway:etcs": "1",
        "usage": "main",
        "voltage": "25000",
        "wikidata": "Q513146",
        "wikipedia": "en:Ankara–Istanbul high-speed railway"
      },
      "geometry": {
        "type": "LineString",
        "coordinates": [
          [
            30.3344307,
            40.5642934
          ],
          [
            30.3341951,
            40.5639123
          ]
        ]
      },
      "id": "way/852461181"
    },
    {
      "type": "Feature",
      "properties": {
        "@id": "way/852461182",
        "bridge": "yes",
        "electrified": "contact_line",
        "frequency": "50",
        "gauge": "1435",
        "highspeed": "yes",
        "layer": "1",
        "maxspeed": "250",
        "name": "Ankara - İstanbul yüksek hızlı demiryolu",
        "name:en": "Ankara - İstanbul high-speed railway",
        "operator": "TCDD",
        "passenger_lines": "1",
        "railway": "rail",
        "railway:etcs": "1",
        "usage": "main",
        "voltage": "25000",
        "wikidata": "Q513146",
        "wikipedia": "en:Ankara–Istanbul high-speed railway"
      },
      "geometry": {
        "type": "LineString",
        "coordinates": [
          [
            30.3341951,
            40.5639123
          ],
          [
            30.3334935,
            40.5630682
          ]
        ]
      },
      "id": "way/852461182"
    },
    {
      "type": "Feature",
      "properties": {
        "@id": "way/852461183",
        "electrified": "contact_line",
        "frequency": "50",
        "gauge": "1435",
        "highspeed": "yes",
        "maxspeed": "250",
        "name": "Ankara - İstanbul yüksek hızlı demiryolu",
        "name:en": "Ankara - İstanbul high-speed railway",
        "operator": "TCDD",
        "passenger_lines": "1",
        "railway": "rail",
        "railway:etcs": "1",
        "usage": "main",
        "voltage": "25000",
        "wikidata": "Q513146",
        "wikipedia": "en:Ankara–Istanbul high-speed railway"
      },
      "geometry": {
        "type": "LineString",
        "coordinates": [
          [
            30.3342605,
            40.5638973
          ],
          [
            30.3344963,
            40.5642711
          ]
        ]
      },
      "id": "way/852461183"
    },
    {
      "type": "Feature",
      "properties": {
        "@id": "way/852461184",
        "electrified": "contact_line",
        "frequency": "50",
        "gauge": "1435",
        "highspeed": "yes",
        "layer": "-1",
        "maxspeed": "250",
        "name": "Ankara - İstanbul yüksek hızlı demiryolu",
        "name:en": "Ankara - İstanbul high-speed railway",
        "operator": "TCDD",
        "passenger_lines": "1",
        "railway": "rail",
        "railway:etcs": "1",
        "tunnel": "yes",
        "usage": "main",
        "voltage": "25000",
        "wikidata": "Q513146",
        "wikipedia": "en:Ankara–Istanbul high-speed railway"
      },
      "geometry": {
        "type": "LineString",
        "coordinates": [
          [
            30.337691,
            40.5692359
          ],
          [
            30.3344307,
            40.5642934
          ]
        ]
      },
      "id": "way/852461184"
    },
    {
      "type": "Feature",
      "properties": {
        "@id": "way/852461185",
        "bridge": "yes",
        "electrified": "contact_line",
        "frequency": "50",
        "gauge": "1435",
        "highspeed": "yes",
        "layer": "1",
        "maxspeed": "250",
        "name": "Ankara - İstanbul yüksek hızlı demiryolu",
        "name:en": "Ankara - İstanbul high-speed railway",
        "operator": "TCDD",
        "passenger_lines": "1",
        "railway": "rail",
        "railway:etcs": "1",
        "usage": "main",
        "voltage": "25000",
        "wikidata": "Q513146",
        "wikipedia": "en:Ankara–Istanbul high-speed railway"
      },
      "geometry": {
        "type": "LineString",
        "coordinates": [
          [
            30.3382675,
            40.5701929
          ],
          [
            30.337691,
            40.5692359
          ]
        ]
      },
      "id": "way/852461185"
    },
    {
      "type": "Feature",
      "properties": {
        "@id": "way/852461186",
        "bridge": "yes",
        "electrified": "contact_line",
        "frequency": "50",
        "gauge": "1435",
        "highspeed": "yes",
        "layer": "1",
        "maxspeed": "250",
        "name": "Ankara - İstanbul yüksek hızlı demiryolu",
        "name:en": "Ankara - İstanbul high-speed railway",
        "operator": "TCDD",
        "passenger_lines": "1",
        "railway": "rail",
        "railway:etcs": "1",
        "usage": "main",
        "voltage": "25000",
        "wikidata": "Q513146",
        "wikipedia": "en:Ankara–Istanbul high-speed railway"
      },
      "geometry": {
        "type": "LineString",
        "coordinates": [
          [
            30.3377507,
            40.5692204
          ],
          [
            30.3383229,
            40.5701771
          ]
        ]
      },
      "id": "way/852461186"
    },
    {
      "type": "Feature",
      "properties": {
        "@id": "way/852461187",
        "electrified": "contact_line",
        "frequency": "50",
        "gauge": "1435",
        "highspeed": "yes",
        "maxspeed": "250",
        "name": "Ankara - İstanbul yüksek hızlı demiryolu",
        "name:en": "Ankara - İstanbul high-speed railway",
        "operator": "TCDD",
        "passenger_lines": "1",
        "railway": "rail",
        "railway:etcs": "1",
        "usage": "main",
        "voltage": "25000",
        "wikidata": "Q513146",
        "wikipedia": "en:Ankara–Istanbul high-speed railway"
      },
      "geometry": {
        "type": "LineString",
        "coordinates": [
          [
            30.3419638,
            40.5816837
          ],
          [
            30.3419393,
            40.5815438
          ]
        ]
      },
      "id": "way/852461187"
    },
    {
      "type": "Feature",
      "properties": {
        "@id": "way/852461188",
        "bridge": "yes",
        "electrified": "contact_line",
        "frequency": "50",
        "gauge": "1435",
        "highspeed": "yes",
        "layer": "1",
        "maxspeed": "250",
        "name": "Ankara - İstanbul yüksek hızlı demiryolu",
        "name:en": "Ankara - İstanbul high-speed railway",
        "operator": "TCDD",
        "passenger_lines": "1",
        "railway": "rail",
        "railway:etcs": "1",
        "usage": "main",
        "voltage": "25000",
        "wikidata": "Q513146",
        "wikipedia": "en:Ankara–Istanbul high-speed railway"
      },
      "geometry": {
        "type": "LineString",
        "coordinates": [
          [
            30.3419393,
            40.5815438
          ],
          [
            30.3416629,
            40.5799647
          ]
        ]
      },
      "id": "way/852461188"
    },
    {
      "type": "Feature",
      "properties": {
        "@id": "way/852461189",
        "electrified": "contact_line",
        "frequency": "50",
        "gauge": "1435",
        "highspeed": "yes",
        "layer": "-1",
        "maxspeed": "250",
        "name": "Ankara - İstanbul yüksek hızlı demiryolu",
        "name:en": "Ankara - İstanbul high-speed railway",
        "operator": "TCDD",
        "passenger_lines": "1",
        "railway": "rail",
        "railway:etcs": "1",
        "tunnel": "yes",
        "usage": "main",
        "voltage": "25000",
        "wikidata": "Q513146",
        "wikipedia": "en:Ankara–Istanbul high-speed railway"
      },
      "geometry": {
        "type": "LineString",
        "coordinates": [
          [
            30.3416629,
            40.5799647
          ],
          [
            30.3412511,
            40.5780012
          ],
          [
            30.3408543,
            40.5763724
          ],
          [
            30.3405865,
            40.5754193
          ],
          [
            30.340094,
            40.5740705
          ],
          [
            30.3394404,
            40.5725729
          ],
          [
            30.3382675,
            40.5701929
          ]
        ]
      },
      "id": "way/852461189"
    },
    {
      "type": "Feature",
      "properties": {
        "@id": "way/852461190",
        "bridge": "yes",
        "electrified": "contact_line",
        "frequency": "50",
        "gauge": "1435",
        "highspeed": "yes",
        "layer": "1",
        "maxspeed": "250",
        "name": "Ankara - İstanbul yüksek hızlı demiryolu",
        "name:en": "Ankara - İstanbul high-speed railway",
        "operator": "TCDD",
        "passenger_lines": "1",
        "railway": "rail",
        "railway:etcs": "1",
        "usage": "main",
        "voltage": "25000",
        "wikidata": "Q513146",
        "wikipedia": "en:Ankara–Istanbul high-speed railway"
      },
      "geometry": {
        "type": "LineString",
        "coordinates": [
          [
            30.3417223,
            40.5799604
          ],
          [
            30.3420066,
            40.5815404
          ]
        ]
      },
      "id": "way/852461190"
    },
    {
      "type": "Feature",
      "properties": {
        "@id": "way/852461191",
        "electrified": "contact_line",
        "frequency": "50",
        "gauge": "1435",
        "highspeed": "yes",
        "maxspeed": "250",
        "name": "Ankara - İstanbul yüksek hızlı demiryolu",
        "name:en": "Ankara - İstanbul high-speed railway",
        "operator": "TCDD",
        "passenger_lines": "1",
        "railway": "rail",
        "railway:etcs": "1",
        "usage": "main",
        "voltage": "25000",
        "wikidata": "Q513146",
        "wikipedia": "en:Ankara–Istanbul high-speed railway"
      },
      "geometry": {
        "type": "LineString",
        "coordinates": [
          [
            30.3420066,
            40.5815404
          ],
          [
            30.3420322,
            40.5816826
          ]
        ]
      },
      "id": "way/852461191"
    },
    {
      "type": "Feature",
      "properties": {
        "@id": "way/852461192",
        "electrified": "contact_line",
        "frequency": "50",
        "gauge": "1435",
        "highspeed": "yes",
        "maxspeed": "250",
        "name": "Ankara – İstanbul yüksek hızlı demiryolu",
        "name:en": "Ankara – İstanbul high-speed railway",
        "operator": "TCDD",
        "passenger_lines": "2",
        "railway": "rail",
        "railway:etcs": "1",
        "railway:preferred_direction": "forward",
        "usage": "main",
        "voltage": "25000",
        "wikidata": "Q513146",
        "wikipedia": "en:Ankara–Istanbul high-speed railway"
      },
      "geometry": {
        "type": "LineString",
        "coordinates": [
          [
            30.3315206,
            40.6161801
          ],
          [
            30.3312452,
            40.6166841
          ]
        ]
      },
      "id": "way/852461192"
    },
    {
      "type": "Feature",
      "properties": {
        "@id": "way/852461196",
        "electrified": "contact_line",
        "frequency": "50",
        "gauge": "1435",
        "highspeed": "yes",
        "layer": "-1",
        "maxspeed": "250",
        "name": "Ankara – İstanbul yüksek hızlı demiryolu",
        "name:en": "Ankara – İstanbul high-speed railway",
        "operator": "TCDD",
        "passenger_lines": "2",
        "railway": "rail",
        "railway:etcs": "1",
        "railway:preferred_direction": "backward",
        "tunnel": "yes",
        "usage": "main",
        "voltage": "25000",
        "wikidata": "Q513146",
        "wikipedia": "en:Ankara–Istanbul high-speed railway"
      },
      "geometry": {
        "type": "LineString",
        "coordinates": [
          [
            30.3419638,
            40.5816837
          ],
          [
            30.3420748,
            40.5823284
          ],
          [
            30.3421743,
            40.5834034
          ],
          [
            30.3422448,
            40.5845353
          ],
          [
            30.3421955,
            40.585461
          ],
          [
            30.3419479,
            40.5867939
          ],
          [
            30.3412641,
            40.5891462
          ],
          [
            30.3315376,
            40.6159759
          ],
          [
            30.3314732,
            40.6161536
          ]
        ]
      },
      "id": "way/852461196"
    },
    {
      "type": "Feature",
      "properties": {
        "@id": "way/852461199",
        "electrified": "contact_line",
        "frequency": "50",
        "gauge": "1435",
        "maxspeed": "120",
        "name": "Doğançay konvansiyonel-yüksek hızlı demiryolu bağlantısı",
        "operator": "TCDD",
        "passenger_lines": "1",
        "railway": "rail",
        "railway:etcs": "1",
        "usage": "main",
        "voltage": "25000",
        "wikidata": "Q513146",
        "wikipedia": "en:Ankara–Istanbul high-speed railway"
      },
      "geometry": {
        "type": "LineString",
        "coordinates": [
          [
            30.3314315,
            40.6162488
          ],
          [
            30.3309356,
            40.6168827
          ]
        ]
      },
      "id": "way/852461199"
    },
    {
      "type": "Feature",
      "properties": {
        "@id": "way/852461200",
        "electrified": "contact_line",
        "frequency": "50",
        "gauge": "1435",
        "highspeed": "yes",
        "maxspeed": "250",
        "name": "Ankara – İstanbul yüksek hızlı demiryolu",
        "name:en": "Ankara – İstanbul high-speed railway",
        "operator": "TCDD",
        "passenger_lines": "2",
        "railway": "rail",
        "railway:etcs": "1",
        "railway:preferred_direction": "backward",
        "usage": "main",
        "voltage": "25000",
        "wikidata": "Q513146",
        "wikipedia": "en:Ankara–Istanbul high-speed railway"
      },
      "geometry": {
        "type": "LineString",
        "coordinates": [
          [
            30.3314732,
            40.6161536
          ],
          [
            30.3314315,
            40.6162488
          ]
        ]
      },
      "id": "way/852461200"
    },
    {
      "type": "Feature",
      "properties": {
        "@id": "way/852461201",
        "electrified": "contact_line",
        "frequency": "50",
        "gauge": "1435",
        "layer": "1",
        "maxspeed": "120",
        "name": "Doğançay konvansiyonel-yüksek hızlı demiryolu bağlantısı",
        "operator": "TCDD",
        "passenger_lines": "1",
        "railway": "rail",
        "railway:etcs": "1",
        "usage": "main",
        "voltage": "25000",
        "wikidata": "Q513146",
        "wikipedia": "en:Ankara–Istanbul high-speed railway"
      },
      "geometry": {
        "type": "LineString",
        "coordinates": [
          [
            30.3312013,
            40.6232791
          ],
          [
            30.3316388,
            40.6238554
          ],
          [
            30.3324173,
            40.6247557
          ],
          [
            30.3330132,
            40.6253903
          ],
          [
            30.3335084,
            40.6259107
          ],
          [
            30.3337717,
            40.6262439
          ]
        ]
      },
      "id": "way/852461201"
    },
    {
      "type": "Feature",
      "properties": {
        "@id": "way/852461203",
        "electrified": "contact_line",
        "frequency": "50",
        "gauge": "1435",
        "layer": "-1",
        "maxspeed": "120",
        "name": "Doğançay konvansiyonel-yüksek hızlı demiryolu bağlantısı",
        "operator": "TCDD",
        "passenger_lines": "1",
        "railway": "rail",
        "railway:etcs": "1",
        "tunnel": "yes",
        "usage": "main",
        "voltage": "25000",
        "wikidata": "Q513146",
        "wikipedia": "en:Ankara–Istanbul high-speed railway"
      },
      "geometry": {
        "type": "LineString",
        "coordinates": [
          [
            30.3309356,
            40.6168827
          ],
          [
            30.3296505,
            40.6182923
          ]
        ]
      },
      "id": "way/852461203"
    },
    {
      "type": "Feature",
      "properties": {
        "@id": "way/852461204",
        "bridge": "yes",
        "electrified": "contact_line",
        "frequency": "50",
        "gauge": "1435",
        "layer": "1",
        "maxspeed": "120",
        "name": "Doğançay konvansiyonel-yüksek hızlı demiryolu bağlantısı",
        "operator": "TCDD",
        "passenger_lines": "1",
        "railway": "rail",
        "railway:etcs": "1",
        "usage": "main",
        "voltage": "25000",
        "wikidata": "Q513146",
        "wikipedia": "en:Ankara–Istanbul high-speed railway"
      },
      "geometry": {
        "type": "LineString",
        "coordinates": [
          [
            30.3291282,
            40.6196308
          ],
          [
            30.3291192,
            40.6198692
          ],
          [
            30.3291417,
            40.6200682
          ],
          [
            30.3291714,
            40.620249
          ],
          [
            30.3292265,
            40.6204844
          ],
          [
            30.3292924,
            40.6206778
          ],
          [
            30.3293749,
            40.6208695
          ],
          [
            30.3294786,
            40.6210618
          ],
          [
            30.3296865,
            40.6213812
          ],
          [
            30.3301361,
            40.6219895
          ],
          [
            30.3303102,
            40.6222082
          ],
          [
            30.3305824,
            40.6225348
          ],
          [
            30.3312013,
            40.6232791
          ]
        ]
      },
      "id": "way/852461204"
    },
    {
      "type": "Feature",
      "properties": {
        "@id": "way/852469245",
        "electrified": "contact_line",
        "frequency": "50",
        "gauge": "1435",
        "highspeed": "yes",
        "maxspeed": "250",
        "name": "Ankara - İstanbul yüksek hızlı demiryolu",
        "name:en": "Ankara - İstanbul high-speed railway",
        "operator": "TCDD",
        "passenger_lines": "1",
        "railway": "rail",
        "railway:etcs": "1",
        "usage": "main",
        "voltage": "25000",
        "wikidata": "Q513146",
        "wikipedia": "en:Ankara–Istanbul high-speed railway"
      },
      "geometry": {
        "type": "LineString",
        "coordinates": [
          [
            30.2190596,
            40.7013517
          ],
          [
            30.2018157,
            40.7025271
          ],
          [
            30.1980713,
            40.7027772
          ]
        ]
      },
      "id": "way/852469245"
    },
    {
      "type": "Feature",
      "properties": {
        "@id": "way/852469247",
        "electrified": "contact_line",
        "frequency": "50",
        "gauge": "1435",
        "highspeed": "yes",
        "maxspeed": "250",
        "name": "Ankara - İstanbul yüksek hızlı demiryolu",
        "name:en": "Ankara - İstanbul high-speed railway",
        "operator": "TCDD",
        "passenger_lines": "1",
        "railway": "rail",
        "railway:etcs": "1",
        "usage": "main",
        "voltage": "25000",
        "wikidata": "Q513146",
        "wikipedia": "en:Ankara–Istanbul high-speed railway"
      },
      "geometry": {
        "type": "LineString",
        "coordinates": [
          [
            30.2190598,
            40.701307
          ],
          [
            30.2210096,
            40.7012054
          ],
          [
            30.2346979,
            40.7002842
          ],
          [
            30.2357517,
            40.700199
          ],
          [
            30.2365924,
            40.7001076
          ],
          [
            30.2373641,
            40.7000142
          ],
          [
            30.2380986,
            40.6999207
          ],
          [
            30.2390715,
            40.6997906
          ],
          [
            30.240042,
            40.6996484
          ],
          [
            30.2478919,
            40.6985194
          ],
          [
            30.2490348,
            40.6983551
          ],
          [
            30.2517935,
            40.6978958
          ],
          [
            30.2522803,
            40.6978086
          ],
          [
            30.2529656,
            40.6976685
          ],
          [
            30.2539465,
            40.6974552
          ],
          [
            30.2545871,
            40.6973089
          ],
          [
            30.2566928,
            40.6968065
          ],
          [
            30.2593678,
            40.6963056
          ]
        ]
      },
      "id": "way/852469247"
    },
    {
      "type": "Feature",
      "properties": {
        "@id": "way/852469248",
        "electrified": "contact_line",
        "frequency": "50",
        "gauge": "1435",
        "highspeed": "yes",
        "maxspeed": "250",
        "name": "Ankara - İstanbul yüksek hızlı demiryolu",
        "name:en": "Ankara - İstanbul high-speed railway",
        "operator": "TCDD",
        "passenger_lines": "1",
        "railway": "rail",
        "railway:etcs": "1",
        "usage": "main",
        "voltage": "25000",
        "wikidata": "Q513146",
        "wikipedia": "en:Ankara–Istanbul high-speed railway"
      },
      "geometry": {
        "type": "LineString",
        "coordinates": [
          [
            30.1980711,
            40.7027325
          ],
          [
            30.2018106,
            40.7024824
          ],
          [
            30.2190598,
            40.701307
          ]
        ]
      },
      "id": "way/852469248"
    },
    {
      "type": "Feature",
      "properties": {
        "@id": "way/853006423",
        "bridge": "yes",
        "electrified": "contact_line",
        "frequency": "50",
        "gauge": "1435",
        "layer": "1",
        "maxspeed": "160",
        "name": "İstanbul - Ankara demiryolu",
        "name:en": "İstanbul - Ankara railway",
        "operator": "TCDD",
        "passenger_lines": "1",
        "railway": "rail",
        "source": "bing",
        "usage": "main",
        "voltage": "25000",
        "wikidata": "Q15103266",
        "wikipedia": "en:Istanbul–Ankara railway"
      },
      "geometry": {
        "type": "LineString",
        "coordinates": [
          [
            30.1977708,
            40.7028637
          ],
          [
            30.1980752,
            40.702834
          ]
        ]
      },
      "id": "way/853006423"
    },
    {
      "type": "Feature",
      "properties": {
        "@id": "way/853006425",
        "bridge": "yes",
        "electrified": "contact_line",
        "frequency": "50",
        "gauge": "1435",
        "layer": "1",
        "maxspeed": "160",
        "name": "İstanbul - Ankara demiryolu",
        "name:en": "İstanbul - Ankara railway",
        "operator": "TCDD",
        "passenger_lines": "1",
        "railway": "rail",
        "source": "bing",
        "usage": "main",
        "voltage": "25000",
        "wikidata": "Q15103266",
        "wikipedia": "en:Istanbul–Ankara railway"
      },
      "geometry": {
        "type": "LineString",
        "coordinates": [
          [
            30.1980755,
            40.7028723
          ],
          [
            30.1977765,
            40.702904
          ]
        ]
      },
      "id": "way/853006425"
    },
    {
      "type": "Feature",
      "properties": {
        "@id": "way/853006426",
        "bridge": "yes",
        "electrified": "contact_line",
        "frequency": "50",
        "gauge": "1435",
        "highspeed": "yes",
        "layer": "1",
        "maxspeed": "250",
        "name": "Ankara - İstanbul yüksek hızlı demiryolu",
        "name:en": "Ankara - İstanbul high-speed railway",
        "operator": "TCDD",
        "passenger_lines": "1",
        "railway": "rail",
        "railway:etcs": "1",
        "usage": "main",
        "voltage": "25000",
        "wikidata": "Q513146",
        "wikipedia": "en:Ankara–Istanbul high-speed railway"
      },
      "geometry": {
        "type": "LineString",
        "coordinates": [
          [
            30.1977388,
            40.7027672
          ],
          [
            30.1980711,
            40.7027325
          ]
        ]
      },
      "id": "way/853006426"
    },
    {
      "type": "Feature",
      "properties": {
        "@id": "way/853006428",
        "bridge": "yes",
        "electrified": "contact_line",
        "frequency": "50",
        "gauge": "1435",
        "highspeed": "yes",
        "layer": "1",
        "maxspeed": "250",
        "name": "Ankara - İstanbul yüksek hızlı demiryolu",
        "name:en": "Ankara - İstanbul high-speed railway",
        "operator": "TCDD",
        "passenger_lines": "1",
        "railway": "rail",
        "railway:etcs": "1",
        "usage": "main",
        "voltage": "25000",
        "wikidata": "Q513146",
        "wikipedia": "en:Ankara–Istanbul high-speed railway"
      },
      "geometry": {
        "type": "LineString",
        "coordinates": [
          [
            30.1980713,
            40.7027772
          ],
          [
            30.1977468,
            40.7028118
          ]
        ]
      },
      "id": "way/853006428"
    },
    {
      "type": "Feature",
      "properties": {
        "@id": "way/853006429",
        "bridge": "yes",
        "electrified": "contact_line",
        "frequency": "50",
        "gauge": "1435",
        "highspeed": "yes",
        "layer": "1",
        "maxspeed": "250",
        "name": "Ankara - İstanbul yüksek hızlı demiryolu",
        "name:en": "Ankara - İstanbul high-speed railway",
        "operator": "TCDD",
        "passenger_lines": "1",
        "railway": "rail",
        "railway:etcs": "1",
        "usage": "main",
        "voltage": "25000",
        "wikidata": "Q513146",
        "wikipedia": "en:Ankara–Istanbul high-speed railway"
      },
      "geometry": {
        "type": "LineString",
        "coordinates": [
          [
            30.1738396,
            40.7056375
          ],
          [
            30.1734379,
            40.7056849
          ]
        ]
      },
      "id": "way/853006429"
    },
    {
      "type": "Feature",
      "properties": {
        "@id": "way/853006430",
        "bridge": "yes",
        "electrified": "contact_line",
        "frequency": "50",
        "gauge": "1435",
        "highspeed": "yes",
        "layer": "1",
        "maxspeed": "250",
        "name": "Ankara - İstanbul yüksek hızlı demiryolu",
        "name:en": "Ankara - İstanbul high-speed railway",
        "operator": "TCDD",
        "passenger_lines": "1",
        "railway": "rail",
        "railway:etcs": "1",
        "usage": "main",
        "voltage": "25000",
        "wikidata": "Q513146",
        "wikipedia": "en:Ankara–Istanbul high-speed railway"
      },
      "geometry": {
        "type": "LineString",
        "coordinates": [
          [
            30.1734299,
            40.7056462
          ],
          [
            30.1738237,
            40.7056011
          ]
        ]
      },
      "id": "way/853006430"
    },
    {
      "type": "Feature",
      "properties": {
        "@id": "way/853006431",
        "electrified": "contact_line",
        "frequency": "50",
        "gauge": "1435",
        "highspeed": "yes",
        "maxspeed": "250",
        "name": "Ankara - İstanbul yüksek hızlı demiryolu",
        "name:en": "Ankara - İstanbul high-speed railway",
        "operator": "TCDD",
        "passenger_lines": "1",
        "railway": "rail",
        "railway:etcs": "1",
        "usage": "main",
        "voltage": "25000",
        "wikidata": "Q513146",
        "wikipedia": "en:Ankara–Istanbul high-speed railway"
      },
      "geometry": {
        "type": "LineString",
        "coordinates": [
          [
            30.1738237,
            40.7056011
          ],
          [
            30.1942907,
            40.7030446
          ],
          [
            30.1962054,
            40.7028652
          ],
          [
            30.1977388,
            40.7027672
          ]
        ]
      },
      "id": "way/853006431"
    },
    {
      "type": "Feature",
      "properties": {
        "@id": "way/853006432",
        "bridge": "yes",
        "electrified": "contact_line",
        "frequency": "50",
        "gauge": "1435",
        "layer": "1",
        "maxspeed": "160",
        "name": "İstanbul - Ankara demiryolu",
        "name:en": "İstanbul - Ankara railway",
        "operator": "TCDD",
        "passenger_lines": "1",
        "railway": "rail",
        "source": "bing",
        "usage": "main",
        "voltage": "25000",
        "wikidata": "Q15103266",
        "wikipedia": "en:Istanbul–Ankara railway"
      },
      "geometry": {
        "type": "LineString",
        "coordinates": [
          [
            30.1738811,
            40.7058111
          ],
          [
            30.1734513,
            40.7058662
          ]
        ]
      },
      "id": "way/853006432"
    },
    {
      "type": "Feature",
      "properties": {
        "@id": "way/853006433",
        "electrified": "contact_line",
        "frequency": "50",
        "gauge": "1435",
        "maxspeed": "160",
        "name": "İstanbul - Ankara demiryolu",
        "name:en": "İstanbul - Ankara railway",
        "operator": "TCDD",
        "passenger_lines": "1",
        "railway": "rail",
        "source": "bing",
        "usage": "main",
        "voltage": "25000",
        "wikidata": "Q15103266",
        "wikipedia": "en:Istanbul–Ankara railway"
      },
      "geometry": {
        "type": "LineString",
        "coordinates": [
          [
            30.1738667,
            40.7057717
          ],
          [
            30.1977708,
            40.7028637
          ]
        ]
      },
      "id": "way/853006433"
    },
    {
      "type": "Feature",
      "properties": {
        "@id": "way/853006434",
        "bridge": "yes",
        "electrified": "contact_line",
        "frequency": "50",
        "gauge": "1435",
        "layer": "1",
        "maxspeed": "160",
        "name": "İstanbul - Ankara demiryolu",
        "name:en": "İstanbul - Ankara railway",
        "operator": "TCDD",
        "passenger_lines": "1",
        "railway": "rail",
        "source": "bing",
        "usage": "main",
        "voltage": "25000",
        "wikidata": "Q15103266",
        "wikipedia": "en:Istanbul–Ankara railway"
      },
      "geometry": {
        "type": "LineString",
        "coordinates": [
          [
            30.1734423,
            40.7058284
          ],
          [
            30.1738667,
            40.7057717
          ]
        ]
      },
      "id": "way/853006434"
    },
    {
      "type": "Feature",
      "properties": {
        "@id": "way/853006439",
        "bridge": "yes",
        "electrified": "contact_line",
        "frequency": "50",
        "gauge": "1435",
        "highspeed": "yes",
        "layer": "1",
        "maxspeed": "250",
        "name": "Ankara - İstanbul yüksek hızlı demiryolu",
        "name:en": "Ankara - İstanbul high-speed railway",
        "operator": "TCDD",
        "passenger_lines": "1",
        "railway": "rail",
        "railway:etcs": "1",
        "usage": "main",
        "voltage": "25000",
        "wikidata": "Q513146",
        "wikipedia": "en:Ankara–Istanbul high-speed railway"
      },
      "geometry": {
        "type": "LineString",
        "coordinates": [
          [
            30.1313132,
            40.709876
          ],
          [
            30.1316002,
            40.7098725
          ]
        ]
      },
      "id": "way/853006439"
    },
    {
      "type": "Feature",
      "properties": {
        "@id": "way/853006440",
        "electrified": "contact_line",
        "frequency": "50",
        "gauge": "1435",
        "highspeed": "yes",
        "maxspeed": "250",
        "name": "Ankara - İstanbul yüksek hızlı demiryolu",
        "name:en": "Ankara - İstanbul high-speed railway",
        "operator": "TCDD",
        "passenger_lines": "1",
        "railway": "rail",
        "railway:etcs": "1",
        "usage": "main",
        "voltage": "25000",
        "wikidata": "Q513146",
        "wikipedia": "en:Ankara–Istanbul high-speed railway"
      },
      "geometry": {
        "type": "LineString",
        "coordinates": [
          [
            30.1316002,
            40.7098725
          ],
          [
            30.1360711,
            40.7098244
          ],
          [
            30.1376634,
            40.709802
          ],
          [
            30.1387858,
            40.7097634
          ],
          [
            30.1401364,
            40.7096964
          ],
          [
            30.1412455,
            40.7096233
          ],
          [
            30.1421855,
            40.7095421
          ],
          [
            30.1433025,
            40.7094264
          ],
          [
            30.1734299,
            40.7056462
          ]
        ]
      },
      "id": "way/853006440"
    },
    {
      "type": "Feature",
      "properties": {
        "@id": "way/853006441",
        "bridge": "yes",
        "electrified": "contact_line",
        "frequency": "50",
        "gauge": "1435",
        "highspeed": "yes",
        "layer": "1",
        "maxspeed": "250",
        "name": "Ankara - İstanbul yüksek hızlı demiryolu",
        "name:en": "Ankara - İstanbul high-speed railway",
        "operator": "TCDD",
        "passenger_lines": "1",
        "railway": "rail",
        "railway:etcs": "1",
        "usage": "main",
        "voltage": "25000",
        "wikidata": "Q513146",
        "wikipedia": "en:Ankara–Istanbul high-speed railway"
      },
      "geometry": {
        "type": "LineString",
        "coordinates": [
          [
            30.1316036,
            40.7099133
          ],
          [
            30.1313084,
            40.7099164
          ]
        ]
      },
      "id": "way/853006441"
    },
    {
      "type": "Feature",
      "properties": {
        "@id": "way/853006442",
        "bridge": "yes",
        "electrified": "contact_line",
        "frequency": "50",
        "gauge": "1435",
        "layer": "1",
        "maxspeed": "160",
        "name": "İstanbul - Ankara demiryolu",
        "name:en": "İstanbul - Ankara railway",
        "operator": "TCDD",
        "passenger_lines": "1",
        "railway": "rail",
        "source": "bing",
        "usage": "main",
        "voltage": "25000",
        "wikidata": "Q15103266",
        "wikimedia_commons": "Category:Istanbul–Ankara railway",
        "wikipedia": "en:Istanbul–Ankara railway"
      },
      "geometry": {
        "type": "LineString",
        "coordinates": [
          [
            30.1312872,
            40.7100052
          ],
          [
            30.1315902,
            40.7100028
          ]
        ]
      },
      "id": "way/853006442"
    },
    {
      "type": "Feature",
      "properties": {
        "@id": "way/853006443",
        "electrified": "contact_line",
        "frequency": "50",
        "gauge": "1435",
        "maxspeed": "160",
        "name": "İstanbul - Ankara demiryolu",
        "name:en": "İstanbul - Ankara railway",
        "operator": "TCDD",
        "passenger_lines": "1",
        "railway": "rail",
        "source": "bing",
        "usage": "main",
        "voltage": "25000",
        "wikidata": "Q15103266",
        "wikipedia": "en:Istanbul–Ankara railway"
      },
      "geometry": {
        "type": "LineString",
        "coordinates": [
          [
            30.1315902,
            40.7100028
          ],
          [
            30.1364645,
            40.7100398
          ],
          [
            30.1372882,
            40.7100287
          ],
          [
            30.1385628,
            40.7099831
          ],
          [
            30.1393063,
            40.7099422
          ],
          [
            30.1403183,
            40.7098569
          ],
          [
            30.1410622,
            40.7097835
          ],
          [
            30.1416692,
            40.7097198
          ],
          [
            30.1433546,
            40.7095273
          ],
          [
            30.1734423,
            40.7058284
          ]
        ]
      },
      "id": "way/853006443"
    },
    {
      "type": "Feature",
      "properties": {
        "@id": "way/853006444",
        "bridge": "yes",
        "electrified": "contact_line",
        "frequency": "50",
        "gauge": "1435",
        "layer": "1",
        "maxspeed": "160",
        "name": "İstanbul - Ankara demiryolu",
        "name:en": "İstanbul - Ankara railway",
        "operator": "TCDD",
        "passenger_lines": "1",
        "railway": "rail",
        "source": "bing",
        "usage": "main",
        "voltage": "25000",
        "wikidata": "Q15103266",
        "wikipedia": "en:Istanbul–Ankara railway"
      },
      "geometry": {
        "type": "LineString",
        "coordinates": [
          [
            30.1315909,
            40.7100419
          ],
          [
            30.1312874,
            40.7100452
          ]
        ]
      },
      "id": "way/853006444"
    },
    {
      "type": "Feature",
      "properties": {
        "@id": "way/853006447",
        "electrified": "contact_line",
        "frequency": "50",
        "gauge": "1435",
        "highspeed": "yes",
        "maxspeed": "250",
        "name": "Ankara - İstanbul yüksek hızlı demiryolu",
        "name:en": "Ankara - İstanbul high-speed railway",
        "operator": "TCDD",
        "passenger_lines": "1",
        "railway": "rail",
        "railway:etcs": "1",
        "usage": "main",
        "voltage": "25000",
        "wikidata": "Q513146",
        "wikipedia": "en:Ankara–Istanbul high-speed railway"
      },
      "geometry": {
        "type": "LineString",
        "coordinates": [
          [
            30.1313084,
            40.7099164
          ],
          [
            30.116221,
            40.7100624
          ],
          [
            30.1026517,
            40.7101763
          ],
          [
            30.101096,
            40.710221
          ],
          [
            30.1000285,
            40.7102678
          ],
          [
            30.0994468,
            40.7102938
          ],
          [
            30.0982244,
            40.7103933
          ],
          [
            30.097236,
            40.7104928
          ],
          [
            30.0960632,
            40.7106359
          ],
          [
            30.0934694,
            40.7110493
          ],
          [
            30.0918943,
            40.7113619
          ],
          [
            30.0907163,
            40.7116258
          ],
          [
            30.0896878,
            40.7119019
          ],
          [
            30.0863249,
            40.7129012
          ]
        ]
      },
      "id": "way/853006447"
    },
    {
      "type": "Feature",
      "properties": {
        "@id": "way/853006448",
        "electrified": "contact_line",
        "frequency": "50",
        "gauge": "1435",
        "highspeed": "yes",
        "maxspeed": "250",
        "name": "Ankara - İstanbul yüksek hızlı demiryolu",
        "name:en": "Ankara - İstanbul high-speed railway",
        "operator": "TCDD",
        "passenger_lines": "1",
        "railway": "rail",
        "railway:etcs": "1",
        "usage": "main",
        "voltage": "25000",
        "wikidata": "Q513146",
        "wikipedia": "en:Ankara–Istanbul high-speed railway"
      },
      "geometry": {
        "type": "LineString",
        "coordinates": [
          [
            30.0863249,
            40.7129012
          ],
          [
            30.0856827,
            40.7131202
          ]
        ]
      },
      "id": "way/853006448"
    },
    {
      "type": "Feature",
      "properties": {
        "@id": "way/853006449",
        "electrified": "contact_line",
        "frequency": "50",
        "gauge": "1435",
        "highspeed": "yes",
        "maxspeed": "250",
        "name": "Ankara - İstanbul yüksek hızlı demiryolu",
        "name:en": "Ankara - İstanbul high-speed railway",
        "operator": "TCDD",
        "passenger_lines": "1",
        "railway": "rail",
        "railway:etcs": "1",
        "usage": "main",
        "voltage": "25000",
        "wikidata": "Q513146",
        "wikipedia": "en:Ankara–Istanbul high-speed railway"
      },
      "geometry": {
        "type": "LineString",
        "coordinates": [
          [
            30.0856599,
            40.7130836
          ],
          [
            30.0863036,
            40.7128641
          ]
        ]
      },
      "id": "way/853006449"
    },
    {
      "type": "Feature",
      "properties": {
        "@id": "way/853006450",
        "electrified": "contact_line",
        "frequency": "50",
        "gauge": "1435",
        "highspeed": "yes",
        "maxspeed": "250",
        "name": "Ankara - İstanbul yüksek hızlı demiryolu",
        "name:en": "Ankara - İstanbul high-speed railway",
        "operator": "TCDD",
        "passenger_lines": "1",
        "railway": "rail",
        "railway:etcs": "1",
        "usage": "main",
        "voltage": "25000",
        "wikidata": "Q513146",
        "wikipedia": "en:Ankara–Istanbul high-speed railway"
      },
      "geometry": {
        "type": "LineString",
        "coordinates": [
          [
            30.0863036,
            40.7128641
          ],
          [
            30.0896698,
            40.7118638
          ],
          [
            30.0906998,
            40.7115873
          ],
          [
            30.09188,
            40.711323
          ],
          [
            30.0934571,
            40.7110099
          ],
          [
            30.0960535,
            40.7105961
          ],
          [
            30.0972283,
            40.7104528
          ],
          [
            30.098218,
            40.7103532
          ],
          [
            30.0994437,
            40.7102534
          ],
          [
            30.1000254,
            40.7102274
          ],
          [
            30.1010935,
            40.7101806
          ],
          [
            30.1026504,
            40.7101359
          ],
          [
            30.1162203,
            40.710022
          ],
          [
            30.1313132,
            40.709876
          ]
        ]
      },
      "id": "way/853006450"
    },
    {
      "type": "Feature",
      "properties": {
        "@id": "way/853006451",
        "bridge": "yes",
        "electrified": "contact_line",
        "frequency": "50",
        "gauge": "1435",
        "layer": "1",
        "maxspeed": "160",
        "name": "İstanbul - Ankara demiryolu",
        "name:en": "İstanbul - Ankara railway",
        "operator": "TCDD",
        "passenger_lines": "1",
        "railway": "rail",
        "source": "bing",
        "usage": "main",
        "voltage": "25000",
        "wikidata": "Q15103266",
        "wikipedia": "en:Istanbul–Ankara railway"
      },
      "geometry": {
        "type": "LineString",
        "coordinates": [
          [
            30.0735483,
            40.717996
          ],
          [
            30.0736239,
            40.7179078
          ]
        ]
      },
      "id": "way/853006451"
    },
    {
      "type": "Feature",
      "properties": {
        "@id": "way/853006452",
        "electrified": "contact_line",
        "frequency": "50",
        "gauge": "1435",
        "maxspeed": "160",
        "name": "İstanbul - Ankara demiryolu",
        "name:en": "İstanbul - Ankara railway",
        "operator": "TCDD",
        "passenger_lines": "1",
        "railway": "rail",
        "source": "bing",
        "usage": "main",
        "voltage": "25000",
        "wikidata": "Q15103266",
        "wikipedia": "en:Istanbul–Ankara railway"
      },
      "geometry": {
        "type": "LineString",
        "coordinates": [
          [
            30.0861217,
            40.7129914
          ],
          [
            30.0874838,
            40.7131487
          ],
          [
            30.0883609,
            40.7132443
          ],
          [
            30.088841,
            40.7132849
          ],
          [
            30.0893077,
            40.7133073
          ],
          [
            30.0897932,
            40.7133154
          ],
          [
            30.0902492,
            40.7133032
          ],
          [
            30.0907293,
            40.7132829
          ],
          [
            30.0911933,
            40.7132361
          ],
          [
            30.0916278,
            40.7131792
          ],
          [
            30.0922313,
            40.7130714
          ],
          [
            30.0926337,
            40.7129759
          ],
          [
            30.093146,
            40.7128376
          ],
          [
            30.0937575,
            40.7126425
          ],
          [
            30.0943181,
            40.7124351
          ],
          [
            30.0953078,
            40.7120203
          ],
          [
            30.0971156,
            40.7112132
          ],
          [
            30.0976333,
            40.7110139
          ],
          [
            30.0985077,
            40.7107415
          ],
          [
            30.0990093,
            40.7106175
          ],
          [
            30.0995886,
            40.7104914
          ],
          [
            30.1003477,
            40.7103715
          ],
          [
            30.1011443,
            40.7102922
          ],
          [
            30.1015332,
            40.7102708
          ],
          [
            30.102649,
            40.7102511
          ],
          [
            30.10363,
            40.7102337
          ],
          [
            30.1162124,
            40.710123
          ],
          [
            30.1312872,
            40.7100052
          ]
        ]
      },
      "id": "way/853006452"
    },
    {
      "type": "Feature",
      "properties": {
        "@id": "way/853006453",
        "bridge": "yes",
        "electrified": "contact_line",
        "frequency": "50",
        "gauge": "1435",
        "layer": "1",
        "maxspeed": "160",
        "name": "İstanbul - Ankara demiryolu",
        "name:en": "İstanbul - Ankara railway",
        "operator": "TCDD",
        "passenger_lines": "1",
        "railway": "rail",
        "source": "bing",
        "usage": "main",
        "voltage": "25000",
        "wikidata": "Q15103266",
        "wikipedia": "en:Istanbul–Ankara railway"
      },
      "geometry": {
        "type": "LineString",
        "coordinates": [
          [
            30.0736659,
            40.7179275
          ],
          [
            30.0735899,
            40.718018
          ]
        ]
      },
      "id": "way/853006453"
    },
    {
      "type": "Feature",
      "properties": {
        "@id": "way/853006454",
        "electrified": "contact_line",
        "frequency": "50",
        "gauge": "1435",
        "maxspeed": "160",
        "name": "İstanbul - Ankara demiryolu",
        "name:en": "İstanbul - Ankara railway",
        "operator": "TCDD",
        "passenger_lines": "1",
        "railway": "rail",
        "source": "bing",
        "usage": "main",
        "voltage": "25000",
        "wikidata": "Q15103266",
        "wikipedia": "en:Istanbul–Ankara railway"
      },
      "geometry": {
        "type": "LineString",
        "coordinates": [
          [
            30.0735899,
            40.718018
          ],
          [
            30.0697072,
            40.7225102
          ],
          [
            30.068652,
            40.7236162
          ],
          [
            30.0679466,
            40.7242839
          ],
          [
            30.0674155,
            40.7247591
          ],
          [
            30.0659354,
            40.7259881
          ],
          [
            30.0643364,
            40.7271653
          ],
          [
            30.0628504,
            40.7281816
          ],
          [
            30.0613898,
            40.7291732
          ],
          [
            30.0590888,
            40.7304456
          ],
          [
            30.0279837,
            40.7461023
          ]
        ]
      },
      "id": "way/853006454"
    },
    {
      "type": "Feature",
      "properties": {
        "@id": "way/983589019",
        "electrified": "contact_line",
        "frequency": "50",
        "gauge": "1435",
        "maxspeed": "120",
        "name": "Doğançay konvansiyonel-yüksek hızlı demiryolu bağlantısı",
        "operator": "TCDD",
        "passenger_lines": "1",
        "railway": "rail",
        "railway:etcs": "1",
        "usage": "main",
        "voltage": "25000",
        "wikidata": "Q513146",
        "wikipedia": "en:Ankara–Istanbul high-speed railway"
      },
      "geometry": {
        "type": "LineString",
        "coordinates": [
          [
            30.3296505,
            40.6182923
          ],
          [
            30.3294729,
            40.618556
          ],
          [
            30.3292991,
            40.6188957
          ],
          [
            30.3292088,
            40.6191766
          ],
          [
            30.3291615,
            40.6194079
          ],
          [
            30.3291282,
            40.6196308
          ]
        ]
      },
      "id": "way/983589019"
    },
    {
      "type": "Feature",
      "properties": {
        "@id": "way/1006325099",
        "electrified": "contact_line",
        "frequency": "50",
        "gauge": "1435",
        "maxspeed": "120",
        "operator": "TCDD",
        "railway": "rail",
        "railway:etcs": "yes",
        "usage": "main",
        "voltage": "25000"
      },
      "geometry": {
        "type": "LineString",
        "coordinates": [
          [
            30.3345895,
            40.6271679
          ],
          [
            30.3341362,
            40.6266893
          ]
        ]
      },
      "id": "way/1006325099"
    },
    {
      "type": "Feature",
      "properties": {
        "@id": "way/1154622494",
        "electrified": "contact_line",
        "frequency": "50",
        "gauge": "1435",
        "maxspeed": "120",
        "name": "İstanbul - Ankara demiryolu",
        "operator": "TCDD",
        "railway": "rail",
        "railway:etcs": "yes",
        "usage": "main",
        "voltage": "25000"
      },
      "geometry": {
        "type": "LineString",
        "coordinates": [
          [
            30.2104922,
            40.5034794
          ],
          [
            30.2167834,
            40.5029866
          ],
          [
            30.2173867,
            40.5029418
          ],
          [
            30.2179049,
            40.5029242
          ],
          [
            30.2182956,
            40.5029347
          ],
          [
            30.2187295,
            40.5029362
          ],
          [
            30.2193241,
            40.5029843
          ],
          [
            30.2199163,
            40.50304
          ],
          [
            30.2205087,
            40.5031286
          ],
          [
            30.2302657,
            40.5049962
          ],
          [
            30.2307925,
            40.5051253
          ],
          [
            30.2312827,
            40.5052595
          ],
          [
            30.2316357,
            40.5053734
          ],
          [
            30.2320593,
            40.5055253
          ],
          [
            30.2324465,
            40.5056686
          ],
          [
            30.2327791,
            40.5058134
          ],
          [
            30.2331684,
            40.5059912
          ],
          [
            30.2335475,
            40.5061896
          ],
          [
            30.2455008,
            40.5128448
          ],
          [
            30.2461529,
            40.5132014
          ],
          [
            30.2468056,
            40.5135194
          ],
          [
            30.2475728,
            40.5138366
          ],
          [
            30.2483738,
            40.5141068
          ],
          [
            30.2620524,
            40.5184659
          ],
          [
            30.2626953,
            40.5186322
          ],
          [
            30.2635881,
            40.5188516
          ],
          [
            30.2641102,
            40.5189798
          ],
          [
            30.2648093,
            40.5191062
          ],
          [
            30.2655708,
            40.5192139
          ],
          [
            30.2733632,
            40.5200158
          ],
          [
            30.2736295,
            40.5200432
          ],
          [
            30.273943,
            40.5200861
          ],
          [
            30.2742687,
            40.5201605
          ],
          [
            30.2750445,
            40.5203523
          ],
          [
            30.2757619,
            40.5205545
          ],
          [
            30.276243,
            40.520694
          ],
          [
            30.2770378,
            40.520945
          ],
          [
            30.2773894,
            40.5211185
          ],
          [
            30.2777082,
            40.5213107
          ],
          [
            30.2780335,
            40.5215918
          ],
          [
            30.2784197,
            40.5219894
          ],
          [
            30.2786633,
            40.5222972
          ],
          [
            30.2805315,
            40.5242742
          ]
        ]
      },
      "id": "way/1154622494"
    },
    {
      "type": "Feature",
      "properties": {
        "@id": "way/1154622496",
        "bridge": "yes",
        "electrified": "contact_line",
        "frequency": "50",
        "gauge": "1435",
        "layer": "1",
        "maxspeed": "120",
        "operator": "TCDD",
        "railway": "rail",
        "railway:etcs": "yes",
        "usage": "main",
        "voltage": "25000"
      },
      "geometry": {
        "type": "LineString",
        "coordinates": [
          [
            30.2805315,
            40.5242742
          ],
          [
            30.2806123,
            40.5243569
          ]
        ]
      },
      "id": "way/1154622496"
    },
    {
      "type": "Feature",
      "properties": {
        "@id": "way/1154622497",
        "bridge": "yes",
        "electrified": "contact_line",
        "frequency": "50",
        "gauge": "1435",
        "layer": "1",
        "maxspeed": "120",
        "operator": "TCDD",
        "railway": "rail",
        "railway:etcs": "yes",
        "source": "GPS, Bing",
        "usage": "main",
        "voltage": "25000"
      },
      "geometry": {
        "type": "LineString",
        "coordinates": [
          [
            30.2804907,
            40.5242903
          ],
          [
            30.2805747,
            40.5243771
          ]
        ]
      },
      "id": "way/1154622497"
    },
    {
      "type": "Feature",
      "properties": {
        "@id": "way/1154622499",
        "electrified": "contact_line",
        "frequency": "50",
        "gauge": "1435",
        "maxspeed": "120",
        "name": "İstanbul - Ankara demiryolu",
        "operator": "TCDD",
        "railway": "rail",
        "railway:etcs": "yes",
        "usage": "main",
        "voltage": "25000"
      },
      "geometry": {
        "type": "LineString",
        "coordinates": [
          [
            30.1666656,
            40.5020723
          ],
          [
            30.167115,
            40.5020473
          ],
          [
            30.1675894,
            40.502021
          ],
          [
            30.1680511,
            40.5019971
          ],
          [
            30.1684096,
            40.5019904
          ],
          [
            30.1687582,
            40.5019975
          ],
          [
            30.1690969,
            40.5020215
          ],
          [
            30.1695379,
            40.5020609
          ],
          [
            30.1703138,
            40.5021546
          ],
          [
            30.1708556,
            40.5022474
          ],
          [
            30.1711885,
            40.5023106
          ],
          [
            30.1715282,
            40.5023863
          ],
          [
            30.1744397,
            40.5031034
          ],
          [
            30.1749807,
            40.5032354
          ],
          [
            30.1787944,
            40.5041785
          ],
          [
            30.1800426,
            40.5044863
          ],
          [
            30.1806178,
            40.5046281
          ],
          [
            30.1819256,
            40.5049506
          ]
        ]
      },
      "id": "way/1154622499"
    },
    {
      "type": "Feature",
      "properties": {
        "@id": "way/1154622500",
        "electrified": "contact_line",
        "frequency": "50",
        "gauge": "1435",
        "layer": "-1",
        "maxspeed": "120",
        "name": "İstanbul - Ankara demiryolu",
        "operator": "TCDD",
        "railway": "rail",
        "railway:etcs": "yes",
        "tunnel": "yes",
        "usage": "main",
        "voltage": "25000"
      },
      "geometry": {
        "type": "LineString",
        "coordinates": [
          [
            30.1819256,
            40.5049506
          ],
          [
            30.1841999,
            40.5055116
          ]
        ]
      },
      "id": "way/1154622500"
    },
    {
      "type": "Feature",
      "properties": {
        "@id": "way/1154622501",
        "electrified": "contact_line",
        "frequency": "50",
        "gauge": "1435",
        "name": "İstanbul - Ankara demiryolu",
        "operator": "TCDD",
        "railway": "rail",
        "railway:etcs": "yes",
        "source": "GPS, Bing",
        "usage": "main",
        "voltage": "25000"
      },
      "geometry": {
        "type": "LineString",
        "coordinates": [
          [
            30.1841687,
            40.505563
          ],
          [
            30.1868653,
            40.5062267
          ],
          [
            30.1875027,
            40.5063633
          ],
          [
            30.1879746,
            40.5064566
          ],
          [
            30.1883788,
            40.5065142
          ],
          [
            30.1888641,
            40.5065784
          ],
          [
            30.1893884,
            40.5066336
          ],
          [
            30.1898517,
            40.5066615
          ],
          [
            30.1902975,
            40.5066746
          ],
          [
            30.1908612,
            40.5066788
          ],
          [
            30.1913523,
            40.5066683
          ],
          [
            30.1917755,
            40.506639
          ],
          [
            30.1923349,
            40.5065919
          ],
          [
            30.1927988,
            40.5065359
          ],
          [
            30.193303,
            40.5064606
          ],
          [
            30.1937845,
            40.5063686
          ],
          [
            30.1941611,
            40.506288
          ],
          [
            30.2052714,
            40.5040367
          ],
          [
            30.2058305,
            40.5039421
          ],
          [
            30.2064825,
            40.5038572
          ],
          [
            30.2099458,
            40.5035728
          ]
        ]
      },
      "id": "way/1154622501"
    },
    {
      "type": "Feature",
      "properties": {
        "@id": "way/1154622502",
        "electrified": "contact_line",
        "frequency": "50",
        "gauge": "1435",
        "layer": "-1",
        "name": "İstanbul - Ankara demiryolu",
        "operator": "TCDD",
        "railway": "rail",
        "railway:etcs": "yes",
        "source": "GPS, Bing",
        "tunnel": "yes",
        "usage": "main",
        "voltage": "25000"
      },
      "geometry": {
        "type": "LineString",
        "coordinates": [
          [
            30.1819045,
            40.5049983
          ],
          [
            30.1841687,
            40.505563
          ]
        ]
      },
      "id": "way/1154622502"
    },
    {
      "type": "Feature",
      "properties": {
        "@id": "way/1154622503",
        "electrified": "contact_line",
        "frequency": "50",
        "gauge": "1435",
        "maxspeed": "120",
        "name": "İstanbul - Ankara demiryolu",
        "operator": "TCDD",
        "railway": "rail",
        "railway:etcs": "yes",
        "usage": "main",
        "voltage": "25000"
      },
      "geometry": {
        "type": "LineString",
        "coordinates": [
          [
            30.1841999,
            40.5055116
          ],
          [
            30.186894,
            40.506185
          ],
          [
            30.1875195,
            40.5063212
          ],
          [
            30.1879898,
            40.5064116
          ],
          [
            30.1883885,
            40.5064701
          ],
          [
            30.1888801,
            40.5065382
          ],
          [
            30.1893943,
            40.5065933
          ],
          [
            30.189862,
            40.5066158
          ],
          [
            30.1903096,
            40.5066297
          ],
          [
            30.1908631,
            40.5066393
          ],
          [
            30.1913575,
            40.5066275
          ],
          [
            30.1917718,
            40.5065936
          ],
          [
            30.192318,
            40.5065476
          ],
          [
            30.1927986,
            40.5064913
          ],
          [
            30.1932879,
            40.5064215
          ],
          [
            30.1937459,
            40.5063323
          ],
          [
            30.1941373,
            40.5062511
          ],
          [
            30.2052674,
            40.5039956
          ],
          [
            30.2058071,
            40.5039068
          ],
          [
            30.2064703,
            40.50382
          ],
          [
            30.209936,
            40.5035271
          ]
        ]
      },
      "id": "way/1154622503"
    },
    {
      "type": "Feature",
      "properties": {
        "@id": "way/1154622504",
        "bridge": "yes",
        "electrified": "contact_line",
        "frequency": "50",
        "gauge": "1435",
        "layer": "1",
        "maxspeed": "120",
        "name": "İstanbul - Ankara demiryolu",
        "operator": "TCDD",
        "railway": "rail",
        "railway:etcs": "yes",
        "usage": "main",
        "voltage": "25000"
      },
      "geometry": {
        "type": "LineString",
        "coordinates": [
          [
            30.209936,
            40.5035271
          ],
          [
            30.2104922,
            40.5034794
          ]
        ]
      },
      "id": "way/1154622504"
    },
    {
      "type": "Feature",
      "properties": {
        "@id": "way/1155321698",
        "electrified": "contact_line",
        "frequency": "50",
        "gauge": "1435",
        "name": "İstanbul - Ankara demiryolu",
        "operator": "TCDD",
        "railway": "rail",
        "railway:etcs": "yes",
        "source": "GPS, Bing",
        "usage": "main",
        "voltage": "25000"
      },
      "geometry": {
        "type": "LineString",
        "coordinates": [
          [
            30.1643388,
            40.5021886
          ],
          [
            30.1666656,
            40.5020723
          ],
          [
            30.1670632,
            40.5020841
          ],
          [
            30.1680497,
            40.5020427
          ],
          [
            30.1684084,
            40.5020344
          ],
          [
            30.1687499,
            40.5020378
          ],
          [
            30.1690838,
            40.5020625
          ],
          [
            30.1695225,
            40.5021036
          ],
          [
            30.1702941,
            40.5021984
          ],
          [
            30.1708455,
            40.5022925
          ],
          [
            30.1711726,
            40.5023642
          ],
          [
            30.1715068,
            40.5024344
          ],
          [
            30.1749609,
            40.5032878
          ],
          [
            30.1787672,
            40.5042197
          ],
          [
            30.1794329,
            40.5043849
          ],
          [
            30.1812467,
            40.5048351
          ],
          [
            30.1819045,
            40.5049983
          ]
        ]
      },
      "id": "way/1155321698"
    },
    {
      "type": "Feature",
      "properties": {
        "@id": "way/1155321699",
        "bridge": "yes",
        "electrified": "contact_line",
        "frequency": "50",
        "gauge": "1435",
        "layer": "1",
        "operator": "TCDD",
        "railway": "rail",
        "railway:etcs": "yes",
        "source": "GPS, Bing",
        "usage": "main",
        "voltage": "25000"
      },
      "geometry": {
        "type": "LineString",
        "coordinates": [
          [
            30.1641965,
            40.5021951
          ],
          [
            30.1643388,
            40.5021886
          ]
        ]
      },
      "id": "way/1155321699"
    },
    {
      "type": "Feature",
      "properties": {
        "@id": "way/1191873061",
        "electrified": "contact_line",
        "frequency": "50",
        "gauge": "1435",
        "maxspeed": "120",
        "name": "İstanbul - Ankara demiryolu",
        "operator": "TCDD",
        "railway": "rail",
        "railway:etcs": "1",
        "usage": "main",
        "voltage": "25000"
      },
      "geometry": {
        "type": "LineString",
        "coordinates": [
          [
            30.3337717,
            40.6262439
          ],
          [
            30.3340422,
            40.6265305
          ]
        ]
      },
      "id": "way/1191873061"
    },
    {
      "type": "Feature",
      "properties": {
        "@id": "way/1191873062",
        "electrified": "contact_line",
        "frequency": "50",
        "gauge": "1435",
        "highspeed": "no",
        "maxspeed": "100",
        "name": "Ankara - İstanbul yüksek hızlı demiryolu",
        "name:en": "Ankara - İstanbul high-speed railway",
        "operator": "TCDD",
        "passenger_lines": "1",
        "railway": "rail",
        "railway:etcs": "1",
        "railway:traffic_mode": "mixed",
        "source": "bing",
        "usage": "main",
        "voltage": "25000",
        "wikidata": "Q513146",
        "wikipedia": "en:Ankara–Istanbul high-speed railway"
      },
      "geometry": {
        "type": "LineString",
        "coordinates": [
          [
            30.2616634,
            40.6958184
          ],
          [
            30.2591569,
            40.6963973
          ]
        ]
      },
      "id": "way/1191873062"
    },
    {
      "type": "Feature",
      "properties": {
        "@id": "way/1191873063",
        "electrified": "contact_line",
        "frequency": "50",
        "gauge": "1435",
        "highspeed": "no",
        "maxspeed": "100",
        "name": "Ankara - İstanbul yüksek hızlı demiryolu",
        "name:en": "Ankara - İstanbul high-speed railway",
        "operator": "TCDD",
        "passenger_lines": "1",
        "railway": "rail",
        "railway:etcs": "1",
        "railway:traffic_mode": "mixed",
        "source": "bing",
        "usage": "main",
        "voltage": "25000",
        "wikidata": "Q513146",
        "wikipedia": "en:Ankara–Istanbul high-speed railway"
      },
      "geometry": {
        "type": "LineString",
        "coordinates": [
          [
            30.2593678,
            40.6963056
          ],
          [
            30.2616517,
            40.6957889
          ]
        ]
      },
      "id": "way/1191873063"
    },
    {
      "type": "Feature",
      "properties": {
        "@id": "way/1193630473",
        "electrified": "contact_line",
        "frequency": "50",
        "gauge": "1435",
        "highspeed": "yes",
        "maxspeed": "250",
        "name": "Ankara - İstanbul yüksek hızlı demiryolu",
        "name:en": "Ankara - İstanbul high-speed railway",
        "operator": "TCDD",
        "passenger_lines": "1",
        "railway": "rail",
        "railway:etcs": "1",
        "usage": "main",
        "voltage": "25000",
        "wikidata": "Q513146",
        "wikipedia": "en:Ankara–Istanbul high-speed railway"
      },
      "geometry": {
        "type": "LineString",
        "coordinates": [
          [
            30.008878,
            40.7491727
          ],
          [
            30.0104053,
            40.7491792
          ],
          [
            30.0117082,
            40.7492426
          ],
          [
            30.0137191,
            40.7493411
          ],
          [
            30.0146132,
            40.7493562
          ],
          [
            30.0155617,
            40.7493438
          ],
          [
            30.0161838,
            40.7493195
          ],
          [
            30.0170082,
            40.749261
          ],
          [
            30.0179017,
            40.7491799
          ],
          [
            30.0185882,
            40.7490962
          ],
          [
            30.0197031,
            40.7489145
          ],
          [
            30.0206915,
            40.7487261
          ],
          [
            30.0216688,
            40.7485173
          ],
          [
            30.0222556,
            40.7483737
          ],
          [
            30.0230645,
            40.7481479
          ],
          [
            30.024073,
            40.747838
          ],
          [
            30.0249646,
            40.7475195
          ],
          [
            30.0257682,
            40.7472023
          ],
          [
            30.0263917,
            40.7469317
          ],
          [
            30.0272604,
            40.7465248
          ],
          [
            30.0280133,
            40.7461382
          ]
        ]
      },
      "id": "way/1193630473"
    },
    {
      "type": "Feature",
      "properties": {
        "@id": "way/1193630474",
        "electrified": "contact_line",
        "frequency": "50",
        "gauge": "1435",
        "highspeed": "yes",
        "maxspeed": "250",
        "name": "Ankara - İstanbul yüksek hızlı demiryolu",
        "name:en": "Ankara - İstanbul high-speed railway",
        "operator": "TCDD",
        "passenger_lines": "1",
        "railway": "rail",
        "railway:etcs": "1",
        "usage": "main",
        "voltage": "25000",
        "wikidata": "Q513146",
        "wikipedia": "en:Ankara–Istanbul high-speed railway"
      },
      "geometry": {
        "type": "LineString",
        "coordinates": [
          [
            30.0280422,
            40.7461734
          ],
          [
            30.0272831,
            40.7465597
          ],
          [
            30.0264252,
            40.7469635
          ],
          [
            30.0257951,
            40.7472372
          ],
          [
            30.0249929,
            40.7475533
          ],
          [
            30.0241059,
            40.7478732
          ],
          [
            30.0230849,
            40.7481841
          ],
          [
            30.0222785,
            40.7484108
          ],
          [
            30.0216948,
            40.7485556
          ],
          [
            30.0207129,
            40.7487688
          ],
          [
            30.019724,
            40.7489544
          ],
          [
            30.018608,
            40.7491409
          ],
          [
            30.0179089,
            40.7492265
          ],
          [
            30.017027,
            40.7493048
          ],
          [
            30.0161903,
            40.7493607
          ],
          [
            30.0155562,
            40.7493842
          ],
          [
            30.0146108,
            40.7494005
          ],
          [
            30.013711,
            40.7493826
          ],
          [
            30.0125655,
            40.7493289
          ],
          [
            30.010367,
            40.749221
          ],
          [
            30.008886,
            40.7492112
          ],
          [
            30.0078609,
            40.7491947
          ],
          [
            30.0073306,
            40.7491751
          ],
          [
            30.0057712,
            40.7491159
          ]
        ]
      },
      "id": "way/1193630474"
    },
    {
      "type": "Feature",
      "properties": {
        "@id": "way/1195223250",
        "electrified": "contact_line",
        "frequency": "50",
        "gauge": "1435",
        "maxspeed": "100",
        "name": "İstanbul - Ankara demiryolu",
        "name:en": "İstanbul - Ankara railway",
        "operator": "TCDD",
        "passenger_lines": "1",
        "railway": "rail",
        "railway:etcs": "yes",
        "source": "bing",
        "usage": "main",
        "voltage": "25000",
        "wikidata": "Q15103266",
        "wikipedia": "en:Istanbul–Ankara railway"
      },
      "geometry": {
        "type": "LineString",
        "coordinates": [
          [
            30.0122074,
            40.7491541
          ],
          [
            30.0124122,
            40.7491596
          ],
          [
            30.0137414,
            40.7492263
          ],
          [
            30.0146194,
            40.74924
          ],
          [
            30.0155309,
            40.749233
          ],
          [
            30.0161645,
            40.7491977
          ],
          [
            30.016961,
            40.7491512
          ],
          [
            30.0178421,
            40.7490755
          ],
          [
            30.0185128,
            40.7490008
          ],
          [
            30.0196547,
            40.748822
          ],
          [
            30.0206459,
            40.7486428
          ],
          [
            30.0216168,
            40.7484408
          ],
          [
            30.02221,
            40.7482995
          ],
          [
            30.0230236,
            40.7480755
          ],
          [
            30.0240072,
            40.7477675
          ],
          [
            30.0249079,
            40.7474519
          ],
          [
            30.0257144,
            40.7471325
          ],
          [
            30.0263246,
            40.7468681
          ],
          [
            30.027215,
            40.7464548
          ],
          [
            30.027958,
            40.746071
          ]
        ]
      },
      "id": "way/1195223250"
    },
    {
      "type": "Feature",
      "properties": {
        "@id": "way/1195223251",
        "electrified": "contact_line",
        "frequency": "50",
        "gauge": "1435",
        "maxspeed": "100",
        "name": "İstanbul - Ankara demiryolu",
        "name:en": "İstanbul - Ankara railway",
        "operator": "TCDD",
        "passenger_lines": "1",
        "railway": "rail",
        "railway:etcs": "yes",
        "source": "bing",
        "usage": "main",
        "voltage": "25000",
        "wikidata": "Q15103266",
        "wikipedia": "en:Istanbul–Ankara railway"
      },
      "geometry": {
        "type": "LineString",
        "coordinates": [
          [
            30.0279837,
            40.7461023
          ],
          [
            30.0272377,
            40.7464898
          ],
          [
            30.0263581,
            40.7468999
          ],
          [
            30.0257413,
            40.7471674
          ],
          [
            30.0249363,
            40.7474857
          ],
          [
            30.0240401,
            40.7478027
          ],
          [
            30.023044,
            40.7481117
          ],
          [
            30.0222328,
            40.7483366
          ],
          [
            30.0216428,
            40.7484791
          ],
          [
            30.0206673,
            40.7486773
          ],
          [
            30.0196782,
            40.748867
          ],
          [
            30.0185386,
            40.7490389
          ],
          [
            30.0178546,
            40.749114
          ],
          [
            30.0169764,
            40.749187
          ],
          [
            30.0161716,
            40.7492425
          ],
          [
            30.0155348,
            40.7492784
          ],
          [
            30.0146166,
            40.7492914
          ],
          [
            30.0137317,
            40.7492759
          ],
          [
            30.0127467,
            40.7492276
          ],
          [
            30.0122004,
            40.7492023
          ],
          [
            30.0113763,
            40.7491541
          ]
        ]
      },
      "id": "way/1195223251"
    },
    {
      "type": "Feature",
      "properties": {
        "@id": "way/1329151085",
        "electrified": "contact_line",
        "frequency": "50",
        "gauge": "1435",
        "maxspeed": "85",
        "name": "Arifiye - Adapazarı şube demiryolu",
        "operator": "TCDD",
        "railway": "rail",
        "source": "bing;local knowledge",
        "usage": "branch",
        "voltage": "25000"
      },
      "geometry": {
        "type": "LineString",
        "coordinates": [
          [
            30.3613872,
            40.7132101
          ],
          [
            30.3611689,
            40.7131946
          ],
          [
            30.3593306,
            40.7131809
          ]
        ]
      },
      "id": "way/1329151085"
    },
    {
      "type": "Feature",
      "properties": {
        "@id": "way/1334302722",
        "electrified": "contact_line",
        "frequency": "50",
        "gauge": "1435",
        "highspeed": "yes",
        "maxspeed": "160",
        "name": "İstanbul - Ankara demiryolu",
        "name:en": "İstanbul - Ankara railway",
        "operator": "TCDD",
        "passenger_lines": "1",
        "railway": "rail",
        "railway:etcs": "1",
        "source": "bing",
        "usage": "main",
        "voltage": "25000",
        "wikidata": "Q15103266",
        "wikipedia": "en:Istanbul–Ankara railway"
      },
      "geometry": {
        "type": "LineString",
        "coordinates": [
          [
            30.0065811,
            40.7491056
          ],
          [
            30.0074113,
            40.7491371
          ],
          [
            30.0079713,
            40.7491526
          ],
          [
            30.008878,
            40.7491727
          ]
        ]
      },
      "id": "way/1334302722"
    },
    {
      "type": "Feature",
      "properties": {
        "@id": "way/1334311715",
        "electrified": "contact_line",
        "frequency": "50",
        "gauge": "1435",
        "maxspeed": "100",
        "name": "İstanbul - Ankara demiryolu",
        "name:en": "İstanbul - Ankara railway",
        "operator": "TCDD",
        "passenger_lines": "1",
        "railway": "rail",
        "railway:etcs": "yes",
        "source": "bing",
        "usage": "main",
        "voltage": "25000",
        "wikidata": "Q15103266",
        "wikipedia": "en:Istanbul–Ankara railway"
      },
      "geometry": {
        "type": "LineString",
        "coordinates": [
          [
            30.0113763,
            40.7491541
          ],
          [
            30.0105266,
            40.749109
          ]
        ]
      },
      "id": "way/1334311715"
    },
    {
      "type": "Feature",
      "properties": {
        "@id": "way/1356768924",
        "electrified": "contact_line",
        "frequency": "50",
        "gauge": "1435",
        "maxspeed": "120",
        "name": "İstanbul - Ankara demiryolu",
        "operator": "TCDD",
        "railway": "rail",
        "railway:etcs": "1",
        "usage": "main",
        "voltage": "25000"
      },
      "geometry": {
        "type": "LineString",
        "coordinates": [
          [
            30.3378011,
            40.6371636
          ],
          [
            30.3377511,
            40.6367897
          ],
          [
            30.3372884,
            40.634874
          ],
          [
            30.3372212,
            40.6344322
          ],
          [
            30.3372592,
            40.634064
          ],
          [
            30.3375341,
            40.6329997
          ],
          [
            30.3376012,
            40.6325824
          ],
          [
            30.3376184,
            40.6321941
          ],
          [
            30.3375951,
            40.6319546
          ],
          [
            30.3375096,
            40.6316313
          ],
          [
            30.3367792,
            40.6297877
          ],
          [
            30.3366035,
            40.629447
          ],
          [
            30.3364456,
            40.6292207
          ],
          [
            30.3360271,
            40.6286351
          ],
          [
            30.3343858,
            40.6268947
          ],
          [
            30.3341728,
            40.626669
          ]
        ]
      },
      "id": "way/1356768924"
    },
    {
      "type": "Feature",
      "properties": {
        "@id": "way/1376663609",
        "bridge": "yes",
        "electrified": "contact_line",
        "frequency": "50",
        "gauge": "1435",
        "layer": "1",
        "maxspeed": "85",
        "name": "Arifiye - Adapazarı şube demiryolu",
        "operator": "TCDD",
        "railway": "rail",
        "source": "bing;local knowledge",
        "usage": "branch",
        "voltage": "25000"
      },
      "geometry": {
        "type": "LineString",
        "coordinates": [
          [
            30.3616187,
            40.7132238
          ],
          [
            30.3613872,
            40.7132101
          ]
        ]
      },
      "id": "way/1376663609"
    },
    {
      "type": "Feature",
      "properties": {
        "@id": "way/1473559917",
        "electrified": "contact_line",
        "frequency": "50",
        "gauge": "1435",
        "name": "İstanbul - Ankara demiryolu",
        "operator": "TCDD",
        "railway": "rail",
        "railway:etcs": "yes",
        "usage": "main",
        "voltage": "25000"
      },
      "geometry": {
        "type": "LineString",
        "coordinates": [
          [
            30.0575666,
            40.3069744
          ],
          [
            30.058236,
            40.3072731
          ],
          [
            30.0587474,
            40.307431
          ],
          [
            30.0593629,
            40.3075479
          ],
          [
            30.0599475,
            40.3075798
          ],
          [
            30.0603,
            40.3075644
          ],
          [
            30.0606122,
            40.307524
          ],
          [
            30.0612058,
            40.3073534
          ],
          [
            30.0643,
            40.3061577
          ],
          [
            30.0651541,
            40.3058742
          ],
          [
            30.065964,
            40.3056569
          ],
          [
            30.0667987,
            40.305489
          ],
          [
            30.0675802,
            40.3053872
          ],
          [
            30.068292,
            40.3053795
          ],
          [
            30.0688736,
            40.3054408
          ],
          [
            30.0695024,
            40.3055749
          ],
          [
            30.0699986,
            40.3056711
          ],
          [
            30.0704006,
            40.3057298
          ],
          [
            30.0707227,
            40.3057338
          ],
          [
            30.0710589,
            40.3057271
          ],
          [
            30.0719402,
            40.3056758
          ],
          [
            30.0729135,
            40.3056016
          ],
          [
            30.0733506,
            40.3055679
          ],
          [
            30.0738248,
            40.3055679
          ],
          [
            30.0742672,
            40.3056016
          ],
          [
            30.0745946,
            40.3056515
          ],
          [
            30.0750648,
            40.3057693
          ],
          [
            30.0761925,
            40.3062493
          ],
          [
            30.0773392,
            40.3067905
          ],
          [
            30.0778148,
            40.3070696
          ],
          [
            30.0783313,
            40.3074835
          ],
          [
            30.0787835,
            40.3079456
          ],
          [
            30.0791237,
            40.3084627
          ],
          [
            30.0792786,
            40.3087662
          ],
          [
            30.0809763,
            40.3125491
          ],
          [
            30.0811812,
            40.3129821
          ]
        ]
      },
      "id": "way/1473559917"
    },
    {
      "type": "Feature",
      "properties": {
        "@id": "way/1473559918",
        "bridge": "yes",
        "electrified": "contact_line",
        "frequency": "50",
        "gauge": "1435",
        "layer": "1",
        "name": "İstanbul - Ankara demiryolu",
        "operator": "TCDD",
        "railway": "rail",
        "railway:etcs": "yes",
        "usage": "main",
        "voltage": "25000"
      },
      "geometry": {
        "type": "LineString",
        "coordinates": [
          [
            30.0574667,
            40.3069307
          ],
          [
            30.0575666,
            40.3069744
          ]
        ]
      },
      "id": "way/1473559918"
    },
    {
      "type": "Feature",
      "properties": {
        "@id": "way/1473640419",
        "bridge": "yes",
        "electrified": "contact_line",
        "frequency": "50",
        "gauge": "1435",
        "layer": "1",
        "name": "İstanbul - Ankara demiryolu",
        "operator": "TCDD",
        "railway": "rail",
        "railway:etcs": "yes",
        "usage": "main",
        "voltage": "25000"
      },
      "geometry": {
        "type": "LineString",
        "coordinates": [
          [
            30.0627051,
            40.3345079
          ],
          [
            30.0625128,
            40.3346073
          ]
        ]
      },
      "id": "way/1473640419"
    },
    {
      "type": "Feature",
      "properties": {
        "@id": "way/1473830820",
        "electrified": "contact_line",
        "frequency": "50",
        "gauge": "1435",
        "name": "İstanbul - Ankara demiryolu",
        "operator": "TCDD",
        "railway": "rail",
        "source": "GPS, Bing",
        "usage": "main",
        "voltage": "25000"
      },
      "geometry": {
        "type": "LineString",
        "coordinates": [
          [
            30.0530362,
            40.45814
          ],
          [
            30.0545786,
            40.4674451
          ],
          [
            30.0547394,
            40.4683042
          ],
          [
            30.0549077,
            40.4689216
          ],
          [
            30.0551467,
            40.4695529
          ],
          [
            30.0554643,
            40.4701908
          ],
          [
            30.0558418,
            40.4708125
          ],
          [
            30.0560883,
            40.471159
          ],
          [
            30.056308,
            40.4714584
          ]
        ]
      },
      "id": "way/1473830820"
    },
    {
      "type": "Feature",
      "properties": {
        "@id": "way/1473830821",
        "bridge": "yes",
        "electrified": "contact_line",
        "frequency": "50",
        "gauge": "1435",
        "layer": "1",
        "name": "İstanbul - Ankara demiryolu",
        "operator": "TCDD",
        "railway": "rail",
        "source": "GPS, Bing",
        "usage": "main",
        "voltage": "25000"
      },
      "geometry": {
        "type": "LineString",
        "coordinates": [
          [
            30.056308,
            40.4714584
          ],
          [
            30.0563422,
            40.4715049
          ]
        ]
      },
      "id": "way/1473830821"
    },
    {
      "type": "Feature",
      "properties": {
        "@id": "way/1473830840",
        "electrified": "contact_line",
        "frequency": "50",
        "gauge": "1435",
        "highspeed": "yes",
        "maxspeed": "250",
        "name": "Ankara - İstanbul yüksek hızlı demiryolu",
        "name:en": "Ankara - İstanbul high-speed railway",
        "operator": "TCDD",
        "passenger_lines": "1",
        "railway": "rail",
        "railway:etcs": "1",
        "usage": "main",
        "voltage": "25000",
        "wikidata": "Q513146",
        "wikipedia": "en:Ankara–Istanbul high-speed railway"
      },
      "geometry": {
        "type": "LineString",
        "coordinates": [
          [
            30.1208303,
            40.4937863
          ],
          [
            30.1215009,
            40.4938431
          ],
          [
            30.1294357,
            40.4944898
          ],
          [
            30.1332866,
            40.4948242
          ],
          [
            30.1371959,
            40.4951027
          ],
          [
            30.1390895,
            40.4952087
          ],
          [
            30.1410261,
            40.4952862
          ],
          [
            30.1449716,
            40.4954168
          ],
          [
            30.1702123,
            40.4962756
          ],
          [
            30.1718893,
            40.4963698
          ],
          [
            30.1734055,
            40.496485
          ],
          [
            30.1746607,
            40.4965962
          ],
          [
            30.1761411,
            40.4967471
          ],
          [
            30.1811226,
            40.4973976
          ],
          [
            30.1917846,
            40.498818
          ],
          [
            30.1934605,
            40.4990321
          ]
        ]
      },
      "id": "way/1473830840"
    },
    {
      "type": "Feature",
      "properties": {
        "@id": "way/1473830841",
        "bridge": "yes",
        "electrified": "contact_line",
        "frequency": "50",
        "gauge": "1435",
        "highspeed": "yes",
        "layer": "1",
        "maxspeed": "250",
        "name": "Ankara - İstanbul yüksek hızlı demiryolu",
        "name:en": "Ankara - İstanbul high-speed railway",
        "operator": "TCDD",
        "passenger_lines": "1",
        "railway": "rail",
        "railway:etcs": "1",
        "usage": "main",
        "voltage": "25000",
        "wikidata": "Q513146",
        "wikipedia": "en:Ankara–Istanbul high-speed railway"
      },
      "geometry": {
        "type": "LineString",
        "coordinates": [
          [
            30.1207088,
            40.4937761
          ],
          [
            30.1208303,
            40.4937863
          ]
        ]
      },
      "id": "way/1473830841"
    },
    {
      "type": "Feature",
      "properties": {
        "@id": "way/1473830842",
        "electrified": "contact_line",
        "frequency": "50",
        "gauge": "1435",
        "highspeed": "yes",
        "maxspeed": "250",
        "name": "Ankara - İstanbul yüksek hızlı demiryolu",
        "name:en": "Ankara - İstanbul high-speed railway",
        "operator": "TCDD",
        "passenger_lines": "1",
        "railway": "rail",
        "railway:etcs": "1",
        "usage": "main",
        "voltage": "25000",
        "wikidata": "Q513146",
        "wikipedia": "en:Ankara–Istanbul high-speed railway"
      },
      "geometry": {
        "type": "LineString",
        "coordinates": [
          [
            30.1934363,
            40.4990829
          ],
          [
            30.1917828,
            40.4988759
          ],
          [
            30.1811103,
            40.4974371
          ],
          [
            30.1761338,
            40.4967897
          ],
          [
            30.174652,
            40.4966422
          ],
          [
            30.1734012,
            40.4965243
          ],
          [
            30.171883,
            40.4964172
          ],
          [
            30.1702052,
            40.4963229
          ],
          [
            30.1449662,
            40.4954586
          ],
          [
            30.1410314,
            40.495326
          ],
          [
            30.1390855,
            40.4952485
          ],
          [
            30.1371959,
            40.4951424
          ],
          [
            30.1332799,
            40.4948681
          ],
          [
            30.1294318,
            40.4945436
          ],
          [
            30.1215184,
            40.493889
          ],
          [
            30.1208439,
            40.4938319
          ]
        ]
      },
      "id": "way/1473830842"
    },
    {
      "type": "Feature",
      "properties": {
        "@id": "way/1473830843",
        "bridge": "yes",
        "electrified": "contact_line",
        "frequency": "50",
        "gauge": "1435",
        "highspeed": "yes",
        "layer": "1",
        "maxspeed": "250",
        "name": "Ankara - İstanbul yüksek hızlı demiryolu",
        "name:en": "Ankara - İstanbul high-speed railway",
        "operator": "TCDD",
        "passenger_lines": "1",
        "railway": "rail",
        "railway:etcs": "1",
        "usage": "main",
        "voltage": "25000",
        "wikidata": "Q513146",
        "wikipedia": "en:Ankara–Istanbul high-speed railway"
      },
      "geometry": {
        "type": "LineString",
        "coordinates": [
          [
            30.1208439,
            40.4938319
          ],
          [
            30.1207224,
            40.4938217
          ]
        ]
      },
      "id": "way/1473830843"
    },
    {
      "type": "Feature",
      "properties": {
        "@id": "way/1473830845",
        "electrified": "contact_line",
        "frequency": "50",
        "gauge": "1435",
        "highspeed": "yes",
        "maxspeed": "250",
        "name": "Ankara - İstanbul yüksek hızlı demiryolu",
        "name:en": "Ankara - İstanbul high-speed railway",
        "operator": "TCDD",
        "passenger_lines": "1",
        "railway": "rail",
        "railway:etcs": "1",
        "usage": "main",
        "voltage": "25000",
        "wikidata": "Q513146",
        "wikipedia": "en:Ankara–Istanbul high-speed railway"
      },
      "geometry": {
        "type": "LineString",
        "coordinates": [
          [
            30.1207224,
            40.4938217
          ],
          [
            30.1135567,
            40.4932154
          ],
          [
            30.1088864,
            40.4928257
          ]
        ]
      },
      "id": "way/1473830845"
    },
    {
      "type": "Feature",
      "properties": {
        "@id": "way/1473830846",
        "bridge": "yes",
        "electrified": "contact_line",
        "frequency": "50",
        "gauge": "1435",
        "highspeed": "yes",
        "layer": "1",
        "maxspeed": "250",
        "name": "Ankara - İstanbul yüksek hızlı demiryolu",
        "name:en": "Ankara - İstanbul high-speed railway",
        "operator": "TCDD",
        "passenger_lines": "1",
        "railway": "rail",
        "railway:etcs": "1",
        "usage": "main",
        "voltage": "25000",
        "wikidata": "Q513146",
        "wikipedia": "en:Ankara–Istanbul high-speed railway"
      },
      "geometry": {
        "type": "LineString",
        "coordinates": [
          [
            30.1088864,
            40.4928257
          ],
          [
            30.1087641,
            40.4928155
          ]
        ]
      },
      "id": "way/1473830846"
    },
    {
      "type": "Feature",
      "properties": {
        "@id": "way/1473830847",
        "electrified": "contact_line",
        "frequency": "50",
        "gauge": "1435",
        "highspeed": "yes",
        "maxspeed": "250",
        "name": "Ankara - İstanbul yüksek hızlı demiryolu",
        "name:en": "Ankara - İstanbul high-speed railway",
        "operator": "TCDD",
        "passenger_lines": "1",
        "railway": "rail",
        "railway:etcs": "1",
        "usage": "main",
        "voltage": "25000",
        "wikidata": "Q513146",
        "wikipedia": "en:Ankara–Istanbul high-speed railway"
      },
      "geometry": {
        "type": "LineString",
        "coordinates": [
          [
            30.1089153,
            40.4927828
          ],
          [
            30.1135708,
            40.4931719
          ],
          [
            30.1207088,
            40.4937761
          ]
        ]
      },
      "id": "way/1473830847"
    },
    {
      "type": "Feature",
      "properties": {
        "@id": "way/1473830848",
        "bridge": "yes",
        "electrified": "contact_line",
        "frequency": "50",
        "gauge": "1435",
        "highspeed": "yes",
        "layer": "1",
        "maxspeed": "250",
        "name": "Ankara - İstanbul yüksek hızlı demiryolu",
        "name:en": "Ankara - İstanbul high-speed railway",
        "operator": "TCDD",
        "passenger_lines": "1",
        "railway": "rail",
        "railway:etcs": "1",
        "usage": "main",
        "voltage": "25000",
        "wikidata": "Q513146",
        "wikipedia": "en:Ankara–Istanbul high-speed railway"
      },
      "geometry": {
        "type": "LineString",
        "coordinates": [
          [
            30.1087929,
            40.4927725
          ],
          [
            30.1089153,
            40.4927828
          ]
        ]
      },
      "id": "way/1473830848"
    },
    {
      "type": "Feature",
      "properties": {
        "@id": "way/1473919030",
        "electrified": "contact_line",
        "frequency": "50",
        "gauge": "1435",
        "maxspeed": "120",
        "name": "İstanbul - Ankara demiryolu",
        "operator": "TCDD",
        "railway": "rail",
        "railway:etcs": "yes",
        "usage": "main",
        "voltage": "25000"
      },
      "geometry": {
        "type": "LineString",
        "coordinates": [
          [
            30.328667,
            40.6150058
          ],
          [
            30.3289372,
            40.6148386
          ],
          [
            30.3291396,
            40.6147075
          ],
          [
            30.3293307,
            40.6145542
          ],
          [
            30.3295156,
            40.6143709
          ],
          [
            30.329705,
            40.6141184
          ],
          [
            30.3298673,
            40.6138985
          ],
          [
            30.330011,
            40.6136251
          ],
          [
            30.3300854,
            40.6134161
          ],
          [
            30.3301614,
            40.6131866
          ],
          [
            30.3301933,
            40.6129271
          ],
          [
            30.3305292,
            40.608537
          ],
          [
            30.3305099,
            40.6083104
          ],
          [
            30.3304511,
            40.6080434
          ],
          [
            30.3303921,
            40.6078028
          ],
          [
            30.3292452,
            40.6045692
          ],
          [
            30.3290953,
            40.6041136
          ],
          [
            30.3290006,
            40.6037651
          ],
          [
            30.3287313,
            40.6022876
          ],
          [
            30.3286828,
            40.6018465
          ],
          [
            30.3284616,
            40.6012396
          ]
        ]
      },
      "id": "way/1473919030"
    },
    {
      "type": "Feature",
      "properties": {
        "@id": "way/1473919031",
        "electrified": "contact_line",
        "frequency": "50",
        "gauge": "1435",
        "layer": "-1",
        "maxspeed": "120",
        "name": "İstanbul - Ankara demiryolu",
        "operator": "TCDD",
        "railway": "rail",
        "railway:etcs": "yes",
        "tunnel": "yes",
        "usage": "main",
        "voltage": "25000"
      },
      "geometry": {
        "type": "LineString",
        "coordinates": [
          [
            30.3284616,
            40.6012396
          ],
          [
            30.3280592,
            40.6006167
          ],
          [
            30.3276388,
            40.6002226
          ]
        ]
      },
      "id": "way/1473919031"
    },
    {
      "type": "Feature",
      "properties": {
        "@id": "way/1473919032",
        "electrified": "contact_line",
        "frequency": "50",
        "gauge": "1435",
        "maxspeed": "120",
        "name": "İstanbul - Ankara demiryolu",
        "operator": "TCDD",
        "railway": "rail",
        "railway:etcs": "yes",
        "usage": "main",
        "voltage": "25000"
      },
      "geometry": {
        "type": "LineString",
        "coordinates": [
          [
            30.3276388,
            40.6002226
          ],
          [
            30.3274186,
            40.6000268
          ]
        ]
      },
      "id": "way/1473919032"
    },
    {
      "type": "Feature",
      "properties": {
        "@id": "way/1473919033",
        "electrified": "contact_line",
        "frequency": "50",
        "gauge": "1435",
        "layer": "-1",
        "maxspeed": "120",
        "name": "İstanbul - Ankara demiryolu",
        "operator": "TCDD",
        "railway": "rail",
        "railway:etcs": "yes",
        "tunnel": "yes",
        "usage": "main",
        "voltage": "25000"
      },
      "geometry": {
        "type": "LineString",
        "coordinates": [
          [
            30.3274186,
            40.6000268
          ],
          [
            30.3272552,
            40.5998884
          ]
        ]
      },
      "id": "way/1473919033"
    },
    {
      "type": "Feature",
      "properties": {
        "@id": "way/1473919034",
        "electrified": "contact_line",
        "frequency": "50",
        "gauge": "1435",
        "maxspeed": "120",
        "name": "İstanbul - Ankara demiryolu",
        "operator": "TCDD",
        "railway": "rail",
        "railway:etcs": "yes",
        "usage": "main",
        "voltage": "25000"
      },
      "geometry": {
        "type": "LineString",
        "coordinates": [
          [
            30.3272552,
            40.5998884
          ],
          [
            30.3261552,
            40.5988951
          ],
          [
            30.325865,
            40.5986237
          ],
          [
            30.3255958,
            40.5983276
          ],
          [
            30.3253687,
            40.5980499
          ],
          [
            30.3251383,
            40.5977332
          ],
          [
            30.3248787,
            40.5971888
          ],
          [
            30.324683,
            40.5964579
          ],
          [
            30.3246375,
            40.5960405
          ]
        ]
      },
      "id": "way/1473919034"
    },
    {
      "type": "Feature",
      "properties": {
        "@id": "way/1473919035",
        "electrified": "contact_line",
        "frequency": "50",
        "gauge": "1435",
        "layer": "-1",
        "maxspeed": "120",
        "name": "İstanbul - Ankara demiryolu",
        "operator": "TCDD",
        "railway": "rail",
        "railway:etcs": "yes",
        "tunnel": "yes",
        "usage": "main",
        "voltage": "25000"
      },
      "geometry": {
        "type": "LineString",
        "coordinates": [
          [
            30.3246375,
            40.5960405
          ],
          [
            30.3246314,
            40.5958557
          ]
        ]
      },
      "id": "way/1473919035"
    },
    {
      "type": "Feature",
      "properties": {
        "@id": "way/1473919036",
        "electrified": "contact_line",
        "frequency": "50",
        "gauge": "1435",
        "maxspeed": "120",
        "name": "İstanbul - Ankara demiryolu",
        "operator": "TCDD",
        "railway": "rail",
        "railway:etcs": "yes",
        "usage": "main",
        "voltage": "25000"
      },
      "geometry": {
        "type": "LineString",
        "coordinates": [
          [
            30.326935,
            40.5894949
          ],
          [
            30.3282587,
            40.5891955
          ],
          [
            30.3285908,
            40.5890836
          ],
          [
            30.3288966,
            40.5889486
          ],
          [
            30.3293101,
            40.588737
          ],
          [
            30.329697,
            40.5884596
          ],
          [
            30.3310502,
            40.5871082
          ]
        ]
      },
      "id": "way/1473919036"
    },
    {
      "type": "Feature",
      "properties": {
        "@id": "way/1473919037",
        "electrified": "contact_line",
        "frequency": "50",
        "gauge": "1435",
        "layer": "-1",
        "maxspeed": "120",
        "name": "İstanbul - Ankara demiryolu",
        "operator": "TCDD",
        "railway": "rail",
        "railway:etcs": "yes",
        "tunnel": "yes",
        "usage": "main",
        "voltage": "25000"
      },
      "geometry": {
        "type": "LineString",
        "coordinates": [
          [
            30.3261619,
            40.589724
          ],
          [
            30.3263935,
            40.589637
          ],
          [
            30.326935,
            40.5894949
          ]
        ]
      },
      "id": "way/1473919037"
    },
    {
      "type": "Feature",
      "properties": {
        "@id": "way/1473919038",
        "electrified": "contact_line",
        "frequency": "50",
        "gauge": "1435",
        "highspeed": "yes",
        "maxspeed": "250",
        "name": "Ankara – İstanbul yüksek hızlı demiryolu",
        "name:en": "Ankara – İstanbul high-speed railway",
        "operator": "TCDD",
        "passenger_lines": "2",
        "railway": "rail",
        "railway:etcs": "1",
        "railway:preferred_direction": "backward",
        "usage": "main",
        "voltage": "25000",
        "wikidata": "Q513146",
        "wikipedia": "en:Ankara–Istanbul high-speed railway"
      },
      "geometry": {
        "type": "LineString",
        "coordinates": [
          [
            30.3314315,
            40.6162488
          ],
          [
            30.3311853,
            40.6166761
          ]
        ]
      },
      "id": "way/1473919038"
    },
    {
      "type": "Feature",
      "properties": {
        "@id": "way/1474158387",
        "electrified": "contact_line",
        "frequency": "50",
        "gauge": "1435",
        "maxspeed": "160",
        "name": "İstanbul - Ankara demiryolu",
        "name:en": "İstanbul - Ankara railway",
        "operator": "TCDD",
        "passenger_lines": "1",
        "railway": "rail",
        "source": "bing",
        "usage": "main",
        "voltage": "25000",
        "wikidata": "Q15103266",
        "wikipedia": "en:Istanbul–Ankara railway"
      },
      "geometry": {
        "type": "LineString",
        "coordinates": [
          [
            30.0736239,
            40.7179078
          ],
          [
            30.0737882,
            40.7177212
          ],
          [
            30.0738988,
            40.7175954
          ],
          [
            30.0754618,
            40.7158197
          ],
          [
            30.0757972,
            40.715483
          ],
          [
            30.076033,
            40.7152744
          ],
          [
            30.0762735,
            40.7150892
          ],
          [
            30.0766075,
            40.7148361
          ],
          [
            30.0769186,
            40.7146186
          ],
          [
            30.0772847,
            40.7143736
          ],
          [
            30.0777219,
            40.7141205
          ],
          [
            30.0781457,
            40.713904
          ],
          [
            30.0786875,
            40.7136519
          ],
          [
            30.0791582,
            40.7134628
          ],
          [
            30.0798207,
            40.7132402
          ],
          [
            30.0804967,
            40.7130735
          ],
          [
            30.0810465,
            40.7129576
          ],
          [
            30.0816339,
            40.71286
          ],
          [
            30.0823447,
            40.7127827
          ],
          [
            30.0831038,
            40.7127523
          ],
          [
            30.0838575,
            40.7127584
          ],
          [
            30.0849062,
            40.7128437
          ],
          [
            30.0858316,
            40.7129524
          ]
        ]
      },
      "id": "way/1474158387"
    },
    {
      "type": "Feature",
      "properties": {
        "@id": "way/1474158388",
        "bridge": "yes",
        "electrified": "contact_line",
        "frequency": "50",
        "gauge": "1435",
        "layer": "1",
        "maxspeed": "160",
        "name": "İstanbul - Ankara demiryolu",
        "name:en": "İstanbul - Ankara railway",
        "operator": "TCDD",
        "passenger_lines": "1",
        "railway": "rail",
        "source": "bing",
        "usage": "main",
        "voltage": "25000",
        "wikidata": "Q15103266",
        "wikipedia": "en:Istanbul–Ankara railway"
      },
      "geometry": {
        "type": "LineString",
        "coordinates": [
          [
            30.0858316,
            40.7129524
          ],
          [
            30.0861217,
            40.7129914
          ]
        ]
      },
      "id": "way/1474158388"
    },
    {
      "type": "Feature",
      "properties": {
        "@id": "way/1474158389",
        "electrified": "contact_line",
        "frequency": "50",
        "gauge": "1435",
        "maxspeed": "160",
        "name": "İstanbul - Ankara demiryolu",
        "name:en": "İstanbul - Ankara railway",
        "operator": "TCDD",
        "passenger_lines": "1",
        "railway": "rail",
        "source": "bing",
        "usage": "main",
        "voltage": "25000",
        "wikidata": "Q15103266",
        "wikipedia": "en:Istanbul–Ankara railway"
      },
      "geometry": {
        "type": "LineString",
        "coordinates": [
          [
            30.0857454,
            40.7129824
          ],
          [
            30.0848993,
            40.7128838
          ],
          [
            30.0838543,
            40.7127988
          ],
          [
            30.0831049,
            40.7127927
          ],
          [
            30.0823499,
            40.712823
          ],
          [
            30.0816434,
            40.7128998
          ],
          [
            30.0810594,
            40.7129968
          ],
          [
            30.0805121,
            40.7131122
          ],
          [
            30.0798399,
            40.713278
          ],
          [
            30.0791816,
            40.7134992
          ],
          [
            30.078714,
            40.713687
          ],
          [
            30.0781746,
            40.713938
          ],
          [
            30.077753,
            40.7141534
          ],
          [
            30.0773186,
            40.7144049
          ],
          [
            30.0769543,
            40.7146486
          ],
          [
            30.0766444,
            40.7148653
          ],
          [
            30.0763127,
            40.7151167
          ],
          [
            30.0760707,
            40.7153304
          ],
          [
            30.0758361,
            40.7155239
          ],
          [
            30.0755021,
            40.7158387
          ],
          [
            30.0741673,
            40.7173571
          ],
          [
            30.0736659,
            40.7179275
          ]
        ]
      },
      "id": "way/1474158389"
    },
    {
      "type": "Feature",
      "properties": {
        "@id": "way/1474158390",
        "bridge": "yes",
        "electrified": "contact_line",
        "frequency": "50",
        "gauge": "1435",
        "layer": "1",
        "maxspeed": "160",
        "name": "İstanbul - Ankara demiryolu",
        "name:en": "İstanbul - Ankara railway",
        "operator": "TCDD",
        "passenger_lines": "1",
        "railway": "rail",
        "source": "bing",
        "usage": "main",
        "voltage": "25000",
        "wikidata": "Q15103266",
        "wikipedia": "en:Istanbul–Ankara railway"
      },
      "geometry": {
        "type": "LineString",
        "coordinates": [
          [
            30.0860437,
            40.7130187
          ],
          [
            30.0857454,
            40.7129824
          ]
        ]
      },
      "id": "way/1474158390"
    },
    {
      "type": "Feature",
      "properties": {
        "@id": "way/1474375647",
        "electrified": "contact_line",
        "frequency": "50",
        "gauge": "1435",
        "maxspeed": "85",
        "name": "Arifiye - Adapazarı şube demiryolu",
        "operator": "TCDD",
        "railway": "rail",
        "source": "bing",
        "usage": "branch",
        "voltage": "25000"
      },
      "geometry": {
        "type": "LineString",
        "coordinates": [
          [
            30.3775105,
            40.7560611
          ],
          [
            30.3781084,
            40.7567639
          ]
        ]
      },
      "id": "way/1474375647"
    }
  ]
}