{
  "type": "FeatureCollection",
  "generator": "overpass-turbo",
  "copyright": "The data included in this document is from www.openstreetmap.org. The data is made available under ODbL.",
  "timestamp": "2026-05-28T18:32:53Z",
  "features": [
    {
      "type": "Feature",
      "properties": {
        "@id": "way/45891365",
        "axle_load": "22.5",
        "electrified": "contact_line",
        "frequency": "50",
        "gauge": "1435",
        "maxspeed": "120",
        "name": "Alayunt-Balıkesir demiryolu",
        "operator": "TCDD",
        "railway": "rail",
        "railway:etcs": "2",
        "source": "GPS",
        "usage": "main",
        "voltage": "25000"
      },
      "geometry": {
        "type": "LineString",
        "coordinates": [
          [
            29.9990565,
            39.424814
          ],
          [
            29.9988202,
            39.4252341
          ],
          [
            29.9984735,
            39.4256218
          ],
          [
            29.9979249,
            39.4260561
          ],
          [
            29.9971416,
            39.4265398
          ],
          [
            29.9926838,
            39.4287391
          ],
          [
            29.9839801,
            39.4330566
          ],
          [
            29.9833269,
            39.433299
          ]
        ]
      },
      "id": "way/45891365"
    },
    {
      "type": "Feature",
      "properties": {
        "@id": "way/77679294",
        "axle_load": "22.5",
        "electrified": "contact_line",
        "frequency": "50",
        "gauge": "1435",
        "maxspeed": "120",
        "name": "Eskişehir-Konya demiryolu",
        "operator": "TCDD",
        "railway": "rail",
        "railway:etcs": "2",
        "source": "GPS",
        "usage": "main",
        "voltage": "25000"
      },
      "geometry": {
        "type": "LineString",
        "coordinates": [
          [
            30.2343513,
            39.579104
          ],
          [
            30.2339313,
            39.579078
          ],
          [
            30.2335291,
            39.5790907
          ],
          [
            30.2330326,
            39.5791701
          ],
          [
            30.2326351,
            39.5792905
          ],
          [
            30.2321692,
            39.5794531
          ],
          [
            30.2317678,
            39.5796461
          ],
          [
            30.2277356,
            39.5816072
          ],
          [
            30.2262228,
            39.5821833
          ],
          [
            30.2248066,
            39.582481
          ],
          [
            30.2234762,
            39.5826794
          ],
          [
            30.2221029,
            39.5827125
          ],
          [
            30.2206914,
            39.5826479
          ],
          [
            30.2078041,
            39.5810443
          ],
          [
            30.206868,
            39.5808602
          ],
          [
            30.2055376,
            39.5804964
          ],
          [
            30.204336,
            39.5800664
          ],
          [
            30.2032202,
            39.5795041
          ],
          [
            30.2020432,
            39.5788522
          ],
          [
            30.1963,
            39.5739662
          ],
          [
            30.1956751,
            39.5732428
          ],
          [
            30.1951203,
            39.5724704
          ],
          [
            30.1946435,
            39.5715418
          ],
          [
            30.1939956,
            39.57007
          ],
          [
            30.1895629,
            39.5600084
          ],
          [
            30.1894887,
            39.5598374
          ],
          [
            30.1888264,
            39.558312
          ],
          [
            30.1884401,
            39.5573194
          ],
          [
            30.1881397,
            39.5563135
          ],
          [
            30.1876941,
            39.5546066
          ],
          [
            30.1870239,
            39.5512973
          ],
          [
            30.1867235,
            39.5502384
          ],
          [
            30.1863544,
            39.5493515
          ],
          [
            30.1860111,
            39.5486897
          ],
          [
            30.1802348,
            39.5392248
          ],
          [
            30.1769388,
            39.5338235
          ],
          [
            30.1764839,
            39.5329828
          ],
          [
            30.1761406,
            39.5322083
          ],
          [
            30.1758488,
            39.5313278
          ],
          [
            30.1722439,
            39.5193249
          ],
          [
            30.1721065,
            39.5189276
          ],
          [
            30.1717461,
            39.5183714
          ],
          [
            30.1713598,
            39.5178881
          ],
          [
            30.1708706,
            39.5174577
          ],
          [
            30.1703041,
            39.5170472
          ],
          [
            30.1654117,
            39.5139616
          ],
          [
            30.1646049,
            39.5134054
          ],
          [
            30.1639784,
            39.5128757
          ],
          [
            30.1633812,
            39.5121792
          ],
          [
            30.1630342,
            39.5116837
          ],
          [
            30.162751,
            39.5110348
          ],
          [
            30.1626051,
            39.510505
          ],
          [
            30.1594296,
            39.4961807
          ],
          [
            30.1589883,
            39.4941669
          ],
          [
            30.1575589,
            39.4876183
          ],
          [
            30.1571976,
            39.4865211
          ],
          [
            30.1568287,
            39.4858672
          ],
          [
            30.1556767,
            39.4842548
          ],
          [
            30.1549734,
            39.4832703
          ],
          [
            30.1517647,
            39.4787789
          ],
          [
            30.1512497,
            39.4779176
          ],
          [
            30.1484173,
            39.4724849
          ],
          [
            30.1477735,
            39.471458
          ],
          [
            30.1472586,
            39.4707954
          ],
          [
            30.1464861,
            39.4701328
          ],
          [
            30.1435249,
            39.4684101
          ],
          [
            30.1426237,
            39.4680125
          ],
          [
            30.1415937,
            39.4677806
          ],
          [
            30.1347702,
            39.466356
          ],
          [
            30.133869,
            39.466091
          ],
          [
            30.1331823,
            39.4657265
          ],
          [
            30.1327103,
            39.465329
          ],
          [
            30.129792,
            39.4625128
          ],
          [
            30.129277,
            39.4617839
          ],
          [
            30.1289337,
            39.4610549
          ],
          [
            30.1286762,
            39.4600609
          ],
          [
            30.1285904,
            39.459332
          ],
          [
            30.128762,
            39.458603
          ],
          [
            30.1291054,
            39.4580066
          ],
          [
            30.1296633,
            39.4575096
          ],
          [
            30.1314657,
            39.4564824
          ],
          [
            30.132324,
            39.4558197
          ],
          [
            30.1327961,
            39.4552233
          ],
          [
            30.1331823,
            39.4543949
          ],
          [
            30.133354,
            39.4537321
          ],
          [
            30.133354,
            39.4530694
          ],
          [
            30.1330107,
            39.4524398
          ],
          [
            30.1317661,
            39.4507498
          ],
          [
            30.1315086,
            39.4502196
          ],
          [
            30.131294,
            39.4492254
          ],
          [
            30.1311224,
            39.4485626
          ],
          [
            30.1307361,
            39.4479661
          ],
          [
            30.1293629,
            39.4461103
          ],
          [
            30.1291054,
            39.4455138
          ],
          [
            30.1290195,
            39.444851
          ],
          [
            30.1291912,
            39.4442544
          ],
          [
            30.1296203,
            39.4433928
          ],
          [
            30.1309936,
            39.4413711
          ],
          [
            30.1314228,
            39.4406751
          ],
          [
            30.1317232,
            39.4400454
          ],
          [
            30.131809,
            39.4394488
          ],
          [
            30.1317232,
            39.4388854
          ],
          [
            30.1314228,
            39.4382888
          ],
          [
            30.1306503,
            39.4372945
          ],
          [
            30.1300924,
            39.4365984
          ],
          [
            30.1298349,
            39.4359024
          ],
          [
            30.129792,
            39.4353058
          ],
          [
            30.1299637,
            39.4347092
          ],
          [
            30.1301782,
            39.4342783
          ],
          [
            30.1309507,
            39.4328198
          ],
          [
            30.1314657,
            39.4315271
          ],
          [
            30.1317661,
            39.4303669
          ],
          [
            30.1319378,
            39.4293394
          ],
          [
            30.131989,
            39.4279691
          ],
          [
            30.1320236,
            39.4249968
          ],
          [
            30.1319378,
            39.4237702
          ],
          [
            30.1316803,
            39.4225437
          ],
          [
            30.131294,
            39.4213833
          ],
          [
            30.1309078,
            39.4204882
          ],
          [
            30.1275175,
            39.4144211
          ],
          [
            30.1269167,
            39.413559
          ],
          [
            30.1261442,
            39.4127301
          ],
          [
            30.125243,
            39.4119676
          ],
          [
            30.1242559,
            39.4112713
          ],
          [
            30.123183,
            39.4106744
          ],
          [
            30.1163166,
            39.4078892
          ],
          [
            30.1152437,
            39.4073918
          ],
          [
            30.1143425,
            39.4068281
          ],
          [
            30.1136988,
            39.4061981
          ],
          [
            30.1131409,
            39.4054023
          ],
          [
            30.1124008,
            39.4042606
          ],
          [
            30.1121592,
            39.4038893
          ],
          [
            30.1117015,
            39.4031521
          ],
          [
            30.1108856,
            39.4021253
          ],
          [
            30.1104912,
            39.4016357
          ]
        ]
      },
      "id": "way/77679294"
    },
    {
      "type": "Feature",
      "properties": {
        "@id": "way/82369170",
        "axle_load": "22.5",
        "electrified": "contact_line",
        "frequency": "50",
        "gauge": "1435",
        "maxspeed": "120",
        "name": "Eskişehir-Konya demiryolu",
        "operator": "TCDD",
        "railway": "rail",
        "railway:etcs": "2",
        "usage": "main",
        "voltage": "25000"
      },
      "geometry": {
        "type": "LineString",
        "coordinates": [
          [
            30.4245187,
            39.7135989
          ],
          [
            30.4239915,
            39.7138251
          ],
          [
            30.4237349,
            39.713925
          ],
          [
            30.4234011,
            39.7140293
          ],
          [
            30.4230414,
            39.714128
          ],
          [
            30.4227047,
            39.7141887
          ],
          [
            30.4223732,
            39.7142213
          ],
          [
            30.4220563,
            39.7142459
          ],
          [
            30.4218996,
            39.7142395
          ],
          [
            30.4215296,
            39.714224
          ],
          [
            30.421067,
            39.7141471
          ],
          [
            30.4205854,
            39.7140381
          ],
          [
            30.4202688,
            39.7139292
          ],
          [
            30.4144557,
            39.7111992
          ],
          [
            30.4141219,
            39.7110047
          ],
          [
            30.4138997,
            39.7108356
          ],
          [
            30.4135018,
            39.7105094
          ],
          [
            30.4133006,
            39.7103036
          ],
          [
            30.4131358,
            39.7100611
          ],
          [
            30.4129417,
            39.7097813
          ],
          [
            30.4128307,
            39.7095423
          ],
          [
            30.4127394,
            39.7092597
          ],
          [
            30.412683,
            39.7090036
          ],
          [
            30.4126508,
            39.7086486
          ],
          [
            30.4126492,
            39.7083557
          ],
          [
            30.4126986,
            39.7080419
          ],
          [
            30.4127691,
            39.7077531
          ],
          [
            30.412916,
            39.7074173
          ],
          [
            30.4130925,
            39.7071087
          ],
          [
            30.4133025,
            39.7068418
          ],
          [
            30.4135483,
            39.7065802
          ],
          [
            30.4138411,
            39.7063255
          ],
          [
            30.4141483,
            39.7060634
          ],
          [
            30.4144782,
            39.7058063
          ],
          [
            30.4148716,
            39.7055339
          ],
          [
            30.4151694,
            39.7053115
          ],
          [
            30.4204572,
            39.7015458
          ],
          [
            30.4208694,
            39.7012622
          ],
          [
            30.421597,
            39.7008123
          ],
          [
            30.4220683,
            39.7005454
          ],
          [
            30.4225238,
            39.7003034
          ],
          [
            30.4233587,
            39.6997984
          ],
          [
            30.4240386,
            39.6991579
          ],
          [
            30.4284656,
            39.6940066
          ],
          [
            30.4289978,
            39.6932141
          ],
          [
            30.4294784,
            39.6922895
          ],
          [
            30.429796,
            39.6912327
          ],
          [
            30.4299419,
            39.6904402
          ],
          [
            30.4299419,
            39.6897136
          ],
          [
            30.4297531,
            39.6889013
          ],
          [
            30.4293669,
            39.6880426
          ],
          [
            30.428766,
            39.6870056
          ],
          [
            30.428397,
            39.6864112
          ],
          [
            30.4279507,
            39.685929
          ],
          [
            30.4274357,
            39.6854864
          ],
          [
            30.4267919,
            39.6851364
          ],
          [
            30.4259937,
            39.6848391
          ],
          [
            30.4223717,
            39.6838814
          ],
          [
            30.4216678,
            39.6835709
          ],
          [
            30.4210842,
            39.6831085
          ],
          [
            30.4207237,
            39.6826462
          ],
          [
            30.4204405,
            39.6820649
          ],
          [
            30.4203546,
            39.6813713
          ],
          [
            30.4204405,
            39.6807438
          ],
          [
            30.42117,
            39.6783657
          ],
          [
            30.4212387,
            39.6777711
          ],
          [
            30.4212387,
            39.6770313
          ],
          [
            30.421067,
            39.6764169
          ],
          [
            30.4207838,
            39.6758025
          ],
          [
            30.4203117,
            39.6751419
          ],
          [
            30.4197109,
            39.6745209
          ],
          [
            30.4190243,
            39.6740057
          ],
          [
            30.4182518,
            39.6736225
          ],
          [
            30.4175222,
            39.6733979
          ],
          [
            30.4104841,
            39.6720105
          ],
          [
            30.4094971,
            39.6717066
          ],
          [
            30.4086216,
            39.671297
          ],
          [
            30.4078834,
            39.6707553
          ],
          [
            30.4071968,
            39.6700748
          ],
          [
            30.4067333,
            39.6693481
          ],
          [
            30.4064162,
            39.6685932
          ],
          [
            30.4063114,
            39.6677955
          ],
          [
            30.4059651,
            39.6637949
          ],
          [
            30.40597,
            39.6629954
          ],
          [
            30.4060018,
            39.6621122
          ],
          [
            30.4062906,
            39.6607375
          ],
          [
            30.4064255,
            39.6598289
          ],
          [
            30.4064053,
            39.6592083
          ],
          [
            30.4062833,
            39.6585938
          ],
          [
            30.4059849,
            39.6576872
          ]
        ]
      },
      "id": "way/82369170"
    },
    {
      "type": "Feature",
      "properties": {
        "@id": "way/82369175",
        "axle_load": "22.5",
        "electrified": "contact_line",
        "frequency": "50",
        "gauge": "1435",
        "maxspeed": "120",
        "name": "Eskişehir-Konya demiryolu",
        "operator": "TCDD",
        "railway": "rail",
        "railway:etcs": "2",
        "usage": "main",
        "voltage": "25000"
      },
      "geometry": {
        "type": "LineString",
        "coordinates": [
          [
            30.4058776,
            39.657411
          ],
          [
            30.4044476,
            39.6530693
          ],
          [
            30.4041084,
            39.6524764
          ],
          [
            30.4035742,
            39.6518113
          ],
          [
            30.4029166,
            39.6513093
          ],
          [
            30.4021843,
            39.6508622
          ],
          [
            30.4013002,
            39.6505119
          ],
          [
            30.4005681,
            39.6503248
          ],
          [
            30.3997124,
            39.6502208
          ],
          [
            30.3988421,
            39.6501652
          ],
          [
            30.397944,
            39.6501759
          ],
          [
            30.3972425,
            39.6502526
          ],
          [
            30.3963478,
            39.65047
          ],
          [
            30.3959762,
            39.6506424
          ],
          [
            30.3954844,
            39.6509277
          ],
          [
            30.394923,
            39.6513093
          ],
          [
            30.3938759,
            39.6521354
          ],
          [
            30.3932751,
            39.6525847
          ],
          [
            30.3926914,
            39.6529284
          ],
          [
            30.3921421,
            39.6531927
          ],
          [
            30.3919113,
            39.6532735
          ],
          [
            30.3913576,
            39.6534114
          ],
          [
            30.3908702,
            39.65346
          ],
          [
            30.390474,
            39.653491
          ],
          [
            30.3841042,
            39.6539897
          ],
          [
            30.3832392,
            39.6540534
          ],
          [
            30.3824718,
            39.6540658
          ],
          [
            30.3816805,
            39.6539942
          ],
          [
            30.3808395,
            39.6538671
          ],
          [
            30.3777171,
            39.6533045
          ],
          [
            30.3753364,
            39.6528755
          ],
          [
            30.374152,
            39.6526112
          ],
          [
            30.3731048,
            39.6522675
          ],
          [
            30.372032,
            39.6518182
          ],
          [
            30.3709419,
            39.6512432
          ],
          [
            30.3700149,
            39.6506286
          ],
          [
            30.3672812,
            39.6486362
          ]
        ]
      },
      "id": "way/82369175"
    },
    {
      "type": "Feature",
      "properties": {
        "@id": "way/82369192",
        "axle_load": "22.5",
        "bridge": "yes",
        "electrified": "contact_line",
        "frequency": "50",
        "gauge": "1435",
        "layer": "1",
        "maxspeed": "120",
        "operator": "TCDD",
        "railway": "rail",
        "railway:etcs": "2",
        "usage": "main",
        "voltage": "25000"
      },
      "geometry": {
        "type": "LineString",
        "coordinates": [
          [
            30.4461845,
            39.7422529
          ],
          [
            30.4458248,
            39.7421827
          ]
        ]
      },
      "id": "way/82369192"
    },
    {
      "type": "Feature",
      "properties": {
        "@id": "way/82369194",
        "axle_load": "22.5",
        "bridge": "yes",
        "electrified": "contact_line",
        "frequency": "50",
        "gauge": "1435",
        "layer": "1",
        "maxspeed": "120",
        "name": "Eskişehir-Konya demiryolu",
        "operator": "TCDD",
        "railway": "rail",
        "railway:etcs": "2",
        "source": "bing",
        "usage": "main",
        "voltage": "25000"
      },
      "geometry": {
        "type": "LineString",
        "coordinates": [
          [
            30.4059849,
            39.6576872
          ],
          [
            30.4058776,
            39.657411
          ]
        ]
      },
      "id": "way/82369194"
    },
    {
      "type": "Feature",
      "properties": {
        "@id": "way/82369196",
        "axle_load": "22.5",
        "bridge": "yes",
        "electrified": "contact_line",
        "frequency": "50",
        "gauge": "1435",
        "layer": "1",
        "maxspeed": "120",
        "name": "Eskişehir-Konya demiryolu",
        "operator": "TCDD",
        "railway": "rail",
        "railway:etcs": "2",
        "source": "bing",
        "usage": "main",
        "voltage": "25000"
      },
      "geometry": {
        "type": "LineString",
        "coordinates": [
          [
            30.3672812,
            39.6486362
          ],
          [
            30.3669491,
            39.6483968
          ]
        ]
      },
      "id": "way/82369196"
    },
    {
      "type": "Feature",
      "properties": {
        "@id": "way/84057010",
        "electrified": "contact_line",
        "frequency": "50",
        "gauge": "1435",
        "highspeed": "yes",
        "maxspeed": "250",
        "name": "Ankara - İstanbul yüksek hızlı demiryolu",
        "name:en": "Ankara - İstanbul high-speed railway",
        "operator": "TCDD",
        "passenger_lines": "1",
        "railway": "rail",
        "railway:bidirectional": "possible",
        "railway:etcs": "1",
        "railway:preferred_direction": "forward",
        "usage": "main",
        "voltage": "25000",
        "wikidata": "Q513146",
        "wikipedia": "en:Ankara–Istanbul high-speed railway"
      },
      "geometry": {
        "type": "LineString",
        "coordinates": [
          [
            30.5266041,
            39.783115
          ],
          [
            30.5345271,
            39.7844696
          ],
          [
            30.5369733,
            39.7848756
          ],
          [
            30.5392291,
            39.7852095
          ],
          [
            30.5406466,
            39.785396
          ],
          [
            30.5430152,
            39.7856641
          ],
          [
            30.5453338,
            39.7859273
          ],
          [
            30.5517916,
            39.7866573
          ],
          [
            30.5523631,
            39.786728
          ],
          [
            30.55284,
            39.786787
          ],
          [
            30.5635693,
            39.7880197
          ],
          [
            30.6030834,
            39.7924615
          ],
          [
            30.6277903,
            39.7951774
          ],
          [
            30.6516393,
            39.797704
          ]
        ]
      },
      "id": "way/84057010"
    },
    {
      "type": "Feature",
      "properties": {
        "@id": "way/87428342",
        "axle_load": "22.5",
        "electrified": "contact_line",
        "frequency": "50",
        "gauge": "1435",
        "name": "Alayunt-Balıkesir demiryolu",
        "operator": "TCDD",
        "railway": "rail",
        "railway:etcs": "2",
        "source": "GPS",
        "usage": "main",
        "voltage": "25000"
      },
      "geometry": {
        "type": "LineString",
        "coordinates": [
          [
            30.0074237,
            39.4156156
          ],
          [
            30.0080386,
            39.415518
          ],
          [
            30.0097664,
            39.4152433
          ],
          [
            30.0127374,
            39.4147553
          ],
          [
            30.0156696,
            39.4142665
          ],
          [
            30.0165233,
            39.4141088
          ],
          [
            30.0173992,
            39.4139075
          ],
          [
            30.0211773,
            39.4129857
          ],
          [
            30.0299339,
            39.4108624
          ],
          [
            30.0428438,
            39.4077344
          ],
          [
            30.0468903,
            39.4067465
          ],
          [
            30.0477415,
            39.4065303
          ],
          [
            30.0484649,
            39.4062867
          ],
          [
            30.0498608,
            39.4057048
          ],
          [
            30.0554064,
            39.4027924
          ],
          [
            30.0562066,
            39.4024433
          ],
          [
            30.0568832,
            39.402187
          ],
          [
            30.0577408,
            39.401921
          ],
          [
            30.0585547,
            39.4017297
          ],
          [
            30.0591584,
            39.4016319
          ],
          [
            30.059848,
            39.401526
          ],
          [
            30.0615069,
            39.4013834
          ],
          [
            30.0695388,
            39.4007037
          ],
          [
            30.0705002,
            39.4006139
          ],
          [
            30.0710043,
            39.4005697
          ],
          [
            30.0714764,
            39.4005085
          ],
          [
            30.0718948,
            39.4004412
          ],
          [
            30.0724177,
            39.4003495
          ],
          [
            30.0731716,
            39.4001624
          ],
          [
            30.0737434,
            39.399997
          ],
          [
            30.0743571,
            39.3997904
          ],
          [
            30.0748532,
            39.399591
          ],
          [
            30.0760609,
            39.3990171
          ],
          [
            30.0874637,
            39.3932747
          ],
          [
            30.0899971,
            39.3920176
          ],
          [
            30.090453,
            39.391831
          ],
          [
            30.0909492,
            39.39169
          ],
          [
            30.0914682,
            39.3915957
          ],
          [
            30.0918652,
            39.3915439
          ],
          [
            30.0940226,
            39.3914573
          ]
        ]
      },
      "id": "way/87428342"
    },
    {
      "type": "Feature",
      "properties": {
        "@id": "way/87428422",
        "axle_load": "22.5",
        "electrified": "contact_line",
        "frequency": "50",
        "gauge": "1435",
        "maxspeed": "95",
        "operator": "TCDD",
        "passenger_lines": "1",
        "railway": "rail",
        "railway:etcs": "2",
        "source": "bing",
        "usage": "main",
        "voltage": "25000"
      },
      "geometry": {
        "type": "LineString",
        "coordinates": [
          [
            29.9990539,
            39.4253126
          ],
          [
            29.9990582,
            39.4254813
          ],
          [
            29.9990865,
            39.4257057
          ],
          [
            29.9991277,
            39.4259227
          ],
          [
            29.999194,
            39.4261756
          ],
          [
            29.9993794,
            39.4265912
          ],
          [
            29.9995672,
            39.4268241
          ],
          [
            29.999859,
            39.4271138
          ],
          [
            30.0000889,
            39.4273027
          ],
          [
            30.0002998,
            39.4274826
          ],
          [
            30.0008676,
            39.4277694
          ],
          [
            30.0011635,
            39.4278814
          ],
          [
            30.0015833,
            39.4279832
          ],
          [
            30.002125,
            39.4280426
          ],
          [
            30.0025428,
            39.4280453
          ]
        ]
      },
      "id": "way/87428422"
    },
    {
      "type": "Feature",
      "properties": {
        "@id": "way/89134814",
        "axle_load": "22.5",
        "electrified": "contact_line",
        "frequency": "50",
        "gauge": "1435",
        "name": "Manisa-Bandırma demiryolu",
        "operator": "TCDD",
        "railway": "rail",
        "railway:etcs": "2",
        "usage": "main",
        "voltage": "25000"
      },
      "geometry": {
        "type": "LineString",
        "coordinates": [
          [
            27.8926603,
            39.6491664
          ],
          [
            27.8923668,
            39.6490198
          ],
          [
            27.8904731,
            39.6480003
          ],
          [
            27.8885066,
            39.6469433
          ]
        ]
      },
      "id": "way/89134814"
    },
    {
      "type": "Feature",
      "properties": {
        "@id": "way/89134819",
        "bridge": "yes",
        "electrified": "contact_line",
        "frequency": "50",
        "gauge": "1435",
        "layer": "1",
        "maxspeed": "90",
        "name": "Alayunt-Balıkesir demiryolu",
        "operator": "TCDD",
        "passenger_lines": "1",
        "railway": "rail",
        "railway:etcs": "yes",
        "source": "bing",
        "usage": "main",
        "voltage": "25000"
      },
      "geometry": {
        "type": "LineString",
        "coordinates": [
          [
            27.8977326,
            39.6506876
          ],
          [
            27.8977245,
            39.6504073
          ]
        ]
      },
      "id": "way/89134819"
    },
    {
      "type": "Feature",
      "properties": {
        "@id": "way/89134820",
        "axle_load": "22.5",
        "electrified": "contact_line",
        "frequency": "50",
        "gauge": "1435",
        "name": "Manisa-Bandırma demiryolu",
        "operator": "TCDD",
        "railway": "rail",
        "railway:etcs": "no",
        "source": "bing",
        "usage": "main",
        "voltage": "25000"
      },
      "geometry": {
        "type": "LineString",
        "coordinates": [
          [
            27.9003927,
            39.653333
          ],
          [
            27.899036,
            39.6526131
          ],
          [
            27.8948519,
            39.6503757
          ]
        ]
      },
      "id": "way/89134820"
    },
    {
      "type": "Feature",
      "properties": {
        "@id": "way/89134830",
        "axle_load": "22.5",
        "electrified": "contact_line",
        "frequency": "50",
        "gauge": "1435",
        "name": "Manisa-Bandırma demiryolu",
        "operator": "TCDD",
        "railway": "rail",
        "railway:etcs": "no",
        "usage": "main",
        "voltage": "25000"
      },
      "geometry": {
        "type": "LineString",
        "coordinates": [
          [
            27.9628593,
            39.6789604
          ],
          [
            27.9546837,
            39.6769528
          ],
          [
            27.9492035,
            39.6756426
          ],
          [
            27.945351,
            39.6746735
          ],
          [
            27.9382539,
            39.672929
          ],
          [
            27.9367733,
            39.6725017
          ],
          [
            27.9354912,
            39.6720516
          ],
          [
            27.9343432,
            39.671583
          ],
          [
            27.933214,
            39.671071
          ],
          [
            27.9297835,
            39.6692294
          ],
          [
            27.9263154,
            39.6673485
          ],
          [
            27.9198505,
            39.6638596
          ],
          [
            27.9133322,
            39.6603413
          ],
          [
            27.9124846,
            39.6598788
          ],
          [
            27.909955,
            39.6585052
          ],
          [
            27.9059675,
            39.6563398
          ],
          [
            27.9003927,
            39.653333
          ]
        ]
      },
      "id": "way/89134830"
    },
    {
      "type": "Feature",
      "properties": {
        "@id": "way/89134831",
        "electrified": "contact_line",
        "frequency": "50",
        "gauge": "1435",
        "maxspeed": "90",
        "name": "Alayunt-Balıkesir demiryolu",
        "operator": "TCDD",
        "passenger_lines": "1",
        "railway": "rail",
        "railway:etcs": "yes",
        "source": "bing",
        "usage": "main",
        "voltage": "25000"
      },
      "geometry": {
        "type": "LineString",
        "coordinates": [
          [
            27.8977245,
            39.6504073
          ],
          [
            27.8977485,
            39.6502133
          ],
          [
            27.8977987,
            39.6499463
          ],
          [
            27.8978786,
            39.649746
          ],
          [
            27.8979249,
            39.6496391
          ],
          [
            27.8981454,
            39.6492087
          ],
          [
            27.8983324,
            39.6489769
          ],
          [
            27.8986472,
            39.6486748
          ],
          [
            27.8989437,
            39.64845
          ],
          [
            27.8992585,
            39.6482638
          ],
          [
            27.8995413,
            39.6481303
          ],
          [
            27.8999307,
            39.647983
          ]
        ]
      },
      "id": "way/89134831"
    },
    {
      "type": "Feature",
      "properties": {
        "@id": "way/89134832",
        "axle_load": "22.5",
        "bridge": "yes",
        "electrified": "contact_line",
        "frequency": "50",
        "gauge": "1435",
        "layer": "1",
        "name": "Manisa-Bandırma demiryolu",
        "operator": "TCDD",
        "railway": "rail",
        "railway:etcs": "no",
        "usage": "main",
        "voltage": "25000"
      },
      "geometry": {
        "type": "LineString",
        "coordinates": [
          [
            27.8948519,
            39.6503757
          ],
          [
            27.894601,
            39.6502422
          ]
        ]
      },
      "id": "way/89134832"
    },
    {
      "type": "Feature",
      "properties": {
        "@id": "way/89134839",
        "axle_load": "22.5",
        "bridge": "yes",
        "electrified": "contact_line",
        "frequency": "50",
        "gauge": "1435",
        "layer": "1",
        "name": "Manisa-Bandırma demiryolu",
        "operator": "TCDD",
        "railway": "rail",
        "railway:etcs": "no",
        "usage": "main",
        "voltage": "25000"
      },
      "geometry": {
        "type": "LineString",
        "coordinates": [
          [
            27.9633127,
            39.6790696
          ],
          [
            27.9628593,
            39.6789604
          ]
        ]
      },
      "id": "way/89134839"
    },
    {
      "type": "Feature",
      "properties": {
        "@id": "way/89134842",
        "axle_load": "22.5",
        "electrified": "contact_line",
        "frequency": "50",
        "gauge": "1435",
        "name": "Manisa-Bandırma demiryolu",
        "operator": "TCDD",
        "railway": "rail",
        "railway:etcs": "yes",
        "usage": "main",
        "voltage": "25000"
      },
      "geometry": {
        "type": "LineString",
        "coordinates": [
          [
            27.8885066,
            39.6469433
          ],
          [
            27.887058,
            39.6461642
          ],
          [
            27.8865011,
            39.6458623
          ],
          [
            27.8859509,
            39.6455614
          ],
          [
            27.8855561,
            39.6453449
          ],
          [
            27.8851573,
            39.6451262
          ],
          [
            27.8848784,
            39.6448947
          ],
          [
            27.884597,
            39.6445863
          ],
          [
            27.884358,
            39.644262
          ],
          [
            27.8841683,
            39.6439248
          ],
          [
            27.8840085,
            39.6436004
          ],
          [
            27.8839157,
            39.6433804
          ],
          [
            27.8838533,
            39.6431598
          ],
          [
            27.8838221,
            39.6429971
          ],
          [
            27.8838018,
            39.6427688
          ],
          [
            27.8837341,
            39.6419245
          ],
          [
            27.883405,
            39.637444
          ],
          [
            27.883168,
            39.6341434
          ],
          [
            27.8829698,
            39.6314069
          ],
          [
            27.8827178,
            39.6282628
          ],
          [
            27.8826724,
            39.6274043
          ]
        ]
      },
      "id": "way/89134842"
    },
    {
      "type": "Feature",
      "properties": {
        "@id": "way/89134877",
        "axle_load": "22.5",
        "electrified": "contact_line",
        "frequency": "50",
        "gauge": "1435",
        "maxspeed": "90",
        "name": "Manisa-Bandırma demiryolu",
        "operator": "TCDD",
        "passenger_lines": "1",
        "railway": "rail",
        "railway:etcs": "2",
        "usage": "main",
        "voltage": "25000"
      },
      "geometry": {
        "type": "LineString",
        "coordinates": [
          [
            27.8930643,
            39.6493502
          ],
          [
            27.8925835,
            39.6490875
          ],
          [
            27.8905176,
            39.6479509
          ],
          [
            27.8885582,
            39.6468875
          ],
          [
            27.8871047,
            39.6461095
          ],
          [
            27.8861293,
            39.6456446
          ],
          [
            27.8859509,
            39.6455614
          ]
        ]
      },
      "id": "way/89134877"
    },
    {
      "type": "Feature",
      "properties": {
        "@id": "way/89134879",
        "electrified": "contact_line",
        "frequency": "50",
        "gauge": "1435",
        "maxspeed": "90",
        "name": "Alayunt-Balıkesir demiryolu",
        "operator": "TCDD",
        "passenger_lines": "1",
        "railway": "rail",
        "railway:etcs": "yes",
        "source": "bing",
        "usage": "main",
        "voltage": "25000"
      },
      "geometry": {
        "type": "LineString",
        "coordinates": [
          [
            27.909955,
            39.6585052
          ],
          [
            27.909632,
            39.6582815
          ],
          [
            27.8997573,
            39.6529524
          ],
          [
            27.8990639,
            39.652573
          ],
          [
            27.8986761,
            39.6523307
          ],
          [
            27.8984206,
            39.6521059
          ],
          [
            27.8981726,
            39.6517934
          ],
          [
            27.8979902,
            39.6515373
          ],
          [
            27.89784,
            39.6512255
          ],
          [
            27.8977756,
            39.6509735
          ],
          [
            27.8977326,
            39.6506876
          ]
        ]
      },
      "id": "way/89134879"
    },
    {
      "type": "Feature",
      "properties": {
        "@id": "way/89189605",
        "axle_load": "22.5",
        "bridge": "yes",
        "electrified": "no",
        "gauge": "1435",
        "layer": "1",
        "maxspeed": "60",
        "operator": "TCDD",
        "passenger_lines": "1",
        "railway": "rail",
        "source": "bing",
        "usage": "branch"
      },
      "geometry": {
        "type": "LineString",
        "coordinates": [
          [
            29.9638388,
            39.5421652
          ],
          [
            29.9637091,
            39.5423548
          ]
        ]
      },
      "id": "way/89189605"
    },
    {
      "type": "Feature",
      "properties": {
        "@id": "way/89189606",
        "axle_load": "22.5",
        "electrified": "no",
        "gauge": "1435",
        "layer": "-1",
        "maxspeed": "60",
        "name": "Kütahya-Seyitömer şube demiryolu",
        "operator": "TCDD",
        "passenger_lines": "1",
        "railway": "rail",
        "source": "bing",
        "tunnel": "yes",
        "usage": "branch"
      },
      "geometry": {
        "type": "LineString",
        "coordinates": [
          [
            29.9447936,
            39.5485368
          ],
          [
            29.943578,
            39.5497531
          ]
        ]
      },
      "id": "way/89189606"
    },
    {
      "type": "Feature",
      "properties": {
        "@id": "way/89189615",
        "axle_load": "22.5",
        "bridge": "yes",
        "electrified": "no",
        "gauge": "1435",
        "layer": "1",
        "maxspeed": "60",
        "name": "Kütahya-Seyitören şube demiryolu",
        "operator": "TCDD",
        "passenger_lines": "1",
        "railway": "rail",
        "source": "bing",
        "usage": "branch"
      },
      "geometry": {
        "type": "LineString",
        "coordinates": [
          [
            30.014081,
            39.4693587
          ],
          [
            30.014081,
            39.46948
          ]
        ]
      },
      "id": "way/89189615"
    },
    {
      "type": "Feature",
      "properties": {
        "@id": "way/89189616",
        "axle_load": "22.5",
        "electrified": "contact_line",
        "frequency": "50",
        "gauge": "1435",
        "name": "Alayunt-Balıkesir demiryolu",
        "operator": "TCDD",
        "railway": "rail",
        "railway:etcs": "2",
        "source": "GPS",
        "usage": "main",
        "voltage": "25000"
      },
      "geometry": {
        "type": "LineString",
        "coordinates": [
          [
            30.0074237,
            39.4156156
          ],
          [
            30.0072713,
            39.4156398
          ],
          [
            30.006499,
            39.4157712
          ],
          [
            30.0058799,
            39.415905
          ],
          [
            30.004983,
            39.4162034
          ],
          [
            30.0044158,
            39.4164358
          ],
          [
            30.0038713,
            39.4167218
          ],
          [
            30.003587,
            39.4168803
          ],
          [
            30.0032826,
            39.4170823
          ],
          [
            30.0030316,
            39.4172766
          ],
          [
            30.0028534,
            39.4174325
          ],
          [
            30.0023766,
            39.4179516
          ],
          [
            30.0019464,
            39.4184735
          ],
          [
            30.0016495,
            39.4190237
          ],
          [
            30.0009479,
            39.4205542
          ]
        ]
      },
      "id": "way/89189616"
    },
    {
      "type": "Feature",
      "properties": {
        "@id": "way/89189622",
        "axle_load": "22.5",
        "electrified": "no",
        "gauge": "1435",
        "maxspeed": "60",
        "name": "Kütahya-Seyitömer şube demiryolu",
        "operator": "TCDD",
        "passenger_lines": "1",
        "railway": "rail",
        "source": "bing",
        "usage": "branch"
      },
      "geometry": {
        "type": "LineString",
        "coordinates": [
          [
            29.9957569,
            39.5030708
          ],
          [
            29.9961791,
            39.5035985
          ],
          [
            29.9966856,
            39.5040253
          ],
          [
            29.9989818,
            39.5059616
          ]
        ]
      },
      "id": "way/89189622"
    },
    {
      "type": "Feature",
      "properties": {
        "@id": "way/89189632",
        "electrified": "contact_line",
        "frequency": "50",
        "gauge": "1435",
        "name": "Kütahya armut hattı",
        "operator": "TCDD",
        "railway": "rail",
        "railway:etcs": "2",
        "usage": "main",
        "voltage": "25000"
      },
      "geometry": {
        "type": "LineString",
        "coordinates": [
          [
            30.0025428,
            39.4280453
          ],
          [
            30.0027318,
            39.428043
          ],
          [
            30.0032157,
            39.4279959
          ],
          [
            30.0036854,
            39.4278914
          ],
          [
            30.0040402,
            39.4277755
          ],
          [
            30.0045205,
            39.4275546
          ],
          [
            30.0048705,
            39.4273159
          ],
          [
            30.0051593,
            39.4270915
          ],
          [
            30.005358,
            39.4269118
          ],
          [
            30.0056264,
            39.4265709
          ],
          [
            30.0058486,
            39.4261368
          ],
          [
            30.0058924,
            39.4259957
          ],
          [
            30.0060067,
            39.4254088
          ],
          [
            30.0059231,
            39.424833
          ],
          [
            30.0040834,
            39.4197043
          ],
          [
            30.0039324,
            39.4191895
          ],
          [
            30.0038891,
            39.4187572
          ],
          [
            30.0039054,
            39.4184459
          ],
          [
            30.0039504,
            39.4181505
          ],
          [
            30.0040607,
            39.4177707
          ],
          [
            30.0042375,
            39.4174262
          ],
          [
            30.0045778,
            39.4169574
          ],
          [
            30.0050703,
            39.4165146
          ],
          [
            30.0053398,
            39.4163203
          ],
          [
            30.0058229,
            39.4160553
          ],
          [
            30.0065904,
            39.4158297
          ],
          [
            30.0072713,
            39.4156398
          ]
        ]
      },
      "id": "way/89189632"
    },
    {
      "type": "Feature",
      "properties": {
        "@id": "way/89189635",
        "axle_load": "22.5",
        "bridge": "yes",
        "electrified": "no",
        "gauge": "1435",
        "layer": "1",
        "maxspeed": "60",
        "operator": "TCDD",
        "passenger_lines": "1",
        "railway": "rail",
        "source": "bing",
        "usage": "branch"
      },
      "geometry": {
        "type": "LineString",
        "coordinates": [
          [
            29.9889794,
            39.5332036
          ],
          [
            29.988795,
            39.5333195
          ]
        ]
      },
      "id": "way/89189635"
    },
    {
      "type": "Feature",
      "properties": {
        "@id": "way/89189636",
        "axle_load": "22.5",
        "bridge": "yes",
        "electrified": "no",
        "gauge": "1435",
        "layer": "1",
        "maxspeed": "60",
        "name": "Kütahya-Seyitömer şube demiryolu",
        "operator": "TCDD",
        "passenger_lines": "1",
        "railway": "rail",
        "source": "bing",
        "usage": "branch"
      },
      "geometry": {
        "type": "LineString",
        "coordinates": [
          [
            29.9989818,
            39.5059616
          ],
          [
            29.9991117,
            39.5060711
          ]
        ]
      },
      "id": "way/89189636"
    },
    {
      "type": "Feature",
      "properties": {
        "@id": "way/89189638",
        "axle_load": "22.5",
        "electrified": "no",
        "gauge": "1435",
        "maxspeed": "60",
        "name": "Kütahya-Seyitömer şube demiryolu",
        "operator": "TCDD",
        "passenger_lines": "1",
        "railway": "rail",
        "source": "bing",
        "usage": "branch"
      },
      "geometry": {
        "type": "LineString",
        "coordinates": [
          [
            30.014081,
            39.46948
          ],
          [
            30.0141698,
            39.4715306
          ],
          [
            30.0142866,
            39.4722479
          ],
          [
            30.0149627,
            39.4750996
          ],
          [
            30.0150378,
            39.4756373
          ],
          [
            30.0150378,
            39.4761644
          ],
          [
            30.0150173,
            39.4766124
          ],
          [
            30.014908,
            39.4770235
          ],
          [
            30.0147168,
            39.4775664
          ],
          [
            30.0144847,
            39.4780672
          ],
          [
            30.0142115,
            39.4785047
          ],
          [
            30.0138428,
            39.4789632
          ],
          [
            30.0134144,
            39.4792984
          ],
          [
            30.0129709,
            39.4796738
          ],
          [
            30.0124864,
            39.4800352
          ],
          [
            30.011973,
            39.4803274
          ],
          [
            30.0114411,
            39.4806073
          ],
          [
            30.0108503,
            39.4808342
          ],
          [
            30.0090614,
            39.4815063
          ],
          [
            30.0084806,
            39.4817931
          ],
          [
            30.0081423,
            39.4819738
          ],
          [
            30.0075143,
            39.4823925
          ],
          [
            30.0069395,
            39.4828741
          ],
          [
            30.0063334,
            39.4835448
          ],
          [
            30.0058294,
            39.4841239
          ],
          [
            30.0053389,
            39.4846314
          ],
          [
            30.0046761,
            39.4852643
          ],
          [
            30.0041351,
            39.4856638
          ],
          [
            30.0035791,
            39.4860487
          ],
          [
            30.0031362,
            39.4863686
          ],
          [
            30.0024891,
            39.4868821
          ],
          [
            30.0020963,
            39.4873032
          ],
          [
            30.0017435,
            39.4877012
          ],
          [
            30.001371,
            39.4883371
          ],
          [
            30.0011436,
            39.4888992
          ],
          [
            30.0009262,
            39.4897156
          ],
          [
            30.0007999,
            39.4911065
          ],
          [
            30.0006991,
            39.4918105
          ]
        ]
      },
      "id": "way/89189638"
    },
    {
      "type": "Feature",
      "properties": {
        "@id": "way/89189650",
        "axle_load": "22.5",
        "electrified": "no",
        "gauge": "1435",
        "maxspeed": "60",
        "name": "Kütahya-Seyitömer şube demiryolu",
        "operator": "TCDD",
        "passenger_lines": "1",
        "railway": "rail",
        "source": "bing",
        "usage": "branch"
      },
      "geometry": {
        "type": "LineString",
        "coordinates": [
          [
            29.9991117,
            39.5060711
          ],
          [
            29.9993086,
            39.5062372
          ],
          [
            30.0021913,
            39.5086684
          ],
          [
            30.0032105,
            39.5095311
          ],
          [
            30.0036202,
            39.5099631
          ],
          [
            30.0039138,
            39.5104109
          ],
          [
            30.0041187,
            39.5108377
          ],
          [
            30.0043304,
            39.5114541
          ],
          [
            30.0044465,
            39.5119651
          ],
          [
            30.0044669,
            39.5124603
          ],
          [
            30.0044123,
            39.5129608
          ],
          [
            30.0043099,
            39.5134349
          ],
          [
            30.0040709,
            39.513967
          ],
          [
            30.0033129,
            39.515421
          ],
          [
            30.0022271,
            39.5174439
          ],
          [
            29.997768,
            39.5258351
          ],
          [
            29.9972695,
            39.526562
          ],
          [
            29.9968461,
            39.5270203
          ],
          [
            29.9963339,
            39.5274838
          ],
          [
            29.992742,
            39.5303122
          ],
          [
            29.9889794,
            39.5332036
          ]
        ]
      },
      "id": "way/89189650"
    },
    {
      "type": "Feature",
      "properties": {
        "@id": "way/89189658",
        "axle_load": "22.5",
        "electrified": "contact_line",
        "frequency": "50",
        "gauge": "1435",
        "maxspeed": "55",
        "name": "Kütahya-Seyitömer şube demiryolu",
        "operator": "TCDD",
        "passenger_lines": "1",
        "railway": "rail",
        "source": "GPS",
        "usage": "branch",
        "voltage": "25000"
      },
      "geometry": {
        "type": "LineString",
        "coordinates": [
          [
            29.9990539,
            39.4253126
          ],
          [
            29.9990291,
            39.4254759
          ],
          [
            29.9990282,
            39.4256078
          ],
          [
            29.9990459,
            39.4258762
          ],
          [
            29.9991219,
            39.4261582
          ],
          [
            29.9992211,
            39.426406
          ],
          [
            29.999322,
            39.4266132
          ],
          [
            29.9995121,
            39.42684
          ],
          [
            29.9998124,
            39.4271217
          ],
          [
            30.0000582,
            39.4273218
          ],
          [
            30.0002647,
            39.4275026
          ],
          [
            30.0008397,
            39.4278007
          ],
          [
            30.001152,
            39.4279261
          ],
          [
            30.0015688,
            39.4280196
          ],
          [
            30.0021259,
            39.4280771
          ],
          [
            30.002542,
            39.4280832
          ],
          [
            30.0030008,
            39.4280616
          ],
          [
            30.0033754,
            39.4280496
          ],
          [
            30.0037796,
            39.4280447
          ],
          [
            30.0041209,
            39.4280586
          ],
          [
            30.0044866,
            39.4281044
          ],
          [
            30.0047278,
            39.4281649
          ],
          [
            30.0051198,
            39.4282845
          ],
          [
            30.0054092,
            39.4283926
          ],
          [
            30.0056916,
            39.4285216
          ],
          [
            30.0060918,
            39.4287885
          ],
          [
            30.0065141,
            39.4291579
          ],
          [
            30.0067706,
            39.4294915
          ],
          [
            30.0069972,
            39.4298655
          ],
          [
            30.0071083,
            39.4301951
          ],
          [
            30.0071717,
            39.430606
          ],
          [
            30.0071554,
            39.4310439
          ],
          [
            30.0070792,
            39.431987
          ],
          [
            30.0063309,
            39.4381284
          ]
        ]
      },
      "id": "way/89189658"
    },
    {
      "type": "Feature",
      "properties": {
        "@id": "way/89189663",
        "axle_load": "22.5",
        "electrified": "contact_line",
        "frequency": "50",
        "gauge": "1435",
        "maxspeed": "120",
        "name": "Alayunt-Balıkesir demiryolu",
        "operator": "TCDD",
        "passenger_lines": "1",
        "railway": "rail",
        "railway:etcs": "2",
        "source": "bing",
        "usage": "main",
        "voltage": "25000"
      },
      "geometry": {
        "type": "LineString",
        "coordinates": [
          [
            29.9197254,
            39.4488658
          ],
          [
            29.9179328,
            39.4495342
          ],
          [
            29.9170129,
            39.449797
          ],
          [
            29.9166369,
            39.4498608
          ],
          [
            29.9158183,
            39.4499267
          ],
          [
            29.9150421,
            39.4498401
          ],
          [
            29.9115996,
            39.4492426
          ],
          [
            29.9087459,
            39.4487473
          ],
          [
            29.9078485,
            39.448604
          ],
          [
            29.9071071,
            39.4485568
          ],
          [
            29.9062926,
            39.448636
          ],
          [
            29.9047902,
            39.4490553
          ],
          [
            29.9038509,
            39.4493876
          ],
          [
            29.9030827,
            39.4498101
          ],
          [
            29.9002452,
            39.4518967
          ],
          [
            29.8996797,
            39.4522235
          ],
          [
            29.8987988,
            39.4525681
          ],
          [
            29.8980325,
            39.4526987
          ],
          [
            29.8967444,
            39.4527561
          ],
          [
            29.8948231,
            39.4527421
          ],
          [
            29.8940206,
            39.4528026
          ],
          [
            29.8933524,
            39.4529147
          ],
          [
            29.8925629,
            39.4531792
          ],
          [
            29.8887093,
            39.4552482
          ],
          [
            29.886506,
            39.4564831
          ],
          [
            29.8864897,
            39.4564911
          ],
          [
            29.8856638,
            39.4568969
          ],
          [
            29.8849833,
            39.4571268
          ],
          [
            29.8843708,
            39.4572384
          ],
          [
            29.8836732,
            39.4572844
          ],
          [
            29.8824907,
            39.4572581
          ],
          [
            29.8810956,
            39.457199
          ],
          [
            29.8802237,
            39.4572482
          ],
          [
            29.8796962,
            39.4573271
          ],
          [
            29.8786328,
            39.4576095
          ],
          [
            29.8755851,
            39.4584445
          ],
          [
            29.8733585,
            39.4590545
          ],
          [
            29.8725163,
            39.4592647
          ],
          [
            29.8719548,
            39.4593304
          ],
          [
            29.8711636,
            39.4593172
          ],
          [
            29.8702704,
            39.459199
          ],
          [
            29.8685009,
            39.4589954
          ],
          [
            29.8676842,
            39.4589888
          ],
          [
            29.8669696,
            39.4590808
          ],
          [
            29.8664731,
            39.4592197
          ],
          [
            29.8658376,
            39.45947
          ],
          [
            29.8651936,
            39.4597662
          ],
          [
            29.8582762,
            39.4629476
          ],
          [
            29.8574648,
            39.4632695
          ],
          [
            29.8567697,
            39.4634177
          ],
          [
            29.855988,
            39.4635201
          ],
          [
            29.8551683,
            39.4635052
          ],
          [
            29.8546478,
            39.4634942
          ],
          [
            29.8537756,
            39.4634756
          ],
          [
            29.8528564,
            39.4635207
          ],
          [
            29.8522439,
            39.4636717
          ],
          [
            29.8516484,
            39.4638622
          ],
          [
            29.8510274,
            39.4641906
          ],
          [
            29.8500406,
            39.4647948
          ],
          [
            29.849343,
            39.4651232
          ],
          [
            29.8486965,
            39.465353
          ],
          [
            29.8479563,
            39.465491
          ],
          [
            29.8470616,
            39.4655626
          ],
          [
            29.8421351,
            39.4658056
          ],
          [
            29.8412928,
            39.4658516
          ],
          [
            29.8406376,
            39.465937
          ],
          [
            29.8399943,
            39.466099
          ],
          [
            29.8397605,
            39.4661747
          ],
          [
            29.839542,
            39.4662531
          ],
          [
            29.83929,
            39.4663544
          ],
          [
            29.8389587,
            39.4664988
          ],
          [
            29.8385766,
            39.4666769
          ],
          [
            29.8379799,
            39.4669664
          ],
          [
            29.8376833,
            39.4671125
          ],
          [
            29.8374114,
            39.4672558
          ],
          [
            29.8371467,
            39.4674059
          ],
          [
            29.8369088,
            39.467556
          ],
          [
            29.8367617,
            39.4676595
          ],
          [
            29.8365905,
            39.4677919
          ],
          [
            29.8364118,
            39.4679491
          ],
          [
            29.8362779,
            39.4680788
          ],
          [
            29.836144,
            39.4682262
          ],
          [
            29.8359728,
            39.4684463
          ]
        ]
      },
      "id": "way/89189663"
    },
    {
      "type": "Feature",
      "properties": {
        "@id": "way/89189669",
        "axle_load": "22.5",
        "bridge": "yes",
        "electrified": "no",
        "gauge": "1435",
        "layer": "1",
        "maxspeed": "60",
        "operator": "TCDD",
        "passenger_lines": "1",
        "railway": "rail",
        "source": "bing",
        "usage": "branch"
      },
      "geometry": {
        "type": "LineString",
        "coordinates": [
          [
            29.9486176,
            39.5473257
          ],
          [
            29.9483377,
            39.5473152
          ]
        ]
      },
      "id": "way/89189669"
    },
    {
      "type": "Feature",
      "properties": {
        "@id": "way/89189671",
        "axle_load": "22.5",
        "electrified": "contact_line",
        "frequency": "50",
        "gauge": "1435",
        "name": "Alayunt-Balıkesir demiryolu",
        "operator": "TCDD",
        "railway": "rail",
        "railway:etcs": "2",
        "source": "GPS",
        "usage": "main",
        "voltage": "25000"
      },
      "geometry": {
        "type": "LineString",
        "coordinates": [
          [
            30.0009479,
            39.4205542
          ],
          [
            29.9996192,
            39.4236517
          ],
          [
            29.9993729,
            39.4242209
          ],
          [
            29.9992544,
            39.4245018
          ]
        ]
      },
      "id": "way/89189671"
    },
    {
      "type": "Feature",
      "properties": {
        "@id": "way/89189674",
        "axle_load": "22.5",
        "electrified": "no",
        "gauge": "1435",
        "maxspeed": "60",
        "name": "Kütahya-Seyitömer şube demiryolu",
        "operator": "TCDD",
        "passenger_lines": "1",
        "railway": "rail",
        "source": "bing",
        "usage": "branch"
      },
      "geometry": {
        "type": "LineString",
        "coordinates": [
          [
            29.9637091,
            39.5423548
          ],
          [
            29.9628897,
            39.5437871
          ],
          [
            29.9623229,
            39.5445981
          ],
          [
            29.9617697,
            39.5452036
          ],
          [
            29.9612439,
            39.5456354
          ],
          [
            29.9606225,
            39.5460462
          ],
          [
            29.9598099,
            39.5464411
          ],
          [
            29.95897,
            39.5467149
          ],
          [
            29.9581027,
            39.5469308
          ],
          [
            29.9563887,
            39.5473468
          ],
          [
            29.9536299,
            39.5479629
          ],
          [
            29.953029,
            39.5480366
          ],
          [
            29.9525988,
            39.5480682
          ],
          [
            29.951991,
            39.548005
          ],
          [
            29.9508575,
            39.5477628
          ],
          [
            29.9490274,
            39.5473626
          ],
          [
            29.9486176,
            39.5473257
          ]
        ]
      },
      "id": "way/89189674"
    },
    {
      "type": "Feature",
      "properties": {
        "@id": "way/89189677",
        "axle_load": "22.5",
        "bridge": "yes",
        "electrified": "no",
        "gauge": "1435",
        "layer": "1",
        "maxspeed": "60",
        "operator": "TCDD",
        "passenger_lines": "1",
        "railway": "rail",
        "source": "bing",
        "usage": "branch"
      },
      "geometry": {
        "type": "LineString",
        "coordinates": [
          [
            29.9672788,
            39.5398402
          ],
          [
            29.9670483,
            39.5399324
          ]
        ]
      },
      "id": "way/89189677"
    },
    {
      "type": "Feature",
      "properties": {
        "@id": "way/89189679",
        "axle_load": "22.5",
        "electrified": "no",
        "gauge": "1435",
        "maxspeed": "60",
        "name": "Kütahya-Seyitömer şube demiryolu",
        "operator": "TCDD",
        "passenger_lines": "1",
        "railway": "rail",
        "source": "bing",
        "usage": "branch"
      },
      "geometry": {
        "type": "LineString",
        "coordinates": [
          [
            29.943578,
            39.5497531
          ],
          [
            29.9429908,
            39.5502586
          ],
          [
            29.942465,
            39.5506009
          ],
          [
            29.9420416,
            39.5508694
          ],
          [
            29.9414611,
            39.5511274
          ],
          [
            29.940908,
            39.5513485
          ],
          [
            29.9403003,
            39.5514907
          ],
          [
            29.9395491,
            39.551596
          ],
          [
            29.9377941,
            39.5517803
          ],
          [
            29.9370976,
            39.5519119
          ],
          [
            29.9365649,
            39.5520435
          ],
          [
            29.936005,
            39.552291
          ],
          [
            29.935486,
            39.5525753
          ],
          [
            29.9349943,
            39.5529386
          ],
          [
            29.9345573,
            39.5533599
          ],
          [
            29.9338198,
            39.5541707
          ],
          [
            29.9331642,
            39.5547762
          ],
          [
            29.9326043,
            39.5551658
          ],
          [
            29.9321126,
            39.5554132
          ],
          [
            29.9316414,
            39.5556238
          ],
          [
            29.9309586,
            39.555866
          ],
          [
            29.9272164,
            39.5570296
          ],
          [
            29.9264311,
            39.5572612
          ],
          [
            29.9257687,
            39.5574244
          ],
          [
            29.9251473,
            39.5575455
          ],
          [
            29.9244645,
            39.5576298
          ],
          [
            29.923884,
            39.5576719
          ],
          [
            29.9232148,
            39.5576666
          ],
          [
            29.9225251,
            39.557635
          ],
          [
            29.9218491,
            39.5575455
          ],
          [
            29.921255,
            39.5574666
          ],
          [
            29.9205994,
            39.5573297
          ],
          [
            29.9199917,
            39.5571559
          ],
          [
            29.919418,
            39.5569717
          ],
          [
            29.914119,
            39.5549288
          ],
          [
            29.9134293,
            39.554734
          ],
          [
            29.9127054,
            39.5545761
          ],
          [
            29.9119952,
            39.5545129
          ],
          [
            29.9115172,
            39.5545076
          ],
          [
            29.9107387,
            39.5545498
          ],
          [
            29.9102061,
            39.5546656
          ]
        ]
      },
      "id": "way/89189679"
    },
    {
      "type": "Feature",
      "properties": {
        "@id": "way/89189686",
        "axle_load": "22.5",
        "bridge": "yes",
        "electrified": "contact_line",
        "frequency": "50",
        "gauge": "1435",
        "layer": "1",
        "maxspeed": "55",
        "name": "Kütahya-Seyitömer şube demiryolu",
        "operator": "TCDD",
        "passenger_lines": "1",
        "railway": "rail",
        "source": "GPS",
        "usage": "branch",
        "voltage": "25000"
      },
      "geometry": {
        "type": "LineString",
        "coordinates": [
          [
            30.0063309,
            39.4381284
          ],
          [
            30.0063053,
            39.4383459
          ]
        ]
      },
      "id": "way/89189686"
    },
    {
      "type": "Feature",
      "properties": {
        "@id": "way/89189706",
        "axle_load": "22.5",
        "bridge": "yes",
        "electrified": "no",
        "gauge": "1435",
        "layer": "1",
        "maxspeed": "60",
        "operator": "TCDD",
        "passenger_lines": "1",
        "railway": "rail",
        "source": "bing",
        "usage": "branch"
      },
      "geometry": {
        "type": "LineString",
        "coordinates": [
          [
            29.9956246,
            39.5028534
          ],
          [
            29.9957569,
            39.5030708
          ]
        ]
      },
      "id": "way/89189706"
    },
    {
      "type": "Feature",
      "properties": {
        "@id": "way/89189709",
        "axle_load": "22.5",
        "electrified": "no",
        "gauge": "1435",
        "maxspeed": "60",
        "name": "Kütahya-Seyitömer şube demiryolu",
        "operator": "TCDD",
        "passenger_lines": "1",
        "railway": "rail",
        "source": "bing",
        "usage": "branch"
      },
      "geometry": {
        "type": "LineString",
        "coordinates": [
          [
            29.9483377,
            39.5473152
          ],
          [
            29.9477162,
            39.547352
          ],
          [
            29.9469719,
            39.5474784
          ],
          [
            29.9462822,
            39.5476627
          ],
          [
            29.9456335,
            39.5479523
          ],
          [
            29.9450189,
            39.5483525
          ],
          [
            29.9447936,
            39.5485368
          ]
        ]
      },
      "id": "way/89189709"
    },
    {
      "type": "Feature",
      "properties": {
        "@id": "way/89189713",
        "axle_load": "22.5",
        "electrified": "no",
        "gauge": "1435",
        "maxspeed": "60",
        "name": "Kütahya-Seyitömer şube demiryolu",
        "operator": "TCDD",
        "passenger_lines": "1",
        "railway": "rail",
        "source": "bing",
        "usage": "branch"
      },
      "geometry": {
        "type": "LineString",
        "coordinates": [
          [
            29.9670483,
            39.5399324
          ],
          [
            29.9659899,
            39.5404129
          ],
          [
            29.9652643,
            39.5408013
          ],
          [
            29.964718,
            39.5412029
          ],
          [
            29.9641974,
            39.541657
          ],
          [
            29.9638388,
            39.5421652
          ]
        ]
      },
      "id": "way/89189713"
    },
    {
      "type": "Feature",
      "properties": {
        "@id": "way/89189715",
        "axle_load": "22.5",
        "electrified": "no",
        "gauge": "1435",
        "maxspeed": "60",
        "name": "Kütahya-Seyitömer şube demiryolu",
        "operator": "TCDD",
        "passenger_lines": "1",
        "railway": "rail",
        "source": "bing",
        "usage": "branch"
      },
      "geometry": {
        "type": "LineString",
        "coordinates": [
          [
            29.988795,
            39.5333195
          ],
          [
            29.9882078,
            39.5336092
          ],
          [
            29.9875317,
            39.5338988
          ],
          [
            29.9868489,
            39.5341516
          ],
          [
            29.9851758,
            39.5347151
          ],
          [
            29.9810991,
            39.5361529
          ],
          [
            29.979706,
            39.5366164
          ],
          [
            29.9788661,
            39.5368217
          ],
          [
            29.9778759,
            39.5369903
          ],
          [
            29.9730918,
            39.5375955
          ],
          [
            29.9723491,
            39.5377403
          ],
          [
            29.9715894,
            39.5379641
          ],
          [
            29.9708383,
            39.5382669
          ],
          [
            29.9672788,
            39.5398402
          ]
        ]
      },
      "id": "way/89189715"
    },
    {
      "type": "Feature",
      "properties": {
        "@id": "way/89189720",
        "axle_load": "22.5",
        "bridge": "yes",
        "electrified": "contact_line",
        "frequency": "50",
        "gauge": "1435",
        "layer": "1",
        "maxspeed": "120",
        "operator": "TCDD",
        "railway": "rail",
        "railway:etcs": "2",
        "usage": "main",
        "voltage": "25000"
      },
      "geometry": {
        "type": "LineString",
        "coordinates": [
          [
            29.9833269,
            39.433299
          ],
          [
            29.9831959,
            39.4333417
          ]
        ]
      },
      "id": "way/89189720"
    },
    {
      "type": "Feature",
      "properties": {
        "@id": "way/89189721",
        "axle_load": "22.5",
        "electrified": "no",
        "gauge": "1435",
        "layer": "-1",
        "maxspeed": "60",
        "name": "Kütahya-Seyitömer şube demiryolu",
        "operator": "TCDD",
        "passenger_lines": "1",
        "railway": "rail",
        "source": "bing",
        "tunnel": "yes",
        "usage": "branch"
      },
      "geometry": {
        "type": "LineString",
        "coordinates": [
          [
            29.9993137,
            39.4945977
          ],
          [
            29.9964039,
            39.4988025
          ]
        ]
      },
      "id": "way/89189721"
    },
    {
      "type": "Feature",
      "properties": {
        "@id": "way/89189725",
        "axle_load": "22.5",
        "electrified": "contact_line",
        "frequency": "50",
        "gauge": "1435",
        "operator": "TCDD",
        "railway": "rail",
        "source": "GPS",
        "usage": "branch",
        "voltage": "25000"
      },
      "geometry": {
        "type": "LineString",
        "coordinates": [
          [
            30.0179249,
            39.4512835
          ],
          [
            30.0209794,
            39.453475
          ],
          [
            30.0214574,
            39.4539034
          ],
          [
            30.021833,
            39.454378
          ],
          [
            30.0221147,
            39.4549052
          ],
          [
            30.0222683,
            39.455472
          ],
          [
            30.0223088,
            39.4558141
          ],
          [
            30.0223035,
            39.4561413
          ],
          [
            30.0222686,
            39.4564706
          ],
          [
            30.0221586,
            39.4569117
          ],
          [
            30.0219226,
            39.4576096
          ],
          [
            30.0215065,
            39.4587513
          ],
          [
            30.021435,
            39.4589556
          ]
        ]
      },
      "id": "way/89189725"
    },
    {
      "type": "Feature",
      "properties": {
        "@id": "way/89189729",
        "axle_load": "22.5",
        "bridge": "yes",
        "electrified": "no",
        "gauge": "1435",
        "layer": "1",
        "maxspeed": "60",
        "name": "Kütahya-Seyitömer şube demiryolu",
        "operator": "TCDD",
        "passenger_lines": "1",
        "railway": "rail",
        "source": "bing",
        "usage": "branch"
      },
      "geometry": {
        "type": "LineString",
        "coordinates": [
          [
            29.9102061,
            39.5546656
          ],
          [
            29.9099739,
            39.5547182
          ]
        ]
      },
      "id": "way/89189729"
    },
    {
      "type": "Feature",
      "properties": {
        "@id": "way/89189735",
        "axle_load": "22.5",
        "electrified": "no",
        "gauge": "1435",
        "maxspeed": "60",
        "name": "Kütahya-Seyitömer şube demiryolu",
        "operator": "TCDD",
        "passenger_lines": "1",
        "railway": "rail",
        "source": "bing",
        "usage": "branch"
      },
      "geometry": {
        "type": "LineString",
        "coordinates": [
          [
            29.9964039,
            39.4988025
          ],
          [
            29.9960206,
            39.4994108
          ],
          [
            29.9955518,
            39.5002248
          ],
          [
            29.9953639,
            39.5007508
          ],
          [
            29.9952735,
            39.5013233
          ],
          [
            29.9952763,
            39.5017353
          ],
          [
            29.9953415,
            39.5021294
          ],
          [
            29.9956246,
            39.5028534
          ]
        ]
      },
      "id": "way/89189735"
    },
    {
      "type": "Feature",
      "properties": {
        "@id": "way/89259182",
        "axle_load": "22.5",
        "electrified": "contact_line",
        "frequency": "50",
        "gauge": "1435",
        "name": "Manisa-Bandırma demiryolu",
        "operator": "TCDD",
        "railway": "rail",
        "railway:etcs": "yes",
        "source": "bing",
        "usage": "main",
        "voltage": "25000"
      },
      "geometry": {
        "type": "LineString",
        "coordinates": [
          [
            27.6714178,
            39.549199
          ],
          [
            27.6711167,
            39.5489869
          ],
          [
            27.6708327,
            39.5487601
          ],
          [
            27.6693743,
            39.547338
          ],
          [
            27.668808,
            39.5467873
          ],
          [
            27.6686584,
            39.5465751
          ],
          [
            27.6681878,
            39.5458849
          ],
          [
            27.6680124,
            39.5454557
          ],
          [
            27.6674449,
            39.5439936
          ],
          [
            27.6673313,
            39.5437177
          ],
          [
            27.6670472,
            39.5433729
          ],
          [
            27.6667543,
            39.543053
          ],
          [
            27.6664187,
            39.5427206
          ],
          [
            27.665504,
            39.5421497
          ],
          [
            27.6652215,
            39.5419686
          ],
          [
            27.664889,
            39.5416813
          ],
          [
            27.6646155,
            39.5413643
          ],
          [
            27.6644688,
            39.5411507
          ],
          [
            27.6642199,
            39.5406638
          ]
        ]
      },
      "id": "way/89259182"
    },
    {
      "type": "Feature",
      "properties": {
        "@id": "way/89259193",
        "axle_load": "22.5",
        "electrified": "contact_line",
        "frequency": "50",
        "gauge": "1435",
        "layer": "-1",
        "name": "Manisa-Bandırma demiryolu",
        "operator": "TCDD",
        "railway": "rail",
        "railway:etcs": "yes",
        "source": "bing",
        "tunnel": "yes",
        "usage": "main",
        "voltage": "25000"
      },
      "geometry": {
        "type": "LineString",
        "coordinates": [
          [
            27.6585959,
            39.5366716
          ],
          [
            27.6585022,
            39.536349
          ],
          [
            27.658463,
            39.5360406
          ],
          [
            27.6584458,
            39.5357756
          ],
          [
            27.6585617,
            39.5353624
          ],
          [
            27.6589505,
            39.5349164
          ]
        ]
      },
      "id": "way/89259193"
    },
    {
      "type": "Feature",
      "properties": {
        "@id": "way/89259199",
        "axle_load": "22.5",
        "electrified": "contact_line",
        "frequency": "50",
        "gauge": "1435",
        "layer": "-1",
        "operator": "TCDD",
        "railway": "rail",
        "railway:etcs": "yes",
        "source": "bing",
        "tunnel": "yes",
        "usage": "main",
        "voltage": "25000"
      },
      "geometry": {
        "type": "LineString",
        "coordinates": [
          [
            27.6725813,
            39.5496495
          ],
          [
            27.6722888,
            39.5495869
          ],
          [
            27.672007,
            39.5495071
          ],
          [
            27.6716997,
            39.5493675
          ],
          [
            27.6714178,
            39.549199
          ]
        ]
      },
      "id": "way/89259199"
    },
    {
      "type": "Feature",
      "properties": {
        "@id": "way/89259201",
        "axle_load": "22.5",
        "electrified": "contact_line",
        "frequency": "50",
        "gauge": "1435",
        "name": "Manisa-Bandırma demiryolu",
        "operator": "TCDD",
        "railway": "rail",
        "railway:etcs": "yes",
        "source": "bing",
        "usage": "main",
        "voltage": "25000"
      },
      "geometry": {
        "type": "LineString",
        "coordinates": [
          [
            27.7383884,
            39.5687152
          ],
          [
            27.7370325,
            39.5683194
          ],
          [
            27.736636,
            39.5682269
          ],
          [
            27.7361791,
            39.5681871
          ],
          [
            27.7354055,
            39.5681795
          ],
          [
            27.7347211,
            39.5682511
          ],
          [
            27.7338236,
            39.5684803
          ],
          [
            27.7328792,
            39.5687176
          ],
          [
            27.7323157,
            39.5688504
          ],
          [
            27.7317626,
            39.5689268
          ],
          [
            27.7302819,
            39.5690558
          ],
          [
            27.7261118,
            39.5690178
          ],
          [
            27.7251518,
            39.5690837
          ],
          [
            27.7237795,
            39.5694939
          ],
          [
            27.7224229,
            39.5699967
          ],
          [
            27.7219585,
            39.5701214
          ],
          [
            27.7212486,
            39.5702007
          ],
          [
            27.720709,
            39.5702252
          ],
          [
            27.7201462,
            39.5701726
          ],
          [
            27.7196158,
            39.5700007
          ],
          [
            27.7190783,
            39.5697674
          ],
          [
            27.7185513,
            39.5694416
          ],
          [
            27.7181861,
            39.5690354
          ],
          [
            27.7177687,
            39.5684924
          ],
          [
            27.7162608,
            39.5650654
          ],
          [
            27.7161877,
            39.5647276
          ],
          [
            27.7161616,
            39.5644259
          ],
          [
            27.7162138,
            39.5634645
          ],
          [
            27.716146,
            39.5630422
          ],
          [
            27.7160207,
            39.562652
          ],
          [
            27.7158433,
            39.5623141
          ],
          [
            27.7155459,
            39.5619038
          ],
          [
            27.7152798,
            39.5616222
          ],
          [
            27.7149459,
            39.5613487
          ],
          [
            27.7146067,
            39.5611998
          ],
          [
            27.714401,
            39.561112
          ],
          [
            27.7138397,
            39.5609303
          ],
          [
            27.7134528,
            39.5608315
          ],
          [
            27.712945,
            39.5607458
          ],
          [
            27.7124451,
            39.5607397
          ],
          [
            27.7120008,
            39.5607703
          ],
          [
            27.7114453,
            39.5608682
          ],
          [
            27.7111438,
            39.5609905
          ],
          [
            27.7108865,
            39.5611234
          ]
        ]
      },
      "id": "way/89259201"
    },
    {
      "type": "Feature",
      "properties": {
        "@id": "way/89259204",
        "axle_load": "22.5",
        "electrified": "contact_line",
        "frequency": "50",
        "gauge": "1435",
        "layer": "-1",
        "operator": "TCDD",
        "railway": "rail",
        "railway:etcs": "yes",
        "source": "bing",
        "tunnel": "yes",
        "usage": "main",
        "voltage": "25000"
      },
      "geometry": {
        "type": "LineString",
        "coordinates": [
          [
            27.6642199,
            39.5406638
          ],
          [
            27.6639607,
            39.5401697
          ]
        ]
      },
      "id": "way/89259204"
    },
    {
      "type": "Feature",
      "properties": {
        "@id": "way/89259210",
        "axle_load": "22.5",
        "electrified": "contact_line",
        "frequency": "50",
        "gauge": "1435",
        "layer": "-1",
        "operator": "TCDD",
        "railway": "rail",
        "railway:etcs": "yes",
        "source": "bing",
        "tunnel": "yes",
        "usage": "main",
        "voltage": "25000"
      },
      "geometry": {
        "type": "LineString",
        "coordinates": [
          [
            27.7108865,
            39.5611234
          ],
          [
            27.710419,
            39.5614055
          ],
          [
            27.710276,
            39.5615056
          ]
        ]
      },
      "id": "way/89259210"
    },
    {
      "type": "Feature",
      "properties": {
        "@id": "way/89259229",
        "axle_load": "22.5",
        "electrified": "contact_line",
        "frequency": "50",
        "gauge": "1435",
        "name": "Manisa-Bandırma demiryolu",
        "operator": "TCDD",
        "railway": "rail",
        "railway:etcs": "yes",
        "source": "bing",
        "usage": "main",
        "voltage": "25000"
      },
      "geometry": {
        "type": "LineString",
        "coordinates": [
          [
            27.6639607,
            39.5401697
          ],
          [
            27.6636424,
            39.5397514
          ],
          [
            27.6632027,
            39.5393714
          ],
          [
            27.6627792,
            39.5391134
          ],
          [
            27.6623909,
            39.5389595
          ],
          [
            27.6619502,
            39.538828
          ],
          [
            27.661123,
            39.5386466
          ],
          [
            27.6608456,
            39.5385813
          ],
          [
            27.6603983,
            39.5384266
          ],
          [
            27.6600116,
            39.5382556
          ],
          [
            27.6596261,
            39.5380195
          ],
          [
            27.6592761,
            39.5377326
          ],
          [
            27.6589976,
            39.5374329
          ],
          [
            27.6587793,
            39.5371038
          ],
          [
            27.6586696,
            39.5368931
          ],
          [
            27.6585959,
            39.5366716
          ]
        ]
      },
      "id": "way/89259229"
    },
    {
      "type": "Feature",
      "properties": {
        "@id": "way/89259236",
        "axle_load": "22.5",
        "bridge": "yes",
        "electrified": "contact_line",
        "frequency": "50",
        "gauge": "1435",
        "layer": "1",
        "operator": "TCDD",
        "railway": "rail",
        "railway:etcs": "yes",
        "source": "bing",
        "usage": "main",
        "voltage": "25000"
      },
      "geometry": {
        "type": "LineString",
        "coordinates": [
          [
            27.6756663,
            39.5501392
          ],
          [
            27.6752722,
            39.5499683
          ]
        ]
      },
      "id": "way/89259236"
    },
    {
      "type": "Feature",
      "properties": {
        "@id": "way/89259237",
        "axle_load": "22.5",
        "electrified": "contact_line",
        "frequency": "50",
        "gauge": "1435",
        "name": "Manisa-Bandırma demiryolu",
        "operator": "TCDD",
        "railway": "rail",
        "railway:etcs": "yes",
        "source": "bing",
        "usage": "main",
        "voltage": "25000"
      },
      "geometry": {
        "type": "LineString",
        "coordinates": [
          [
            27.8133436,
            39.5925848
          ],
          [
            27.8127787,
            39.5923397
          ],
          [
            27.8122438,
            39.5920457
          ],
          [
            27.8096513,
            39.5900796
          ],
          [
            27.8089218,
            39.5897077
          ],
          [
            27.8063367,
            39.5888169
          ],
          [
            27.8011966,
            39.5871188
          ],
          [
            27.8004596,
            39.5869919
          ],
          [
            27.7998461,
            39.5869775
          ],
          [
            27.7992363,
            39.5870582
          ],
          [
            27.7986415,
            39.5872139
          ],
          [
            27.7962144,
            39.5880076
          ],
          [
            27.7957065,
            39.5881177
          ],
          [
            27.7949446,
            39.5882139
          ],
          [
            27.7941196,
            39.5882339
          ],
          [
            27.7934689,
            39.5881728
          ],
          [
            27.7927989,
            39.5880471
          ],
          [
            27.7920168,
            39.5878242
          ],
          [
            27.7891841,
            39.5867174
          ],
          [
            27.7883151,
            39.5865195
          ],
          [
            27.7854467,
            39.5862098
          ],
          [
            27.784762,
            39.5861835
          ],
          [
            27.7841692,
            39.5862404
          ],
          [
            27.7834789,
            39.5864116
          ],
          [
            27.7823759,
            39.586858
          ],
          [
            27.7816127,
            39.587049
          ],
          [
            27.7809164,
            39.5870965
          ],
          [
            27.7801153,
            39.5870158
          ],
          [
            27.7795916,
            39.5868733
          ],
          [
            27.7789877,
            39.5866216
          ],
          [
            27.7785563,
            39.5863414
          ],
          [
            27.7781435,
            39.5859758
          ],
          [
            27.7777244,
            39.5854106
          ],
          [
            27.7775457,
            39.5848693
          ],
          [
            27.7775088,
            39.5840524
          ],
          [
            27.7784084,
            39.5808847
          ],
          [
            27.7784701,
            39.5803528
          ],
          [
            27.7784331,
            39.5799396
          ],
          [
            27.7782729,
            39.5794457
          ],
          [
            27.778125,
            39.5789517
          ],
          [
            27.7778292,
            39.5781918
          ],
          [
            27.7775766,
            39.5778261
          ],
          [
            27.7774464,
            39.5776617
          ],
          [
            27.7771514,
            39.5773891
          ],
          [
            27.7767447,
            39.5771374
          ],
          [
            27.7763257,
            39.5769189
          ],
          [
            27.7759066,
            39.576767
          ],
          [
            27.7754814,
            39.5766672
          ],
          [
            27.7750439,
            39.5766102
          ],
          [
            27.7746372,
            39.5765912
          ],
          [
            27.7742955,
            39.5766146
          ],
          [
            27.7737877,
            39.5766819
          ],
          [
            27.7733124,
            39.5767955
          ],
          [
            27.771677,
            39.577428
          ],
          [
            27.7712803,
            39.5775259
          ],
          [
            27.7708994,
            39.5775809
          ],
          [
            27.7705106,
            39.5775992
          ],
          [
            27.7701694,
            39.5775992
          ],
          [
            27.769733,
            39.5775564
          ],
          [
            27.7694632,
            39.5775075
          ],
          [
            27.7689791,
            39.5773791
          ],
          [
            27.7657734,
            39.576058
          ],
          [
            27.7652815,
            39.5759296
          ],
          [
            27.7647975,
            39.5758623
          ],
          [
            27.7642658,
            39.5758623
          ],
          [
            27.7629724,
            39.5758218
          ],
          [
            27.7625349,
            39.5757885
          ],
          [
            27.7620357,
            39.5756888
          ],
          [
            27.7615428,
            39.5755321
          ],
          [
            27.7610857,
            39.5753164
          ],
          [
            27.7606193,
            39.5749683
          ],
          [
            27.7602426,
            39.5746249
          ],
          [
            27.7601026,
            39.5744799
          ]
        ]
      },
      "id": "way/89259237"
    },
    {
      "type": "Feature",
      "properties": {
        "@id": "way/89259249",
        "axle_load": "22.5",
        "electrified": "contact_line",
        "frequency": "50",
        "gauge": "1435",
        "name": "Manisa-Bandırma demiryolu",
        "operator": "TCDD",
        "railway": "rail",
        "railway:etcs": "yes",
        "source": "bing",
        "usage": "main",
        "voltage": "25000"
      },
      "geometry": {
        "type": "LineString",
        "coordinates": [
          [
            27.6752722,
            39.5499683
          ],
          [
            27.6747988,
            39.5498579
          ],
          [
            27.6742843,
            39.5497938
          ],
          [
            27.673754,
            39.5497527
          ],
          [
            27.673268,
            39.5497429
          ],
          [
            27.6729198,
            39.5497027
          ],
          [
            27.6725813,
            39.5496495
          ]
        ]
      },
      "id": "way/89259249"
    },
    {
      "type": "Feature",
      "properties": {
        "@id": "way/89259250",
        "axle_load": "22.5",
        "electrified": "contact_line",
        "frequency": "50",
        "gauge": "1435",
        "layer": "-1",
        "operator": "TCDD",
        "railway": "rail",
        "railway:etcs": "yes",
        "source": "bing",
        "tunnel": "yes",
        "usage": "main",
        "voltage": "25000"
      },
      "geometry": {
        "type": "LineString",
        "coordinates": [
          [
            27.7094099,
            39.5643092
          ],
          [
            27.7100602,
            39.5654805
          ]
        ]
      },
      "id": "way/89259250"
    },
    {
      "type": "Feature",
      "properties": {
        "@id": "way/89259253",
        "axle_load": "22.5",
        "electrified": "contact_line",
        "frequency": "50",
        "gauge": "1435",
        "name": "Manisa-Bandırma demiryolu",
        "operator": "TCDD",
        "railway": "rail",
        "railway:etcs": "yes",
        "source": "bing",
        "usage": "main",
        "voltage": "25000"
      },
      "geometry": {
        "type": "LineString",
        "coordinates": [
          [
            27.6676653,
            39.4943415
          ],
          [
            27.6671538,
            39.4925654
          ],
          [
            27.666911,
            39.4919095
          ],
          [
            27.6665909,
            39.4912707
          ],
          [
            27.6660721,
            39.4904955
          ],
          [
            27.6654651,
            39.4897204
          ],
          [
            27.6649353,
            39.4891667
          ],
          [
            27.6644832,
            39.4887946
          ],
          [
            27.6639111,
            39.4883421
          ],
          [
            27.6632612,
            39.4878896
          ],
          [
            27.6626607,
            39.4875189
          ],
          [
            27.6588532,
            39.4854854
          ],
          [
            27.6561082,
            39.4840083
          ],
          [
            27.6554607,
            39.4835971
          ],
          [
            27.6550869,
            39.4833242
          ],
          [
            27.6547,
            39.4829496
          ],
          [
            27.6542045,
            39.4823748
          ],
          [
            27.6539337,
            39.4818238
          ],
          [
            27.6537198,
            39.4812183
          ],
          [
            27.6529009,
            39.4787907
          ],
          [
            27.6528282,
            39.4783105
          ],
          [
            27.6528123,
            39.4778524
          ],
          [
            27.6528789,
            39.4774469
          ],
          [
            27.6530108,
            39.4769652
          ],
          [
            27.6532305,
            39.4765487
          ],
          [
            27.6534975,
            39.4761507
          ],
          [
            27.6592205,
            39.4688276
          ],
          [
            27.6595031,
            39.4684514
          ],
          [
            27.6596938,
            39.4680478
          ],
          [
            27.6597856,
            39.4677315
          ],
          [
            27.6598421,
            39.4673498
          ],
          [
            27.6598139,
            39.4669626
          ],
          [
            27.6597079,
            39.4665427
          ],
          [
            27.6595596,
            39.4662155
          ],
          [
            27.6593335,
            39.4658828
          ],
          [
            27.6590015,
            39.4655283
          ],
          [
            27.6586554,
            39.4652611
          ],
          [
            27.6581891,
            39.4649993
          ],
          [
            27.6577865,
            39.4648357
          ],
          [
            27.6572991,
            39.464683
          ],
          [
            27.656741,
            39.4646067
          ],
          [
            27.6560275,
            39.4645903
          ],
          [
            27.6534562,
            39.4646449
          ],
          [
            27.6528487,
            39.4645903
          ],
          [
            27.6523471,
            39.4645085
          ],
          [
            27.6517679,
            39.4643449
          ],
          [
            27.6511321,
            39.4640777
          ],
          [
            27.6505458,
            39.4637886
          ],
          [
            27.6499807,
            39.463456
          ],
          [
            27.6495003,
            39.4631506
          ],
          [
            27.649133,
            39.4628179
          ],
          [
            27.6488504,
            39.4624797
          ],
          [
            27.6486314,
            39.4621034
          ],
          [
            27.6485043,
            39.4617326
          ],
          [
            27.6484336,
            39.4613181
          ],
          [
            27.6484357,
            39.4606761
          ]
        ]
      },
      "id": "way/89259253"
    },
    {
      "type": "Feature",
      "properties": {
        "@id": "way/89259256",
        "axle_load": "22.5",
        "bridge": "yes",
        "electrified": "contact_line",
        "frequency": "50",
        "gauge": "1435",
        "layer": "1",
        "operator": "TCDD",
        "railway": "rail",
        "railway:etcs": "yes",
        "source": "bing",
        "usage": "main",
        "voltage": "25000"
      },
      "geometry": {
        "type": "LineString",
        "coordinates": [
          [
            27.7389597,
            39.5688702
          ],
          [
            27.7383884,
            39.5687152
          ]
        ]
      },
      "id": "way/89259256"
    },
    {
      "type": "Feature",
      "properties": {
        "@id": "way/89259267",
        "axle_load": "22.5",
        "bridge": "yes",
        "electrified": "contact_line",
        "frequency": "50",
        "gauge": "1435",
        "layer": "1",
        "operator": "TCDD",
        "railway": "rail",
        "railway:etcs": "yes",
        "source": "bing",
        "usage": "main",
        "voltage": "25000"
      },
      "geometry": {
        "type": "LineString",
        "coordinates": [
          [
            27.677014,
            39.551244
          ],
          [
            27.6768077,
            39.5509687
          ]
        ]
      },
      "id": "way/89259267"
    },
    {
      "type": "Feature",
      "properties": {
        "@id": "way/89259268",
        "axle_load": "22.5",
        "electrified": "contact_line",
        "frequency": "50",
        "gauge": "1435",
        "name": "Manisa-Bandırma demiryolu",
        "operator": "TCDD",
        "railway": "rail",
        "railway:etcs": "yes",
        "source": "bing",
        "usage": "main",
        "voltage": "25000"
      },
      "geometry": {
        "type": "LineString",
        "coordinates": [
          [
            27.7100602,
            39.5654805
          ],
          [
            27.711125,
            39.5668258
          ],
          [
            27.7117391,
            39.5676943
          ],
          [
            27.7120042,
            39.5681745
          ],
          [
            27.7120925,
            39.5686104
          ],
          [
            27.7121146,
            39.5690566
          ],
          [
            27.7120351,
            39.5694551
          ],
          [
            27.7118981,
            39.569782
          ],
          [
            27.7116772,
            39.5701669
          ],
          [
            27.7111117,
            39.5707594
          ],
          [
            27.7107494,
            39.571008
          ],
          [
            27.710365,
            39.571243
          ],
          [
            27.7099763,
            39.5713997
          ],
          [
            27.7095212,
            39.5715257
          ],
          [
            27.7091236,
            39.57157
          ],
          [
            27.7086729,
            39.5715972
          ],
          [
            27.7081162,
            39.571587
          ],
          [
            27.7070471,
            39.5715734
          ],
          [
            27.7062695,
            39.5716551
          ],
          [
            27.7053682,
            39.5718731
          ],
          [
            27.7049087,
            39.5719684
          ],
          [
            27.7044713,
            39.5720365
          ],
          [
            27.7041125,
            39.5720642
          ],
          [
            27.7038087,
            39.5720761
          ],
          [
            27.7032334,
            39.5720761
          ],
          [
            27.7026779,
            39.5719767
          ],
          [
            27.7021493,
            39.5717672
          ],
          [
            27.7016903,
            39.571533
          ],
          [
            27.7013566,
            39.5713061
          ],
          [
            27.7010723,
            39.571064
          ],
          [
            27.7007915,
            39.5707587
          ],
          [
            27.7005481,
            39.5703644
          ],
          [
            27.699554,
            39.5687807
          ],
          [
            27.699015,
            39.5679838
          ],
          [
            27.6987941,
            39.5675955
          ],
          [
            27.6986828,
            39.567191
          ],
          [
            27.6986197,
            39.5667987
          ],
          [
            27.698646,
            39.5664164
          ],
          [
            27.698673,
            39.5661672
          ],
          [
            27.698768,
            39.5658861
          ],
          [
            27.6990455,
            39.5652652
          ],
          [
            27.6996947,
            39.5636596
          ],
          [
            27.6997976,
            39.5631818
          ],
          [
            27.6997929,
            39.5627052
          ],
          [
            27.6996621,
            39.5622562
          ],
          [
            27.6994491,
            39.5617986
          ],
          [
            27.6992034,
            39.5614705
          ],
          [
            27.6988469,
            39.5611235
          ],
          [
            27.6983869,
            39.5608019
          ],
          [
            27.69782,
            39.5605332
          ],
          [
            27.6973138,
            39.5603909
          ],
          [
            27.6967654,
            39.5603107
          ],
          [
            27.6961925,
            39.5603002
          ],
          [
            27.6956059,
            39.5603704
          ],
          [
            27.6950504,
            39.5604851
          ],
          [
            27.6946735,
            39.5606304
          ],
          [
            27.6937983,
            39.5609679
          ],
          [
            27.6930398,
            39.5611836
          ],
          [
            27.6924749,
            39.5612607
          ],
          [
            27.69198,
            39.56126
          ],
          [
            27.6893997,
            39.5610633
          ],
          [
            27.6888343,
            39.5609716
          ],
          [
            27.6883582,
            39.5608033
          ],
          [
            27.6878127,
            39.5605816
          ],
          [
            27.6874688,
            39.5603202
          ],
          [
            27.6870909,
            39.5599746
          ],
          [
            27.6843439,
            39.5574152
          ],
          [
            27.684087,
            39.557135
          ],
          [
            27.6833222,
            39.5560579
          ],
          [
            27.6829708,
            39.5556898
          ],
          [
            27.6825442,
            39.5553564
          ],
          [
            27.68213,
            39.5551147
          ],
          [
            27.6815378,
            39.5548974
          ],
          [
            27.6805599,
            39.5545771
          ],
          [
            27.6801898,
            39.5544226
          ],
          [
            27.6798426,
            39.554212
          ],
          [
            27.6790115,
            39.5536517
          ],
          [
            27.6785557,
            39.5533245
          ],
          [
            27.6782132,
            39.5530102
          ],
          [
            27.6779329,
            39.5526855
          ],
          [
            27.6771714,
            39.5514892
          ],
          [
            27.677014,
            39.551244
          ]
        ]
      },
      "id": "way/89259268"
    },
    {
      "type": "Feature",
      "properties": {
        "@id": "way/89259277",
        "axle_load": "22.5",
        "electrified": "contact_line",
        "frequency": "50",
        "gauge": "1435",
        "name": "Manisa-Bandırma demiryolu",
        "operator": "TCDD",
        "railway": "rail",
        "railway:etcs": "yes",
        "source": "bing",
        "usage": "main",
        "voltage": "25000"
      },
      "geometry": {
        "type": "LineString",
        "coordinates": [
          [
            27.6768077,
            39.5509687
          ],
          [
            27.6763808,
            39.5505741
          ],
          [
            27.6760335,
            39.5503221
          ],
          [
            27.6756663,
            39.5501392
          ]
        ]
      },
      "id": "way/89259277"
    },
    {
      "type": "Feature",
      "properties": {
        "@id": "way/89259278",
        "axle_load": "22.5",
        "electrified": "contact_line",
        "frequency": "50",
        "gauge": "1435",
        "name": "Manisa-Bandırma demiryolu",
        "operator": "TCDD",
        "railway": "rail",
        "railway:etcs": "yes",
        "source": "bing",
        "usage": "main",
        "voltage": "25000"
      },
      "geometry": {
        "type": "LineString",
        "coordinates": [
          [
            27.710276,
            39.5615056
          ],
          [
            27.7097386,
            39.5620647
          ],
          [
            27.7095403,
            39.5624026
          ],
          [
            27.7094255,
            39.5626962
          ],
          [
            27.7092846,
            39.5630985
          ],
          [
            27.7092325,
            39.5634323
          ],
          [
            27.709269,
            39.5638265
          ],
          [
            27.7093003,
            39.5640598
          ],
          [
            27.7094099,
            39.5643092
          ]
        ]
      },
      "id": "way/89259278"
    },
    {
      "type": "Feature",
      "properties": {
        "@id": "way/89340979",
        "axle_load": "22.5",
        "electrified": "contact_line",
        "frequency": "50",
        "gauge": "1435",
        "layer": "-1",
        "name": "Manisa-Bandırma demiryolu",
        "operator": "TCDD",
        "railway": "rail",
        "railway:etcs": "yes",
        "source": "bing",
        "tunnel": "yes",
        "usage": "main",
        "voltage": "25000"
      },
      "geometry": {
        "type": "LineString",
        "coordinates": [
          [
            27.6484357,
            39.4606761
          ],
          [
            27.6485538,
            39.4603696
          ],
          [
            27.6487282,
            39.460046
          ],
          [
            27.6491873,
            39.4593752
          ],
          [
            27.6495971,
            39.4589934
          ],
          [
            27.650028,
            39.4587752
          ],
          [
            27.6504447,
            39.4586334
          ],
          [
            27.6508964,
            39.4585652
          ]
        ]
      },
      "id": "way/89340979"
    },
    {
      "type": "Feature",
      "properties": {
        "@id": "way/89340996",
        "axle_load": "22.5",
        "electrified": "contact_line",
        "frequency": "50",
        "gauge": "1435",
        "name": "Manisa-Bandırma demiryolu",
        "operator": "TCDD",
        "railway": "rail",
        "railway:etcs": "yes",
        "source": "bing",
        "usage": "main",
        "voltage": "25000"
      },
      "geometry": {
        "type": "LineString",
        "coordinates": [
          [
            27.6508964,
            39.4585652
          ],
          [
            27.6514593,
            39.4585312
          ],
          [
            27.6523534,
            39.4585738
          ],
          [
            27.6541746,
            39.4587357
          ],
          [
            27.654662,
            39.458797
          ],
          [
            27.6551,
            39.4588789
          ],
          [
            27.6555874,
            39.4590152
          ],
          [
            27.6573464,
            39.4596261
          ],
          [
            27.658081,
            39.4599042
          ],
          [
            27.6585967,
            39.4601714
          ],
          [
            27.6589994,
            39.4603842
          ],
          [
            27.6593667,
            39.460695
          ],
          [
            27.6606806,
            39.4617913
          ],
          [
            27.6610267,
            39.4620094
          ],
          [
            27.66138,
            39.4621839
          ],
          [
            27.661825,
            39.4623475
          ],
          [
            27.6623336,
            39.4624403
          ],
          [
            27.6628281,
            39.4625002
          ],
          [
            27.6633226,
            39.4624784
          ],
          [
            27.6637959,
            39.4624293
          ],
          [
            27.664248,
            39.4623257
          ],
          [
            27.6646294,
            39.4621894
          ],
          [
            27.6651592,
            39.4619167
          ],
          [
            27.6657738,
            39.4614258
          ]
        ]
      },
      "id": "way/89340996"
    },
    {
      "type": "Feature",
      "properties": {
        "@id": "way/89341000",
        "axle_load": "22.5",
        "electrified": "contact_line",
        "frequency": "50",
        "gauge": "1435",
        "layer": "-1",
        "name": "Manisa-Bandırma demiryolu",
        "operator": "TCDD",
        "railway": "rail",
        "railway:etcs": "yes",
        "source": "bing",
        "tunnel": "yes",
        "usage": "main",
        "voltage": "25000"
      },
      "geometry": {
        "type": "LineString",
        "coordinates": [
          [
            27.6657738,
            39.4614258
          ],
          [
            27.6660528,
            39.4610686
          ],
          [
            27.6662436,
            39.4607141
          ],
          [
            27.6663637,
            39.4602833
          ],
          [
            27.666399,
            39.4596233
          ],
          [
            27.6663707,
            39.458778
          ],
          [
            27.6662776,
            39.4583208
          ]
        ]
      },
      "id": "way/89341000"
    },
    {
      "type": "Feature",
      "properties": {
        "@id": "way/89341037",
        "axle_load": "22.5",
        "electrified": "contact_line",
        "frequency": "50",
        "gauge": "1435",
        "name": "Manisa-Bandırma demiryolu",
        "operator": "TCDD",
        "railway": "rail",
        "railway:etcs": "yes",
        "source": "bing",
        "usage": "main",
        "voltage": "25000"
      },
      "geometry": {
        "type": "LineString",
        "coordinates": [
          [
            27.6662776,
            39.4583208
          ],
          [
            27.6661562,
            39.4577925
          ],
          [
            27.666112,
            39.4572215
          ],
          [
            27.6661235,
            39.4568158
          ],
          [
            27.6661765,
            39.4563249
          ],
          [
            27.6664061,
            39.4550772
          ],
          [
            27.666459,
            39.4545523
          ],
          [
            27.6663266,
            39.454
          ],
          [
            27.6661412,
            39.4535432
          ],
          [
            27.6658674,
            39.4531409
          ],
          [
            27.6655142,
            39.4527864
          ],
          [
            27.6650727,
            39.4524727
          ],
          [
            27.6645517,
            39.4522
          ],
          [
            27.6638718,
            39.4519955
          ],
          [
            27.6632714,
            39.4519205
          ],
          [
            27.6627857,
            39.4519136
          ],
          [
            27.6621676,
            39.4519955
          ],
          [
            27.661629,
            39.4521318
          ],
          [
            27.6598188,
            39.4528614
          ],
          [
            27.6578409,
            39.4538364
          ],
          [
            27.6572846,
            39.4540545
          ],
          [
            27.6566841,
            39.4542659
          ],
          [
            27.6554832,
            39.4546273
          ],
          [
            27.6548916,
            39.4547363
          ],
          [
            27.6544678,
            39.45475
          ],
          [
            27.6540086,
            39.4547159
          ],
          [
            27.653417,
            39.4546204
          ],
          [
            27.6529048,
            39.4544636
          ],
          [
            27.6524015,
            39.4542318
          ],
          [
            27.6495317,
            39.4528137
          ],
          [
            27.6490726,
            39.4524932
          ],
          [
            27.6487105,
            39.4521182
          ],
          [
            27.6484456,
            39.4517227
          ],
          [
            27.6483043,
            39.451375
          ],
          [
            27.6482337,
            39.4509864
          ],
          [
            27.6481807,
            39.4505841
          ],
          [
            27.648216,
            39.4501545
          ],
          [
            27.648375,
            39.4497113
          ],
          [
            27.648631,
            39.4492954
          ],
          [
            27.6489489,
            39.4489477
          ],
          [
            27.6492492,
            39.4486954
          ],
          [
            27.6502116,
            39.448034
          ],
          [
            27.6505737,
            39.4477135
          ],
          [
            27.6508297,
            39.4473726
          ],
          [
            27.6511123,
            39.4468816
          ],
          [
            27.6512359,
            39.4463293
          ],
          [
            27.6512271,
            39.4458792
          ],
          [
            27.6511388,
            39.4455042
          ],
          [
            27.6509092,
            39.4450542
          ],
          [
            27.650662,
            39.4446518
          ],
          [
            27.6503176,
            39.4442973
          ],
          [
            27.6499467,
            39.444045
          ],
          [
            27.6495229,
            39.4437926
          ],
          [
            27.6489313,
            39.4435744
          ],
          [
            27.6484721,
            39.4434722
          ],
          [
            27.6472846,
            39.4432782
          ],
          [
            27.6464571,
            39.443143
          ],
          [
            27.645733,
            39.4430203
          ],
          [
            27.6450884,
            39.4428225
          ],
          [
            27.6444791,
            39.4425361
          ],
          [
            27.6436238,
            39.4420716
          ],
          [
            27.6372429,
            39.4376766
          ],
          [
            27.6357425,
            39.4366194
          ],
          [
            27.6354105,
            39.4363571
          ],
          [
            27.6351879,
            39.4361446
          ],
          [
            27.6348936,
            39.4357756
          ],
          [
            27.6346464,
            39.4353391
          ],
          [
            27.6344461,
            39.4347793
          ],
          [
            27.6343825,
            39.4343047
          ],
          [
            27.6343825,
            39.4337973
          ],
          [
            27.6344463,
            39.4332451
          ],
          [
            27.6346708,
            39.4326875
          ],
          [
            27.6349463,
            39.4322456
          ],
          [
            27.6353638,
            39.431817
          ],
          [
            27.6358018,
            39.4314514
          ],
          [
            27.6363386,
            39.4311404
          ],
          [
            27.6369038,
            39.4309003
          ],
          [
            27.6374972,
            39.4307148
          ],
          [
            27.6412362,
            39.4297582
          ],
          [
            27.6450786,
            39.428846
          ],
          [
            27.653688,
            39.4268353
          ],
          [
            27.6542752,
            39.4266181
          ],
          [
            27.654752,
            39.4263589
          ],
          [
            27.65522,
            39.4259837
          ],
          [
            27.6555587,
            39.425706
          ],
          [
            27.6558236,
            39.4253334
          ],
          [
            27.6560063,
            39.4249237
          ],
          [
            27.6561061,
            39.4244552
          ],
          [
            27.6560849,
            39.424206
          ]
        ]
      },
      "id": "way/89341037"
    },
    {
      "type": "Feature",
      "properties": {
        "@id": "way/89341185",
        "axle_load": "22.5",
        "bridge": "yes",
        "electrified": "contact_line",
        "frequency": "50",
        "gauge": "1435",
        "layer": "1",
        "operator": "TCDD",
        "railway": "rail",
        "railway:etcs": "yes",
        "source": "bing",
        "usage": "main",
        "voltage": "25000"
      },
      "geometry": {
        "type": "LineString",
        "coordinates": [
          [
            27.6549494,
            39.4213609
          ],
          [
            27.6548169,
            39.4212464
          ]
        ]
      },
      "id": "way/89341185"
    },
    {
      "type": "Feature",
      "properties": {
        "@id": "way/89350377",
        "axle_load": "22.5",
        "electrified": "contact_line",
        "frequency": "50",
        "gauge": "1435",
        "name": "Manisa-Bandırma demiryolu",
        "operator": "TCDD",
        "railway": "rail",
        "railway:etcs": "yes",
        "source": "bing",
        "usage": "main",
        "voltage": "25000"
      },
      "geometry": {
        "type": "LineString",
        "coordinates": [
          [
            27.6548169,
            39.4212464
          ],
          [
            27.6545097,
            39.4209839
          ],
          [
            27.6538695,
            39.4206094
          ],
          [
            27.6528111,
            39.4200536
          ],
          [
            27.6525982,
            39.4199364
          ],
          [
            27.6521253,
            39.4196165
          ],
          [
            27.6519157,
            39.4193515
          ],
          [
            27.651727,
            39.4190266
          ],
          [
            27.6516072,
            39.4187195
          ],
          [
            27.651494,
            39.4184559
          ],
          [
            27.6514136,
            39.4181264
          ],
          [
            27.6513973,
            39.4178461
          ],
          [
            27.6508774,
            39.4029896
          ],
          [
            27.6503409,
            39.3847248
          ],
          [
            27.6501544,
            39.3791958
          ],
          [
            27.650151,
            39.3790762
          ],
          [
            27.6501029,
            39.3769524
          ],
          [
            27.6500295,
            39.3752179
          ],
          [
            27.6499616,
            39.3742328
          ],
          [
            27.6499576,
            39.3740576
          ],
          [
            27.6499499,
            39.373019
          ],
          [
            27.6508475,
            39.361578
          ],
          [
            27.650961,
            39.3609373
          ],
          [
            27.651131,
            39.3602974
          ],
          [
            27.6513124,
            39.3597539
          ],
          [
            27.6515845,
            39.3591403
          ],
          [
            27.6519133,
            39.3585179
          ],
          [
            27.6523895,
            39.357843
          ],
          [
            27.6540221,
            39.3558004
          ],
          [
            27.6577402,
            39.3512592
          ],
          [
            27.6580945,
            39.3507332
          ],
          [
            27.6582306,
            39.3503891
          ],
          [
            27.658389,
            39.3499128
          ],
          [
            27.6584286,
            39.3495206
          ],
          [
            27.658406,
            39.3489951
          ],
          [
            27.6582533,
            39.3484691
          ],
          [
            27.6580832,
            39.348057
          ],
          [
            27.6577771,
            39.3475573
          ],
          [
            27.6573916,
            39.3471627
          ],
          [
            27.6528793,
            39.3428841
          ],
          [
            27.6524954,
            39.3424622
          ],
          [
            27.6524485,
            39.3424106
          ],
          [
            27.6521311,
            39.3419635
          ],
          [
            27.6519156,
            39.3414812
          ],
          [
            27.651859,
            39.3409551
          ],
          [
            27.6519156,
            39.3404816
          ],
          [
            27.6520857,
            39.3399994
          ],
          [
            27.6523465,
            39.339596
          ],
          [
            27.6527433,
            39.3391313
          ],
          [
            27.6532308,
            39.3388244
          ],
          [
            27.6536503,
            39.3385964
          ],
          [
            27.6542171,
            39.3383948
          ],
          [
            27.6559631,
            39.3380528
          ],
          [
            27.6564619,
            39.3378599
          ],
          [
            27.6569835,
            39.3375881
          ],
          [
            27.6574143,
            39.3372461
          ],
          [
            27.6577771,
            39.3368515
          ],
          [
            27.6580432,
            39.3364435
          ],
          [
            27.6581883,
            39.3360731
          ],
          [
            27.6582463,
            39.335613
          ],
          [
            27.6582173,
            39.3352257
          ],
          [
            27.6581375,
            39.3348441
          ],
          [
            27.6579633,
            39.3344569
          ],
          [
            27.6577732,
            39.3341504
          ],
          [
            27.6575817,
            39.333917
          ],
          [
            27.6573379,
            39.333688
          ],
          [
            27.6570128,
            39.3334366
          ],
          [
            27.6565658,
            39.3331896
          ],
          [
            27.656235,
            39.3330325
          ],
          [
            27.6558054,
            39.3328933
          ],
          [
            27.6552888,
            39.33279
          ],
          [
            27.6546909,
            39.3327676
          ],
          [
            27.6541743,
            39.3328125
          ],
          [
            27.6536286,
            39.3329472
          ],
          [
            27.6526825,
            39.3332255
          ],
          [
            27.6521775,
            39.3333423
          ],
          [
            27.6516202,
            39.3334096
          ],
          [
            27.6510745,
            39.3333872
          ],
          [
            27.6504941,
            39.3333019
          ],
          [
            27.6500877,
            39.3332076
          ],
          [
            27.6495653,
            39.3329921
          ],
          [
            27.6488281,
            39.3326149
          ],
          [
            27.648416,
            39.3324488
          ],
          [
            27.6480096,
            39.3323321
          ],
          [
            27.6474582,
            39.3322198
          ],
          [
            27.6462218,
            39.3320178
          ],
          [
            27.6457342,
            39.3318786
          ],
          [
            27.6453627,
            39.3317214
          ],
          [
            27.6450318,
            39.3315688
          ],
          [
            27.6446893,
            39.3313263
          ],
          [
            27.6441785,
            39.3308683
          ],
          [
            27.6438476,
            39.3305989
          ],
          [
            27.6434239,
            39.3303206
          ],
          [
            27.6429769,
            39.330123
          ],
          [
            27.6424603,
            39.329912
          ],
          [
            27.641874,
            39.3297638
          ],
          [
            27.6407189,
            39.3295079
          ],
          [
            27.6401094,
            39.3293283
          ],
          [
            27.6395695,
            39.3291038
          ],
          [
            27.6389368,
            39.3287356
          ],
          [
            27.6383796,
            39.3283315
          ],
          [
            27.6380429,
            39.3280037
          ],
          [
            27.637683,
            39.3276041
          ],
          [
            27.6373928,
            39.3271775
          ],
          [
            27.6368424,
            39.3258282
          ],
          [
            27.6301528,
            39.3114827
          ],
          [
            27.6275831,
            39.3061022
          ],
          [
            27.6272078,
            39.3055134
          ],
          [
            27.6268059,
            39.3049346
          ],
          [
            27.6263777,
            39.3044053
          ],
          [
            27.6258263,
            39.303853
          ],
          [
            27.6252243,
            39.303338
          ],
          [
            27.622842,
            39.3015437
          ],
          [
            27.616914,
            39.2972483
          ],
          [
            27.6148345,
            39.2958666
          ],
          [
            27.6135732,
            39.2948685
          ],
          [
            27.6121986,
            39.2936402
          ],
          [
            27.60955,
            39.2911613
          ],
          [
            27.6060623,
            39.2879639
          ],
          [
            27.6026028,
            39.2848805
          ],
          [
            27.6017461,
            39.2840306
          ],
          [
            27.6011304,
            39.2832191
          ],
          [
            27.6006454,
            39.2824365
          ],
          [
            27.6003667,
            39.2819787
          ],
          [
            27.598048,
            39.278169
          ],
          [
            27.5976272,
            39.277595
          ],
          [
            27.5971123,
            39.2770689
          ],
          [
            27.5965498,
            39.2766337
          ],
          [
            27.5929927,
            39.2747467
          ],
          [
            27.5922784,
            39.2743138
          ],
          [
            27.5918535,
            39.2739281
          ],
          [
            27.5916267,
            39.2736225
          ],
          [
            27.5914094,
            39.2732425
          ],
          [
            27.591338,
            39.2728363
          ],
          [
            27.5913374,
            39.2723107
          ],
          [
            27.5913774,
            39.2718759
          ],
          [
            27.591502,
            39.2715436
          ],
          [
            27.5917848,
            39.271037
          ],
          [
            27.592139,
            39.2706509
          ],
          [
            27.5925771,
            39.2703116
          ],
          [
            27.5931213,
            39.2700571
          ],
          [
            27.5938015,
            39.2698464
          ],
          [
            27.596001,
            39.269232
          ],
          [
            27.5965792,
            39.2689336
          ],
          [
            27.5971127,
            39.2685939
          ],
          [
            27.5974802,
            39.2681974
          ],
          [
            27.5977823,
            39.2677099
          ],
          [
            27.5979704,
            39.2671689
          ],
          [
            27.598011,
            39.2666835
          ],
          [
            27.5978891,
            39.2660804
          ],
          [
            27.5976743,
            39.2655512
          ],
          [
            27.5972268,
            39.265056
          ],
          [
            27.5967866,
            39.2646966
          ],
          [
            27.5961891,
            39.264391
          ],
          [
            27.5948139,
            39.2637889
          ],
          [
            27.5940503,
            39.2632937
          ],
          [
            27.5935195,
            39.2627624
          ],
          [
            27.5930913,
            39.2621206
          ],
          [
            27.5916541,
            39.2597194
          ],
          [
            27.5913053,
            39.2590471
          ],
          [
            27.5910933,
            39.2583449
          ],
          [
            27.5901509,
            39.2536332
          ],
          [
            27.5899922,
            39.2530362
          ],
          [
            27.5897654,
            39.2525709
          ],
          [
            27.5894026,
            39.2520091
          ],
          [
            27.5890058,
            39.2515525
          ],
          [
            27.585082,
            39.2468572
          ],
          [
            27.58361,
            39.2449721
          ]
        ]
      },
      "id": "way/89350377"
    },
    {
      "type": "Feature",
      "properties": {
        "@id": "way/89785309",
        "electrified": "contact_line",
        "frequency": "50",
        "gauge": "1435",
        "operator": "TCDD",
        "railway": "rail",
        "railway:etcs": "yes",
        "usage": "main",
        "voltage": "25000"
      },
      "geometry": {
        "type": "LineString",
        "coordinates": [
          [
            30.0265889,
            40.0245105
          ],
          [
            30.0269029,
            40.0231433
          ],
          [
            30.0269242,
            40.0230295
          ],
          [
            30.0269671,
            40.0227618
          ],
          [
            30.026975,
            40.0224919
          ],
          [
            30.0269134,
            40.0220825
          ],
          [
            30.0268096,
            40.0217802
          ],
          [
            30.0266374,
            40.0214314
          ],
          [
            30.0264638,
            40.0211625
          ],
          [
            30.0245888,
            40.0184606
          ]
        ]
      },
      "id": "way/89785309"
    },
    {
      "type": "Feature",
      "properties": {
        "@id": "way/96178208",
        "electrified": "contact_line",
        "frequency": "50",
        "gauge": "1435",
        "highspeed": "yes",
        "maxspeed": "250",
        "name": "Ankara - İstanbul yüksek hızlı demiryolu",
        "name:en": "Ankara - İstanbul high-speed railway",
        "operator": "TCDD",
        "passenger_lines": "1",
        "railway": "rail",
        "railway:bidirectional": "possible",
        "railway:etcs": "1",
        "railway:preferred_direction": "forward",
        "usage": "main",
        "voltage": "25000",
        "wikidata": "Q513146",
        "wikipedia": "en:Ankara–Istanbul high-speed railway"
      },
      "geometry": {
        "type": "LineString",
        "coordinates": [
          [
            30.6521216,
            39.7977586
          ],
          [
            30.7265998,
            39.8060932
          ],
          [
            30.7278675,
            39.8062248
          ],
          [
            30.7287943,
            39.806298
          ],
          [
            30.7297326,
            39.806359
          ],
          [
            30.7310134,
            39.8063977
          ],
          [
            30.7563455,
            39.8065918
          ],
          [
            30.760486,
            39.8066174
          ],
          [
            30.7643228,
            39.8066421
          ],
          [
            30.7655849,
            39.8066297
          ],
          [
            30.766596,
            39.8066047
          ],
          [
            30.7693589,
            39.8065135
          ],
          [
            30.7708278,
            39.806428
          ],
          [
            30.7722896,
            39.8063043
          ],
          [
            30.7734162,
            39.8061874
          ],
          [
            30.7747921,
            39.8060262
          ],
          [
            30.7767354,
            39.8057337
          ],
          [
            30.779407,
            39.8052572
          ],
          [
            30.7817121,
            39.80474
          ],
          [
            30.8415716,
            39.7902939
          ],
          [
            30.8470739,
            39.7889182
          ],
          [
            30.8488887,
            39.7884452
          ],
          [
            30.8505561,
            39.7880241
          ],
          [
            30.8526357,
            39.787563
          ],
          [
            30.8536335,
            39.7873487
          ],
          [
            30.8547334,
            39.7871549
          ],
          [
            30.8568039,
            39.7868108
          ],
          [
            30.8586548,
            39.7865766
          ],
          [
            30.8999219,
            39.7810152
          ],
          [
            30.9023638,
            39.7806241
          ],
          [
            30.9058368,
            39.7799118
          ],
          [
            30.9072911,
            39.7795399
          ],
          [
            30.9086805,
            39.7791462
          ],
          [
            30.9104009,
            39.7786234
          ],
          [
            30.9121244,
            39.7780516
          ],
          [
            30.9132697,
            39.7776393
          ],
          [
            30.9150455,
            39.7769794
          ],
          [
            30.9169383,
            39.7762088
          ],
          [
            30.9189378,
            39.7752783
          ],
          [
            30.9224404,
            39.773467
          ],
          [
            30.9244378,
            39.7723208
          ],
          [
            30.9257955,
            39.771503
          ],
          [
            30.9324952,
            39.7667792
          ],
          [
            30.934826,
            39.7653978
          ],
          [
            30.9372326,
            39.764041
          ],
          [
            30.9386857,
            39.7632371
          ],
          [
            30.9401046,
            39.7625752
          ],
          [
            30.9417005,
            39.7618062
          ],
          [
            30.9431531,
            39.7611954
          ],
          [
            30.9449835,
            39.7604412
          ],
          [
            30.9467941,
            39.7597689
          ],
          [
            30.9486447,
            39.7591402
          ],
          [
            30.9499242,
            39.7587361
          ],
          [
            30.9510329,
            39.7584262
          ],
          [
            30.9538241,
            39.7576329
          ],
          [
            30.9551303,
            39.7573154
          ],
          [
            30.9566051,
            39.7569832
          ],
          [
            30.9600388,
            39.7563176
          ],
          [
            30.9622945,
            39.7559792
          ],
          [
            30.9645261,
            39.7557029
          ],
          [
            30.9660241,
            39.7555478
          ],
          [
            30.9702553,
            39.7552472
          ],
          [
            30.9725529,
            39.7551978
          ],
          [
            30.9739487,
            39.7551781
          ],
          [
            30.9754346,
            39.7551781
          ],
          [
            30.978935,
            39.7553328
          ],
          [
            30.9817485,
            39.7555492
          ],
          [
            30.9851501,
            39.7557969
          ],
          [
            30.9891863,
            39.7561307
          ],
          [
            30.9939497,
            39.7564629
          ],
          [
            30.9989482,
            39.75687
          ],
          [
            31.0045209,
            39.757289
          ]
        ]
      },
      "id": "way/96178208"
    },
    {
      "type": "Feature",
      "properties": {
        "@id": "way/96178229",
        "axle_load": "22.5",
        "bridge": "yes",
        "electrified": "contact_line",
        "frequency": "50",
        "gauge": "1435",
        "layer": "1",
        "name": "İstanbul - Ankara demiryolu",
        "name:en": "İstanbul - Ankara railway",
        "operator": "TCDD",
        "passenger_lines": "1",
        "railway": "rail",
        "railway:bidirectional": "regular",
        "railway:preferred_direction": "both",
        "source": "bing",
        "usage": "main",
        "voltage": "25000",
        "wikidata": "Q15103266",
        "wikipedia": "en:Istanbul–Ankara railway"
      },
      "geometry": {
        "type": "LineString",
        "coordinates": [
          [
            30.6516644,
            39.7978461
          ],
          [
            30.6521175,
            39.7978952
          ]
        ]
      },
      "id": "way/96178229"
    },
    {
      "type": "Feature",
      "properties": {
        "@id": "way/96178265",
        "axle_load": "22.5",
        "electrified": "contact_line",
        "frequency": "50",
        "gauge": "1435",
        "name": "İstanbul - Ankara demiryolu",
        "name:en": "İstanbul - Ankara railway",
        "operator": "TCDD",
        "passenger_lines": "1",
        "railway": "rail",
        "railway:bidirectional": "regular",
        "railway:preferred_direction": "both",
        "source": "bing",
        "usage": "main",
        "voltage": "25000",
        "wikidata": "Q15103266",
        "wikipedia": "en:Istanbul–Ankara railway"
      },
      "geometry": {
        "type": "LineString",
        "coordinates": [
          [
            30.6521175,
            39.7978952
          ],
          [
            30.7266006,
            39.8061947
          ],
          [
            30.7278026,
            39.8063362
          ],
          [
            30.7284135,
            39.806409
          ],
          [
            30.7290799,
            39.8064487
          ],
          [
            30.7297085,
            39.8064801
          ],
          [
            30.730615,
            39.8065018
          ],
          [
            30.7559418,
            39.8067279
          ],
          [
            30.7710511,
            39.8068543
          ],
          [
            30.7720048,
            39.8068494
          ],
          [
            30.772595,
            39.8068336
          ],
          [
            30.7730438,
            39.8068025
          ],
          [
            30.77354,
            39.8067538
          ],
          [
            30.7741353,
            39.8066706
          ],
          [
            30.7745811,
            39.8066097
          ],
          [
            30.7751563,
            39.8064936
          ],
          [
            30.7759167,
            39.8063119
          ],
          [
            30.776644,
            39.8061371
          ],
          [
            30.8524458,
            39.7878429
          ],
          [
            30.8535157,
            39.7875988
          ],
          [
            30.8548349,
            39.787297
          ],
          [
            30.8558142,
            39.7871162
          ],
          [
            30.8573985,
            39.7868989
          ],
          [
            30.8999384,
            39.7811862
          ],
          [
            30.9312123,
            39.7769493
          ],
          [
            30.9322585,
            39.7767481
          ],
          [
            30.9331694,
            39.7765447
          ],
          [
            30.9344384,
            39.7762278
          ],
          [
            30.9354434,
            39.7759258
          ],
          [
            30.9365054,
            39.7755357
          ],
          [
            30.9379811,
            39.7749634
          ],
          [
            30.9454558,
            39.7717453
          ],
          [
            30.9459417,
            39.7715282
          ],
          [
            30.9572466,
            39.7666719
          ],
          [
            30.9577,
            39.7664758
          ],
          [
            30.9589193,
            39.7659994
          ],
          [
            30.9724845,
            39.7602094
          ],
          [
            30.972965,
            39.7600214
          ],
          [
            30.9735959,
            39.7597852
          ],
          [
            30.9741072,
            39.7596157
          ],
          [
            30.9747742,
            39.7594507
          ],
          [
            30.9755141,
            39.7592807
          ],
          [
            30.9761704,
            39.7591702
          ],
          [
            30.9768255,
            39.7590927
          ],
          [
            30.978178,
            39.7589756
          ],
          [
            30.9988399,
            39.7571625
          ],
          [
            30.9998911,
            39.7571145
          ],
          [
            31.0009826,
            39.7571325
          ],
          [
            31.0046576,
            39.7574008
          ]
        ]
      },
      "id": "way/96178265"
    },
    {
      "type": "Feature",
      "properties": {
        "@id": "way/96178508",
        "bridge": "yes",
        "electrified": "contact_line",
        "frequency": "50",
        "gauge": "1435",
        "highspeed": "yes",
        "layer": "1",
        "maxspeed": "250",
        "name": "Ankara - İstanbul yüksek hızlı demiryolu",
        "name:en": "Ankara - İstanbul high-speed railway",
        "operator": "TCDD",
        "passenger_lines": "1",
        "railway": "rail",
        "railway:bidirectional": "possible",
        "railway:etcs": "1",
        "railway:preferred_direction": "forward",
        "usage": "main",
        "voltage": "25000",
        "wikidata": "Q513146",
        "wikipedia": "en:Ankara–Istanbul high-speed railway"
      },
      "geometry": {
        "type": "LineString",
        "coordinates": [
          [
            30.6516393,
            39.797704
          ],
          [
            30.6521216,
            39.7977586
          ]
        ]
      },
      "id": "way/96178508"
    },
    {
      "type": "Feature",
      "properties": {
        "@id": "way/96178556",
        "axle_load": "22.5",
        "electrified": "contact_line",
        "frequency": "50",
        "gauge": "1435",
        "name": "İstanbul - Ankara demiryolu",
        "name:en": "İstanbul - Ankara railway",
        "operator": "TCDD",
        "passenger_lines": "1",
        "railway": "rail",
        "railway:bidirectional": "regular",
        "railway:preferred_direction": "both",
        "source": "bing",
        "usage": "main",
        "voltage": "25000",
        "wikidata": "Q15103266",
        "wikipedia": "en:Istanbul–Ankara railway"
      },
      "geometry": {
        "type": "LineString",
        "coordinates": [
          [
            30.5266228,
            39.7830686
          ],
          [
            30.5345409,
            39.7844249
          ],
          [
            30.5369736,
            39.7848393
          ],
          [
            30.5392375,
            39.785167
          ],
          [
            30.5406644,
            39.7853525
          ],
          [
            30.5453368,
            39.7858832
          ],
          [
            30.5509009,
            39.7865091
          ],
          [
            30.5528484,
            39.7867465
          ],
          [
            30.563569,
            39.7879663
          ],
          [
            30.6030805,
            39.792418
          ],
          [
            30.6049186,
            39.7926206
          ],
          [
            30.6089889,
            39.793057
          ],
          [
            30.6204506,
            39.7943205
          ],
          [
            30.6250859,
            39.7948324
          ],
          [
            30.6277964,
            39.7951323
          ],
          [
            30.6308003,
            39.7954601
          ],
          [
            30.6312481,
            39.7955055
          ],
          [
            30.6317246,
            39.7955436
          ],
          [
            30.6323771,
            39.7955795
          ],
          [
            30.633075,
            39.795588
          ],
          [
            30.6381834,
            39.7955633
          ],
          [
            30.6388129,
            39.7955928
          ],
          [
            30.6394208,
            39.7956758
          ],
          [
            30.640106,
            39.795816
          ],
          [
            30.6407288,
            39.7960195
          ],
          [
            30.6413675,
            39.7962837
          ],
          [
            30.6421106,
            39.796621
          ]
        ]
      },
      "id": "way/96178556"
    },
    {
      "type": "Feature",
      "properties": {
        "@id": "way/106403484",
        "electrified": "contact_line",
        "frequency": "50",
        "gauge": "1435",
        "maxspeed": "60",
        "name": "Tavşanlı-Tunçbilek şube demiryolu",
        "operator": "TCDD",
        "passenger_lines": "1",
        "railway": "rail",
        "source": "bing",
        "usage": "branch",
        "voltage": "25000"
      },
      "geometry": {
        "type": "LineString",
        "coordinates": [
          [
            29.4562291,
            39.5711813
          ],
          [
            29.4558252,
            39.5699296
          ],
          [
            29.4557131,
            39.5693911
          ],
          [
            29.4556269,
            39.5688394
          ],
          [
            29.4555579,
            39.5682411
          ],
          [
            29.4555752,
            39.5675364
          ],
          [
            29.455601,
            39.5668451
          ],
          [
            29.4556959,
            39.5661936
          ],
          [
            29.4558511,
            39.5655222
          ],
          [
            29.4560667,
            39.5648574
          ],
          [
            29.4562478,
            39.5643455
          ],
          [
            29.4565384,
            39.5637537
          ],
          [
            29.4592655,
            39.5584795
          ],
          [
            29.4593043,
            39.5584131
          ]
        ]
      },
      "id": "way/106403484"
    },
    {
      "type": "Feature",
      "properties": {
        "@id": "way/118106790",
        "axle_load": "22.5",
        "electrified": "contact_line",
        "frequency": "50",
        "gauge": "1435",
        "layer": "-1",
        "name": "Manisa-Bandırma demiryolu",
        "operator": "TCDD",
        "railway": "rail",
        "railway:etcs": "no",
        "tunnel": "yes",
        "usage": "main",
        "voltage": "25000"
      },
      "geometry": {
        "type": "LineString",
        "coordinates": [
          [
            28.0220446,
            39.8048885
          ],
          [
            28.0210722,
            39.8048316
          ],
          [
            28.0203176,
            39.8046731
          ],
          [
            28.0197061,
            39.8044085
          ],
          [
            28.019197,
            39.8040833
          ]
        ]
      },
      "id": "way/118106790"
    },
    {
      "type": "Feature",
      "properties": {
        "@id": "way/118106791",
        "axle_load": "22.5",
        "electrified": "contact_line",
        "frequency": "50",
        "gauge": "1435",
        "name": "Manisa-Bandırma demiryolu",
        "operator": "TCDD",
        "railway": "rail",
        "railway:etcs": "no",
        "usage": "main",
        "voltage": "25000"
      },
      "geometry": {
        "type": "LineString",
        "coordinates": [
          [
            28.019197,
            39.8040833
          ],
          [
            28.0186817,
            39.8034731
          ],
          [
            28.0175349,
            39.8018454
          ],
          [
            28.0171365,
            39.8014503
          ],
          [
            28.0168336,
            39.8012316
          ],
          [
            28.0160144,
            39.8007444
          ],
          [
            28.0156668,
            39.8004805
          ],
          [
            28.0152135,
            39.8000307
          ],
          [
            28.014868,
            39.799506
          ]
        ]
      },
      "id": "way/118106791"
    },
    {
      "type": "Feature",
      "properties": {
        "@id": "way/118106792",
        "axle_load": "22.5",
        "electrified": "contact_line",
        "frequency": "50",
        "gauge": "1435",
        "layer": "-1",
        "name": "Manisa-Bandırma demiryolu",
        "operator": "TCDD",
        "railway": "rail",
        "railway:etcs": "no",
        "tunnel": "yes",
        "usage": "main",
        "voltage": "25000"
      },
      "geometry": {
        "type": "LineString",
        "coordinates": [
          [
            28.0266062,
            39.8131463
          ],
          [
            28.0263619,
            39.8124822
          ],
          [
            28.0261634,
            39.8118158
          ],
          [
            28.0260387,
            39.8111232
          ],
          [
            28.0259752,
            39.8104308
          ],
          [
            28.0259899,
            39.8100952
          ]
        ]
      },
      "id": "way/118106792"
    },
    {
      "type": "Feature",
      "properties": {
        "@id": "way/118106793",
        "axle_load": "22.5",
        "electrified": "contact_line",
        "frequency": "50",
        "gauge": "1435",
        "name": "Manisa-Bandırma demiryolu",
        "operator": "TCDD",
        "railway": "rail",
        "railway:etcs": "no",
        "usage": "main",
        "voltage": "25000"
      },
      "geometry": {
        "type": "LineString",
        "coordinates": [
          [
            28.0259899,
            39.8100952
          ],
          [
            28.026078,
            39.8097297
          ],
          [
            28.0266219,
            39.8086524
          ],
          [
            28.0267676,
            39.8082421
          ],
          [
            28.0268335,
            39.8078027
          ],
          [
            28.0267948,
            39.8073357
          ],
          [
            28.0265819,
            39.8067158
          ],
          [
            28.0263743,
            39.8063886
          ],
          [
            28.02611,
            39.8060856
          ],
          [
            28.0258539,
            39.805867
          ]
        ]
      },
      "id": "way/118106793"
    },
    {
      "type": "Feature",
      "properties": {
        "@id": "way/123065990",
        "electrified": "contact_line",
        "frequency": "50",
        "gauge": "1435",
        "name": "İstanbul - Ankara demiryolu",
        "operator": "TCDD",
        "railway": "rail",
        "railway:etcs": "yes",
        "source": "bing",
        "usage": "main",
        "voltage": "25000"
      },
      "geometry": {
        "type": "LineString",
        "coordinates": [
          [
            30.0110645,
            40.078875
          ],
          [
            30.0119576,
            40.0773138
          ],
          [
            30.0122673,
            40.0766066
          ],
          [
            30.0125323,
            40.0759128
          ],
          [
            30.0129827,
            40.0751873
          ],
          [
            30.0136582,
            40.0744426
          ],
          [
            30.014036,
            40.074044
          ],
          [
            30.0142325,
            40.0737629
          ],
          [
            30.0143892,
            40.0735016
          ],
          [
            30.0145217,
            40.0731417
          ],
          [
            30.0145824,
            40.0728746
          ],
          [
            30.0146012,
            40.0723861
          ],
          [
            30.0146576,
            40.0717684
          ],
          [
            30.0144431,
            40.0700155
          ],
          [
            30.0144198,
            40.0693594
          ],
          [
            30.0142207,
            40.0668782
          ],
          [
            30.0141956,
            40.0666766
          ],
          [
            30.0142286,
            40.0663767
          ],
          [
            30.0143576,
            40.0659389
          ]
        ]
      },
      "id": "way/123065990"
    },
    {
      "type": "Feature",
      "properties": {
        "@id": "way/123065991",
        "electrified": "contact_line",
        "frequency": "50",
        "gauge": "1435",
        "name": "İstanbul - Ankara demiryolu",
        "operator": "TCDD",
        "railway": "rail",
        "railway:etcs": "yes",
        "usage": "main",
        "voltage": "25000"
      },
      "geometry": {
        "type": "LineString",
        "coordinates": [
          [
            30.019069,
            40.0509248
          ],
          [
            30.0189428,
            40.0506221
          ],
          [
            30.0188518,
            40.0502749
          ],
          [
            30.0187769,
            40.0498907
          ]
        ]
      },
      "id": "way/123065991"
    },
    {
      "type": "Feature",
      "properties": {
        "@id": "way/123065992",
        "electrified": "contact_line",
        "frequency": "50",
        "gauge": "1435",
        "layer": "-1",
        "name": "İstanbul - Ankara demiryolu",
        "operator": "TCDD",
        "railway": "rail",
        "railway:etcs": "yes",
        "source": "bing",
        "tunnel": "yes",
        "usage": "main",
        "voltage": "25000"
      },
      "geometry": {
        "type": "LineString",
        "coordinates": [
          [
            30.0168258,
            40.0597757
          ],
          [
            30.0173507,
            40.059063
          ]
        ]
      },
      "id": "way/123065992"
    },
    {
      "type": "Feature",
      "properties": {
        "@id": "way/123065993",
        "electrified": "contact_line",
        "frequency": "50",
        "gauge": "1435",
        "layer": "-1",
        "name": "İstanbul - Ankara demiryolu",
        "operator": "TCDD",
        "railway": "rail",
        "railway:etcs": "yes",
        "tunnel": "yes",
        "usage": "main",
        "voltage": "25000"
      },
      "geometry": {
        "type": "LineString",
        "coordinates": [
          [
            30.0193853,
            40.0516512
          ],
          [
            30.019069,
            40.0509248
          ]
        ]
      },
      "id": "way/123065993"
    },
    {
      "type": "Feature",
      "properties": {
        "@id": "way/123065994",
        "electrified": "contact_line",
        "frequency": "50",
        "gauge": "1435",
        "name": "İstanbul - Ankara demiryolu",
        "operator": "TCDD",
        "railway": "rail",
        "railway:etcs": "yes",
        "source": "bing",
        "usage": "main",
        "voltage": "25000"
      },
      "geometry": {
        "type": "LineString",
        "coordinates": [
          [
            30.0166518,
            40.0601201
          ],
          [
            30.0168258,
            40.0597757
          ]
        ]
      },
      "id": "way/123065994"
    },
    {
      "type": "Feature",
      "properties": {
        "@id": "way/123065995",
        "electrified": "contact_line",
        "frequency": "50",
        "gauge": "1435",
        "layer": "-1",
        "name": "İstanbul - Ankara demiryolu",
        "operator": "TCDD",
        "railway": "rail",
        "railway:etcs": "yes",
        "source": "bing",
        "tunnel": "yes",
        "usage": "main",
        "voltage": "25000"
      },
      "geometry": {
        "type": "LineString",
        "coordinates": [
          [
            30.0204938,
            40.054587
          ],
          [
            30.0201617,
            40.0537299
          ]
        ]
      },
      "id": "way/123065995"
    },
    {
      "type": "Feature",
      "properties": {
        "@id": "way/123065996",
        "bridge": "yes",
        "electrified": "contact_line",
        "frequency": "50",
        "gauge": "1435",
        "layer": "1",
        "name": "İstanbul - Ankara demiryolu",
        "operator": "TCDD",
        "railway": "rail",
        "railway:etcs": "yes",
        "source": "bing",
        "usage": "main",
        "voltage": "25000"
      },
      "geometry": {
        "type": "LineString",
        "coordinates": [
          [
            30.0092335,
            40.0832129
          ],
          [
            30.009369,
            40.0829584
          ],
          [
            30.0095489,
            40.0825794
          ],
          [
            30.0096973,
            40.0820536
          ]
        ]
      },
      "id": "way/123065996"
    },
    {
      "type": "Feature",
      "properties": {
        "@id": "way/123065997",
        "electrified": "contact_line",
        "frequency": "50",
        "gauge": "1435",
        "name": "İstanbul - Ankara demiryolu",
        "operator": "TCDD",
        "railway": "rail",
        "railway:etcs": "yes",
        "source": "bing",
        "usage": "main",
        "voltage": "25000"
      },
      "geometry": {
        "type": "LineString",
        "coordinates": [
          [
            30.0173507,
            40.059063
          ],
          [
            30.0179335,
            40.0584625
          ]
        ]
      },
      "id": "way/123065997"
    },
    {
      "type": "Feature",
      "properties": {
        "@id": "way/123065998",
        "electrified": "contact_line",
        "frequency": "50",
        "gauge": "1435",
        "layer": "-1",
        "operator": "TCDD",
        "railway": "rail",
        "railway:etcs": "yes",
        "source": "bing",
        "tunnel": "yes",
        "usage": "main",
        "voltage": "25000"
      },
      "geometry": {
        "type": "LineString",
        "coordinates": [
          [
            30.0106701,
            40.0797393
          ],
          [
            30.0110645,
            40.078875
          ]
        ]
      },
      "id": "way/123065998"
    },
    {
      "type": "Feature",
      "properties": {
        "@id": "way/123065999",
        "electrified": "contact_line",
        "frequency": "50",
        "gauge": "1435",
        "name": "İstanbul - Ankara demiryolu",
        "operator": "TCDD",
        "railway": "rail",
        "railway:etcs": "yes",
        "source": "bing",
        "usage": "main",
        "voltage": "25000"
      },
      "geometry": {
        "type": "LineString",
        "coordinates": [
          [
            30.0201617,
            40.0537299
          ],
          [
            30.0199144,
            40.0528108
          ],
          [
            30.0196414,
            40.052224
          ]
        ]
      },
      "id": "way/123065999"
    },
    {
      "type": "Feature",
      "properties": {
        "@id": "way/123066000",
        "electrified": "contact_line",
        "frequency": "50",
        "gauge": "1435",
        "layer": "-1",
        "name": "İstanbul - Ankara demiryolu",
        "operator": "TCDD",
        "railway": "rail",
        "railway:etcs": "yes",
        "source": "bing",
        "tunnel": "yes",
        "usage": "main",
        "voltage": "25000"
      },
      "geometry": {
        "type": "LineString",
        "coordinates": [
          [
            30.0164034,
            40.0626485
          ],
          [
            30.01655,
            40.0619742
          ],
          [
            30.0164655,
            40.060746
          ],
          [
            30.0166518,
            40.0601201
          ]
        ]
      },
      "id": "way/123066000"
    },
    {
      "type": "Feature",
      "properties": {
        "@id": "way/123066001",
        "bridge": "yes",
        "electrified": "contact_line",
        "frequency": "50",
        "gauge": "1435",
        "layer": "1",
        "name": "İstanbul-Ankara demiryolu",
        "operator": "TCDD",
        "railway": "rail",
        "railway:etcs": "yes",
        "source": "bing",
        "usage": "main",
        "voltage": "25000"
      },
      "geometry": {
        "type": "LineString",
        "coordinates": [
          [
            30.0143576,
            40.0659389
          ],
          [
            30.0149375,
            40.0649884
          ]
        ]
      },
      "id": "way/123066001"
    },
    {
      "type": "Feature",
      "properties": {
        "@id": "way/123066002",
        "electrified": "contact_line",
        "frequency": "50",
        "gauge": "1435",
        "name": "İstanbul - Ankara demiryolu",
        "operator": "TCDD",
        "railway": "rail",
        "railway:etcs": "yes",
        "source": "bing",
        "usage": "main",
        "voltage": "25000"
      },
      "geometry": {
        "type": "LineString",
        "coordinates": [
          [
            30.0096973,
            40.0820536
          ],
          [
            30.0098223,
            40.0813969
          ],
          [
            30.0100972,
            40.0808523
          ],
          [
            30.0106701,
            40.0797393
          ]
        ]
      },
      "id": "way/123066002"
    },
    {
      "type": "Feature",
      "properties": {
        "@id": "way/123066003",
        "cutting": "yes",
        "electrified": "contact_line",
        "frequency": "50",
        "gauge": "1435",
        "name": "İstanbul - Ankara demiryolu",
        "operator": "TCDD",
        "railway": "rail",
        "railway:etcs": "yes",
        "source": "bing",
        "usage": "main",
        "voltage": "25000"
      },
      "geometry": {
        "type": "LineString",
        "coordinates": [
          [
            30.0205002,
            40.0555127
          ],
          [
            30.0205921,
            40.055261
          ],
          [
            30.0205961,
            40.0550169
          ]
        ]
      },
      "id": "way/123066003"
    },
    {
      "type": "Feature",
      "properties": {
        "@id": "way/123066004",
        "electrified": "contact_line",
        "frequency": "50",
        "gauge": "1435",
        "name": "İstanbul - Ankara demiryolu",
        "operator": "TCDD",
        "railway": "rail",
        "railway:etcs": "yes",
        "source": "bing",
        "usage": "main",
        "voltage": "25000"
      },
      "geometry": {
        "type": "LineString",
        "coordinates": [
          [
            30.0149375,
            40.0649884
          ],
          [
            30.0158635,
            40.0636899
          ],
          [
            30.0162123,
            40.0631544
          ],
          [
            30.0164034,
            40.0626485
          ]
        ]
      },
      "id": "way/123066004"
    },
    {
      "type": "Feature",
      "properties": {
        "@id": "way/123066005",
        "electrified": "contact_line",
        "frequency": "50",
        "gauge": "1435",
        "layer": "-1",
        "name": "İstanbul - Ankara demiryolu",
        "operator": "TCDD",
        "railway": "rail",
        "railway:etcs": "yes",
        "source": "bing",
        "tunnel": "yes",
        "usage": "main",
        "voltage": "25000"
      },
      "geometry": {
        "type": "LineString",
        "coordinates": [
          [
            30.0179335,
            40.0584625
          ],
          [
            30.0203391,
            40.0557758
          ],
          [
            30.0205002,
            40.0555127
          ]
        ]
      },
      "id": "way/123066005"
    },
    {
      "type": "Feature",
      "properties": {
        "@id": "way/149709983",
        "axle_load": "22.5",
        "electrified": "contact_line",
        "frequency": "50",
        "gauge": "1435",
        "name": "Manisa-Bandırma demiryolu",
        "operator": "TCDD",
        "railway": "rail",
        "railway:etcs": "no",
        "usage": "main",
        "voltage": "25000"
      },
      "geometry": {
        "type": "LineString",
        "coordinates": [
          [
            28.1505488,
            39.9210607
          ],
          [
            28.1503184,
            39.92087
          ],
          [
            28.150023,
            39.9206667
          ],
          [
            28.1496973,
            39.9204975
          ],
          [
            28.1493289,
            39.9203399
          ],
          [
            28.1489478,
            39.9202325
          ],
          [
            28.1485532,
            39.9201394
          ],
          [
            28.1483399,
            39.9201041
          ],
          [
            28.1476776,
            39.9200827
          ],
          [
            28.1458531,
            39.9200438
          ],
          [
            28.1453726,
            39.9199875
          ],
          [
            28.1448939,
            39.9199095
          ],
          [
            28.1439373,
            39.9196624
          ],
          [
            28.1430415,
            39.9193082
          ],
          [
            28.1421915,
            39.9188586
          ],
          [
            28.1414175,
            39.9183331
          ],
          [
            28.1407158,
            39.9177308
          ],
          [
            28.1398798,
            39.9171985
          ],
          [
            28.1388749,
            39.9168424
          ],
          [
            28.1383217,
            39.9167256
          ],
          [
            28.1377609,
            39.9166614
          ],
          [
            28.1371748,
            39.9166536
          ],
          [
            28.1365911,
            39.9166944
          ],
          [
            28.1360177,
            39.9168073
          ],
          [
            28.1354569,
            39.916963
          ],
          [
            28.1343226,
            39.9173347
          ],
          [
            28.133739,
            39.9174301
          ],
          [
            28.1331391,
            39.9174445
          ],
          [
            28.1325286,
            39.9173892
          ],
          [
            28.1319576,
            39.917255
          ],
          [
            28.1315719,
            39.9171207
          ],
          [
            28.1312979,
            39.9170097
          ],
          [
            28.1309477,
            39.9168034
          ],
          [
            28.1305493,
            39.9164784
          ],
          [
            28.1302169,
            39.9160892
          ],
          [
            28.1299673,
            39.9157065
          ],
          [
            28.1272765,
            39.9099161
          ],
          [
            28.1262451,
            39.9077505
          ],
          [
            28.1259919,
            39.9073033
          ],
          [
            28.1256569,
            39.9068848
          ],
          [
            28.1252433,
            39.9065305
          ],
          [
            28.1247891,
            39.9061957
          ],
          [
            28.123736,
            39.9056877
          ],
          [
            28.1225586,
            39.9053626
          ],
          [
            28.1219877,
            39.9053528
          ],
          [
            28.1211808,
            39.9054307
          ],
          [
            28.1188158,
            39.9059504
          ],
          [
            28.11792,
            39.9061081
          ],
          [
            28.1172907,
            39.9061315
          ],
          [
            28.1166665,
            39.9060594
          ],
          [
            28.1161424,
            39.9059069
          ],
          [
            28.1156058,
            39.9057168
          ],
          [
            28.1146967,
            39.9051835
          ],
          [
            28.1141427,
            39.9044939
          ],
          [
            28.1138321,
            39.9037352
          ],
          [
            28.1136907,
            39.9028641
          ],
          [
            28.1135758,
            39.9024505
          ],
          [
            28.1134129,
            39.9020308
          ],
          [
            28.1130792,
            39.9016789
          ],
          [
            28.1126863,
            39.9013354
          ],
          [
            28.1118255,
            39.9008617
          ],
          [
            28.1107171,
            39.9003468
          ],
          [
            28.1103604,
            39.9000347
          ],
          [
            28.1099668,
            39.8996327
          ],
          [
            28.1095244,
            39.8987856
          ],
          [
            28.1089798,
            39.8974174
          ]
        ]
      },
      "id": "way/149709983"
    },
    {
      "type": "Feature",
      "properties": {
        "@id": "way/149709984",
        "axle_load": "22.5",
        "electrified": "contact_line",
        "frequency": "50",
        "gauge": "1435",
        "name": "Manisa-Bandırma demiryolu",
        "operator": "TCDD",
        "railway": "rail",
        "railway:etcs": "no",
        "usage": "main",
        "voltage": "25000"
      },
      "geometry": {
        "type": "LineString",
        "coordinates": [
          [
            27.9939742,
            39.7566501
          ],
          [
            27.9935341,
            39.7562376
          ],
          [
            27.9929529,
            39.7556141
          ],
          [
            27.9924215,
            39.755044
          ],
          [
            27.9896491,
            39.7520658
          ],
          [
            27.9891497,
            39.7514457
          ],
          [
            27.9889961,
            39.7511061
          ],
          [
            27.9888981,
            39.75073
          ],
          [
            27.9888774,
            39.7500294
          ],
          [
            27.9891003,
            39.7493493
          ],
          [
            27.9895549,
            39.7487152
          ],
          [
            27.9907621,
            39.7476119
          ],
          [
            27.9911231,
            39.746979
          ],
          [
            27.9912479,
            39.746632
          ],
          [
            27.9912863,
            39.7462776
          ],
          [
            27.9912911,
            39.7459306
          ],
          [
            27.9912095,
            39.7455762
          ],
          [
            27.989771,
            39.7412476
          ],
          [
            27.9893368,
            39.7405101
          ],
          [
            27.9886888,
            39.7398096
          ],
          [
            27.9883911,
            39.7394219
          ],
          [
            27.9881271,
            39.7390195
          ],
          [
            27.9879878,
            39.7385654
          ],
          [
            27.9879413,
            39.7380714
          ],
          [
            27.9879974,
            39.7375833
          ],
          [
            27.9881968,
            39.737104
          ],
          [
            27.9884728,
            39.7366787
          ],
          [
            27.9888329,
            39.7362283
          ],
          [
            27.9891545,
            39.7357926
          ],
          [
            27.9893713,
            39.7353231
          ],
          [
            27.9894522,
            39.7348806
          ],
          [
            27.9894618,
            39.7344228
          ],
          [
            27.9893562,
            39.7339834
          ],
          [
            27.9891641,
            39.7335329
          ],
          [
            27.9889049,
            39.73316
          ],
          [
            27.988516,
            39.7328055
          ],
          [
            27.9880598,
            39.7325028
          ],
          [
            27.9875653,
            39.7322443
          ],
          [
            27.9870036,
            39.7320707
          ],
          [
            27.9864034,
            39.7319747
          ],
          [
            27.985784,
            39.73196
          ],
          [
            27.9851499,
            39.7320303
          ],
          [
            27.9845597,
            39.7321889
          ],
          [
            27.9840084,
            39.7323853
          ],
          [
            27.982977,
            39.7327931
          ],
          [
            27.9819368,
            39.7331216
          ],
          [
            27.9813861,
            39.7331895
          ],
          [
            27.9808243,
            39.733208
          ],
          [
            27.9802289,
            39.7331083
          ],
          [
            27.9796555,
            39.7329528
          ],
          [
            27.9785231,
            39.7325504
          ],
          [
            27.9774201,
            39.7321002
          ],
          [
            27.9759166,
            39.7315268
          ],
          [
            27.9750785,
            39.7311904
          ],
          [
            27.9744993,
            39.730906
          ],
          [
            27.9740131,
            39.730572
          ],
          [
            27.9686243,
            39.7261205
          ],
          [
            27.9682821,
            39.7258026
          ],
          [
            27.9679756,
            39.7254133
          ],
          [
            27.967776,
            39.7250186
          ],
          [
            27.9676762,
            39.7246677
          ],
          [
            27.9676477,
            39.7242346
          ],
          [
            27.9676762,
            39.7238124
          ],
          [
            27.9677903,
            39.7234342
          ],
          [
            27.9679614,
            39.7231271
          ],
          [
            27.9682037,
            39.7228037
          ],
          [
            27.9684603,
            39.7224966
          ],
          [
            27.968774,
            39.7222444
          ],
          [
            27.9706273,
            39.7209615
          ],
          [
            27.9710621,
            39.7207477
          ],
          [
            27.9715896,
            39.7205722
          ],
          [
            27.9720814,
            39.7204735
          ],
          [
            27.9725661,
            39.7204077
          ],
          [
            27.9738848,
            39.7203968
          ],
          [
            27.9743909,
            39.7203529
          ],
          [
            27.9748899,
            39.7202487
          ],
          [
            27.9752463,
            39.7201281
          ],
          [
            27.9756526,
            39.7199307
          ],
          [
            27.9760589,
            39.719695
          ],
          [
            27.9763725,
            39.7194318
          ],
          [
            27.9766577,
            39.7190974
          ],
          [
            27.9769285,
            39.7186971
          ],
          [
            27.9770925,
            39.7182804
          ],
          [
            27.9771566,
            39.7178637
          ],
          [
            27.9771638,
            39.7174909
          ],
          [
            27.9768187,
            39.7157827
          ],
          [
            27.9766862,
            39.7152702
          ],
          [
            27.9765008,
            39.7149029
          ],
          [
            27.9763013,
            39.7146287
          ],
          [
            27.976066,
            39.7143381
          ],
          [
            27.975731,
            39.7140694
          ],
          [
            27.9754102,
            39.7138556
          ],
          [
            27.9750396,
            39.7136691
          ],
          [
            27.9743695,
            39.7134004
          ],
          [
            27.9739062,
            39.7132085
          ],
          [
            27.9734999,
            39.7130111
          ],
          [
            27.973115,
            39.7127699
          ],
          [
            27.9727158,
            39.7124518
          ],
          [
            27.9704919,
            39.710412
          ],
          [
            27.9699858,
            39.709913
          ],
          [
            27.9697505,
            39.7096278
          ],
          [
            27.9695367,
            39.709244
          ],
          [
            27.9694013,
            39.7089533
          ],
          [
            27.9693228,
            39.7086024
          ],
          [
            27.9692587,
            39.7079992
          ],
          [
            27.9691874,
            39.7075769
          ],
          [
            27.9690947,
            39.7072369
          ],
          [
            27.9688952,
            39.7068202
          ],
          [
            27.9686671,
            39.706524
          ],
          [
            27.9680398,
            39.7058715
          ],
          [
            27.9676549,
            39.7054547
          ],
          [
            27.9673769,
            39.7050873
          ],
          [
            27.9671844,
            39.7047144
          ],
          [
            27.9670276,
            39.7042427
          ],
          [
            27.9669634,
            39.7038808
          ],
          [
            27.9669349,
            39.7034421
          ],
          [
            27.9669919,
            39.7030637
          ],
          [
            27.9670917,
            39.7026962
          ],
          [
            27.9672913,
            39.7022465
          ],
          [
            27.9675907,
            39.701742
          ],
          [
            27.9678972,
            39.7013526
          ],
          [
            27.9688809,
            39.7000967
          ],
          [
            27.9691732,
            39.6996963
          ],
          [
            27.9694398,
            39.6992878
          ],
          [
            27.9695659,
            39.6988422
          ],
          [
            27.9695752,
            39.6983931
          ],
          [
            27.9695425,
            39.6972325
          ],
          [
            27.96965,
            39.6968085
          ],
          [
            27.9698227,
            39.6964132
          ],
          [
            27.9700656,
            39.6960539
          ],
          [
            27.9704018,
            39.6957233
          ],
          [
            27.9707334,
            39.6954538
          ],
          [
            27.9712316,
            39.6951657
          ],
          [
            27.971744,
            39.6949686
          ],
          [
            27.9725681,
            39.6947458
          ],
          [
            27.9730137,
            39.6946087
          ],
          [
            27.9734257,
            39.6944459
          ],
          [
            27.9738044,
            39.6942316
          ],
          [
            27.9741942,
            39.6939402
          ],
          [
            27.9745395,
            39.6935889
          ],
          [
            27.9747957,
            39.6932375
          ],
          [
            27.9749739,
            39.6927833
          ],
          [
            27.975063,
            39.6923119
          ],
          [
            27.9750518,
            39.6918834
          ],
          [
            27.9749405,
            39.6914549
          ],
          [
            27.9747511,
            39.6910349
          ],
          [
            27.9744727,
            39.6906493
          ],
          [
            27.9741497,
            39.6903236
          ],
          [
            27.9737153,
            39.6900236
          ],
          [
            27.9732364,
            39.6897836
          ],
          [
            27.9726795,
            39.6895951
          ],
          [
            27.9716549,
            39.6893808
          ],
          [
            27.9709755,
            39.6892265
          ],
          [
            27.9703629,
            39.6890723
          ],
          [
            27.9698283,
            39.6888666
          ],
          [
            27.9692864,
            39.6885805
          ],
          [
            27.9687909,
            39.6882318
          ],
          [
            27.9683769,
            39.6878369
          ],
          [
            27.9680583,
            39.6874338
          ],
          [
            27.9677929,
            39.6869899
          ],
          [
            27.9676266,
            39.6865133
          ],
          [
            27.9675416,
            39.6860775
          ],
          [
            27.9673334,
            39.6831068
          ],
          [
            27.9672889,
            39.6824982
          ],
          [
            27.9672221,
            39.6820097
          ],
          [
            27.9670216,
            39.6814697
          ],
          [
            27.9667766,
            39.6810068
          ],
          [
            27.9663524,
            39.6804966
          ],
          [
            27.9659412,
            39.6801239
          ],
          [
            27.965195,
            39.6796696
          ],
          [
            27.9648129,
            39.679497
          ],
          [
            27.9643708,
            39.6793439
          ],
          [
            27.9633127,
            39.6790696
          ]
        ]
      },
      "id": "way/149709984"
    },
    {
      "type": "Feature",
      "properties": {
        "@id": "way/149709985",
        "axle_load": "22.5",
        "bridge": "yes",
        "electrified": "contact_line",
        "frequency": "50",
        "gauge": "1435",
        "layer": "1",
        "name": "Manisa-Bandırma demiryolu",
        "operator": "TCDD",
        "railway": "rail",
        "railway:etcs": "no",
        "usage": "main",
        "voltage": "25000"
      },
      "geometry": {
        "type": "LineString",
        "coordinates": [
          [
            28.1507532,
            39.9212192
          ],
          [
            28.1505488,
            39.9210607
          ]
        ]
      },
      "id": "way/149709985"
    },
    {
      "type": "Feature",
      "properties": {
        "@id": "way/149723993",
        "axle_load": "22.5",
        "electrified": "contact_line",
        "frequency": "50",
        "gauge": "1435",
        "maxspeed": "75",
        "name": "Alayunt-Balıkesir demiryolu",
        "operator": "TCDD",
        "passenger_lines": "1",
        "railway": "rail",
        "railway:etcs": "2",
        "source": "bing",
        "usage": "main",
        "voltage": "25000"
      },
      "geometry": {
        "type": "LineString",
        "coordinates": [
          [
            28.4676745,
            39.5429221
          ],
          [
            28.4678707,
            39.5431732
          ],
          [
            28.4706227,
            39.5466942
          ],
          [
            28.470899,
            39.5469673
          ],
          [
            28.4714862,
            39.5474705
          ],
          [
            28.4735616,
            39.5491633
          ],
          [
            28.4739535,
            39.5495443
          ],
          [
            28.474388,
            39.5500567
          ],
          [
            28.4751037,
            39.5510618
          ],
          [
            28.4762283,
            39.5526975
          ],
          [
            28.4773273,
            39.5542609
          ],
          [
            28.4779322,
            39.5551346
          ],
          [
            28.4781878,
            39.5556272
          ],
          [
            28.4783539,
            39.5561232
          ],
          [
            28.4784221,
            39.5566617
          ],
          [
            28.4784476,
            39.5572594
          ],
          [
            28.4784008,
            39.558642
          ],
          [
            28.4783667,
            39.5591806
          ],
          [
            28.4782304,
            39.5596469
          ],
          [
            28.4779237,
            39.5604482
          ],
          [
            28.4775744,
            39.5611575
          ],
          [
            28.4774211,
            39.5615976
          ],
          [
            28.4773444,
            39.5620048
          ],
          [
            28.4773614,
            39.5624711
          ],
          [
            28.4774211,
            39.562898
          ],
          [
            28.4776,
            39.5633971
          ],
          [
            28.4778385,
            39.5638437
          ],
          [
            28.4782048,
            39.56431
          ],
          [
            28.4784689,
            39.5646121
          ],
          [
            28.4788864,
            39.5650193
          ],
          [
            28.4793293,
            39.565328
          ],
          [
            28.4796871,
            39.5654987
          ],
          [
            28.4801472,
            39.5656563
          ],
          [
            28.4806754,
            39.5657745
          ],
          [
            28.4812973,
            39.5658336
          ],
          [
            28.4821236,
            39.5657942
          ],
          [
            28.4869966,
            39.5655578
          ],
          [
            28.4874736,
            39.5655381
          ],
          [
            28.4879422,
            39.5655709
          ],
          [
            28.4885811,
            39.5656892
          ],
          [
            28.4891689,
            39.5658665
          ],
          [
            28.4898334,
            39.5661357
          ],
          [
            28.4906556,
            39.5665528
          ],
          [
            28.4911242,
            39.5667367
          ],
          [
            28.4916525,
            39.5668681
          ],
          [
            28.4921467,
            39.5669272
          ],
          [
            28.4926834,
            39.5669535
          ],
          [
            28.4932117,
            39.5668878
          ],
          [
            28.4942938,
            39.5667105
          ],
          [
            28.4949242,
            39.5666382
          ],
          [
            28.495444,
            39.5666251
          ],
          [
            28.4960915,
            39.5666711
          ],
          [
            28.4967391,
            39.5668024
          ],
          [
            28.4973355,
            39.5669732
          ],
          [
            28.4978126,
            39.5671899
          ],
          [
            28.4983153,
            39.5674592
          ],
          [
            28.4996018,
            39.5683328
          ],
          [
            28.5001216,
            39.5686218
          ],
          [
            28.5008288,
            39.5689502
          ],
          [
            28.5015359,
            39.5692326
          ],
          [
            28.5023113,
            39.5694427
          ],
          [
            28.5031548,
            39.5696135
          ],
          [
            28.5039898,
            39.5696989
          ],
          [
            28.5046799,
            39.5697055
          ],
          [
            28.5054637,
            39.5696726
          ],
          [
            28.5061965,
            39.5695807
          ],
          [
            28.5081391,
            39.56918
          ],
          [
            28.508744,
            39.5691144
          ],
          [
            28.509349,
            39.5691275
          ],
          [
            28.5101158,
            39.5692457
          ],
          [
            28.5107804,
            39.5694296
          ],
          [
            28.5111808,
            39.5696332
          ],
          [
            28.5116239,
            39.569955
          ],
          [
            28.5124844,
            39.5707103
          ],
          [
            28.5131405,
            39.5711372
          ],
          [
            28.5137113,
            39.5713671
          ],
          [
            28.5143759,
            39.5715182
          ],
          [
            28.5149808,
            39.5715641
          ],
          [
            28.5155176,
            39.5715379
          ],
          [
            28.5161311,
            39.5714393
          ],
          [
            28.5166678,
            39.571262
          ],
          [
            28.5170853,
            39.5710584
          ],
          [
            28.5174858,
            39.5707957
          ],
          [
            28.5178521,
            39.5704345
          ],
          [
            28.5181759,
            39.5700864
          ],
          [
            28.5204593,
            39.5661062
          ],
          [
            28.521797,
            39.5637745
          ],
          [
            28.5221037,
            39.5633607
          ],
          [
            28.5224531,
            39.5629994
          ],
          [
            28.5229387,
            39.5625725
          ],
          [
            28.5233306,
            39.5622834
          ],
          [
            28.5238759,
            39.5619879
          ],
          [
            28.5243957,
            39.5617448
          ],
          [
            28.524958,
            39.5615675
          ],
          [
            28.5255033,
            39.5614361
          ],
          [
            28.5261508,
            39.561331
          ],
          [
            28.5269262,
            39.5612785
          ],
          [
            28.5297464,
            39.5613376
          ],
          [
            28.5298875,
            39.5613331
          ],
          [
            28.5303598,
            39.5613179
          ],
          [
            28.5313311,
            39.5611996
          ],
          [
            28.5352248,
            39.5605756
          ],
          [
            28.5357744,
            39.5604673
          ],
          [
            28.5362855,
            39.5603031
          ],
          [
            28.5366519,
            39.5601389
          ],
          [
            28.5370523,
            39.5599024
          ],
          [
            28.5374101,
            39.5595674
          ],
          [
            28.5376231,
            39.5593375
          ],
          [
            28.5378616,
            39.5589566
          ],
          [
            28.5380235,
            39.5585625
          ],
          [
            28.5381087,
            39.5581881
          ],
          [
            28.5381428,
            39.557748
          ],
          [
            28.5380065,
            39.551823
          ],
          [
            28.5379128,
            39.5511333
          ],
          [
            28.537785,
            39.5505749
          ],
          [
            28.5374953,
            39.5499049
          ],
          [
            28.5360214,
            39.5467188
          ],
          [
            28.5357403,
            39.5462523
          ],
          [
            28.535403,
            39.5457933
          ],
          [
            28.535161,
            39.545464
          ],
          [
            28.534948,
            39.5450895
          ],
          [
            28.5347946,
            39.544715
          ],
          [
            28.5347605,
            39.544242
          ],
          [
            28.5348202,
            39.543861
          ],
          [
            28.534965,
            39.5435259
          ],
          [
            28.5351354,
            39.543204
          ],
          [
            28.5355103,
            39.5428361
          ],
          [
            28.5358084,
            39.5425799
          ],
          [
            28.53626,
            39.5423368
          ],
          [
            28.5366774,
            39.5422251
          ],
          [
            28.5372482,
            39.54212
          ],
          [
            28.5379809,
            39.5420674
          ],
          [
            28.5423344,
            39.5419623
          ],
          [
            28.5428456,
            39.5419886
          ],
          [
            28.5433993,
            39.5421003
          ],
          [
            28.5440979,
            39.5423117
          ],
          [
            28.5453762,
            39.5428662
          ],
          [
            28.5462108,
            39.5431974
          ],
          [
            28.5468071,
            39.5433945
          ],
          [
            28.5474376,
            39.5435325
          ],
          [
            28.5484259,
            39.5437821
          ],
          [
            28.5489626,
            39.5439727
          ],
          [
            28.549346,
            39.5441698
          ],
          [
            28.5497975,
            39.5445048
          ],
          [
            28.5501724,
            39.5448924
          ],
          [
            28.5504109,
            39.545234
          ],
          [
            28.550658,
            39.5457268
          ],
          [
            28.5511862,
            39.5469553
          ],
          [
            28.5514588,
            39.5473691
          ],
          [
            28.5518251,
            39.5477173
          ],
          [
            28.5522256,
            39.5479801
          ],
          [
            28.5526686,
            39.5481706
          ],
          [
            28.5531457,
            39.5483217
          ],
          [
            28.5541339,
            39.5486107
          ],
          [
            28.5547899,
            39.5488604
          ],
          [
            28.5558719,
            39.5493859
          ],
          [
            28.5564087,
            39.549537
          ],
          [
            28.5569198,
            39.5496027
          ],
          [
            28.557431,
            39.549583
          ],
          [
            28.5579762,
            39.5495304
          ],
          [
            28.5584533,
            39.5493925
          ],
          [
            28.5594586,
            39.5491166
          ],
          [
            28.5599187,
            39.549064
          ],
          [
            28.5604299,
            39.5490837
          ],
          [
            28.5609836,
            39.5491428
          ],
          [
            28.5615119,
            39.5492874
          ],
          [
            28.5623382,
            39.549537
          ],
          [
            28.5628579,
            39.5496158
          ],
          [
            28.5640677,
            39.5497275
          ],
          [
            28.5646215,
            39.5498129
          ],
          [
            28.5653116,
            39.5499968
          ],
          [
            28.5659335,
            39.5502662
          ],
          [
            28.5665554,
            39.5506209
          ],
          [
            28.5669473,
            39.5509428
          ],
          [
            28.5673051,
            39.5513632
          ],
          [
            28.56768,
            39.5518756
          ],
          [
            28.5682764,
            39.552966
          ],
          [
            28.5686001,
            39.5534193
          ],
          [
            28.5689579,
            39.553728
          ],
          [
            28.569435,
            39.5540302
          ],
          [
            28.5700058,
            39.5542995
          ],
          [
            28.5705426,
            39.5544703
          ],
          [
            28.5726895,
            39.5549367
          ],
          [
            28.5731921,
            39.5549826
          ],
          [
            28.5736437,
            39.5549498
          ],
          [
            28.5741634,
            39.5548513
          ],
          [
            28.5746149,
            39.5547002
          ],
          [
            28.5751005,
            39.5544703
          ],
          [
            28.575552,
            39.554201
          ],
          [
            28.5770089,
            39.5532616
          ],
          [
            28.5774008,
            39.5530449
          ],
          [
            28.5778523,
            39.5528741
          ],
          [
            28.5783805,
            39.5527164
          ],
          [
            28.5789598,
            39.5526179
          ],
          [
            28.5796073,
            39.5525719
          ],
          [
            28.5801781,
            39.5525785
          ],
          [
            28.5807319,
            39.5526442
          ],
          [
            28.5812686,
            39.5527624
          ],
          [
            28.5819076,
            39.5529595
          ],
          [
            28.5843527,
            39.5539382
          ],
          [
            28.5848383,
            39.5540564
          ],
          [
            28.5854091,
            39.5540893
          ],
          [
            28.5859118,
            39.5540499
          ],
          [
            28.5864485,
            39.5539316
          ],
          [
            28.5869256,
            39.5537543
          ],
          [
            28.5873005,
            39.5535178
          ],
          [
            28.5876668,
            39.5532288
          ],
          [
            28.5882717,
            39.552631
          ],
          [
            28.5887488,
            39.5523157
          ],
          [
            28.5891918,
            39.5520858
          ],
          [
            28.5896774,
            39.5519281
          ],
          [
            28.5902227,
            39.5518296
          ],
          [
            28.590802,
            39.5518099
          ],
          [
            28.5913813,
            39.5518953
          ],
          [
            28.5918414,
            39.5520398
          ],
          [
            28.5921651,
            39.5522106
          ],
          [
            28.5930511,
            39.5527493
          ],
          [
            28.5934856,
            39.5529595
          ],
          [
            28.5978306,
            39.5547462
          ],
          [
            28.5983247,
            39.5548907
          ],
          [
            28.5989381,
            39.5550023
          ],
          [
            28.5995004,
            39.5550483
          ],
          [
            28.6000457,
            39.5550286
          ],
          [
            28.6015196,
            39.5549958
          ],
          [
            28.6021585,
            39.5550483
          ],
          [
            28.6030531,
            39.5552125
          ],
          [
            28.6085737,
            39.5564868
          ],
          [
            28.6090508,
            39.5565591
          ],
          [
            28.6099965,
            39.5566773
          ],
          [
            28.6107803,
            39.5568613
          ],
          [
            28.6113937,
            39.5570583
          ],
          [
            28.6118878,
            39.5573079
          ],
          [
            28.6127057,
            39.5578925
          ],
          [
            28.6130891,
            39.5580961
          ],
          [
            28.6135321,
            39.5582603
          ],
          [
            28.6140092,
            39.5583654
          ],
          [
            28.6145459,
            39.5584048
          ],
          [
            28.6150997,
            39.5583523
          ],
          [
            28.6161391,
            39.5581749
          ],
          [
            28.6166588,
            39.5579976
          ],
          [
            28.6172125,
            39.5577611
          ],
          [
            28.6178856,
            39.5573867
          ],
          [
            28.6182519,
            39.5571831
          ],
          [
            28.6186864,
            39.5570255
          ],
          [
            28.6193169,
            39.5569204
          ],
          [
            28.6217194,
            39.5566116
          ],
          [
            28.6223157,
            39.5564934
          ],
          [
            28.6230058,
            39.5562635
          ],
          [
            28.6235255,
            39.5560336
          ],
          [
            28.6239941,
            39.5557643
          ],
          [
            28.6244456,
            39.5554884
          ],
          [
            28.6253061,
            39.5548447
          ],
          [
            28.6257065,
            39.5545951
          ],
          [
            28.6261069,
            39.5544243
          ],
          [
            28.6266692,
            39.5542732
          ],
          [
            28.6271548,
            39.5542469
          ],
          [
            28.6276915,
            39.5542535
          ],
          [
            28.6282027,
            39.5543323
          ],
          [
            28.628748,
            39.55449
          ],
          [
            28.6292251,
            39.5547462
          ],
          [
            28.6296596,
            39.5550877
          ],
          [
            28.6305797,
            39.5558891
          ],
          [
            28.6310397,
            39.5561978
          ],
          [
            28.6317128,
            39.5565
          ],
          [
            28.6323177,
            39.5567299
          ],
          [
            28.6330418,
            39.5569466
          ],
          [
            28.6337745,
            39.5570912
          ],
          [
            28.6344305,
            39.5570977
          ],
          [
            28.6350524,
            39.5570386
          ],
          [
            28.6355892,
            39.5569335
          ],
          [
            28.6366882,
            39.5565788
          ],
          [
            28.6371397,
            39.5564015
          ],
          [
            28.6375146,
            39.5561716
          ],
          [
            28.6379491,
            39.555876
          ],
          [
            28.6390225,
            39.5550549
          ],
          [
            28.6394315,
            39.5548053
          ],
          [
            28.6400875,
            39.5545031
          ],
          [
            28.6411098,
            39.5541156
          ],
          [
            28.641638,
            39.553866
          ],
          [
            28.642081,
            39.5535375
          ],
          [
            28.6424389,
            39.5532485
          ],
          [
            28.6427285,
            39.5529463
          ],
          [
            28.6430267,
            39.5525062
          ],
          [
            28.6437338,
            39.5513107
          ],
          [
            28.6439468,
            39.5510348
          ],
          [
            28.6442791,
            39.5507391
          ],
          [
            28.6446284,
            39.5505027
          ],
          [
            28.645114,
            39.5502399
          ],
          [
            28.6496883,
            39.5485494
          ],
          [
            28.6498452,
            39.5484914
          ]
        ]
      },
      "id": "way/149723993"
    },
    {
      "type": "Feature",
      "properties": {
        "@id": "way/149723994",
        "axle_load": "22.5",
        "electrified": "contact_line",
        "frequency": "50",
        "gauge": "1435",
        "maxspeed": "90",
        "name": "Alayunt-Balıkesir demiryolu",
        "operator": "TCDD",
        "passenger_lines": "1",
        "railway": "rail",
        "railway:etcs": "2",
        "source": "bing",
        "usage": "main",
        "voltage": "25000"
      },
      "geometry": {
        "type": "LineString",
        "coordinates": [
          [
            28.3662561,
            39.5567629
          ],
          [
            28.3661368,
            39.557111
          ],
          [
            28.3659068,
            39.5574788
          ],
          [
            28.3656666,
            39.5577426
          ],
          [
            28.3653474,
            39.5579888
          ],
          [
            28.3649619,
            39.5582116
          ],
          [
            28.3645825,
            39.5583835
          ],
          [
            28.3641187,
            39.5584996
          ],
          [
            28.3636911,
            39.5585646
          ],
          [
            28.3633357,
            39.5585738
          ],
          [
            28.3629141,
            39.5585413
          ],
          [
            28.3624383,
            39.5584531
          ],
          [
            28.3620528,
            39.5583138
          ],
          [
            28.3617215,
            39.5581513
          ],
          [
            28.3613722,
            39.5579423
          ],
          [
            28.3611011,
            39.5576962
          ],
          [
            28.3608843,
            39.5574547
          ],
          [
            28.3607036,
            39.55719
          ],
          [
            28.360553,
            39.5568836
          ],
          [
            28.360288,
            39.5562056
          ],
          [
            28.3600772,
            39.5558341
          ],
          [
            28.3598303,
            39.5555647
          ],
          [
            28.3595231,
            39.5552907
          ],
          [
            28.3592039,
            39.5550818
          ],
          [
            28.3587642,
            39.554896
          ],
          [
            28.3583486,
            39.5547985
          ],
          [
            28.357939,
            39.5547195
          ],
          [
            28.357409,
            39.5547056
          ],
          [
            28.3569272,
            39.554752
          ],
          [
            28.3563971,
            39.5548867
          ],
          [
            28.3559936,
            39.5550725
          ],
          [
            28.3556202,
            39.5553
          ],
          [
            28.355313,
            39.5555601
          ],
          [
            28.355054,
            39.5558248
          ],
          [
            28.3548372,
            39.5562102
          ],
          [
            28.3547107,
            39.556591
          ],
          [
            28.3546745,
            39.5569764
          ],
          [
            28.3547047,
            39.5572783
          ],
          [
            28.3547528,
            39.5575755
          ],
          [
            28.3549516,
            39.5579377
          ],
          [
            28.3551925,
            39.5582442
          ],
          [
            28.3555057,
            39.5585413
          ],
          [
            28.355831,
            39.5587596
          ],
          [
            28.3576921,
            39.5598555
          ],
          [
            28.3581197,
            39.5601898
          ],
          [
            28.3585775,
            39.5606217
          ],
          [
            28.3589569,
            39.5610767
          ],
          [
            28.3593243,
            39.5615643
          ],
          [
            28.3596074,
            39.5618289
          ],
          [
            28.360023,
            39.5621354
          ],
          [
            28.3603483,
            39.5623072
          ],
          [
            28.3607277,
            39.5624558
          ],
          [
            28.3611794,
            39.5625255
          ],
          [
            28.3616312,
            39.5625765
          ],
          [
            28.3620769,
            39.5625672
          ],
          [
            28.3625708,
            39.5624929
          ],
          [
            28.3630165,
            39.5623676
          ],
          [
            28.3634019,
            39.5622004
          ],
          [
            28.364474,
            39.5616943
          ],
          [
            28.3649137,
            39.5615643
          ],
          [
            28.3653534,
            39.5615039
          ],
          [
            28.3659136,
            39.5614853
          ],
          [
            28.3664074,
            39.561555
          ],
          [
            28.3668712,
            39.5616757
          ],
          [
            28.367329,
            39.5618615
          ],
          [
            28.3677566,
            39.562154
          ],
          [
            28.3680638,
            39.5624326
          ],
          [
            28.3683288,
            39.562753
          ],
          [
            28.3684914,
            39.5630641
          ],
          [
            28.3685938,
            39.5634263
          ],
          [
            28.3686059,
            39.5637049
          ],
          [
            28.3685757,
            39.5640531
          ],
          [
            28.3684794,
            39.5644338
          ],
          [
            28.3683107,
            39.5651164
          ],
          [
            28.3683107,
            39.5654693
          ],
          [
            28.368383,
            39.5658268
          ],
          [
            28.3685155,
            39.5662075
          ],
          [
            28.3691058,
            39.5671686
          ],
          [
            28.3692262,
            39.5674704
          ],
          [
            28.3693166,
            39.5678326
          ],
          [
            28.3693045,
            39.5681622
          ],
          [
            28.3692323,
            39.5684826
          ],
          [
            28.3690636,
            39.5688448
          ],
          [
            28.3688709,
            39.5691466
          ],
          [
            28.3685878,
            39.5694344
          ],
          [
            28.3682746,
            39.5696991
          ],
          [
            28.3676362,
            39.5702748
          ],
          [
            28.3673892,
            39.5705208
          ],
          [
            28.3671965,
            39.5708319
          ],
          [
            28.3670881,
            39.571129
          ],
          [
            28.3670158,
            39.5714726
          ],
          [
            28.3670098,
            39.5718672
          ],
          [
            28.36707,
            39.5722015
          ],
          [
            28.3672507,
            39.5725869
          ],
          [
            28.3674976,
            39.5729118
          ],
          [
            28.3677927,
            39.5732043
          ],
          [
            28.3682445,
            39.5735015
          ],
          [
            28.36863,
            39.5737011
          ],
          [
            28.3690455,
            39.5738172
          ],
          [
            28.3694913,
            39.5738914
          ],
          [
            28.3700153,
            39.5739193
          ],
          [
            28.3703224,
            39.5739007
          ]
        ]
      },
      "id": "way/149723994"
    },
    {
      "type": "Feature",
      "properties": {
        "@id": "way/149723999",
        "axle_load": "22.5",
        "electrified": "contact_line",
        "frequency": "50",
        "gauge": "1435",
        "maxspeed": "90",
        "name": "Alayunt-Balıkesir demiryolu",
        "operator": "TCDD",
        "passenger_lines": "1",
        "railway": "rail",
        "railway:etcs": "2",
        "source": "bing",
        "usage": "main",
        "voltage": "25000"
      },
      "geometry": {
        "type": "LineString",
        "coordinates": [
          [
            28.2541827,
            39.561051
          ],
          [
            28.2545802,
            39.5612089
          ],
          [
            28.255315,
            39.5615804
          ],
          [
            28.2557185,
            39.5617475
          ],
          [
            28.2561401,
            39.5618868
          ],
          [
            28.2565797,
            39.561975
          ],
          [
            28.2570856,
            39.5619797
          ],
          [
            28.2576216,
            39.5619332
          ],
          [
            28.2581336,
            39.5618264
          ],
          [
            28.2585853,
            39.5616546
          ],
          [
            28.2596694,
            39.5610278
          ],
          [
            28.2600006,
            39.5608282
          ],
          [
            28.2602596,
            39.5605914
          ],
          [
            28.2605366,
            39.5602617
          ],
          [
            28.2606932,
            39.5599692
          ],
          [
            28.2608618,
            39.5595884
          ]
        ]
      },
      "id": "way/149723999"
    },
    {
      "type": "Feature",
      "properties": {
        "@id": "way/149724000",
        "axle_load": "22.5",
        "electrified": "contact_line",
        "frequency": "50",
        "gauge": "1435",
        "maxspeed": "90",
        "name": "Alayunt-Balıkesir demiryolu",
        "operator": "TCDD",
        "passenger_lines": "1",
        "railway": "rail",
        "railway:etcs": "2",
        "source": "bing",
        "usage": "main",
        "voltage": "25000"
      },
      "geometry": {
        "type": "LineString",
        "coordinates": [
          [
            28.1924533,
            39.5951506
          ],
          [
            28.1928628,
            39.5947376
          ],
          [
            28.1933386,
            39.5942132
          ],
          [
            28.1943745,
            39.5929647
          ],
          [
            28.1947057,
            39.5926584
          ],
          [
            28.1950009,
            39.5924589
          ],
          [
            28.1957958,
            39.592069
          ],
          [
            28.1962235,
            39.591888
          ],
          [
            28.1965848,
            39.5917766
          ],
          [
            28.1970486,
            39.5916838
          ],
          [
            28.1985482,
            39.5915863
          ],
          [
            28.1989999,
            39.5915307
          ],
          [
            28.1994817,
            39.5913961
          ],
          [
            28.1999334,
            39.5912104
          ],
          [
            28.2002647,
            39.5909923
          ],
          [
            28.2007646,
            39.5905421
          ]
        ]
      },
      "id": "way/149724000"
    },
    {
      "type": "Feature",
      "properties": {
        "@id": "way/149724001",
        "axle_load": "22.5",
        "electrified": "contact_line",
        "frequency": "50",
        "gauge": "1435",
        "maxspeed": "90",
        "name": "Alayunt-Balıkesir demiryolu",
        "operator": "TCDD",
        "passenger_lines": "1",
        "railway": "rail",
        "railway:etcs": "2",
        "source": "bing",
        "usage": "main",
        "voltage": "25000"
      },
      "geometry": {
        "type": "LineString",
        "coordinates": [
          [
            28.2452691,
            39.5607957
          ],
          [
            28.2458895,
            39.5604706
          ],
          [
            28.2461665,
            39.5603499
          ],
          [
            28.2465459,
            39.5602106
          ],
          [
            28.2470157,
            39.5601085
          ],
          [
            28.2474734,
            39.5600667
          ],
          [
            28.247895,
            39.560076
          ],
          [
            28.2485093,
            39.560127
          ],
          [
            28.2488406,
            39.5601967
          ],
          [
            28.2491718,
            39.5602942
          ],
          [
            28.2503523,
            39.5607632
          ],
          [
            28.2506835,
            39.5608839
          ],
          [
            28.2510027,
            39.5609721
          ],
          [
            28.2513882,
            39.5610139
          ],
          [
            28.2519182,
            39.5610278
          ],
          [
            28.2526409,
            39.5609489
          ]
        ]
      },
      "id": "way/149724001"
    },
    {
      "type": "Feature",
      "properties": {
        "@id": "way/149724002",
        "axle_load": "22.5",
        "electrified": "contact_line",
        "frequency": "50",
        "gauge": "1435",
        "maxspeed": "90",
        "name": "Alayunt-Balıkesir demiryolu",
        "operator": "TCDD",
        "passenger_lines": "1",
        "railway": "rail",
        "railway:etcs": "2",
        "source": "bing",
        "usage": "main",
        "voltage": "25000"
      },
      "geometry": {
        "type": "LineString",
        "coordinates": [
          [
            28.1885506,
            39.60568
          ],
          [
            28.1887493,
            39.6053969
          ],
          [
            28.1888276,
            39.6052253
          ],
          [
            28.1889541,
            39.6049004
          ],
          [
            28.1890203,
            39.6045246
          ],
          [
            28.1890023,
            39.6041905
          ],
          [
            28.1887192,
            39.6032578
          ],
          [
            28.1883699,
            39.6022044
          ],
          [
            28.1882735,
            39.6016708
          ],
          [
            28.1882675,
            39.6012299
          ],
          [
            28.1885927,
            39.598543
          ],
          [
            28.1886951,
            39.5981625
          ],
          [
            28.1888818,
            39.5978005
          ],
          [
            28.1891709,
            39.5974478
          ],
          [
            28.1895383,
            39.597123
          ],
          [
            28.1904357,
            39.5965104
          ],
          [
            28.19211,
            39.595378
          ]
        ]
      },
      "id": "way/149724002"
    },
    {
      "type": "Feature",
      "properties": {
        "@id": "way/149724003",
        "axle_load": "22.5",
        "electrified": "contact_line",
        "frequency": "50",
        "gauge": "1435",
        "maxspeed": "90",
        "name": "Alayunt-Balıkesir demiryolu",
        "operator": "TCDD",
        "passenger_lines": "1",
        "railway": "rail",
        "railway:etcs": "2",
        "source": "bing",
        "usage": "main",
        "voltage": "25000"
      },
      "geometry": {
        "type": "LineString",
        "coordinates": [
          [
            28.1788661,
            39.6117398
          ],
          [
            28.1791913,
            39.6113501
          ],
          [
            28.1794081,
            39.6109603
          ],
          [
            28.1801007,
            39.608761
          ],
          [
            28.1802814,
            39.6083852
          ],
          [
            28.1804741,
            39.6081114
          ],
          [
            28.1806729,
            39.6078748
          ],
          [
            28.1810644,
            39.6075964
          ],
          [
            28.1814197,
            39.6073876
          ],
          [
            28.1818533,
            39.6072205
          ],
          [
            28.1823592,
            39.6070999
          ],
          [
            28.1828651,
            39.6070535
          ],
          [
            28.1842925,
            39.6070535
          ],
          [
            28.1847021,
            39.6070024
          ],
          [
            28.1869244,
            39.6066127
          ],
          [
            28.1874544,
            39.6064688
          ],
          [
            28.1876388,
            39.6063735
          ],
          [
            28.1878941,
            39.6062415
          ],
          [
            28.1883277,
            39.6059306
          ]
        ]
      },
      "id": "way/149724003"
    },
    {
      "type": "Feature",
      "properties": {
        "@id": "way/149724004",
        "axle_load": "22.5",
        "electrified": "contact_line",
        "frequency": "50",
        "gauge": "1435",
        "maxspeed": "90",
        "operator": "TCDD",
        "passenger_lines": "1",
        "railway": "rail",
        "railway:etcs": "2",
        "source": "bing",
        "usage": "main",
        "voltage": "25000"
      },
      "geometry": {
        "type": "LineString",
        "coordinates": [
          [
            28.3269057,
            39.541709
          ],
          [
            28.3272464,
            39.5415316
          ]
        ]
      },
      "id": "way/149724004"
    },
    {
      "type": "Feature",
      "properties": {
        "@id": "way/149724005",
        "axle_load": "22.5",
        "bridge": "yes",
        "electrified": "contact_line",
        "frequency": "50",
        "gauge": "1435",
        "layer": "1",
        "maxspeed": "90",
        "operator": "TCDD",
        "passenger_lines": "1",
        "railway": "rail",
        "railway:etcs": "2",
        "source": "bing",
        "usage": "main",
        "voltage": "25000"
      },
      "geometry": {
        "type": "LineString",
        "coordinates": [
          [
            28.2449017,
            39.5610046
          ],
          [
            28.2452691,
            39.5607957
          ]
        ]
      },
      "id": "way/149724005"
    },
    {
      "type": "Feature",
      "properties": {
        "@id": "way/149724006",
        "axle_load": "22.5",
        "electrified": "contact_line",
        "frequency": "50",
        "gauge": "1435",
        "maxspeed": "90",
        "operator": "TCDD",
        "passenger_lines": "1",
        "railway": "rail",
        "railway:etcs": "2",
        "source": "bing",
        "usage": "main",
        "voltage": "25000"
      },
      "geometry": {
        "type": "LineString",
        "coordinates": [
          [
            28.2629216,
            39.5566399
          ],
          [
            28.2633914,
            39.5562173
          ]
        ]
      },
      "id": "way/149724006"
    },
    {
      "type": "Feature",
      "properties": {
        "@id": "way/149724007",
        "axle_load": "22.5",
        "electrified": "contact_line",
        "frequency": "50",
        "gauge": "1435",
        "layer": "-1",
        "maxspeed": "90",
        "operator": "TCDD",
        "passenger_lines": "1",
        "railway": "rail",
        "railway:etcs": "2",
        "source": "interpolated",
        "tunnel": "yes",
        "usage": "main",
        "voltage": "25000"
      },
      "geometry": {
        "type": "LineString",
        "coordinates": [
          [
            28.2315663,
            39.5750388
          ],
          [
            28.2326991,
            39.573995
          ]
        ]
      },
      "id": "way/149724007"
    },
    {
      "type": "Feature",
      "properties": {
        "@id": "way/149724008",
        "axle_load": "22.5",
        "bridge": "yes",
        "electrified": "contact_line",
        "frequency": "50",
        "gauge": "1435",
        "layer": "1",
        "maxspeed": "90",
        "operator": "TCDD",
        "passenger_lines": "1",
        "railway": "rail",
        "railway:etcs": "2",
        "source": "bing",
        "usage": "main",
        "voltage": "25000"
      },
      "geometry": {
        "type": "LineString",
        "coordinates": [
          [
            28.2676133,
            39.5553211
          ],
          [
            28.2680288,
            39.555205
          ]
        ]
      },
      "id": "way/149724008"
    },
    {
      "type": "Feature",
      "properties": {
        "@id": "way/149724009",
        "axle_load": "22.5",
        "electrified": "contact_line",
        "frequency": "50",
        "gauge": "1435",
        "layer": "-1",
        "maxspeed": "90",
        "operator": "TCDD",
        "passenger_lines": "1",
        "railway": "rail",
        "railway:etcs": "2",
        "source": "interpolated",
        "tunnel": "yes",
        "usage": "main",
        "voltage": "25000"
      },
      "geometry": {
        "type": "LineString",
        "coordinates": [
          [
            28.2633914,
            39.5562173
          ],
          [
            28.2638973,
            39.5558459
          ]
        ]
      },
      "id": "way/149724009"
    },
    {
      "type": "Feature",
      "properties": {
        "@id": "way/149724010",
        "axle_load": "22.5",
        "electrified": "contact_line",
        "frequency": "50",
        "gauge": "1435",
        "maxspeed": "90",
        "operator": "TCDD",
        "passenger_lines": "1",
        "railway": "rail",
        "railway:etcs": "2",
        "source": "bing",
        "usage": "main",
        "voltage": "25000"
      },
      "geometry": {
        "type": "LineString",
        "coordinates": [
          [
            28.4085025,
            39.5636445
          ],
          [
            28.4089844,
            39.5637049
          ]
        ]
      },
      "id": "way/149724010"
    },
    {
      "type": "Feature",
      "properties": {
        "@id": "way/149724011",
        "axle_load": "22.5",
        "bridge": "yes",
        "electrified": "contact_line",
        "frequency": "50",
        "gauge": "1435",
        "layer": "1",
        "maxspeed": "90",
        "operator": "TCDD",
        "passenger_lines": "1",
        "railway": "rail",
        "railway:etcs": "2",
        "source": "bing",
        "usage": "main",
        "voltage": "25000"
      },
      "geometry": {
        "type": "LineString",
        "coordinates": [
          [
            28.2430209,
            39.5617911
          ],
          [
            28.2435234,
            39.561673
          ]
        ]
      },
      "id": "way/149724011"
    },
    {
      "type": "Feature",
      "properties": {
        "@id": "way/149724012",
        "axle_load": "22.5",
        "bridge": "yes",
        "electrified": "contact_line",
        "frequency": "50",
        "gauge": "1435",
        "layer": "1",
        "maxspeed": "90",
        "operator": "TCDD",
        "passenger_lines": "1",
        "railway": "rail",
        "railway:etcs": "2",
        "source": "bing",
        "usage": "main",
        "voltage": "25000"
      },
      "geometry": {
        "type": "LineString",
        "coordinates": [
          [
            28.2326991,
            39.573995
          ],
          [
            28.232895,
            39.5738374
          ]
        ]
      },
      "id": "way/149724012"
    },
    {
      "type": "Feature",
      "properties": {
        "@id": "way/149724013",
        "axle_load": "22.5",
        "bridge": "yes",
        "electrified": "contact_line",
        "frequency": "50",
        "gauge": "1435",
        "layer": "1",
        "maxspeed": "90",
        "operator": "TCDD",
        "passenger_lines": "1",
        "railway": "rail",
        "railway:etcs": "2",
        "source": "bing",
        "usage": "main",
        "voltage": "25000"
      },
      "geometry": {
        "type": "LineString",
        "coordinates": [
          [
            28.178589,
            39.6119486
          ],
          [
            28.1788661,
            39.6117398
          ]
        ]
      },
      "id": "way/149724013"
    },
    {
      "type": "Feature",
      "properties": {
        "@id": "way/149724014",
        "axle_load": "22.5",
        "electrified": "contact_line",
        "frequency": "50",
        "gauge": "1435",
        "layer": "-1",
        "maxspeed": "90",
        "operator": "TCDD",
        "passenger_lines": "1",
        "railway": "rail",
        "railway:etcs": "2",
        "source": "interpolated",
        "tunnel": "yes",
        "usage": "main",
        "voltage": "25000"
      },
      "geometry": {
        "type": "LineString",
        "coordinates": [
          [
            28.2007646,
            39.5905421
          ],
          [
            28.2012705,
            39.590064
          ]
        ]
      },
      "id": "way/149724014"
    },
    {
      "type": "Feature",
      "properties": {
        "@id": "way/149724015",
        "axle_load": "22.5",
        "bridge": "yes",
        "electrified": "contact_line",
        "frequency": "50",
        "gauge": "1435",
        "layer": "1",
        "maxspeed": "90",
        "operator": "TCDD",
        "passenger_lines": "1",
        "railway": "rail",
        "railway:etcs": "2",
        "source": "bing",
        "usage": "main",
        "voltage": "25000"
      },
      "geometry": {
        "type": "LineString",
        "coordinates": [
          [
            28.1883277,
            39.6059306
          ],
          [
            28.1885506,
            39.60568
          ]
        ]
      },
      "id": "way/149724015"
    },
    {
      "type": "Feature",
      "properties": {
        "@id": "way/149724016",
        "axle_load": "22.5",
        "bridge": "yes",
        "electrified": "contact_line",
        "frequency": "50",
        "gauge": "1435",
        "layer": "1",
        "maxspeed": "90",
        "operator": "TCDD",
        "passenger_lines": "1",
        "railway": "rail",
        "railway:etcs": "2",
        "source": "bing",
        "usage": "main",
        "voltage": "25000"
      },
      "geometry": {
        "type": "LineString",
        "coordinates": [
          [
            28.1511075,
            39.6140457
          ],
          [
            28.1514267,
            39.6140875
          ]
        ]
      },
      "id": "way/149724016"
    },
    {
      "type": "Feature",
      "properties": {
        "@id": "way/149724017",
        "axle_load": "22.5",
        "bridge": "yes",
        "electrified": "contact_line",
        "frequency": "50",
        "gauge": "1435",
        "layer": "1",
        "maxspeed": "90",
        "operator": "TCDD",
        "passenger_lines": "1",
        "railway": "rail",
        "railway:etcs": "2",
        "source": "bing",
        "usage": "main",
        "voltage": "25000"
      },
      "geometry": {
        "type": "LineString",
        "coordinates": [
          [
            28.231155,
            39.5754194
          ],
          [
            28.2315663,
            39.5750388
          ]
        ]
      },
      "id": "way/149724017"
    },
    {
      "type": "Feature",
      "properties": {
        "@id": "way/149724018",
        "axle_load": "22.5",
        "electrified": "contact_line",
        "frequency": "50",
        "gauge": "1435",
        "layer": "-1",
        "maxspeed": "90",
        "operator": "TCDD",
        "passenger_lines": "1",
        "railway": "rail",
        "railway:etcs": "2",
        "source": "interpolated",
        "tunnel": "yes",
        "usage": "main",
        "voltage": "25000"
      },
      "geometry": {
        "type": "LineString",
        "coordinates": [
          [
            28.3272464,
            39.5415316
          ],
          [
            28.3279363,
            39.541282
          ]
        ]
      },
      "id": "way/149724018"
    },
    {
      "type": "Feature",
      "properties": {
        "@id": "way/149724019",
        "axle_load": "22.5",
        "bridge": "yes",
        "electrified": "contact_line",
        "frequency": "50",
        "gauge": "1435",
        "layer": "1",
        "maxspeed": "90",
        "operator": "TCDD",
        "passenger_lines": "1",
        "railway": "rail",
        "railway:etcs": "2",
        "source": "bing",
        "usage": "main",
        "voltage": "25000"
      },
      "geometry": {
        "type": "LineString",
        "coordinates": [
          [
            28.19211,
            39.595378
          ],
          [
            28.1924533,
            39.5951506
          ]
        ]
      },
      "id": "way/149724019"
    },
    {
      "type": "Feature",
      "properties": {
        "@id": "way/149724020",
        "axle_load": "22.5",
        "electrified": "contact_line",
        "frequency": "50",
        "gauge": "1435",
        "layer": "-1",
        "maxspeed": "90",
        "operator": "TCDD",
        "passenger_lines": "1",
        "railway": "rail",
        "railway:etcs": "2",
        "source": "interpolated",
        "tunnel": "yes",
        "usage": "main",
        "voltage": "25000"
      },
      "geometry": {
        "type": "LineString",
        "coordinates": [
          [
            28.2626024,
            39.5569278
          ],
          [
            28.2629216,
            39.5566399
          ]
        ]
      },
      "id": "way/149724020"
    },
    {
      "type": "Feature",
      "properties": {
        "@id": "way/149724021",
        "axle_load": "22.5",
        "electrified": "contact_line",
        "frequency": "50",
        "gauge": "1435",
        "layer": "-1",
        "maxspeed": "90",
        "operator": "TCDD",
        "passenger_lines": "1",
        "railway": "rail",
        "railway:etcs": "2",
        "source": "interpolated",
        "tunnel": "yes",
        "usage": "main",
        "voltage": "25000"
      },
      "geometry": {
        "type": "LineString",
        "coordinates": [
          [
            28.2285686,
            39.5769099
          ],
          [
            28.230253,
            39.5759974
          ]
        ]
      },
      "id": "way/149724021"
    },
    {
      "type": "Feature",
      "properties": {
        "@id": "way/149724022",
        "axle_load": "22.5",
        "electrified": "contact_line",
        "frequency": "50",
        "gauge": "1435",
        "maxspeed": "90",
        "name": "Alayunt-Balıkesir demiryolu",
        "operator": "TCDD",
        "passenger_lines": "1",
        "railway": "rail",
        "railway:etcs": "2",
        "source": "bing",
        "usage": "main",
        "voltage": "25000"
      },
      "geometry": {
        "type": "LineString",
        "coordinates": [
          [
            28.3218957,
            39.5495675
          ],
          [
            28.3220342,
            39.5492796
          ],
          [
            28.3220764,
            39.5490567
          ],
          [
            28.322239,
            39.5481929
          ],
          [
            28.3223474,
            39.5478307
          ],
          [
            28.3225221,
            39.5475102
          ],
          [
            28.3227569,
            39.5472177
          ],
          [
            28.3230761,
            39.546953
          ],
          [
            28.3234736,
            39.5466882
          ],
          [
            28.3241,
            39.5463632
          ],
          [
            28.3245336,
            39.5461654
          ],
          [
            28.3249254,
            39.5458961
          ],
          [
            28.3251895,
            39.5456202
          ],
          [
            28.3253939,
            39.5452984
          ],
          [
            28.3255898,
            39.5448518
          ],
          [
            28.3256494,
            39.5445497
          ],
          [
            28.3256835,
            39.5438732
          ],
          [
            28.3257431,
            39.5433609
          ],
          [
            28.3258751,
            39.5429043
          ],
          [
            28.3261391,
            39.5424249
          ]
        ]
      },
      "id": "way/149724022"
    },
    {
      "type": "Feature",
      "properties": {
        "@id": "way/149724023",
        "axle_load": "22.5",
        "electrified": "contact_line",
        "frequency": "50",
        "gauge": "1435",
        "layer": "-1",
        "maxspeed": "90",
        "operator": "TCDD",
        "passenger_lines": "1",
        "railway": "rail",
        "railway:etcs": "2",
        "source": "interpolated",
        "tunnel": "yes",
        "usage": "main",
        "voltage": "25000"
      },
      "geometry": {
        "type": "LineString",
        "coordinates": [
          [
            28.2608618,
            39.5595884
          ],
          [
            28.2612232,
            39.5586319
          ],
          [
            28.2614521,
            39.558149
          ]
        ]
      },
      "id": "way/149724023"
    },
    {
      "type": "Feature",
      "properties": {
        "@id": "way/149724024",
        "axle_load": "22.5",
        "bridge": "yes",
        "electrified": "contact_line",
        "frequency": "50",
        "gauge": "1435",
        "layer": "1",
        "maxspeed": "90",
        "operator": "TCDD",
        "passenger_lines": "1",
        "railway": "rail",
        "railway:etcs": "2",
        "source": "bing",
        "usage": "main",
        "voltage": "25000"
      },
      "geometry": {
        "type": "LineString",
        "coordinates": [
          [
            28.4089844,
            39.5637049
          ],
          [
            28.4093759,
            39.5637327
          ],
          [
            28.4098035,
            39.5637141
          ]
        ]
      },
      "id": "way/149724024"
    },
    {
      "type": "Feature",
      "properties": {
        "@id": "way/149724025",
        "axle_load": "22.5",
        "electrified": "contact_line",
        "frequency": "50",
        "gauge": "1435",
        "layer": "-1",
        "maxspeed": "90",
        "operator": "TCDD",
        "passenger_lines": "1",
        "railway": "rail",
        "railway:etcs": "2",
        "source": "interpolated",
        "tunnel": "yes",
        "usage": "main",
        "voltage": "25000"
      },
      "geometry": {
        "type": "LineString",
        "coordinates": [
          [
            28.232895,
            39.5738374
          ],
          [
            28.2384394,
            39.5682383
          ],
          [
            28.2386562,
            39.567904
          ],
          [
            28.2388128,
            39.5675558
          ],
          [
            28.2389754,
            39.5670822
          ],
          [
            28.2394182,
            39.5644372
          ]
        ]
      },
      "id": "way/149724025"
    },
    {
      "type": "Feature",
      "properties": {
        "@id": "way/149724026",
        "axle_load": "22.5",
        "bridge": "yes",
        "electrified": "contact_line",
        "frequency": "50",
        "gauge": "1435",
        "layer": "1",
        "maxspeed": "90",
        "operator": "TCDD",
        "passenger_lines": "1",
        "railway": "rail",
        "railway:etcs": "2",
        "source": "bing",
        "usage": "main",
        "voltage": "25000"
      },
      "geometry": {
        "type": "LineString",
        "coordinates": [
          [
            28.3261391,
            39.5424249
          ],
          [
            28.3265395,
            39.5419848
          ],
          [
            28.3269057,
            39.541709
          ]
        ]
      },
      "id": "way/149724026"
    },
    {
      "type": "Feature",
      "properties": {
        "@id": "way/149724028",
        "axle_load": "22.5",
        "electrified": "contact_line",
        "frequency": "50",
        "gauge": "1435",
        "maxspeed": "90",
        "operator": "TCDD",
        "passenger_lines": "1",
        "railway": "rail",
        "railway:etcs": "2",
        "source": "bing",
        "usage": "main",
        "voltage": "25000"
      },
      "geometry": {
        "type": "LineString",
        "coordinates": [
          [
            28.4037805,
            39.5624001
          ],
          [
            28.4042804,
            39.5624419
          ],
          [
            28.4058042,
            39.5626596
          ],
          [
            28.4063704,
            39.5627994
          ]
        ]
      },
      "id": "way/149724028"
    },
    {
      "type": "Feature",
      "properties": {
        "@id": "way/149724029",
        "axle_load": "22.5",
        "electrified": "contact_line",
        "frequency": "50",
        "gauge": "1435",
        "maxspeed": "90",
        "operator": "TCDD",
        "passenger_lines": "1",
        "railway": "rail",
        "railway:etcs": "2",
        "source": "bing",
        "usage": "main",
        "voltage": "25000"
      },
      "geometry": {
        "type": "LineString",
        "coordinates": [
          [
            28.2614521,
            39.558149
          ],
          [
            28.2616207,
            39.5579447
          ],
          [
            28.2618857,
            39.5576568
          ],
          [
            28.2626024,
            39.5569278
          ]
        ]
      },
      "id": "way/149724029"
    },
    {
      "type": "Feature",
      "properties": {
        "@id": "way/149724030",
        "axle_load": "22.5",
        "electrified": "contact_line",
        "frequency": "50",
        "gauge": "1435",
        "maxspeed": "90",
        "operator": "TCDD",
        "passenger_lines": "1",
        "railway": "rail",
        "railway:etcs": "2",
        "source": "bing",
        "usage": "main",
        "voltage": "25000"
      },
      "geometry": {
        "type": "LineString",
        "coordinates": [
          [
            28.230253,
            39.5759974
          ],
          [
            28.230631,
            39.5758047
          ],
          [
            28.2309262,
            39.5756051
          ],
          [
            28.231155,
            39.5754194
          ]
        ]
      },
      "id": "way/149724030"
    },
    {
      "type": "Feature",
      "properties": {
        "@id": "way/149724031",
        "axle_load": "22.5",
        "electrified": "contact_line",
        "frequency": "50",
        "gauge": "1435",
        "layer": "-1",
        "maxspeed": "90",
        "operator": "TCDD",
        "passenger_lines": "1",
        "railway": "rail",
        "railway:etcs": "2",
        "source": "interpolated",
        "tunnel": "yes",
        "usage": "main",
        "voltage": "25000"
      },
      "geometry": {
        "type": "LineString",
        "coordinates": [
          [
            28.2526409,
            39.5609489
          ],
          [
            28.253195,
            39.5609396
          ],
          [
            28.2537671,
            39.5609628
          ],
          [
            28.2541827,
            39.561051
          ]
        ]
      },
      "id": "way/149724031"
    },
    {
      "type": "Feature",
      "properties": {
        "@id": "way/149724033",
        "axle_load": "22.5",
        "electrified": "contact_line",
        "frequency": "50",
        "gauge": "1435",
        "layer": "-1",
        "maxspeed": "90",
        "operator": "TCDD",
        "passenger_lines": "1",
        "railway": "rail",
        "railway:etcs": "2",
        "source": "interpolated",
        "tunnel": "yes",
        "usage": "main",
        "voltage": "25000"
      },
      "geometry": {
        "type": "LineString",
        "coordinates": [
          [
            28.3210104,
            39.5504545
          ],
          [
            28.3213476,
            39.5502084
          ],
          [
            28.321703,
            39.549888
          ],
          [
            28.3218957,
            39.5495675
          ]
        ]
      },
      "id": "way/149724033"
    },
    {
      "type": "Feature",
      "properties": {
        "@id": "way/149724036",
        "axle_load": "22.5",
        "electrified": "contact_line",
        "frequency": "50",
        "gauge": "1435",
        "layer": "-1",
        "maxspeed": "90",
        "operator": "TCDD",
        "passenger_lines": "1",
        "railway": "rail",
        "railway:etcs": "2",
        "source": "interpolated",
        "tunnel": "yes",
        "usage": "main",
        "voltage": "25000"
      },
      "geometry": {
        "type": "LineString",
        "coordinates": [
          [
            28.4021904,
            39.5625905
          ],
          [
            28.4026963,
            39.562479
          ],
          [
            28.4032083,
            39.562414
          ],
          [
            28.4037805,
            39.5624001
          ]
        ]
      },
      "id": "way/149724036"
    },
    {
      "type": "Feature",
      "properties": {
        "@id": "way/149724037",
        "axle_load": "22.5",
        "electrified": "contact_line",
        "frequency": "50",
        "gauge": "1435",
        "maxspeed": "90",
        "operator": "TCDD",
        "passenger_lines": "1",
        "railway": "rail",
        "railway:etcs": "2",
        "source": "bing",
        "usage": "main",
        "voltage": "25000"
      },
      "geometry": {
        "type": "LineString",
        "coordinates": [
          [
            28.4098035,
            39.5637141
          ],
          [
            28.410719,
            39.5636166
          ],
          [
            28.411237,
            39.5635423
          ],
          [
            28.4116948,
            39.5634263
          ]
        ]
      },
      "id": "way/149724037"
    },
    {
      "type": "Feature",
      "properties": {
        "@id": "way/149724038",
        "axle_load": "22.5",
        "electrified": "contact_line",
        "frequency": "50",
        "gauge": "1435",
        "layer": "-1",
        "maxspeed": "90",
        "operator": "TCDD",
        "passenger_lines": "1",
        "railway": "rail",
        "railway:etcs": "2",
        "source": "interpolated",
        "tunnel": "yes",
        "usage": "main",
        "voltage": "25000"
      },
      "geometry": {
        "type": "LineString",
        "coordinates": [
          [
            28.331292,
            39.540126
          ],
          [
            28.3318456,
            39.540126
          ],
          [
            28.3324844,
            39.5401786
          ],
          [
            28.3331317,
            39.5403494
          ]
        ]
      },
      "id": "way/149724038"
    },
    {
      "type": "Feature",
      "properties": {
        "@id": "way/149724039",
        "axle_load": "22.5",
        "electrified": "contact_line",
        "frequency": "50",
        "gauge": "1435",
        "maxspeed": "90",
        "name": "Alayunt-Balıkesir demiryolu",
        "operator": "TCDD",
        "passenger_lines": "1",
        "railway": "rail",
        "railway:etcs": "2",
        "source": "bing",
        "usage": "main",
        "voltage": "25000"
      },
      "geometry": {
        "type": "LineString",
        "coordinates": [
          [
            28.2435234,
            39.561673
          ],
          [
            28.2438386,
            39.5615482
          ],
          [
            28.244307,
            39.5613249
          ],
          [
            28.2449017,
            39.5610046
          ]
        ]
      },
      "id": "way/149724039"
    },
    {
      "type": "Feature",
      "properties": {
        "@id": "way/149724040",
        "axle_load": "22.5",
        "electrified": "contact_line",
        "frequency": "50",
        "gauge": "1435",
        "maxspeed": "90",
        "name": "Alayunt-Balıkesir demiryolu",
        "operator": "TCDD",
        "passenger_lines": "1",
        "railway": "rail",
        "railway:etcs": "2",
        "source": "bing",
        "usage": "main",
        "voltage": "25000"
      },
      "geometry": {
        "type": "LineString",
        "coordinates": [
          [
            28.1511075,
            39.6140457
          ],
          [
            28.1505896,
            39.6140596
          ],
          [
            28.1500837,
            39.6140968
          ],
          [
            28.1496862,
            39.614171
          ],
          [
            28.1492646,
            39.6143102
          ],
          [
            28.148849,
            39.614505
          ],
          [
            28.1484214,
            39.6147556
          ],
          [
            28.148042,
            39.6150479
          ],
          [
            28.147765,
            39.6153541
          ],
          [
            28.1475301,
            39.6156928
          ],
          [
            28.1473494,
            39.6160732
          ],
          [
            28.1472892,
            39.6164815
          ],
          [
            28.1472771,
            39.6168202
          ],
          [
            28.1473133,
            39.6171542
          ],
          [
            28.1474337,
            39.6181331
          ],
          [
            28.1474217,
            39.6185043
          ],
          [
            28.1473554,
            39.6188615
          ],
          [
            28.147253,
            39.6191538
          ],
          [
            28.1470603,
            39.6195203
          ],
          [
            28.1467833,
            39.6198404
          ],
          [
            28.1464279,
            39.6201558
          ],
          [
            28.1460846,
            39.6204203
          ],
          [
            28.1456932,
            39.6206105
          ],
          [
            28.1452595,
            39.6207682
          ],
          [
            28.1447958,
            39.6208842
          ],
          [
            28.1441333,
            39.6209909
          ],
          [
            28.1428384,
            39.6211811
          ],
          [
            28.1424228,
            39.6212553
          ],
          [
            28.1410015,
            39.6215847
          ],
          [
            28.1321,
            39.6246928
          ],
          [
            28.1312207,
            39.6250454
          ],
          [
            28.1304497,
            39.6254258
          ],
          [
            28.1297451,
            39.6258247
          ],
          [
            28.1289983,
            39.6263211
          ],
          [
            28.1282816,
            39.6268731
          ],
          [
            28.1276914,
            39.6274529
          ],
          [
            28.126535,
            39.6287054
          ],
          [
            28.1261736,
            39.6290161
          ],
          [
            28.125746,
            39.629262
          ],
          [
            28.1252401,
            39.6294846
          ],
          [
            28.1250715,
            39.6295449
          ],
          [
            28.12449,
            39.6296837
          ],
          [
            28.1238613,
            39.6297225
          ],
          [
            28.1231436,
            39.6296878
          ],
          [
            28.122532,
            39.6295515
          ],
          [
            28.1214377,
            39.6292457
          ],
          [
            28.1205043,
            39.6289772
          ],
          [
            28.1191417,
            39.6286053
          ],
          [
            28.1184483,
            39.6284045
          ],
          [
            28.1166419,
            39.6279195
          ],
          [
            28.1156227,
            39.6276096
          ],
          [
            28.1147214,
            39.6272501
          ],
          [
            28.1137183,
            39.6266882
          ],
          [
            28.1128653,
            39.6260974
          ],
          [
            28.1119319,
            39.6252504
          ],
          [
            28.1111219,
            39.6244488
          ],
          [
            28.110151,
            39.6235356
          ],
          [
            28.1093892,
            39.6228125
          ],
          [
            28.1084719,
            39.6220688
          ],
          [
            28.1073346,
            39.6212961
          ],
          [
            28.1057521,
            39.6201804
          ],
          [
            28.1038112,
            39.6188591
          ],
          [
            28.1028225,
            39.6181574
          ],
          [
            28.1020858,
            39.6176345
          ],
          [
            28.1006562,
            39.6165617
          ],
          [
            28.0977645,
            39.6146762
          ],
          [
            28.096579,
            39.6141472
          ],
          [
            28.0952714,
            39.6136785
          ],
          [
            28.0927481,
            39.612831
          ],
          [
            28.0911541,
            39.6123502
          ],
          [
            28.0896038,
            39.6120816
          ],
          [
            28.0869162,
            39.6117758
          ],
          [
            28.0824852,
            39.6112179
          ],
          [
            28.0806828,
            39.6109947
          ],
          [
            28.0799371,
            39.6108418
          ],
          [
            28.0792022,
            39.6105236
          ],
          [
            28.0787194,
            39.6102012
          ],
          [
            28.0782366,
            39.6097177
          ],
          [
            28.0779094,
            39.6092259
          ],
          [
            28.0777914,
            39.6089035
          ],
          [
            28.0777502,
            39.6085675
          ],
          [
            28.0777324,
            39.6079447
          ],
          [
            28.0777699,
            39.6073248
          ],
          [
            28.0777484,
            39.6068825
          ],
          [
            28.0776573,
            39.6064279
          ],
          [
            28.0775249,
            39.6061079
          ]
        ]
      },
      "id": "way/149724040"
    },
    {
      "type": "Feature",
      "properties": {
        "@id": "way/149724041",
        "axle_load": "22.5",
        "electrified": "contact_line",
        "frequency": "50",
        "gauge": "1435",
        "maxspeed": "90",
        "name": "Alayunt - Balıkesir Demiryolu",
        "operator": "TCDD",
        "passenger_lines": "1",
        "railway": "rail",
        "railway:etcs": "2",
        "source": "bing",
        "usage": "main",
        "voltage": "25000"
      },
      "geometry": {
        "type": "LineString",
        "coordinates": [
          [
            28.3331317,
            39.5403494
          ],
          [
            28.3340217,
            39.5406613
          ],
          [
            28.3356841,
            39.541152
          ],
          [
            28.3361534,
            39.5413238
          ],
          [
            28.3370999,
            39.5417961
          ],
          [
            28.3376567,
            39.5420046
          ],
          [
            28.338126,
            39.5420782
          ],
          [
            28.3385555,
            39.5421273
          ],
          [
            28.3389452,
            39.5421212
          ],
          [
            28.3400349,
            39.5419801
          ],
          [
            28.3406633,
            39.5419556
          ],
          [
            28.341228,
            39.5419985
          ],
          [
            28.341912,
            39.5420966
          ],
          [
            28.3429938,
            39.5423911
          ],
          [
            28.3430114,
            39.5423961
          ],
          [
            28.3450777,
            39.5429799
          ],
          [
            28.3456106,
            39.5431026
          ],
          [
            28.3462151,
            39.5431516
          ],
          [
            28.3470423,
            39.5431455
          ],
          [
            28.3479968,
            39.5430658
          ],
          [
            28.3485934,
            39.5430167
          ],
          [
            28.3492297,
            39.5430412
          ],
          [
            28.3499217,
            39.5431332
          ],
          [
            28.3513534,
            39.5434399
          ],
          [
            28.3519897,
            39.5435565
          ],
          [
            28.352984,
            39.5437037
          ],
          [
            28.3535646,
            39.5438386
          ],
          [
            28.3540896,
            39.5439551
          ],
          [
            28.3546781,
            39.5441882
          ],
          [
            28.3552588,
            39.5445194
          ],
          [
            28.3557519,
            39.5448997
          ],
          [
            28.3562292,
            39.5453659
          ],
          [
            28.3565076,
            39.5457707
          ],
          [
            28.3572314,
            39.5471445
          ],
          [
            28.3589638,
            39.5503351
          ],
          [
            28.3596547,
            39.5516075
          ],
          [
            28.3598421,
            39.5518833
          ],
          [
            28.3601658,
            39.5521789
          ],
          [
            28.3605235,
            39.5524613
          ],
          [
            28.3609409,
            39.5526714
          ],
          [
            28.3615286,
            39.5528356
          ],
          [
            28.3619716,
            39.5529079
          ],
          [
            28.3625849,
            39.5529341
          ],
          [
            28.363113,
            39.5529538
          ],
          [
            28.3634707,
            39.5529932
          ],
          [
            28.363804,
            39.5530724
          ],
          [
            28.3639442,
            39.5531293
          ],
          [
            28.3642884,
            39.5532691
          ],
          [
            28.3648591,
            39.5535646
          ],
          [
            28.3651658,
            39.5538667
          ],
          [
            28.3654469,
            39.5542082
          ],
          [
            28.3656257,
            39.55453
          ]
        ]
      },
      "id": "way/149724041"
    },
    {
      "type": "Feature",
      "properties": {
        "@id": "way/149724042",
        "axle_load": "22.5",
        "electrified": "contact_line",
        "frequency": "50",
        "gauge": "1435",
        "layer": "-1",
        "maxspeed": "90",
        "operator": "TCDD",
        "passenger_lines": "1",
        "railway": "rail",
        "railway:etcs": "2",
        "source": "interpolated",
        "tunnel": "yes",
        "usage": "main",
        "voltage": "25000"
      },
      "geometry": {
        "type": "LineString",
        "coordinates": [
          [
            28.3656257,
            39.55453
          ],
          [
            28.3658898,
            39.5552262
          ],
          [
            28.3661879,
            39.5561456
          ],
          [
            28.3662646,
            39.5565068
          ],
          [
            28.3662561,
            39.5567629
          ]
        ]
      },
      "id": "way/149724042"
    },
    {
      "type": "Feature",
      "properties": {
        "@id": "way/149724044",
        "axle_load": "22.5",
        "electrified": "contact_line",
        "frequency": "50",
        "gauge": "1435",
        "maxspeed": "75",
        "name": "Alayunt-Balıkesir demiryolu",
        "operator": "TCDD",
        "passenger_lines": "1",
        "railway": "rail",
        "railway:etcs": "2",
        "source": "bing",
        "usage": "main",
        "voltage": "25000"
      },
      "geometry": {
        "type": "LineString",
        "coordinates": [
          [
            28.7090445,
            39.5568875
          ],
          [
            28.7091382,
            39.5573342
          ],
          [
            28.7091127,
            39.5577152
          ],
          [
            28.7089764,
            39.5582144
          ],
          [
            28.7088486,
            39.5587924
          ],
          [
            28.7088614,
            39.5592883
          ],
          [
            28.7090232,
            39.5597152
          ],
          [
            28.7092362,
            39.5601093
          ],
          [
            28.7095344,
            39.5604508
          ],
          [
            28.7098326,
            39.5606873
          ],
          [
            28.7102244,
            39.5609172
          ],
          [
            28.7106504,
            39.5610879
          ],
          [
            28.7112468,
            39.561239
          ],
          [
            28.7124224,
            39.5614623
          ],
          [
            28.7128825,
            39.5614951
          ],
          [
            28.7133084,
            39.5614754
          ],
          [
            28.7137174,
            39.5614032
          ],
          [
            28.714203,
            39.5612521
          ],
          [
            28.7145778,
            39.5610748
          ],
          [
            28.7157705,
            39.5603917
          ],
          [
            28.7161624,
            39.5602012
          ],
          [
            28.7166621,
            39.5600162
          ],
          [
            28.7172415,
            39.5599374
          ]
        ]
      },
      "id": "way/149724044"
    },
    {
      "type": "Feature",
      "properties": {
        "@id": "way/149724045",
        "axle_load": "22.5",
        "electrified": "contact_line",
        "frequency": "50",
        "gauge": "1435",
        "layer": "-1",
        "maxspeed": "90",
        "operator": "TCDD",
        "passenger_lines": "1",
        "railway": "rail",
        "railway:etcs": "2",
        "source": "interpolated",
        "tunnel": "yes",
        "usage": "main",
        "voltage": "25000"
      },
      "geometry": {
        "type": "LineString",
        "coordinates": [
          [
            28.4116948,
            39.5634263
          ],
          [
            28.4119598,
            39.5633241
          ],
          [
            28.4124296,
            39.5630223
          ],
          [
            28.4128211,
            39.5627065
          ],
          [
            28.4129897,
            39.5625162
          ]
        ]
      },
      "id": "way/149724045"
    },
    {
      "type": "Feature",
      "properties": {
        "@id": "way/149724046",
        "axle_load": "22.5",
        "electrified": "contact_line",
        "frequency": "50",
        "gauge": "1435",
        "maxspeed": "90",
        "name": "Alayunt-Balıkesir demiryolu",
        "operator": "TCDD",
        "passenger_lines": "1",
        "railway": "rail",
        "railway:etcs": "2",
        "source": "bing",
        "usage": "main",
        "voltage": "25000"
      },
      "geometry": {
        "type": "LineString",
        "coordinates": [
          [
            28.1514267,
            39.6140875
          ],
          [
            28.1518604,
            39.6141803
          ],
          [
            28.1558655,
            39.6156325
          ],
          [
            28.1564135,
            39.615818
          ],
          [
            28.1570162,
            39.6159619
          ],
          [
            28.1574856,
            39.6160315
          ],
          [
            28.1579794,
            39.6160546
          ],
          [
            28.1586394,
            39.6160358
          ],
          [
            28.1601119,
            39.6159617
          ],
          [
            28.1620327,
            39.6158366
          ],
          [
            28.1625145,
            39.615832
          ],
          [
            28.1628939,
            39.6158552
          ],
          [
            28.1633938,
            39.6159479
          ],
          [
            28.1638154,
            39.6160639
          ],
          [
            28.164243,
            39.6162541
          ],
          [
            28.1645984,
            39.6164676
          ],
          [
            28.1649597,
            39.6167552
          ],
          [
            28.1657079,
            39.6174223
          ],
          [
            28.1659173,
            39.6176089
          ],
          [
            28.1662606,
            39.6178919
          ],
          [
            28.1665075,
            39.6181099
          ],
          [
            28.1668267,
            39.6183419
          ],
          [
            28.167152,
            39.6185182
          ],
          [
            28.1674772,
            39.6186481
          ],
          [
            28.1678807,
            39.6187641
          ],
          [
            28.1682903,
            39.6188336
          ],
          [
            28.1687299,
            39.6188568
          ],
          [
            28.1692298,
            39.6187826
          ],
          [
            28.1696454,
            39.6186852
          ],
          [
            28.1701151,
            39.6185321
          ],
          [
            28.1705066,
            39.6183048
          ],
          [
            28.170886,
            39.6180264
          ],
          [
            28.171139,
            39.6177573
          ],
          [
            28.1713377,
            39.6174558
          ],
          [
            28.1714883,
            39.617131
          ],
          [
            28.1715546,
            39.6168062
          ],
          [
            28.1715847,
            39.6165
          ],
          [
            28.1714461,
            39.6148345
          ],
          [
            28.1714221,
            39.6143983
          ],
          [
            28.1714642,
            39.6140132
          ],
          [
            28.1715847,
            39.6136885
          ],
          [
            28.1717352,
            39.6133498
          ],
          [
            28.1720123,
            39.6130343
          ],
          [
            28.1723194,
            39.6127884
          ],
          [
            28.1726507,
            39.6125703
          ],
          [
            28.1730964,
            39.6123801
          ],
          [
            28.1734637,
            39.6122641
          ],
          [
            28.1738914,
            39.6121899
          ],
          [
            28.1744213,
            39.6121806
          ],
          [
            28.1748851,
            39.6122177
          ],
          [
            28.1758427,
            39.6124311
          ],
          [
            28.1762402,
            39.6124775
          ],
          [
            28.1766136,
            39.6125146
          ],
          [
            28.1769991,
            39.6124961
          ],
          [
            28.1776013,
            39.6123894
          ],
          [
            28.1780711,
            39.612227
          ],
          [
            28.178589,
            39.6119486
          ]
        ]
      },
      "id": "way/149724046"
    },
    {
      "type": "Feature",
      "properties": {
        "@id": "way/149724047",
        "axle_load": "22.5",
        "electrified": "contact_line",
        "frequency": "50",
        "gauge": "1435",
        "maxspeed": "90",
        "name": "Alayunt-Balıkesir demiryolu",
        "operator": "TCDD",
        "passenger_lines": "1",
        "railway": "rail",
        "railway:etcs": "2",
        "source": "bing",
        "usage": "main",
        "voltage": "25000"
      },
      "geometry": {
        "type": "LineString",
        "coordinates": [
          [
            28.2012705,
            39.590064
          ],
          [
            28.2028665,
            39.5885835
          ],
          [
            28.2031556,
            39.5882725
          ],
          [
            28.2033603,
            39.5879569
          ],
          [
            28.2035109,
            39.5875856
          ],
          [
            28.2035832,
            39.5872514
          ],
          [
            28.2035711,
            39.5868662
          ],
          [
            28.2034627,
            39.5864716
          ],
          [
            28.2033061,
            39.5861514
          ],
          [
            28.2031014,
            39.5858543
          ],
          [
            28.2028243,
            39.5855805
          ],
          [
            28.2020956,
            39.5850003
          ],
          [
            28.2016439,
            39.5845918
          ],
          [
            28.201409,
            39.5842251
          ],
          [
            28.2012343,
            39.5838167
          ],
          [
            28.2011922,
            39.5834036
          ],
          [
            28.2012102,
            39.5830183
          ],
          [
            28.2013186,
            39.5826841
          ],
          [
            28.2022642,
            39.5809156
          ],
          [
            28.2026195,
            39.5804746
          ],
          [
            28.203017,
            39.580159
          ],
          [
            28.2034266,
            39.5799083
          ],
          [
            28.2038723,
            39.5796994
          ],
          [
            28.2043842,
            39.579537
          ],
          [
            28.2048479,
            39.5794627
          ],
          [
            28.2054623,
            39.5794302
          ],
          [
            28.2059621,
            39.5794812
          ],
          [
            28.2065403,
            39.5795973
          ],
          [
            28.2094432,
            39.5803818
          ],
          [
            28.2099793,
            39.5805071
          ],
          [
            28.2104009,
            39.5805442
          ],
          [
            28.2109549,
            39.5805396
          ],
          [
            28.2113705,
            39.5804839
          ],
          [
            28.2129846,
            39.5802286
          ],
          [
            28.2135447,
            39.5801079
          ],
          [
            28.2140446,
            39.5799408
          ],
          [
            28.2157008,
            39.5790078
          ],
          [
            28.2161525,
            39.5787757
          ],
          [
            28.2166644,
            39.5785993
          ],
          [
            28.2171824,
            39.5785018
          ],
          [
            28.2177003,
            39.5784554
          ],
          [
            28.2182183,
            39.5784647
          ],
          [
            28.2186941,
            39.5785296
          ],
          [
            28.2191578,
            39.578655
          ],
          [
            28.2195674,
            39.5788035
          ],
          [
            28.2207659,
            39.579342
          ],
          [
            28.2212537,
            39.5795555
          ],
          [
            28.2217777,
            39.579718
          ],
          [
            28.2221812,
            39.5798062
          ],
          [
            28.222657,
            39.5798526
          ],
          [
            28.2232231,
            39.5798433
          ],
          [
            28.2237592,
            39.579769
          ],
          [
            28.2243313,
            39.5796205
          ],
          [
            28.224771,
            39.5794209
          ],
          [
            28.2252889,
            39.5791377
          ],
          [
            28.2267002,
            39.5780724
          ],
          [
            28.2273366,
            39.577592
          ],
          [
            28.2285686,
            39.5769099
          ]
        ]
      },
      "id": "way/149724047"
    },
    {
      "type": "Feature",
      "properties": {
        "@id": "way/149724048",
        "axle_load": "22.5",
        "electrified": "contact_line",
        "frequency": "50",
        "gauge": "1435",
        "maxspeed": "90",
        "name": "Alayunt-Balıkesir demiryolu",
        "operator": "TCDD",
        "passenger_lines": "1",
        "railway": "rail",
        "railway:etcs": "2",
        "source": "bing",
        "usage": "main",
        "voltage": "25000"
      },
      "geometry": {
        "type": "LineString",
        "coordinates": [
          [
            28.3279363,
            39.541282
          ],
          [
            28.3291286,
            39.5408945
          ],
          [
            28.3297248,
            39.5406187
          ],
          [
            28.3303381,
            39.5403691
          ],
          [
            28.3308661,
            39.5401917
          ],
          [
            28.331292,
            39.540126
          ]
        ]
      },
      "id": "way/149724048"
    },
    {
      "type": "Feature",
      "properties": {
        "@id": "way/149724049",
        "axle_load": "22.5",
        "electrified": "contact_line",
        "frequency": "50",
        "gauge": "1435",
        "layer": "-1",
        "maxspeed": "90",
        "operator": "TCDD",
        "passenger_lines": "1",
        "railway": "rail",
        "railway:etcs": "2",
        "source": "interpolated",
        "tunnel": "yes",
        "usage": "main",
        "voltage": "25000"
      },
      "geometry": {
        "type": "LineString",
        "coordinates": [
          [
            28.3703224,
            39.5739007
          ],
          [
            28.3707922,
            39.5738172
          ],
          [
            28.3711898,
            39.5736918
          ],
          [
            28.3716053,
            39.5734829
          ],
          [
            28.3719426,
            39.5732693
          ],
          [
            28.3722498,
            39.5730279
          ]
        ]
      },
      "id": "way/149724049"
    },
    {
      "type": "Feature",
      "properties": {
        "@id": "way/149724051",
        "axle_load": "22.5",
        "electrified": "contact_line",
        "frequency": "50",
        "gauge": "1435",
        "layer": "-1",
        "maxspeed": "90",
        "operator": "TCDD",
        "passenger_lines": "1",
        "railway": "rail",
        "railway:etcs": "2",
        "source": "interpolated",
        "tunnel": "yes",
        "usage": "main",
        "voltage": "25000"
      },
      "geometry": {
        "type": "LineString",
        "coordinates": [
          [
            28.4063704,
            39.5627994
          ],
          [
            28.406792,
            39.5629201
          ],
          [
            28.4071293,
            39.563078
          ],
          [
            28.407581,
            39.5633427
          ],
          [
            28.4080629,
            39.5635284
          ],
          [
            28.4085025,
            39.5636445
          ]
        ]
      },
      "id": "way/149724051"
    },
    {
      "type": "Feature",
      "properties": {
        "@id": "way/149724052",
        "axle_load": "22.5",
        "electrified": "contact_line",
        "frequency": "50",
        "gauge": "1435",
        "maxspeed": "90",
        "name": "Alayunt-Balıkesir demiryolu",
        "operator": "TCDD",
        "passenger_lines": "1",
        "railway": "rail",
        "railway:etcs": "2",
        "source": "bing",
        "usage": "main",
        "voltage": "25000"
      },
      "geometry": {
        "type": "LineString",
        "coordinates": [
          [
            28.2680288,
            39.555205
          ],
          [
            28.2683902,
            39.5550797
          ],
          [
            28.2688539,
            39.5548614
          ],
          [
            28.269408,
            39.5544946
          ],
          [
            28.2697935,
            39.5542624
          ],
          [
            28.2701548,
            39.5540674
          ],
          [
            28.2709559,
            39.5537005
          ],
          [
            28.2714196,
            39.553394
          ],
          [
            28.271781,
            39.5530411
          ],
          [
            28.2724495,
            39.5523771
          ],
          [
            28.2728771,
            39.5520288
          ],
          [
            28.273377,
            39.5517084
          ],
          [
            28.2738106,
            39.551518
          ],
          [
            28.274455,
            39.5512997
          ],
          [
            28.2750754,
            39.5511743
          ],
          [
            28.2757318,
            39.5511047
          ],
          [
            28.2779964,
            39.551035
          ],
          [
            28.2787191,
            39.5509746
          ],
          [
            28.279496,
            39.5508725
          ],
          [
            28.2801525,
            39.5507657
          ],
          [
            28.2807427,
            39.5506078
          ],
          [
            28.2814534,
            39.5503709
          ],
          [
            28.2822544,
            39.5500412
          ],
          [
            28.2843383,
            39.549001
          ],
          [
            28.2848321,
            39.5487874
          ],
          [
            28.2853982,
            39.5486527
          ],
          [
            28.2858861,
            39.5486155
          ],
          [
            28.2899273,
            39.5487084
          ],
          [
            28.2963475,
            39.548727
          ],
          [
            28.2969618,
            39.5487363
          ],
          [
            28.2973894,
            39.5487827
          ],
          [
            28.2978351,
            39.5488709
          ],
          [
            28.2984434,
            39.5490753
          ],
          [
            28.2992444,
            39.5494375
          ],
          [
            28.2998286,
            39.5496233
          ],
          [
            28.3003345,
            39.5496697
          ],
          [
            28.3010512,
            39.5497069
          ],
          [
            28.3018522,
            39.5497719
          ],
          [
            28.3027315,
            39.5499298
          ],
          [
            28.3032796,
            39.5500087
          ],
          [
            28.3036229,
            39.5500598
          ],
          [
            28.3042312,
            39.5500412
          ],
          [
            28.3048636,
            39.5499623
          ],
          [
            28.3055611,
            39.5498378
          ],
          [
            28.3081218,
            39.5493807
          ],
          [
            28.3087605,
            39.5492901
          ],
          [
            28.3092755,
            39.5492692
          ],
          [
            28.309865,
            39.5493019
          ],
          [
            28.3104366,
            39.549395
          ],
          [
            28.3109305,
            39.5495131
          ],
          [
            28.3118245,
            39.5498234
          ],
          [
            28.3130544,
            39.5502502
          ],
          [
            28.3135603,
            39.5504127
          ],
          [
            28.314012,
            39.5505242
          ],
          [
            28.3144758,
            39.5505706
          ],
          [
            28.3148672,
            39.5505706
          ],
          [
            28.3155659,
            39.5504731
          ],
          [
            28.3159513,
            39.5504359
          ],
          [
            28.3163849,
            39.550422
          ],
          [
            28.3168547,
            39.5504499
          ],
          [
            28.3172101,
            39.550501
          ],
          [
            28.3181918,
            39.550775
          ],
          [
            28.3185832,
            39.5508585
          ],
          [
            28.3189928,
            39.550905
          ],
          [
            28.3193782,
            39.5509096
          ],
          [
            28.3197637,
            39.5508678
          ],
          [
            28.3201311,
            39.5507842
          ],
          [
            28.3205406,
            39.5506449
          ],
          [
            28.3210104,
            39.5504545
          ]
        ]
      },
      "id": "way/149724052"
    },
    {
      "type": "Feature",
      "properties": {
        "@id": "way/149724058",
        "axle_load": "22.5",
        "electrified": "contact_line",
        "frequency": "50",
        "gauge": "1435",
        "layer": "-1",
        "maxspeed": "75",
        "operator": "TCDD",
        "passenger_lines": "1",
        "railway": "rail",
        "railway:etcs": "2",
        "source": "bing",
        "tunnel": "yes",
        "usage": "main",
        "voltage": "25000"
      },
      "geometry": {
        "type": "LineString",
        "coordinates": [
          [
            28.7067698,
            39.5552322
          ],
          [
            28.7073491,
            39.5553899
          ],
          [
            28.7077922,
            39.5556001
          ],
          [
            28.7082011,
            39.55583
          ],
          [
            28.7085845,
            39.5561453
          ],
          [
            28.7088741,
            39.5565328
          ],
          [
            28.7090445,
            39.5568875
          ]
        ]
      },
      "id": "way/149724058"
    },
    {
      "type": "Feature",
      "properties": {
        "@id": "way/149724063",
        "axle_load": "22.5",
        "electrified": "contact_line",
        "frequency": "50",
        "gauge": "1435",
        "maxspeed": "90",
        "name": "Alayunt-Balıkesir demiryolu",
        "operator": "TCDD",
        "passenger_lines": "1",
        "railway": "rail",
        "railway:etcs": "2",
        "source": "bing",
        "usage": "main",
        "voltage": "25000"
      },
      "geometry": {
        "type": "LineString",
        "coordinates": [
          [
            28.3722498,
            39.5730279
          ],
          [
            28.3724847,
            39.5727076
          ],
          [
            28.3726654,
            39.5723965
          ],
          [
            28.3727557,
            39.5720344
          ],
          [
            28.3728039,
            39.5717372
          ],
          [
            28.3727859,
            39.5713983
          ],
          [
            28.3726955,
            39.5711244
          ],
          [
            28.3725449,
            39.5707855
          ],
          [
            28.3723602,
            39.5704264
          ],
          [
            28.3722658,
            39.5702497
          ],
          [
            28.3720006,
            39.569764
          ],
          [
            28.3716989,
            39.5692502
          ],
          [
            28.3710131,
            39.5679183
          ],
          [
            28.3709006,
            39.5675819
          ],
          [
            28.3708223,
            39.5671872
          ],
          [
            28.3708384,
            39.5668343
          ],
          [
            28.3708973,
            39.5665057
          ],
          [
            28.3710285,
            39.5661787
          ],
          [
            28.3712494,
            39.5658407
          ],
          [
            28.3714006,
            39.56559
          ],
          [
            28.3716294,
            39.5653486
          ],
          [
            28.3717056,
            39.5652809
          ],
          [
            28.3719487,
            39.5650653
          ],
          [
            28.3723823,
            39.5646985
          ],
          [
            28.3727678,
            39.5644431
          ],
          [
            28.3732316,
            39.5642342
          ],
          [
            28.3736773,
            39.564132
          ],
          [
            28.374117,
            39.564081
          ],
          [
            28.3745687,
            39.564067
          ],
          [
            28.3750023,
            39.5640995
          ],
          [
            28.3755143,
            39.5642017
          ],
          [
            28.3770562,
            39.5645406
          ],
          [
            28.3790498,
            39.5649678
          ],
          [
            28.3794895,
            39.5650514
          ],
          [
            28.3799412,
            39.5650885
          ],
          [
            28.3803629,
            39.5650653
          ],
          [
            28.3808688,
            39.5649678
          ],
          [
            28.3812603,
            39.5648424
          ],
          [
            28.3815976,
            39.5646892
          ],
          [
            28.381977,
            39.5644524
          ],
          [
            28.3822661,
            39.5641924
          ],
          [
            28.382495,
            39.5639138
          ],
          [
            28.3826396,
            39.563677
          ],
          [
            28.38276,
            39.5633566
          ],
          [
            28.3828203,
            39.5629991
          ],
          [
            28.3828203,
            39.5626183
          ],
          [
            28.382742,
            39.5621772
          ],
          [
            28.3825914,
            39.5617686
          ],
          [
            28.3824952,
            39.5612558
          ],
          [
            28.3825131,
            39.560891
          ],
          [
            28.3826275,
            39.5604916
          ],
          [
            28.382742,
            39.5602362
          ],
          [
            28.3829528,
            39.5599344
          ],
          [
            28.3832178,
            39.5596372
          ],
          [
            28.3835069,
            39.5594051
          ],
          [
            28.3838622,
            39.5592007
          ],
          [
            28.3843381,
            39.559015
          ],
          [
            28.3847356,
            39.5589175
          ],
          [
            28.3852536,
            39.5588525
          ],
          [
            28.3876568,
            39.5586528
          ],
          [
            28.3880422,
            39.5586296
          ],
          [
            28.3884518,
            39.5586481
          ],
          [
            28.3889397,
            39.5586992
          ],
          [
            28.3894637,
            39.558806
          ],
          [
            28.3906617,
            39.5591137
          ],
          [
            28.3911441,
            39.5592565
          ],
          [
            28.391626,
            39.5594515
          ],
          [
            28.3920415,
            39.5596744
          ],
          [
            28.392415,
            39.5599391
          ],
          [
            28.3934871,
            39.5607935
          ],
          [
            28.3938846,
            39.5610767
          ],
          [
            28.3942038,
            39.5612671
          ],
          [
            28.3946495,
            39.5614482
          ],
          [
            28.395553,
            39.5617175
          ],
          [
            28.3961975,
            39.5619775
          ],
          [
            28.396607,
            39.5621958
          ],
          [
            28.3977333,
            39.5628087
          ],
          [
            28.3981068,
            39.5629666
          ],
          [
            28.3985886,
            39.5631105
          ],
          [
            28.3989982,
            39.5631848
          ],
          [
            28.3994499,
            39.563222
          ],
          [
            28.3998715,
            39.5632173
          ],
          [
            28.4003895,
            39.5631569
          ],
          [
            28.400775,
            39.5630501
          ],
          [
            28.4021904,
            39.5625905
          ]
        ]
      },
      "id": "way/149724063"
    },
    {
      "type": "Feature",
      "properties": {
        "@id": "way/149724065",
        "axle_load": "22.5",
        "electrified": "contact_line",
        "frequency": "50",
        "gauge": "1435",
        "maxspeed": "90",
        "name": "Alayunt-Balıkesir demiryolu",
        "operator": "TCDD",
        "passenger_lines": "1",
        "railway": "rail",
        "railway:etcs": "2",
        "source": "bing",
        "usage": "main",
        "voltage": "25000"
      },
      "geometry": {
        "type": "LineString",
        "coordinates": [
          [
            28.2638973,
            39.5558459
          ],
          [
            28.2642406,
            39.5556694
          ],
          [
            28.2645839,
            39.5555301
          ],
          [
            28.2649512,
            39.5554372
          ],
          [
            28.2653246,
            39.5553861
          ],
          [
            28.2657342,
            39.5553583
          ],
          [
            28.266493,
            39.5553908
          ],
          [
            28.2671013,
            39.5553861
          ],
          [
            28.2676133,
            39.5553211
          ]
        ]
      },
      "id": "way/149724065"
    },
    {
      "type": "Feature",
      "properties": {
        "@id": "way/149724066",
        "axle_load": "22.5",
        "electrified": "contact_line",
        "frequency": "50",
        "gauge": "1435",
        "maxspeed": "90",
        "name": "Alayunt-Balıkesir demiryolu",
        "operator": "TCDD",
        "passenger_lines": "1",
        "railway": "rail",
        "railway:etcs": "2",
        "source": "bing",
        "usage": "main",
        "voltage": "25000"
      },
      "geometry": {
        "type": "LineString",
        "coordinates": [
          [
            28.2394182,
            39.5644372
          ],
          [
            28.2396567,
            39.5639185
          ],
          [
            28.2400655,
            39.5633473
          ],
          [
            28.2404147,
            39.5629008
          ],
          [
            28.2407384,
            39.5625856
          ],
          [
            28.2412068,
            39.562277
          ],
          [
            28.2416241,
            39.5620932
          ],
          [
            28.2421181,
            39.5619619
          ],
          [
            28.2430209,
            39.5617911
          ]
        ]
      },
      "id": "way/149724066"
    },
    {
      "type": "Feature",
      "properties": {
        "@id": "way/149729381",
        "axle_load": "22.5",
        "electrified": "contact_line",
        "frequency": "50",
        "gauge": "1435",
        "maxspeed": "75",
        "name": "Alayunt-Balıkesir demiryolu",
        "operator": "TCDD",
        "passenger_lines": "1",
        "railway": "rail",
        "railway:etcs": "2",
        "source": "bing",
        "usage": "main",
        "voltage": "25000"
      },
      "geometry": {
        "type": "LineString",
        "coordinates": [
          [
            28.7201046,
            39.561133
          ],
          [
            28.7202665,
            39.5613629
          ],
          [
            28.7204114,
            39.5617176
          ],
          [
            28.7204795,
            39.5620855
          ],
          [
            28.7204455,
            39.5625125
          ],
          [
            28.7201046,
            39.5648117
          ],
          [
            28.7200705,
            39.5652058
          ],
          [
            28.7201728,
            39.5656393
          ],
          [
            28.7203858,
            39.5661649
          ],
          [
            28.7206074,
            39.566421
          ],
          [
            28.720863,
            39.5667166
          ],
          [
            28.7212294,
            39.5670451
          ],
          [
            28.7222689,
            39.5676494
          ],
          [
            28.7225945,
            39.5678788
          ],
          [
            28.7228075,
            39.5681021
          ]
        ]
      },
      "id": "way/149729381"
    },
    {
      "type": "Feature",
      "properties": {
        "@id": "way/149729384",
        "axle_load": "22.5",
        "electrified": "contact_line",
        "frequency": "50",
        "gauge": "1435",
        "maxspeed": "75",
        "name": "Alayunt-Balıkesir demiryolu",
        "operator": "TCDD",
        "passenger_lines": "1",
        "railway": "rail",
        "railway:etcs": "2",
        "source": "bing",
        "usage": "main",
        "voltage": "25000"
      },
      "geometry": {
        "type": "LineString",
        "coordinates": [
          [
            28.7293361,
            39.6368216
          ],
          [
            28.7294627,
            39.6371605
          ],
          [
            28.7296375,
            39.6375644
          ],
          [
            28.7299208,
            39.6379265
          ],
          [
            28.7301861,
            39.6381633
          ],
          [
            28.7305357,
            39.6384047
          ],
          [
            28.7315425,
            39.6390268
          ],
          [
            28.7318921,
            39.6392867
          ],
          [
            28.7321513,
            39.6395513
          ],
          [
            28.7323744,
            39.6399134
          ],
          [
            28.732495,
            39.6402059
          ],
          [
            28.7325854,
            39.6405494
          ],
          [
            28.7325854,
            39.6409208
          ],
          [
            28.7324889,
            39.6413618
          ],
          [
            28.732302,
            39.6417285
          ],
          [
            28.7309336,
            39.6434182
          ]
        ]
      },
      "id": "way/149729384"
    },
    {
      "type": "Feature",
      "properties": {
        "@id": "way/149729387",
        "axle_load": "22.5",
        "bridge": "yes",
        "electrified": "contact_line",
        "frequency": "50",
        "gauge": "1435",
        "layer": "1",
        "maxspeed": "75",
        "operator": "TCDD",
        "passenger_lines": "1",
        "railway": "rail",
        "railway:etcs": "2",
        "source": "bing",
        "usage": "main",
        "voltage": "25000"
      },
      "geometry": {
        "type": "LineString",
        "coordinates": [
          [
            28.7309336,
            39.6434182
          ],
          [
            28.7306985,
            39.6436875
          ]
        ]
      },
      "id": "way/149729387"
    },
    {
      "type": "Feature",
      "properties": {
        "@id": "way/149729388",
        "axle_load": "22.5",
        "bridge": "yes",
        "electrified": "contact_line",
        "frequency": "50",
        "gauge": "1435",
        "layer": "1",
        "maxspeed": "75",
        "operator": "TCDD",
        "passenger_lines": "1",
        "railway": "rail",
        "railway:etcs": "2",
        "source": "bing",
        "usage": "main",
        "voltage": "25000"
      },
      "geometry": {
        "type": "LineString",
        "coordinates": [
          [
            28.7518162,
            39.6059436
          ],
          [
            28.7518929,
            39.6062457
          ]
        ]
      },
      "id": "way/149729388"
    },
    {
      "type": "Feature",
      "properties": {
        "@id": "way/149729389",
        "axle_load": "22.5",
        "electrified": "contact_line",
        "frequency": "50",
        "gauge": "1435",
        "layer": "-1",
        "maxspeed": "75",
        "operator": "TCDD",
        "passenger_lines": "1",
        "railway": "rail",
        "railway:etcs": "2",
        "source": "bing",
        "tunnel": "yes",
        "usage": "main",
        "voltage": "25000"
      },
      "geometry": {
        "type": "LineString",
        "coordinates": [
          [
            28.7228075,
            39.5681021
          ],
          [
            28.7232334,
            39.5686603
          ]
        ]
      },
      "id": "way/149729389"
    },
    {
      "type": "Feature",
      "properties": {
        "@id": "way/149729391",
        "axle_load": "22.5",
        "bridge": "yes",
        "electrified": "contact_line",
        "frequency": "50",
        "gauge": "1435",
        "layer": "1",
        "maxspeed": "75",
        "operator": "TCDD",
        "passenger_lines": "1",
        "railway": "rail",
        "railway:etcs": "no",
        "source": "bing",
        "usage": "main",
        "voltage": "25000"
      },
      "geometry": {
        "type": "LineString",
        "coordinates": [
          [
            28.7399621,
            39.5864472
          ],
          [
            28.7399621,
            39.586769
          ]
        ]
      },
      "id": "way/149729391"
    },
    {
      "type": "Feature",
      "properties": {
        "@id": "way/149729394",
        "axle_load": "22.5",
        "bridge": "yes",
        "electrified": "contact_line",
        "frequency": "50",
        "gauge": "1435",
        "layer": "1",
        "maxspeed": "75",
        "operator": "TCDD",
        "passenger_lines": "1",
        "railway": "rail",
        "railway:etcs": "no",
        "source": "bing",
        "usage": "main",
        "voltage": "25000"
      },
      "geometry": {
        "type": "LineString",
        "coordinates": [
          [
            28.7292939,
            39.6364874
          ],
          [
            28.7293361,
            39.6368216
          ]
        ]
      },
      "id": "way/149729394"
    },
    {
      "type": "Feature",
      "properties": {
        "@id": "way/149729395",
        "axle_load": "22.5",
        "electrified": "contact_line",
        "frequency": "50",
        "gauge": "1435",
        "maxspeed": "75",
        "name": "Alayunt-Balıkesir demiryolu",
        "operator": "TCDD",
        "passenger_lines": "1",
        "railway": "rail",
        "railway:etcs": "2",
        "source": "bing",
        "usage": "main",
        "voltage": "25000"
      },
      "geometry": {
        "type": "LineString",
        "coordinates": [
          [
            28.7292879,
            39.6541126
          ],
          [
            28.7291524,
            39.6545908
          ],
          [
            28.7291432,
            39.6546231
          ],
          [
            28.7291251,
            39.655013
          ],
          [
            28.7291914,
            39.655375
          ],
          [
            28.7292999,
            39.6557278
          ],
          [
            28.7295712,
            39.6561223
          ],
          [
            28.7299088,
            39.6565168
          ],
          [
            28.731018,
            39.6577838
          ],
          [
            28.7313797,
            39.6582572
          ],
          [
            28.7317113,
            39.6587909
          ],
          [
            28.7318981,
            39.6591993
          ],
          [
            28.7325552,
            39.6608004
          ],
          [
            28.7327162,
            39.6611585
          ],
          [
            28.7329893,
            39.6617657
          ],
          [
            28.7332364,
            39.6620812
          ],
          [
            28.7336162,
            39.6624386
          ],
          [
            28.7339418,
            39.6626567
          ],
          [
            28.734412,
            39.6629027
          ],
          [
            28.7347918,
            39.6630512
          ],
          [
            28.7354549,
            39.6632461
          ],
          [
            28.739367,
            39.6643489
          ],
          [
            28.7398577,
            39.6644704
          ],
          [
            28.7404549,
            39.6645492
          ],
          [
            28.7408559,
            39.6645427
          ],
          [
            28.741402,
            39.6644836
          ],
          [
            28.7421187,
            39.6642405
          ]
        ]
      },
      "id": "way/149729395"
    },
    {
      "type": "Feature",
      "properties": {
        "@id": "way/149729399",
        "axle_load": "22.5",
        "electrified": "contact_line",
        "frequency": "50",
        "gauge": "1435",
        "maxspeed": "75",
        "operator": "TCDD",
        "passenger_lines": "1",
        "railway": "rail",
        "railway:etcs": "2",
        "source": "bing",
        "usage": "main",
        "voltage": "25000"
      },
      "geometry": {
        "type": "LineString",
        "coordinates": [
          [
            28.7306985,
            39.6436875
          ],
          [
            28.7303368,
            39.6441795
          ],
          [
            28.730162,
            39.6444859
          ],
          [
            28.7300535,
            39.6448526
          ],
          [
            28.7300233,
            39.6451636
          ],
          [
            28.7300474,
            39.6455164
          ],
          [
            28.7301138,
            39.6458413
          ],
          [
            28.7302584,
            39.6461477
          ],
          [
            28.7304755,
            39.6464494
          ],
          [
            28.7306925,
            39.6466722
          ],
          [
            28.7310542,
            39.6469089
          ],
          [
            28.7319343,
            39.6474984
          ],
          [
            28.7322056,
            39.6477305
          ],
          [
            28.732507,
            39.6480555
          ],
          [
            28.7330013,
            39.6487099
          ],
          [
            28.7332666,
            39.6490859
          ],
          [
            28.7334293,
            39.6494712
          ],
          [
            28.7335258,
            39.6498146
          ],
          [
            28.7335499,
            39.6501906
          ],
          [
            28.7335017,
            39.6505805
          ],
          [
            28.7333932,
            39.6509797
          ],
          [
            28.7332184,
            39.6513324
          ],
          [
            28.7329772,
            39.6516434
          ],
          [
            28.7327059,
            39.6519312
          ],
          [
            28.7322779,
            39.6522561
          ],
          [
            28.7319223,
            39.652451
          ],
          [
            28.7314882,
            39.6526367
          ],
          [
            28.730385,
            39.6530497
          ]
        ]
      },
      "id": "way/149729399"
    },
    {
      "type": "Feature",
      "properties": {
        "@id": "way/149729400",
        "axle_load": "22.5",
        "electrified": "contact_line",
        "frequency": "50",
        "gauge": "1435",
        "layer": "-1",
        "maxspeed": "75",
        "operator": "TCDD",
        "passenger_lines": "1",
        "railway": "rail",
        "railway:etcs": "2",
        "source": "bing",
        "tunnel": "yes",
        "usage": "main",
        "voltage": "25000"
      },
      "geometry": {
        "type": "LineString",
        "coordinates": [
          [
            28.7389565,
            39.5841616
          ],
          [
            28.739519,
            39.5847133
          ],
          [
            28.7398172,
            39.5851862
          ]
        ]
      },
      "id": "way/149729400"
    },
    {
      "type": "Feature",
      "properties": {
        "@id": "way/149729402",
        "axle_load": "22.5",
        "electrified": "contact_line",
        "frequency": "50",
        "gauge": "1435",
        "maxspeed": "75",
        "name": "Alayunt-Balıkesir demiryolu",
        "operator": "TCDD",
        "passenger_lines": "1",
        "railway": "rail",
        "railway:etcs": "2",
        "source": "bing",
        "usage": "main",
        "voltage": "25000"
      },
      "geometry": {
        "type": "LineString",
        "coordinates": [
          [
            28.7518929,
            39.6062457
          ],
          [
            28.7519245,
            39.6063667
          ],
          [
            28.7521741,
            39.6073224
          ],
          [
            28.7522082,
            39.6077492
          ],
          [
            28.752188,
            39.6080737
          ],
          [
            28.7520544,
            39.60851
          ],
          [
            28.751846,
            39.6088591
          ],
          [
            28.7515776,
            39.6091703
          ],
          [
            28.750796,
            39.6096746
          ],
          [
            28.7445683,
            39.6123823
          ],
          [
            28.7443061,
            39.6125285
          ],
          [
            28.7441236,
            39.6126302
          ],
          [
            28.7434846,
            39.6130668
          ],
          [
            28.7420861,
            39.6142138
          ],
          [
            28.7416098,
            39.6145482
          ],
          [
            28.7411456,
            39.6148175
          ],
          [
            28.7404584,
            39.6151055
          ],
          [
            28.7397591,
            39.615333
          ],
          [
            28.7388006,
            39.6155745
          ],
          [
            28.7381616,
            39.6158067
          ],
          [
            28.7376793,
            39.6160342
          ],
          [
            28.7372031,
            39.6163965
          ],
          [
            28.7345627,
            39.6185419
          ],
          [
            28.7339478,
            39.6190573
          ],
          [
            28.7333811,
            39.6196378
          ],
          [
            28.7325794,
            39.6206315
          ],
          [
            28.7303911,
            39.6233433
          ],
          [
            28.7302343,
            39.6236312
          ],
          [
            28.7301138,
            39.6239608
          ],
          [
            28.7300655,
            39.6242673
          ],
          [
            28.7300655,
            39.6246109
          ],
          [
            28.7301379,
            39.6249591
          ],
          [
            28.7302946,
            39.6252656
          ],
          [
            28.7309216,
            39.6265193
          ],
          [
            28.7311024,
            39.6269836
          ],
          [
            28.7312169,
            39.6274386
          ],
          [
            28.7312712,
            39.6279261
          ],
          [
            28.7313909,
            39.6305502
          ],
          [
            28.731446,
            39.6328476
          ]
        ]
      },
      "id": "way/149729402"
    },
    {
      "type": "Feature",
      "properties": {
        "@id": "way/149729406",
        "axle_load": "22.5",
        "electrified": "contact_line",
        "frequency": "50",
        "gauge": "1435",
        "maxspeed": "75",
        "operator": "TCDD",
        "passenger_lines": "1",
        "railway": "rail",
        "railway:etcs": "2",
        "source": "bing",
        "usage": "main",
        "voltage": "25000"
      },
      "geometry": {
        "type": "LineString",
        "coordinates": [
          [
            28.7398172,
            39.5851862
          ],
          [
            28.739911,
            39.5854621
          ],
          [
            28.7399536,
            39.585843
          ],
          [
            28.7399621,
            39.5864472
          ]
        ]
      },
      "id": "way/149729406"
    },
    {
      "type": "Feature",
      "properties": {
        "@id": "way/149729408",
        "axle_load": "22.5",
        "electrified": "contact_line",
        "frequency": "50",
        "gauge": "1435",
        "layer": "-1",
        "maxspeed": "75",
        "operator": "TCDD",
        "passenger_lines": "1",
        "railway": "rail",
        "railway:etcs": "2",
        "source": "bing",
        "tunnel": "yes",
        "usage": "main",
        "voltage": "25000"
      },
      "geometry": {
        "type": "LineString",
        "coordinates": [
          [
            28.731446,
            39.6328476
          ],
          [
            28.7313375,
            39.6333165
          ],
          [
            28.7311627,
            39.6337761
          ],
          [
            28.7308673,
            39.6342636
          ]
        ]
      },
      "id": "way/149729408"
    },
    {
      "type": "Feature",
      "properties": {
        "@id": "way/149729411",
        "axle_load": "22.5",
        "electrified": "contact_line",
        "frequency": "50",
        "gauge": "1435",
        "maxspeed": "75",
        "name": "Alayunt-Balıkesir demiryolu",
        "operator": "TCDD",
        "passenger_lines": "1",
        "railway": "rail",
        "railway:etcs": "2",
        "source": "bing",
        "usage": "main",
        "voltage": "25000"
      },
      "geometry": {
        "type": "LineString",
        "coordinates": [
          [
            28.7232334,
            39.5686603
          ],
          [
            28.7233527,
            39.5690084
          ],
          [
            28.7234294,
            39.5693236
          ],
          [
            28.7234038,
            39.5697045
          ],
          [
            28.7232931,
            39.5705385
          ],
          [
            28.7232931,
            39.5708012
          ],
          [
            28.7233697,
            39.5712346
          ],
          [
            28.7235401,
            39.5715761
          ],
          [
            28.7238809,
            39.572154
          ],
          [
            28.7240428,
            39.5724692
          ],
          [
            28.7241365,
            39.5728435
          ],
          [
            28.7241535,
            39.5732178
          ],
          [
            28.7241706,
            39.5741503
          ],
          [
            28.7242898,
            39.5745706
          ],
          [
            28.7245369,
            39.5749908
          ],
          [
            28.724818,
            39.5753192
          ],
          [
            28.7251843,
            39.5756278
          ],
          [
            28.7256188,
            39.575851
          ],
          [
            28.7259852,
            39.5760086
          ],
          [
            28.7265219,
            39.576094
          ],
          [
            28.7269819,
            39.5761662
          ],
          [
            28.7274249,
            39.57614
          ],
          [
            28.7287454,
            39.5759758
          ],
          [
            28.729231,
            39.5759758
          ],
          [
            28.7297848,
            39.5760415
          ],
          [
            28.7302022,
            39.5761662
          ],
          [
            28.7306708,
            39.5763304
          ],
          [
            28.7349304,
            39.5782938
          ],
          [
            28.7354927,
            39.5786089
          ],
          [
            28.7358761,
            39.5789701
          ],
          [
            28.7362169,
            39.5793509
          ],
          [
            28.736515,
            39.579804
          ],
          [
            28.7366684,
            39.5801783
          ],
          [
            28.7367451,
            39.5806051
          ],
          [
            28.7368857,
            39.5820928
          ],
          [
            28.737022,
            39.5824737
          ],
          [
            28.7371839,
            39.5827561
          ],
          [
            28.7373799,
            39.5829991
          ],
          [
            28.7376953,
            39.5832881
          ],
          [
            28.7389565,
            39.5841616
          ]
        ]
      },
      "id": "way/149729411"
    },
    {
      "type": "Feature",
      "properties": {
        "@id": "way/149729415",
        "axle_load": "22.5",
        "electrified": "contact_line",
        "frequency": "50",
        "gauge": "1435",
        "maxspeed": "75",
        "name": "Alayunt-Balıkesir demiryolu",
        "operator": "TCDD",
        "passenger_lines": "1",
        "railway": "rail",
        "railway:etcs": "2",
        "source": "bing",
        "usage": "main",
        "voltage": "25000"
      },
      "geometry": {
        "type": "LineString",
        "coordinates": [
          [
            28.7399621,
            39.586769
          ],
          [
            28.739928,
            39.5875834
          ],
          [
            28.7399451,
            39.587984
          ],
          [
            28.7400303,
            39.5883977
          ],
          [
            28.740124,
            39.5887064
          ],
          [
            28.7406013,
            39.5895799
          ],
          [
            28.7408143,
            39.5900593
          ],
          [
            28.7408825,
            39.590519
          ],
          [
            28.7408654,
            39.5909459
          ],
          [
            28.740678,
            39.5916682
          ],
          [
            28.7406183,
            39.5921411
          ],
          [
            28.7406694,
            39.5925548
          ],
          [
            28.7407887,
            39.5929554
          ],
          [
            28.7409762,
            39.5932903
          ],
          [
            28.7411552,
            39.5937237
          ],
          [
            28.7412234,
            39.5941506
          ],
          [
            28.7412148,
            39.5945905
          ],
          [
            28.7410188,
            39.595523
          ],
          [
            28.7410188,
            39.5959105
          ],
          [
            28.7411467,
            39.5963373
          ],
          [
            28.7413597,
            39.5967576
          ],
          [
            28.7416835,
            39.5971384
          ],
          [
            28.7420415,
            39.597447
          ],
          [
            28.7426891,
            39.5977425
          ],
          [
            28.7433283,
            39.5979067
          ],
          [
            28.7438822,
            39.597933
          ],
          [
            28.7443595,
            39.597933
          ],
          [
            28.7449304,
            39.5978542
          ],
          [
            28.7455781,
            39.5977031
          ],
          [
            28.7460127,
            39.597644
          ],
          [
            28.7464814,
            39.5976572
          ],
          [
            28.7470098,
            39.5977425
          ],
          [
            28.7475893,
            39.5979067
          ],
          [
            28.7479643,
            39.5980643
          ],
          [
            28.7482966,
            39.5983073
          ],
          [
            28.7486716,
            39.598629
          ],
          [
            28.7502226,
            39.6000014
          ],
          [
            28.7506061,
            39.6004216
          ],
          [
            28.7508362,
            39.6007302
          ],
          [
            28.7509981,
            39.6011439
          ],
          [
            28.7510918,
            39.6015641
          ],
          [
            28.7511174,
            39.6019187
          ],
          [
            28.7510492,
            39.6029365
          ],
          [
            28.7510577,
            39.6033107
          ],
          [
            28.7518162,
            39.6059436
          ]
        ]
      },
      "id": "way/149729415"
    },
    {
      "type": "Feature",
      "properties": {
        "@id": "way/149729417",
        "axle_load": "22.5",
        "electrified": "contact_line",
        "frequency": "50",
        "gauge": "1435",
        "layer": "-1",
        "maxspeed": "75",
        "operator": "TCDD",
        "passenger_lines": "1",
        "railway": "rail",
        "railway:etcs": "2",
        "source": "bing",
        "tunnel": "yes",
        "usage": "main",
        "voltage": "25000"
      },
      "geometry": {
        "type": "LineString",
        "coordinates": [
          [
            28.730385,
            39.6530497
          ],
          [
            28.7299329,
            39.6532586
          ],
          [
            28.7296737,
            39.6534721
          ],
          [
            28.7294808,
            39.6537459
          ],
          [
            28.7292879,
            39.6541126
          ]
        ]
      },
      "id": "way/149729417"
    },
    {
      "type": "Feature",
      "properties": {
        "@id": "way/149729419",
        "axle_load": "22.5",
        "electrified": "contact_line",
        "frequency": "50",
        "gauge": "1435",
        "layer": "-1",
        "maxspeed": "75",
        "operator": "TCDD",
        "passenger_lines": "1",
        "railway": "rail",
        "railway:etcs": "2",
        "source": "bing",
        "tunnel": "yes",
        "usage": "main",
        "voltage": "25000"
      },
      "geometry": {
        "type": "LineString",
        "coordinates": [
          [
            28.7172415,
            39.5599374
          ],
          [
            28.7177214,
            39.5599648
          ],
          [
            28.7182496,
            39.560037
          ],
          [
            28.7187352,
            39.5602012
          ],
          [
            28.7197831,
            39.5608712
          ],
          [
            28.7201046,
            39.561133
          ]
        ]
      },
      "id": "way/149729419"
    },
    {
      "type": "Feature",
      "properties": {
        "@id": "way/149729422",
        "axle_load": "22.5",
        "electrified": "contact_line",
        "frequency": "50",
        "gauge": "1435",
        "maxspeed": "75",
        "operator": "TCDD",
        "passenger_lines": "1",
        "railway": "rail",
        "railway:etcs": "2",
        "source": "bing",
        "usage": "main",
        "voltage": "25000"
      },
      "geometry": {
        "type": "LineString",
        "coordinates": [
          [
            28.7308673,
            39.6342636
          ],
          [
            28.72974,
            39.6353035
          ],
          [
            28.729535,
            39.6356192
          ],
          [
            28.7293783,
            39.635921
          ],
          [
            28.7292939,
            39.6362135
          ],
          [
            28.7292939,
            39.6364874
          ]
        ]
      },
      "id": "way/149729422"
    },
    {
      "type": "Feature",
      "properties": {
        "@id": "way/149739066",
        "axle_load": "22.5",
        "electrified": "contact_line",
        "frequency": "50",
        "gauge": "1435",
        "maxspeed": "75",
        "name": "Alayunt-Balıkesir demiryolu",
        "operator": "TCDD",
        "passenger_lines": "1",
        "railway": "rail",
        "railway:etcs": "2",
        "source": "bing",
        "usage": "main",
        "voltage": "25000"
      },
      "geometry": {
        "type": "LineString",
        "coordinates": [
          [
            28.8460315,
            39.6189877
          ],
          [
            28.8465431,
            39.6191125
          ],
          [
            28.8472167,
            39.6192045
          ],
          [
            28.8481717,
            39.6193096
          ],
          [
            28.8494848,
            39.6194409
          ],
          [
            28.8499538,
            39.6194672
          ],
          [
            28.8505165,
            39.6194475
          ],
          [
            28.8510707,
            39.619303
          ],
          [
            28.8516591,
            39.619106
          ],
          [
            28.8524094,
            39.6189089
          ],
          [
            28.8528528,
            39.6188761
          ],
          [
            28.853373,
            39.6188629
          ],
          [
            28.8538931,
            39.6189746
          ],
          [
            28.8553853,
            39.6194869
          ],
          [
            28.8559139,
            39.6196051
          ],
          [
            28.8563488,
            39.6196445
          ],
          [
            28.8568604,
            39.6196248
          ],
          [
            28.8572185,
            39.6195789
          ],
          [
            28.8576107,
            39.6194738
          ],
          [
            28.8579518,
            39.6193293
          ],
          [
            28.8583099,
            39.619106
          ],
          [
            28.8586083,
            39.6189023
          ],
          [
            28.8588812,
            39.6186659
          ],
          [
            28.8592052,
            39.6183572
          ],
          [
            28.8594354,
            39.6181142
          ],
          [
            28.8596486,
            39.6178252
          ],
          [
            28.8609361,
            39.6156839
          ],
          [
            28.8611152,
            39.615454
          ],
          [
            28.8613539,
            39.6152438
          ],
          [
            28.8616694,
            39.615027
          ],
          [
            28.8620617,
            39.6148037
          ],
          [
            28.8624539,
            39.6146658
          ],
          [
            28.862812,
            39.6146001
          ],
          [
            28.8632725,
            39.6145475
          ],
          [
            28.8644065,
            39.6144753
          ],
          [
            28.8662568,
            39.6142125
          ],
          [
            28.8668537,
            39.6141731
          ],
          [
            28.8672629,
            39.614206
          ],
          [
            28.8678087,
            39.6143176
          ],
          [
            28.8683799,
            39.6145607
          ],
          [
            28.8687636,
            39.6148103
          ],
          [
            28.869045,
            39.6150664
          ],
          [
            28.8693264,
            39.6153752
          ],
          [
            28.8698977,
            39.6160911
          ],
          [
            28.8702217,
            39.616367
          ],
          [
            28.8707674,
            39.6166954
          ],
          [
            28.8712023,
            39.6168793
          ],
          [
            28.8717395,
            39.617037
          ],
          [
            28.8722084,
            39.6171027
          ],
          [
            28.8727286,
            39.6171289
          ],
          [
            28.8731634,
            39.6171224
          ],
          [
            28.873675,
            39.617037
          ],
          [
            28.8778872,
            39.6163013
          ],
          [
            28.8784244,
            39.6162488
          ],
          [
            28.8790213,
            39.6162422
          ],
          [
            28.879584,
            39.6163145
          ],
          [
            28.880053,
            39.6164524
          ],
          [
            28.8805902,
            39.6166888
          ],
          [
            28.8810336,
            39.6169582
          ],
          [
            28.8813832,
            39.617234
          ],
          [
            28.881656,
            39.6175427
          ],
          [
            28.8818692,
            39.6178449
          ],
          [
            28.8824234,
            39.6187841
          ],
          [
            28.882756,
            39.6191125
          ],
          [
            28.8830885,
            39.6193687
          ],
          [
            28.8835916,
            39.6196183
          ],
          [
            28.8840009,
            39.6197234
          ],
          [
            28.8844528,
            39.6198087
          ],
          [
            28.8849047,
            39.6198547
          ],
          [
            28.8853395,
            39.6198153
          ],
          [
            28.8858767,
            39.6197037
          ],
          [
            28.8863883,
            39.6195263
          ],
          [
            28.8876247,
            39.6190863
          ],
          [
            28.8880937,
            39.6189943
          ],
          [
            28.8886138,
            39.6189483
          ],
          [
            28.8891254,
            39.618968
          ],
          [
            28.8896626,
            39.6190468
          ],
          [
            28.890268,
            39.6192045
          ],
          [
            28.8907625,
            39.6194147
          ],
          [
            28.8912656,
            39.6197234
          ],
          [
            28.8927663,
            39.6206626
          ],
          [
            28.8931074,
            39.620991
          ],
          [
            28.8933376,
            39.6213062
          ],
          [
            28.8934825,
            39.6216346
          ],
          [
            28.8935849,
            39.6219959
          ],
          [
            28.8938492,
            39.6229351
          ],
          [
            28.8940027,
            39.6232766
          ],
          [
            28.894284,
            39.6236312
          ],
          [
            28.8946336,
            39.6239465
          ],
          [
            28.8950173,
            39.6241829
          ],
          [
            28.8955204,
            39.6243931
          ],
          [
            28.8960235,
            39.624531
          ],
          [
            28.896518,
            39.624577
          ],
          [
            28.896987,
            39.6245704
          ],
          [
            28.897456,
            39.6244916
          ],
          [
            28.8978567,
            39.6243734
          ],
          [
            28.8982063,
            39.6242355
          ],
          [
            28.8994598,
            39.623651
          ],
          [
            28.901148,
            39.6230073
          ],
          [
            28.9030836,
            39.6224228
          ],
          [
            28.9036464,
            39.6221995
          ],
          [
            28.9042688,
            39.6218908
          ],
          [
            28.9050874,
            39.6214901
          ],
          [
            28.905454,
            39.6213785
          ],
          [
            28.9059742,
            39.62128
          ],
          [
            28.9065369,
            39.6212734
          ],
          [
            28.9070656,
            39.6213457
          ],
          [
            28.9075857,
            39.6214967
          ],
          [
            28.9079779,
            39.621674
          ],
          [
            28.9082849,
            39.6218448
          ],
          [
            28.909743,
            39.6227971
          ],
          [
            28.9102716,
            39.6230927
          ],
          [
            28.9108344,
            39.62327
          ],
          [
            28.911363,
            39.6233948
          ],
          [
            28.9119258,
            39.6234408
          ],
          [
            28.912463,
            39.6234014
          ],
          [
            28.9131963,
            39.623316
          ],
          [
            28.9148419,
            39.623119
          ],
          [
            28.9152768,
            39.623119
          ],
          [
            28.9158736,
            39.6232109
          ],
          [
            28.9172464,
            39.6234736
          ],
          [
            28.9177922,
            39.6235196
          ],
          [
            28.9182867,
            39.6235196
          ],
          [
            28.9188068,
            39.6234474
          ],
          [
            28.9191479,
            39.6233882
          ],
          [
            28.9195231,
            39.6232503
          ],
          [
            28.9198215,
            39.6231058
          ],
          [
            28.9202052,
            39.6229088
          ],
          [
            28.9205633,
            39.6226395
          ],
          [
            28.9209129,
            39.6223177
          ],
          [
            28.9222346,
            39.620945
          ],
          [
            28.9226694,
            39.6205575
          ],
          [
            28.923002,
            39.6203408
          ],
          [
            28.9233771,
            39.6201503
          ],
          [
            28.9237949,
            39.6200321
          ],
          [
            28.9242298,
            39.6199401
          ],
          [
            28.9246817,
            39.6198876
          ],
          [
            28.9251422,
            39.6198876
          ],
          [
            28.9255941,
            39.6199664
          ],
          [
            28.9260375,
            39.6200977
          ],
          [
            28.9279219,
            39.6206297
          ],
          [
            28.9283994,
            39.6207677
          ],
          [
            28.9289451,
            39.6208268
          ],
          [
            28.9303093,
            39.6209187
          ],
          [
            28.9308806,
            39.6209976
          ],
          [
            28.9314093,
            39.6211289
          ],
          [
            28.9356044,
            39.6225541
          ],
          [
            28.9361331,
            39.6227118
          ],
          [
            28.9366532,
            39.6228103
          ],
          [
            28.9400127,
            39.6232963
          ],
          [
            28.9404902,
            39.6233029
          ],
          [
            28.9409336,
            39.62327
          ],
          [
            28.9413685,
            39.6231846
          ],
          [
            28.9418545,
            39.623027
          ],
          [
            28.9421359,
            39.6228891
          ],
          [
            28.9425452,
            39.6226395
          ],
          [
            28.9428606,
            39.622344
          ],
          [
            28.9430994,
            39.6220024
          ],
          [
            28.9432102,
            39.6217594
          ],
          [
            28.9434998,
            39.6208716
          ]
        ]
      },
      "id": "way/149739066"
    },
    {
      "type": "Feature",
      "properties": {
        "@id": "way/149739094",
        "axle_load": "22.5",
        "electrified": "contact_line",
        "frequency": "50",
        "gauge": "1435",
        "maxspeed": "75",
        "name": "Alayunt-Balıkesir demiryolu",
        "operator": "TCDD",
        "passenger_lines": "1",
        "railway": "rail",
        "railway:etcs": "2",
        "source": "bing",
        "usage": "main",
        "voltage": "25000"
      },
      "geometry": {
        "type": "LineString",
        "coordinates": [
          [
            28.99341,
            39.5958884
          ],
          [
            28.9938619,
            39.5945284
          ],
          [
            28.9941689,
            39.5932735
          ],
          [
            28.9951494,
            39.5891211
          ],
          [
            28.9953114,
            39.5885626
          ],
          [
            28.9961469,
            39.58623
          ],
          [
            28.9963515,
            39.5857503
          ],
          [
            28.9967352,
            39.5851787
          ],
          [
            28.9971445,
            39.5847253
          ],
          [
            28.9975281,
            39.5843967
          ],
          [
            28.9980141,
            39.5840485
          ]
        ]
      },
      "id": "way/149739094"
    },
    {
      "type": "Feature",
      "properties": {
        "@id": "way/149739096",
        "axle_load": "22.5",
        "electrified": "contact_line",
        "frequency": "50",
        "gauge": "1435",
        "maxspeed": "75",
        "name": "Alayunt-Balıkesir demiryolu",
        "operator": "TCDD",
        "passenger_lines": "1",
        "railway": "rail",
        "railway:etcs": "2",
        "source": "bing",
        "usage": "main",
        "voltage": "25000"
      },
      "geometry": {
        "type": "LineString",
        "coordinates": [
          [
            28.9878012,
            39.6070426
          ],
          [
            28.9881665,
            39.6066884
          ],
          [
            28.9884649,
            39.6062745
          ],
          [
            28.9886269,
            39.6059132
          ],
          [
            28.9887036,
            39.605506
          ],
          [
            28.9887463,
            39.6050921
          ],
          [
            28.988499,
            39.6025893
          ],
          [
            28.9885161,
            39.6022674
          ],
          [
            28.9886013,
            39.6018798
          ],
          [
            28.9888401,
            39.6014068
          ],
          [
            28.9890447,
            39.6011375
          ],
          [
            28.9893943,
            39.6007893
          ],
          [
            28.9902042,
            39.6001783
          ],
          [
            28.9916451,
            39.5989958
          ]
        ]
      },
      "id": "way/149739096"
    },
    {
      "type": "Feature",
      "properties": {
        "@id": "way/149739102",
        "axle_load": "22.5",
        "electrified": "contact_line",
        "frequency": "50",
        "gauge": "1435",
        "maxspeed": "75",
        "name": "Alayunt-Balıkesir demiryolu",
        "operator": "TCDD",
        "passenger_lines": "1",
        "railway": "rail",
        "railway:etcs": "2",
        "source": "bing",
        "usage": "main",
        "voltage": "25000"
      },
      "geometry": {
        "type": "LineString",
        "coordinates": [
          [
            28.9748954,
            39.6146264
          ],
          [
            28.975245,
            39.6146526
          ],
          [
            28.9756032,
            39.6146395
          ],
          [
            28.9759621,
            39.6146159
          ],
          [
            28.9764729,
            39.614495
          ],
          [
            28.9768481,
            39.614357
          ],
          [
            28.9775398,
            39.614004
          ],
          [
            28.9777751,
            39.6138608
          ],
          [
            28.9780107,
            39.6136991
          ],
          [
            28.9782842,
            39.6134778
          ],
          [
            28.9785795,
            39.6131671
          ],
          [
            28.979722,
            39.6118679
          ],
          [
            28.9816831,
            39.6096592
          ],
          [
            28.9821812,
            39.6091319
          ],
          [
            28.9825137,
            39.6088692
          ],
          [
            28.9829485,
            39.6086393
          ],
          [
            28.9833919,
            39.6084488
          ],
          [
            28.9844491,
            39.6081795
          ]
        ]
      },
      "id": "way/149739102"
    },
    {
      "type": "Feature",
      "properties": {
        "@id": "way/149739106",
        "axle_load": "22.5",
        "electrified": "contact_line",
        "frequency": "50",
        "gauge": "1435",
        "maxspeed": "75",
        "name": "Alayunt-Balıkesir demiryolu",
        "operator": "TCDD",
        "passenger_lines": "1",
        "railway": "rail",
        "railway:etcs": "2",
        "source": "bing",
        "usage": "main",
        "voltage": "25000"
      },
      "geometry": {
        "type": "LineString",
        "coordinates": [
          [
            28.9983381,
            39.5838579
          ],
          [
            28.9991566,
            39.5834637
          ],
          [
            29.0028074,
            39.5818224
          ],
          [
            29.0085705,
            39.5792315
          ],
          [
            29.0091859,
            39.5789527
          ],
          [
            29.0118101,
            39.5777639
          ],
          [
            29.0132662,
            39.5771463
          ],
          [
            29.0142915,
            39.5767876
          ],
          [
            29.0152597,
            39.5765147
          ],
          [
            29.0177552,
            39.5758114
          ],
          [
            29.0185564,
            39.5755856
          ],
          [
            29.0191165,
            39.5753665
          ],
          [
            29.0196162,
            39.5750875
          ],
          [
            29.0199953,
            39.5747887
          ],
          [
            29.0203486,
            39.5744301
          ],
          [
            29.0206501,
            39.5740316
          ],
          [
            29.0208655,
            39.5735534
          ],
          [
            29.0212619,
            39.5725705
          ],
          [
            29.0215117,
            39.5722052
          ],
          [
            29.0218994,
            39.5718267
          ],
          [
            29.0223389,
            39.5715345
          ],
          [
            29.022811,
            39.5713328
          ],
          [
            29.0233642,
            39.5711891
          ],
          [
            29.0238639,
            39.5711293
          ],
          [
            29.0247772,
            39.5710762
          ],
          [
            29.0252338,
            39.5710231
          ],
          [
            29.0257939,
            39.5709035
          ],
          [
            29.0263281,
            39.5707043
          ],
          [
            29.0268192,
            39.570412
          ],
          [
            29.0272327,
            39.5700667
          ],
          [
            29.0275515,
            39.5696947
          ],
          [
            29.0278359,
            39.5692896
          ],
          [
            29.0279737,
            39.568838
          ],
          [
            29.0280426,
            39.5683465
          ],
          [
            29.0279823,
            39.5679214
          ],
          [
            29.027698,
            39.5667259
          ],
          [
            29.0276463,
            39.566148
          ],
          [
            29.027698,
            39.5650853
          ]
        ]
      },
      "id": "way/149739106"
    },
    {
      "type": "Feature",
      "properties": {
        "@id": "way/149739111",
        "axle_load": "22.5",
        "bridge": "yes",
        "electrified": "contact_line",
        "frequency": "50",
        "gauge": "1435",
        "layer": "1",
        "maxspeed": "75",
        "operator": "TCDD",
        "passenger_lines": "1",
        "railway": "rail",
        "railway:etcs": "2",
        "source": "bing",
        "usage": "main",
        "voltage": "25000"
      },
      "geometry": {
        "type": "LineString",
        "coordinates": [
          [
            28.9932481,
            39.5962957
          ],
          [
            28.99341,
            39.5958884
          ]
        ]
      },
      "id": "way/149739111"
    },
    {
      "type": "Feature",
      "properties": {
        "@id": "way/149739113",
        "axle_load": "22.5",
        "electrified": "contact_line",
        "frequency": "50",
        "gauge": "1435",
        "maxspeed": "75",
        "operator": "TCDD",
        "passenger_lines": "1",
        "railway": "rail",
        "railway:etcs": "2",
        "source": "bing",
        "usage": "main",
        "voltage": "25000"
      },
      "geometry": {
        "type": "LineString",
        "coordinates": [
          [
            28.7885682,
            39.6408987
          ],
          [
            28.7887047,
            39.6406096
          ]
        ]
      },
      "id": "way/149739113"
    },
    {
      "type": "Feature",
      "properties": {
        "@id": "way/149739118",
        "axle_load": "22.5",
        "bridge": "yes",
        "electrified": "contact_line",
        "frequency": "50",
        "gauge": "1435",
        "layer": "1",
        "maxspeed": "75",
        "operator": "TCDD",
        "passenger_lines": "1",
        "railway": "rail",
        "railway:etcs": "2",
        "source": "bing",
        "usage": "main",
        "voltage": "25000"
      },
      "geometry": {
        "type": "LineString",
        "coordinates": [
          [
            28.8458885,
            39.6189402
          ],
          [
            28.8460315,
            39.6189877
          ]
        ]
      },
      "id": "way/149739118"
    },
    {
      "type": "Feature",
      "properties": {
        "@id": "way/149739129",
        "axle_load": "22.5",
        "bridge": "yes",
        "electrified": "contact_line",
        "frequency": "50",
        "gauge": "1435",
        "layer": "1",
        "maxspeed": "75",
        "operator": "TCDD",
        "passenger_lines": "1",
        "railway": "rail",
        "railway:etcs": "2",
        "source": "bing",
        "usage": "main",
        "voltage": "25000"
      },
      "geometry": {
        "type": "LineString",
        "coordinates": [
          [
            28.7883379,
            39.6414373
          ],
          [
            28.7885682,
            39.6408987
          ]
        ]
      },
      "id": "way/149739129"
    },
    {
      "type": "Feature",
      "properties": {
        "@id": "way/149739134",
        "axle_load": "22.5",
        "bridge": "yes",
        "electrified": "contact_line",
        "frequency": "50",
        "gauge": "1435",
        "layer": "1",
        "maxspeed": "75",
        "operator": "TCDD",
        "passenger_lines": "1",
        "railway": "rail",
        "railway:etcs": "2",
        "source": "bing",
        "usage": "main",
        "voltage": "25000"
      },
      "geometry": {
        "type": "LineString",
        "coordinates": [
          [
            28.9744947,
            39.6145344
          ],
          [
            28.9748954,
            39.6146264
          ]
        ]
      },
      "id": "way/149739134"
    },
    {
      "type": "Feature",
      "properties": {
        "@id": "way/149739176",
        "axle_load": "22.5",
        "bridge": "yes",
        "electrified": "contact_line",
        "frequency": "50",
        "gauge": "1435",
        "layer": "1",
        "maxspeed": "75",
        "operator": "TCDD",
        "passenger_lines": "1",
        "railway": "rail",
        "railway:etcs": "2",
        "source": "bing",
        "usage": "main",
        "voltage": "25000"
      },
      "geometry": {
        "type": "LineString",
        "coordinates": [
          [
            28.9844491,
            39.6081795
          ],
          [
            28.9848925,
            39.6080744
          ]
        ]
      },
      "id": "way/149739176"
    },
    {
      "type": "Feature",
      "properties": {
        "@id": "way/149739178",
        "axle_load": "22.5",
        "bridge": "yes",
        "electrified": "contact_line",
        "frequency": "50",
        "gauge": "1435",
        "layer": "1",
        "maxspeed": "75",
        "operator": "TCDD",
        "passenger_lines": "1",
        "railway": "rail",
        "railway:etcs": "2",
        "source": "bing",
        "usage": "main",
        "voltage": "25000"
      },
      "geometry": {
        "type": "LineString",
        "coordinates": [
          [
            28.9980141,
            39.5840485
          ],
          [
            28.9983381,
            39.5838579
          ]
        ]
      },
      "id": "way/149739178"
    },
    {
      "type": "Feature",
      "properties": {
        "@id": "way/149739187",
        "axle_load": "22.5",
        "electrified": "contact_line",
        "frequency": "50",
        "gauge": "1435",
        "maxspeed": "75",
        "operator": "TCDD",
        "passenger_lines": "1",
        "railway": "rail",
        "railway:etcs": "2",
        "source": "bing",
        "usage": "main",
        "voltage": "25000"
      },
      "geometry": {
        "type": "LineString",
        "coordinates": [
          [
            28.9922505,
            39.5983454
          ],
          [
            28.9924978,
            39.5979578
          ],
          [
            28.9932481,
            39.5962957
          ]
        ]
      },
      "id": "way/149739187"
    },
    {
      "type": "Feature",
      "properties": {
        "@id": "way/149739190",
        "axle_load": "22.5",
        "bridge": "yes",
        "electrified": "contact_line",
        "frequency": "50",
        "gauge": "1435",
        "layer": "1",
        "maxspeed": "75",
        "operator": "TCDD",
        "passenger_lines": "1",
        "railway": "rail",
        "railway:etcs": "2",
        "source": "bing",
        "usage": "main",
        "voltage": "25000"
      },
      "geometry": {
        "type": "LineString",
        "coordinates": [
          [
            28.9872542,
            39.6074175
          ],
          [
            28.987672,
            39.6071679
          ],
          [
            28.9878012,
            39.6070426
          ]
        ]
      },
      "id": "way/149739190"
    },
    {
      "type": "Feature",
      "properties": {
        "@id": "way/149739194",
        "axle_load": "22.5",
        "electrified": "contact_line",
        "frequency": "50",
        "gauge": "1435",
        "layer": "-1",
        "maxspeed": "75",
        "operator": "TCDD",
        "passenger_lines": "1",
        "railway": "rail",
        "railway:etcs": "2",
        "source": "bing",
        "tunnel": "yes",
        "usage": "main",
        "voltage": "25000"
      },
      "geometry": {
        "type": "LineString",
        "coordinates": [
          [
            28.7663503,
            39.6517206
          ],
          [
            28.7667769,
            39.6514184
          ],
          [
            28.767084,
            39.6511162
          ]
        ]
      },
      "id": "way/149739194"
    },
    {
      "type": "Feature",
      "properties": {
        "@id": "way/149739198",
        "axle_load": "22.5",
        "electrified": "contact_line",
        "frequency": "50",
        "gauge": "1435",
        "layer": "-1",
        "maxspeed": "75",
        "operator": "TCDD",
        "passenger_lines": "1",
        "railway": "rail",
        "railway:etcs": "2",
        "source": "bing",
        "tunnel": "yes",
        "usage": "main",
        "voltage": "25000"
      },
      "geometry": {
        "type": "LineString",
        "coordinates": [
          [
            28.9916451,
            39.5989958
          ],
          [
            28.9920032,
            39.5986805
          ],
          [
            28.9922505,
            39.5983454
          ]
        ]
      },
      "id": "way/149739198"
    },
    {
      "type": "Feature",
      "properties": {
        "@id": "way/149739200",
        "axle_load": "22.5",
        "electrified": "contact_line",
        "frequency": "50",
        "gauge": "1435",
        "maxspeed": "75",
        "operator": "TCDD",
        "passenger_lines": "1",
        "railway": "rail",
        "railway:etcs": "2",
        "source": "bing",
        "usage": "main",
        "voltage": "25000"
      },
      "geometry": {
        "type": "LineString",
        "coordinates": [
          [
            28.9848925,
            39.6080744
          ],
          [
            28.9867597,
            39.6076014
          ],
          [
            28.9872542,
            39.6074175
          ]
        ]
      },
      "id": "way/149739200"
    },
    {
      "type": "Feature",
      "properties": {
        "@id": "way/149739208",
        "axle_load": "22.5",
        "electrified": "contact_line",
        "frequency": "50",
        "gauge": "1435",
        "maxspeed": "75",
        "name": "Alayunt-Balıkesir demiryolu",
        "operator": "TCDD",
        "passenger_lines": "1",
        "railway": "rail",
        "railway:etcs": "2",
        "source": "bing",
        "usage": "main",
        "voltage": "25000"
      },
      "geometry": {
        "type": "LineString",
        "coordinates": [
          [
            28.767084,
            39.6511162
          ],
          [
            28.7673144,
            39.6507221
          ],
          [
            28.7674339,
            39.6503936
          ],
          [
            28.7675533,
            39.6499731
          ],
          [
            28.7675874,
            39.6496118
          ],
          [
            28.7677282,
            39.6484723
          ],
          [
            28.7678732,
            39.6480388
          ],
          [
            28.7680865,
            39.6475724
          ],
          [
            28.7683339,
            39.6471783
          ],
          [
            28.7686665,
            39.6467711
          ],
          [
            28.7690163,
            39.6464361
          ],
          [
            28.7693916,
            39.6461668
          ],
          [
            28.7699205,
            39.6458909
          ],
          [
            28.7705262,
            39.6456413
          ],
          [
            28.7710977,
            39.6454968
          ],
          [
            28.7715925,
            39.6454311
          ],
          [
            28.7721726,
            39.6454114
          ],
          [
            28.7727868,
            39.6454245
          ],
          [
            28.7795734,
            39.6459679
          ],
          [
            28.7804983,
            39.646042
          ],
          [
            28.7812917,
            39.6460617
          ],
          [
            28.7821703,
            39.6459697
          ],
          [
            28.7830063,
            39.6458121
          ],
          [
            28.7836717,
            39.6456282
          ],
          [
            28.7845077,
            39.6453129
          ],
          [
            28.785864,
            39.6447545
          ],
          [
            28.7863929,
            39.6444655
          ],
          [
            28.786845,
            39.6441305
          ],
          [
            28.7871436,
            39.6437955
          ],
          [
            28.7874251,
            39.6433685
          ],
          [
            28.7883379,
            39.6414373
          ]
        ]
      },
      "id": "way/149739208"
    },
    {
      "type": "Feature",
      "properties": {
        "@id": "way/149739213",
        "axle_load": "22.5",
        "electrified": "contact_line",
        "frequency": "50",
        "gauge": "1435",
        "maxspeed": "75",
        "name": "Alayunt-Balıkesir demiryolu",
        "operator": "TCDD",
        "passenger_lines": "1",
        "railway": "rail",
        "railway:etcs": "2",
        "source": "bing",
        "usage": "main",
        "voltage": "25000"
      },
      "geometry": {
        "type": "LineString",
        "coordinates": [
          [
            28.7432023,
            39.6633538
          ],
          [
            28.7434071,
            39.6630123
          ],
          [
            28.743518,
            39.6626576
          ],
          [
            28.7435692,
            39.6622766
          ],
          [
            28.7437142,
            39.6611863
          ],
          [
            28.7438166,
            39.6608053
          ],
          [
            28.7440129,
            39.6603652
          ],
          [
            28.7442262,
            39.6599777
          ],
          [
            28.7444736,
            39.6596296
          ],
          [
            28.7449087,
            39.6591238
          ],
          [
            28.745378,
            39.6586837
          ],
          [
            28.7458643,
            39.6583159
          ],
          [
            28.7464787,
            39.6579414
          ],
          [
            28.7472466,
            39.6575933
          ],
          [
            28.7478438,
            39.657324
          ],
          [
            28.7483472,
            39.6571795
          ],
          [
            28.7488421,
            39.6570941
          ],
          [
            28.7506936,
            39.6569496
          ],
          [
            28.7512397,
            39.6568839
          ],
          [
            28.7519052,
            39.6567788
          ],
          [
            28.752383,
            39.6566408
          ],
          [
            28.7532191,
            39.6563649
          ],
          [
            28.755173,
            39.6555241
          ],
          [
            28.7589187,
            39.6539147
          ],
          [
            28.7597207,
            39.6535468
          ],
          [
            28.7603009,
            39.6532578
          ],
          [
            28.7614528,
            39.652568
          ],
          [
            28.7620756,
            39.6523184
          ],
          [
            28.762579,
            39.6521804
          ],
          [
            28.7630483,
            39.6521148
          ],
          [
            28.7636199,
            39.6521213
          ],
          [
            28.7645073,
            39.6521936
          ],
          [
            28.7649851,
            39.6521673
          ],
          [
            28.7654885,
            39.6520753
          ],
          [
            28.7658554,
            39.6519505
          ],
          [
            28.7663503,
            39.6517206
          ]
        ]
      },
      "id": "way/149739213"
    },
    {
      "type": "Feature",
      "properties": {
        "@id": "way/149739223",
        "axle_load": "22.5",
        "electrified": "contact_line",
        "frequency": "50",
        "gauge": "1435",
        "layer": "-1",
        "maxspeed": "75",
        "operator": "TCDD",
        "passenger_lines": "1",
        "railway": "rail",
        "railway:etcs": "2",
        "source": "bing",
        "tunnel": "yes",
        "usage": "main",
        "voltage": "25000"
      },
      "geometry": {
        "type": "LineString",
        "coordinates": [
          [
            28.7421187,
            39.6642405
          ],
          [
            28.742588,
            39.6639318
          ],
          [
            28.7429549,
            39.6636231
          ],
          [
            28.7432023,
            39.6633538
          ]
        ]
      },
      "id": "way/149739223"
    },
    {
      "type": "Feature",
      "properties": {
        "@id": "way/149739232",
        "axle_load": "22.5",
        "electrified": "contact_line",
        "frequency": "50",
        "gauge": "1435",
        "layer": "-1",
        "maxspeed": "75",
        "operator": "TCDD",
        "passenger_lines": "1",
        "railway": "rail",
        "railway:etcs": "2",
        "source": "bing",
        "tunnel": "yes",
        "usage": "main",
        "voltage": "25000"
      },
      "geometry": {
        "type": "LineString",
        "coordinates": [
          [
            28.7887047,
            39.6406096
          ],
          [
            28.788935,
            39.6402549
          ],
          [
            28.7893359,
            39.6398279
          ],
          [
            28.7898819,
            39.6394797
          ],
          [
            28.7905302,
            39.6392695
          ]
        ]
      },
      "id": "way/149739232"
    },
    {
      "type": "Feature",
      "properties": {
        "@id": "way/149739233",
        "axle_load": "22.5",
        "electrified": "contact_line",
        "frequency": "50",
        "gauge": "1435",
        "maxspeed": "75",
        "name": "Alayunt-Balıkesir demiryolu",
        "operator": "TCDD",
        "passenger_lines": "1",
        "railway": "rail",
        "railway:etcs": "2",
        "source": "bing",
        "usage": "main",
        "voltage": "25000"
      },
      "geometry": {
        "type": "LineString",
        "coordinates": [
          [
            28.7905302,
            39.6392695
          ],
          [
            28.7911529,
            39.6391382
          ],
          [
            28.7917501,
            39.6389608
          ],
          [
            28.7921254,
            39.63879
          ],
          [
            28.792569,
            39.6385404
          ],
          [
            28.7929443,
            39.638225
          ],
          [
            28.7932344,
            39.6379097
          ],
          [
            28.7933964,
            39.6375615
          ],
          [
            28.7934903,
            39.6372002
          ],
          [
            28.7935073,
            39.6368126
          ],
          [
            28.7934306,
            39.6364053
          ],
          [
            28.7932855,
            39.6359783
          ],
          [
            28.7930552,
            39.6354725
          ],
          [
            28.7927481,
            39.6349601
          ],
          [
            28.7922875,
            39.6344345
          ],
          [
            28.79117,
            39.6330549
          ],
          [
            28.7910079,
            39.6327855
          ],
          [
            28.790897,
            39.6323716
          ],
          [
            28.7908202,
            39.6319249
          ],
          [
            28.7908544,
            39.6315898
          ],
          [
            28.7909311,
            39.6312219
          ],
          [
            28.7910335,
            39.6309197
          ],
          [
            28.7912041,
            39.6306372
          ],
          [
            28.7914515,
            39.6303218
          ],
          [
            28.7917159,
            39.6300524
          ],
          [
            28.792023,
            39.6298093
          ],
          [
            28.7925349,
            39.6294743
          ],
          [
            28.7929958,
            39.6291967
          ],
          [
            28.7933372,
            39.6289885
          ],
          [
            28.7978955,
            39.6262215
          ],
          [
            28.7980187,
            39.6261468
          ],
          [
            28.7984724,
            39.6258712
          ],
          [
            28.7986831,
            39.6257432
          ],
          [
            28.7990777,
            39.625556
          ],
          [
            28.7995789,
            39.6254041
          ],
          [
            28.8001163,
            39.6253055
          ],
          [
            28.8005769,
            39.6252727
          ],
          [
            28.8027863,
            39.6253778
          ],
          [
            28.8033067,
            39.6253712
          ],
          [
            28.8038271,
            39.625299
          ],
          [
            28.8047739,
            39.6250821
          ],
          [
            28.8069919,
            39.6244777
          ],
          [
            28.8074866,
            39.6242674
          ],
          [
            28.8078449,
            39.6240374
          ],
          [
            28.8081776,
            39.6237943
          ],
          [
            28.8085103,
            39.6234724
          ],
          [
            28.8122125,
            39.6195102
          ],
          [
            28.8126049,
            39.6191422
          ],
          [
            28.8130314,
            39.6187873
          ],
          [
            28.8136456,
            39.6184325
          ],
          [
            28.8142769,
            39.6181302
          ],
          [
            28.8149935,
            39.6178542
          ],
          [
            28.8155821,
            39.6177294
          ],
          [
            28.8160768,
            39.61769
          ],
          [
            28.8164863,
            39.6176965
          ],
          [
            28.8187128,
            39.6177623
          ],
          [
            28.8192331,
            39.6178017
          ],
          [
            28.8197194,
            39.6179331
          ],
          [
            28.8208368,
            39.6183734
          ],
          [
            28.8212719,
            39.6185048
          ],
          [
            28.8217496,
            39.6185574
          ],
          [
            28.8222529,
            39.6185508
          ],
          [
            28.8227733,
            39.6184654
          ],
          [
            28.8232851,
            39.6183339
          ],
          [
            28.8262793,
            39.6176045
          ],
          [
            28.8296659,
            39.6170328
          ],
          [
            28.8301607,
            39.6169803
          ],
          [
            28.830664,
            39.6169737
          ],
          [
            28.8312355,
            39.617
          ],
          [
            28.8330099,
            39.6171446
          ],
          [
            28.8334023,
            39.617138
          ],
          [
            28.8339056,
            39.6170723
          ],
          [
            28.8344515,
            39.6169671
          ],
          [
            28.8372154,
            39.6163692
          ],
          [
            28.8377955,
            39.61631
          ],
          [
            28.8383755,
            39.6163166
          ],
          [
            28.8390324,
            39.6163823
          ],
          [
            28.8412759,
            39.616678
          ],
          [
            28.8418816,
            39.6168291
          ],
          [
            28.8424872,
            39.6170328
          ],
          [
            28.8430076,
            39.6172957
          ],
          [
            28.8451658,
            39.6186559
          ],
          [
            28.8456265,
            39.6188531
          ],
          [
            28.8458885,
            39.6189402
          ]
        ]
      },
      "id": "way/149739233"
    },
    {
      "type": "Feature",
      "properties": {
        "@id": "way/149917264",
        "electrified": "contact_line",
        "frequency": "50",
        "gauge": "1435",
        "maxspeed": "60",
        "name": "Tavşanlı-Tunçbilek şube demiryolu",
        "operator": "TCDD",
        "passenger_lines": "1",
        "railway": "rail",
        "source": "bing",
        "usage": "branch",
        "voltage": "25000"
      },
      "geometry": {
        "type": "LineString",
        "coordinates": [
          [
            29.4593646,
            39.5583002
          ],
          [
            29.4606397,
            39.5559087
          ],
          [
            29.4612859,
            39.554786
          ],
          [
            29.4617512,
            39.5540685
          ],
          [
            29.4622164,
            39.5535039
          ],
          [
            29.4689887,
            39.5465215
          ],
          [
            29.4702036,
            39.5453455
          ],
          [
            29.470307,
            39.5452392
          ],
          [
            29.4717975,
            39.5437442
          ],
          [
            29.4722283,
            39.5433589
          ],
          [
            29.4725603,
            39.5431222
          ],
          [
            29.4729901,
            39.5429096
          ],
          [
            29.4734114,
            39.5427501
          ],
          [
            29.4740075,
            39.5426107
          ],
          [
            29.4745549,
            39.5425505
          ],
          [
            29.4750542,
            39.5425318
          ],
          [
            29.4756445,
            39.5425703
          ],
          [
            29.4763879,
            39.5426554
          ]
        ]
      },
      "id": "way/149917264"
    },
    {
      "type": "Feature",
      "properties": {
        "@id": "way/149917265",
        "axle_load": "22.5",
        "bridge": "yes",
        "electrified": "contact_line",
        "frequency": "50",
        "gauge": "1435",
        "layer": "1",
        "maxspeed": "95",
        "operator": "TCDD",
        "passenger_lines": "1",
        "railway": "rail",
        "railway:etcs": "2",
        "source": "bing",
        "usage": "main",
        "voltage": "25000"
      },
      "geometry": {
        "type": "LineString",
        "coordinates": [
          [
            29.4773443,
            39.5428492
          ],
          [
            29.4769191,
            39.5427637
          ]
        ]
      },
      "id": "way/149917265"
    },
    {
      "type": "Feature",
      "properties": {
        "@id": "way/149917266",
        "bridge": "yes",
        "electrified": "contact_line",
        "frequency": "50",
        "gauge": "1435",
        "layer": "1",
        "maxspeed": "60",
        "name": "Tavşanlı-Tunçbilek şube demiryolu",
        "operator": "TCDD",
        "passenger_lines": "1",
        "railway": "rail",
        "source": "bing",
        "usage": "branch",
        "voltage": "25000"
      },
      "geometry": {
        "type": "LineString",
        "coordinates": [
          [
            29.4562291,
            39.5711813
          ],
          [
            29.4563096,
            39.5714232
          ]
        ]
      },
      "id": "way/149917266"
    },
    {
      "type": "Feature",
      "properties": {
        "@id": "way/149917267",
        "bridge": "yes",
        "electrified": "contact_line",
        "frequency": "50",
        "gauge": "1435",
        "layer": "1",
        "maxspeed": "60",
        "operator": "TCDD",
        "passenger_lines": "1",
        "railway": "rail",
        "source": "bing",
        "usage": "branch",
        "voltage": "25000"
      },
      "geometry": {
        "type": "LineString",
        "coordinates": [
          [
            29.4593043,
            39.5584131
          ],
          [
            29.4593646,
            39.5583002
          ]
        ]
      },
      "id": "way/149917267"
    },
    {
      "type": "Feature",
      "properties": {
        "@id": "way/149917271",
        "electrified": "contact_line",
        "frequency": "50",
        "gauge": "1435",
        "maxspeed": "60",
        "name": "Tavşanlı-Tunçbilek şube demiryolu",
        "operator": "TCDD",
        "railway": "rail",
        "source": "bing",
        "usage": "branch",
        "voltage": "25000"
      },
      "geometry": {
        "type": "LineString",
        "coordinates": [
          [
            29.4584333,
            39.6017559
          ],
          [
            29.4598637,
            39.6021346
          ],
          [
            29.4603041,
            39.6022677
          ],
          [
            29.4606944,
            39.6025051
          ],
          [
            29.4609614,
            39.6027899
          ],
          [
            29.4611874,
            39.6031012
          ],
          [
            29.4613175,
            39.6034177
          ],
          [
            29.4613449,
            39.6037237
          ],
          [
            29.4613449,
            39.604056
          ],
          [
            29.461249,
            39.6043673
          ],
          [
            29.4606739,
            39.6062453
          ],
          [
            29.4602151,
            39.6076643
          ],
          [
            29.4597495,
            39.6095316
          ],
          [
            29.4594414,
            39.6112987
          ],
          [
            29.4593319,
            39.611995
          ],
          [
            29.4592155,
            39.6124275
          ],
          [
            29.4590238,
            39.612802
          ],
          [
            29.4587567,
            39.613129
          ],
          [
            29.4584144,
            39.6134824
          ],
          [
            29.4579693,
            39.6138147
          ],
          [
            29.4570587,
            39.6144424
          ],
          [
            29.4567574,
            39.6146903
          ],
          [
            29.4564014,
            39.6151281
          ],
          [
            29.4559974,
            39.6158191
          ],
          [
            29.4558879,
            39.6161408
          ],
          [
            29.4558125,
            39.6166471
          ],
          [
            29.4557783,
            39.6171746
          ],
          [
            29.4558262,
            39.6176598
          ],
          [
            29.4559289,
            39.618124
          ],
          [
            29.4561617,
            39.6185775
          ],
          [
            29.4573873,
            39.6209562
          ],
          [
            29.4582359,
            39.622763
          ],
          [
            29.4602292,
            39.6266216
          ],
          [
            29.4605578,
            39.6272787
          ]
        ]
      },
      "id": "way/149917271"
    },
    {
      "type": "Feature",
      "properties": {
        "@id": "way/149917275",
        "electrified": "contact_line",
        "frequency": "50",
        "gauge": "1435",
        "maxspeed": "60",
        "name": "Tavşanlı-Tunçbilek şube demiryolu",
        "operator": "TCDD",
        "passenger_lines": "1",
        "railway": "rail",
        "source": "bing",
        "usage": "branch",
        "voltage": "25000"
      },
      "geometry": {
        "type": "LineString",
        "coordinates": [
          [
            29.4563096,
            39.5714232
          ],
          [
            29.456574,
            39.5722183
          ],
          [
            29.4566704,
            39.572635
          ],
          [
            29.4566617,
            39.5730073
          ],
          [
            29.4565841,
            39.5733862
          ],
          [
            29.4564461,
            39.5737385
          ],
          [
            29.455282,
            39.5758588
          ],
          [
            29.4551009,
            39.576251
          ],
          [
            29.4549974,
            39.5766365
          ],
          [
            29.4549456,
            39.5770021
          ],
          [
            29.4549888,
            39.5773876
          ],
          [
            29.4551095,
            39.5777399
          ],
          [
            29.4553078,
            39.5781387
          ],
          [
            29.4554631,
            39.5783913
          ],
          [
            29.4563685,
            39.579355
          ],
          [
            29.4567652,
            39.5797139
          ],
          [
            29.457136,
            39.5799798
          ],
          [
            29.4575413,
            39.5801725
          ],
          [
            29.4580243,
            39.5803586
          ],
          [
            29.4585158,
            39.5804849
          ],
          [
            29.4590246,
            39.580558
          ],
          [
            29.4599301,
            39.580578
          ],
          [
            29.4604733,
            39.580578
          ],
          [
            29.4609649,
            39.5806311
          ],
          [
            29.4613357,
            39.5807574
          ],
          [
            29.461672,
            39.580897
          ],
          [
            29.4619738,
            39.5810897
          ],
          [
            29.4622239,
            39.5813157
          ],
          [
            29.4624223,
            39.5815483
          ],
          [
            29.4625947,
            39.5818939
          ],
          [
            29.4626551,
            39.5822196
          ],
          [
            29.4626465,
            39.5825985
          ],
          [
            29.4625516,
            39.5829507
          ],
          [
            29.4614133,
            39.5849113
          ],
          [
            29.4608528,
            39.5856557
          ],
          [
            29.4605337,
            39.5861009
          ],
          [
            29.4601629,
            39.5864266
          ],
          [
            29.4595765,
            39.5868519
          ],
          [
            29.459266,
            39.5870912
          ],
          [
            29.4590677,
            39.5873171
          ],
          [
            29.4588521,
            39.5876162
          ],
          [
            29.4575844,
            39.5898956
          ],
          [
            29.457274,
            39.5902412
          ],
          [
            29.4569549,
            39.590507
          ],
          [
            29.4565669,
            39.5907662
          ],
          [
            29.4561616,
            39.5909589
          ],
          [
            29.455808,
            39.5910652
          ],
          [
            29.4546524,
            39.591351
          ],
          [
            29.4541178,
            39.5915238
          ],
          [
            29.4536521,
            39.5917564
          ],
          [
            29.453264,
            39.5919956
          ],
          [
            29.4528587,
            39.5923411
          ],
          [
            29.4525397,
            39.5927399
          ],
          [
            29.4522982,
            39.5931652
          ],
          [
            29.4503752,
            39.5967468
          ],
          [
            29.450263,
            39.5970791
          ],
          [
            29.4502372,
            39.5974778
          ],
          [
            29.4502889,
            39.59783
          ],
          [
            29.4504096,
            39.598222
          ],
          [
            29.4506252,
            39.5985476
          ],
          [
            29.4509357,
            39.5989263
          ],
          [
            29.4514186,
            39.599418
          ],
          [
            29.4518498,
            39.5997569
          ],
          [
            29.4521947,
            39.5999629
          ],
          [
            29.4526259,
            39.6001489
          ],
          [
            29.4531778,
            39.6003283
          ],
          [
            29.4537297,
            39.6005077
          ],
          [
            29.4584333,
            39.6017559
          ]
        ]
      },
      "id": "way/149917275"
    },
    {
      "type": "Feature",
      "properties": {
        "@id": "way/149917276",
        "axle_load": "22.5",
        "electrified": "contact_line",
        "frequency": "50",
        "gauge": "1435",
        "maxspeed": "95",
        "name": "Alayunt-Balıkesir demiryolu",
        "operator": "TCDD",
        "passenger_lines": "1",
        "railway": "rail",
        "railway:etcs": "2",
        "source": "bing",
        "usage": "main",
        "voltage": "25000"
      },
      "geometry": {
        "type": "LineString",
        "coordinates": [
          [
            29.3172278,
            39.4654322
          ],
          [
            29.3184434,
            39.4659513
          ],
          [
            29.3188658,
            39.4660978
          ],
          [
            29.3194176,
            39.4661976
          ],
          [
            29.3199693,
            39.4662442
          ],
          [
            29.3207022,
            39.4662242
          ],
          [
            29.3234351,
            39.4660778
          ],
          [
            29.3241766,
            39.4660711
          ],
          [
            29.3247714,
            39.4661377
          ],
          [
            29.3253318,
            39.4662442
          ],
          [
            29.3291123,
            39.4673856
          ],
          [
            29.3297499,
            39.4675918
          ],
          [
            29.3301721,
            39.4678578
          ],
          [
            29.3306546,
            39.4681305
          ],
          [
            29.3310854,
            39.4684831
          ],
          [
            29.3314559,
            39.4688489
          ],
          [
            29.3332912,
            39.4714762
          ],
          [
            29.3338168,
            39.4722477
          ],
          [
            29.3341528,
            39.4726002
          ],
          [
            29.3345405,
            39.4729062
          ],
          [
            29.3350144,
            39.4731922
          ],
          [
            29.3355055,
            39.473405
          ],
          [
            29.338392,
            39.4745224
          ],
          [
            29.3389607,
            39.4747884
          ],
          [
            29.3394346,
            39.4750079
          ],
          [
            29.3397792,
            39.4752806
          ],
          [
            29.3400722,
            39.4755932
          ],
          [
            29.3402962,
            39.4758925
          ],
          [
            29.3404685,
            39.4762184
          ],
          [
            29.3406925,
            39.4769034
          ],
          [
            29.3408821,
            39.4774488
          ],
          [
            29.3411061,
            39.477901
          ],
          [
            29.3413991,
            39.4782801
          ],
          [
            29.3429586,
            39.4798363
          ],
          [
            29.3433463,
            39.4802154
          ],
          [
            29.3436048,
            39.4805745
          ],
          [
            29.3438202,
            39.4809868
          ],
          [
            29.3439701,
            39.481328
          ],
          [
            29.3443027,
            39.48241
          ],
          [
            29.3445785,
            39.4828489
          ],
          [
            29.3449145,
            39.4832346
          ],
          [
            29.3452247,
            39.483494
          ],
          [
            29.3456296,
            39.48374
          ],
          [
            29.3460518,
            39.4839528
          ],
          [
            29.346586,
            39.4841257
          ],
          [
            29.3475425,
            39.4843518
          ],
          [
            29.3482318,
            39.4845048
          ],
          [
            29.3489728,
            39.4845713
          ],
          [
            29.3495845,
            39.4845713
          ],
          [
            29.3509545,
            39.4844117
          ],
          [
            29.3515318,
            39.4843252
          ],
          [
            29.3520918,
            39.4843252
          ],
          [
            29.3526088,
            39.4843718
          ],
          [
            29.3531258,
            39.4845048
          ],
          [
            29.3535997,
            39.484691
          ],
          [
            29.3539874,
            39.4848971
          ],
          [
            29.3544182,
            39.485223
          ],
          [
            29.3547456,
            39.4855222
          ],
          [
            29.3552195,
            39.486134
          ],
          [
            29.3555642,
            39.486533
          ],
          [
            29.3559175,
            39.4868788
          ],
          [
            29.358442,
            39.4890865
          ],
          [
            29.3587005,
            39.4892992
          ],
          [
            29.3597563,
            39.4902532
          ],
          [
            29.3600507,
            39.4905127
          ],
          [
            29.3604084,
            39.490823
          ],
          [
            29.362377,
            39.4925501
          ],
          [
            29.3642754,
            39.494235
          ],
          [
            29.3645649,
            39.4944766
          ],
          [
            29.3648279,
            39.494696
          ],
          [
            29.3677734,
            39.497225
          ],
          [
            29.3684369,
            39.4978168
          ],
          [
            29.3689625,
            39.4984085
          ],
          [
            29.3693416,
            39.4989205
          ],
          [
            29.3740202,
            39.5069648
          ],
          [
            29.374339,
            39.5074501
          ],
          [
            29.3746923,
            39.5078357
          ],
          [
            29.3750714,
            39.508188
          ],
          [
            29.3756315,
            39.5086002
          ],
          [
            29.3762432,
            39.5089326
          ],
          [
            29.3768894,
            39.5092051
          ],
          [
            29.3775357,
            39.5093913
          ],
          [
            29.377826,
            39.5094572
          ],
          [
            29.3819816,
            39.5104482
          ],
          [
            29.3882026,
            39.5119572
          ],
          [
            29.3889522,
            39.5120835
          ],
          [
            29.3897363,
            39.5121234
          ],
          [
            29.3904687,
            39.5120968
          ],
          [
            29.391089,
            39.5120037
          ],
          [
            29.3937853,
            39.5114592
          ],
          [
            29.3947423,
            39.5112659
          ],
          [
            29.3954833,
            39.5111728
          ],
          [
            29.3961554,
            39.5111528
          ],
          [
            29.3969481,
            39.5111728
          ],
          [
            29.397646,
            39.5112792
          ],
          [
            29.3982836,
            39.5114586
          ],
          [
            29.398904,
            39.511678
          ],
          [
            29.4024625,
            39.5132335
          ],
          [
            29.4029881,
            39.5135259
          ],
          [
            29.4034189,
            39.5138517
          ],
          [
            29.4038928,
            39.5142571
          ],
          [
            29.4042461,
            39.514656
          ],
          [
            29.4075375,
            39.5188568
          ],
          [
            29.4079855,
            39.519342
          ],
          [
            29.4083732,
            39.5197275
          ],
          [
            29.4095968,
            39.5205584
          ],
          [
            29.40995,
            39.5208442
          ],
          [
            29.4102344,
            39.5211432
          ],
          [
            29.4105015,
            39.5215553
          ],
          [
            29.4107169,
            39.5219275
          ],
          [
            29.4108289,
            39.5223728
          ],
          [
            29.4108289,
            39.5228514
          ],
          [
            29.4107255,
            39.5232967
          ],
          [
            29.4105445,
            39.5237154
          ],
          [
            29.4103291,
            39.5240544
          ],
          [
            29.4099931,
            39.5244066
          ],
          [
            29.4090625,
            39.5250978
          ],
          [
            29.4086576,
            39.5254301
          ],
          [
            29.4083474,
            39.5258023
          ],
          [
            29.4081061,
            39.526221
          ],
          [
            29.4079597,
            39.5267061
          ],
          [
            29.407908,
            39.5271647
          ],
          [
            29.4079769,
            39.5276033
          ],
          [
            29.4081492,
            39.5280353
          ],
          [
            29.4083905,
            39.5284474
          ],
          [
            29.4087437,
            39.5288395
          ],
          [
            29.4091573,
            39.5291651
          ],
          [
            29.4095795,
            39.5293977
          ],
          [
            29.4102861,
            39.5296436
          ],
          [
            29.417989,
            39.5313382
          ],
          [
            29.4185909,
            39.5314601
          ],
          [
            29.4190143,
            39.5315575
          ],
          [
            29.4199621,
            39.5317104
          ],
          [
            29.4259935,
            39.5324081
          ],
          [
            29.4271308,
            39.532561
          ],
          [
            29.4281217,
            39.5327537
          ],
          [
            29.4476634,
            39.5367674
          ],
          [
            29.4478616,
            39.5368206
          ],
          [
            29.4480071,
            39.536845
          ],
          [
            29.4480597,
            39.5368538
          ],
          [
            29.4510857,
            39.5374752
          ],
          [
            29.4511945,
            39.5374975
          ],
          [
            29.4596589,
            39.5392356
          ],
          [
            29.4597089,
            39.5392459
          ],
          [
            29.460493,
            39.5394187
          ],
          [
            29.4682562,
            39.5409935
          ],
          [
            29.472102,
            39.5417879
          ],
          [
            29.4721163,
            39.5417908
          ],
          [
            29.4763879,
            39.5426554
          ],
          [
            29.4769191,
            39.5427637
          ]
        ]
      },
      "id": "way/149917276"
    },
    {
      "type": "Feature",
      "properties": {
        "@id": "way/149935711",
        "axle_load": "22.5",
        "electrified": "contact_line",
        "frequency": "50",
        "gauge": "1435",
        "layer": "-1",
        "operator": "TCDD",
        "passenger_lines": "1",
        "railway": "rail",
        "railway:etcs": "2",
        "source": "bing",
        "tunnel": "yes",
        "usage": "main",
        "voltage": "25000"
      },
      "geometry": {
        "type": "LineString",
        "coordinates": [
          [
            29.3108738,
            39.4637017
          ],
          [
            29.3117877,
            39.4640212
          ]
        ]
      },
      "id": "way/149935711"
    },
    {
      "type": "Feature",
      "properties": {
        "@id": "way/149935716",
        "axle_load": "22.5",
        "electrified": "contact_line",
        "frequency": "50",
        "gauge": "1435",
        "layer": "-1",
        "operator": "TCDD",
        "passenger_lines": "1",
        "railway": "rail",
        "railway:etcs": "2",
        "source": "bing",
        "tunnel": "yes",
        "usage": "main",
        "voltage": "25000"
      },
      "geometry": {
        "type": "LineString",
        "coordinates": [
          [
            29.2434563,
            39.5023925
          ],
          [
            29.2446467,
            39.5023459
          ]
        ]
      },
      "id": "way/149935716"
    },
    {
      "type": "Feature",
      "properties": {
        "@id": "way/149935717",
        "axle_load": "22.5",
        "electrified": "contact_line",
        "frequency": "50",
        "gauge": "1435",
        "layer": "-1",
        "maxspeed": "95",
        "operator": "TCDD",
        "passenger_lines": "1",
        "railway": "rail",
        "railway:etcs": "2",
        "source": "bing",
        "tunnel": "yes",
        "usage": "main",
        "voltage": "25000"
      },
      "geometry": {
        "type": "LineString",
        "coordinates": [
          [
            29.3142448,
            39.4647733
          ],
          [
            29.3147879,
            39.4648265
          ],
          [
            29.3152879,
            39.4648931
          ],
          [
            29.3172278,
            39.4654322
          ]
        ]
      },
      "id": "way/149935717"
    },
    {
      "type": "Feature",
      "properties": {
        "@id": "way/149935722",
        "axle_load": "22.5",
        "electrified": "contact_line",
        "frequency": "50",
        "gauge": "1435",
        "layer": "-1",
        "maxspeed": "95",
        "operator": "TCDD",
        "passenger_lines": "1",
        "railway": "rail",
        "railway:etcs": "2",
        "source": "bing",
        "tunnel": "yes",
        "usage": "main",
        "voltage": "25000"
      },
      "geometry": {
        "type": "LineString",
        "coordinates": [
          [
            29.294157,
            39.479694
          ],
          [
            29.2927345,
            39.4780504
          ],
          [
            29.2925189,
            39.4776777
          ],
          [
            29.2923551,
            39.4772651
          ]
        ]
      },
      "id": "way/149935722"
    },
    {
      "type": "Feature",
      "properties": {
        "@id": "way/149935724",
        "axle_load": "22.5",
        "electrified": "contact_line",
        "frequency": "50",
        "gauge": "1435",
        "maxspeed": "95",
        "name": "Alayunt-Balıkesir demiryolu",
        "operator": "TCDD",
        "passenger_lines": "1",
        "railway": "rail",
        "railway:etcs": "2",
        "source": "bing",
        "usage": "main",
        "voltage": "25000"
      },
      "geometry": {
        "type": "LineString",
        "coordinates": [
          [
            29.2923551,
            39.4772651
          ],
          [
            29.2922517,
            39.4767527
          ],
          [
            29.2922172,
            39.4763734
          ],
          [
            29.2922862,
            39.4759342
          ],
          [
            29.2924155,
            39.4755682
          ],
          [
            29.2928034,
            39.4749093
          ],
          [
            29.2932,
            39.4740309
          ],
          [
            29.293769,
            39.4724137
          ],
          [
            29.2939587,
            39.4720876
          ],
          [
            29.2941742,
            39.4717482
          ],
          [
            29.2950709,
            39.4709163
          ],
          [
            29.2955105,
            39.4705902
          ],
          [
            29.2960106,
            39.4703107
          ],
          [
            29.2965968,
            39.4701243
          ],
          [
            29.2971314,
            39.4700245
          ],
          [
            29.2975538,
            39.4699979
          ],
          [
            29.2980625,
            39.4700312
          ],
          [
            29.2995367,
            39.4702441
          ],
          [
            29.3000712,
            39.470304
          ],
          [
            29.3006403,
            39.4703107
          ],
          [
            29.3012524,
            39.4703107
          ],
          [
            29.3020197,
            39.4702175
          ],
          [
            29.304563,
            39.4697383
          ],
          [
            29.3052527,
            39.469532
          ],
          [
            29.3057096,
            39.4693457
          ],
          [
            29.3060803,
            39.469126
          ],
          [
            29.3064424,
            39.4688132
          ],
          [
            29.3067356,
            39.4684206
          ],
          [
            29.3068907,
            39.4680612
          ],
          [
            29.306977,
            39.4675953
          ],
          [
            29.3069597,
            39.4668964
          ],
          [
            29.3069252,
            39.4663241
          ],
          [
            29.3069511,
            39.4658781
          ],
          [
            29.3070632,
            39.4655653
          ],
          [
            29.3072356,
            39.4652325
          ],
          [
            29.3074856,
            39.4649064
          ],
          [
            29.3082702,
            39.4642674
          ],
          [
            29.3087012,
            39.4640078
          ],
          [
            29.3091926,
            39.4638082
          ],
          [
            29.3097875,
            39.4636884
          ],
          [
            29.3103479,
            39.4636418
          ],
          [
            29.3108738,
            39.4637017
          ]
        ]
      },
      "id": "way/149935724"
    },
    {
      "type": "Feature",
      "properties": {
        "@id": "way/149935729",
        "axle_load": "22.5",
        "electrified": "contact_line",
        "frequency": "50",
        "gauge": "1435",
        "maxspeed": "95",
        "operator": "TCDD",
        "passenger_lines": "1",
        "railway": "rail",
        "railway:etcs": "2",
        "source": "bing",
        "usage": "main",
        "voltage": "25000"
      },
      "geometry": {
        "type": "LineString",
        "coordinates": [
          [
            29.3117877,
            39.4640212
          ],
          [
            29.3126584,
            39.4644471
          ],
          [
            29.3131326,
            39.4646069
          ],
          [
            29.3136585,
            39.46474
          ],
          [
            29.3142448,
            39.4647733
          ]
        ]
      },
      "id": "way/149935729"
    },
    {
      "type": "Feature",
      "properties": {
        "@id": "way/149935739",
        "axle_load": "22.5",
        "electrified": "contact_line",
        "frequency": "50",
        "gauge": "1435",
        "maxspeed": "95",
        "name": "Alayunt-Balıkesir demiryolu",
        "operator": "TCDD",
        "passenger_lines": "1",
        "railway": "rail",
        "railway:etcs": "2",
        "source": "bing",
        "usage": "main",
        "voltage": "25000"
      },
      "geometry": {
        "type": "LineString",
        "coordinates": [
          [
            29.2446467,
            39.5023459
          ],
          [
            29.2454403,
            39.5021396
          ],
          [
            29.2460528,
            39.5020131
          ],
          [
            29.2465013,
            39.5019798
          ],
          [
            29.2470448,
            39.5019998
          ],
          [
            29.247502,
            39.502053
          ],
          [
            29.2478901,
            39.5021928
          ],
          [
            29.2483991,
            39.5023991
          ],
          [
            29.2487355,
            39.5026587
          ],
          [
            29.2490547,
            39.502925
          ],
          [
            29.2495032,
            39.5035107
          ],
          [
            29.2497879,
            39.5038701
          ],
          [
            29.2501329,
            39.5042095
          ],
          [
            29.2505125,
            39.5044758
          ],
          [
            29.2508748,
            39.5046621
          ],
          [
            29.2512716,
            39.5047952
          ],
          [
            29.2517805,
            39.5048884
          ],
          [
            29.2522464,
            39.5049284
          ],
          [
            29.2528847,
            39.5049017
          ],
          [
            29.2535058,
            39.5048352
          ],
          [
            29.2539975,
            39.5048352
          ],
          [
            29.2544547,
            39.5048552
          ],
          [
            29.254955,
            39.504975
          ],
          [
            29.2554035,
            39.5051347
          ],
          [
            29.2558607,
            39.5053943
          ],
          [
            29.2561454,
            39.5056072
          ],
          [
            29.256663,
            39.5061064
          ],
          [
            29.2569908,
            39.5064392
          ],
          [
            29.2574134,
            39.5067919
          ],
          [
            29.2577499,
            39.5070049
          ],
          [
            29.2593716,
            39.5079234
          ],
          [
            29.259708,
            39.5081896
          ],
          [
            29.2600272,
            39.5085024
          ],
          [
            29.2602601,
            39.5088418
          ],
          [
            29.2604499,
            39.5092278
          ],
          [
            29.2611055,
            39.5116237
          ],
          [
            29.2613039,
            39.5121694
          ],
          [
            29.2614591,
            39.5124955
          ],
          [
            29.2616575,
            39.5128083
          ],
          [
            29.2619681,
            39.513141
          ],
          [
            29.2623476,
            39.5134139
          ],
          [
            29.2627272,
            39.5135736
          ],
          [
            29.263124,
            39.5137133
          ],
          [
            29.2636243,
            39.5138265
          ],
          [
            29.2641677,
            39.5138664
          ],
          [
            29.2648406,
            39.5138132
          ],
          [
            29.2652978,
            39.5136867
          ],
          [
            29.2657895,
            39.5134738
          ],
          [
            29.2661431,
            39.5132342
          ],
          [
            29.2669022,
            39.5123757
          ],
          [
            29.2672732,
            39.5119897
          ],
          [
            29.2676959,
            39.5116703
          ],
          [
            29.2700853,
            39.5103126
          ],
          [
            29.270646,
            39.5099599
          ],
          [
            29.2709997,
            39.5096538
          ],
          [
            29.2713275,
            39.5091746
          ],
          [
            29.2715086,
            39.5087686
          ],
          [
            29.2716208,
            39.5084092
          ],
          [
            29.2718278,
            39.5071447
          ],
          [
            29.2719399,
            39.5066854
          ],
          [
            29.2720866,
            39.5062994
          ],
          [
            29.2723109,
            39.5059467
          ],
          [
            29.2726473,
            39.5055939
          ],
          [
            29.2745105,
            39.5039633
          ],
          [
            29.2750712,
            39.5035173
          ],
          [
            29.2757355,
            39.5030581
          ],
          [
            29.2763824,
            39.5026854
          ],
          [
            29.2793843,
            39.5009149
          ],
          [
            29.2799019,
            39.500642
          ],
          [
            29.2803677,
            39.5003824
          ],
          [
            29.2809026,
            39.5001561
          ],
          [
            29.2814805,
            39.4999963
          ],
          [
            29.2822137,
            39.4998432
          ],
          [
            29.2829125,
            39.4997301
          ],
          [
            29.2833351,
            39.4997034
          ],
          [
            29.28387,
            39.4997034
          ],
          [
            29.2843789,
            39.4997633
          ],
          [
            29.2849482,
            39.4999031
          ],
          [
            29.2871824,
            39.5007285
          ],
          [
            29.2876914,
            39.5009282
          ],
          [
            29.2881917,
            39.5011811
          ],
          [
            29.2884936,
            39.5014274
          ],
          [
            29.2887438,
            39.501687
          ],
          [
            29.2893045,
            39.5025522
          ],
          [
            29.2895546,
            39.5029316
          ],
          [
            29.2898134,
            39.503291
          ],
          [
            29.2900894,
            39.5035839
          ],
          [
            29.2922029,
            39.5054209
          ],
          [
            29.2925824,
            39.5057404
          ],
          [
            29.2929361,
            39.50598
          ],
          [
            29.2933501,
            39.5061863
          ],
          [
            29.2937771,
            39.5063094
          ],
          [
            29.2943292,
            39.5064092
          ],
          [
            29.2948727,
            39.5064092
          ],
          [
            29.2953385,
            39.5063493
          ],
          [
            29.2957612,
            39.5062561
          ],
          [
            29.2962615,
            39.5060698
          ],
          [
            29.296667,
            39.5058102
          ],
          [
            29.2986429,
            39.504195
          ],
          [
            29.2990133,
            39.5039532
          ],
          [
            29.2993411,
            39.5037269
          ],
          [
            29.2998156,
            39.503454
          ],
          [
            29.3003418,
            39.5032477
          ],
          [
            29.3008594,
            39.5031212
          ],
          [
            29.3014262,
            39.5030664
          ],
          [
            29.3020088,
            39.5030683
          ],
          [
            29.3024746,
            39.5031302
          ],
          [
            29.303016,
            39.5033143
          ],
          [
            29.3035294,
            39.5035439
          ],
          [
            29.3039627,
            39.5038126
          ],
          [
            29.3044671,
            39.5042313
          ],
          [
            29.307562,
            39.5068285
          ],
          [
            29.308002,
            39.507148
          ],
          [
            29.3083384,
            39.5073077
          ],
          [
            29.3088474,
            39.5074608
          ],
          [
            29.3093218,
            39.5075473
          ],
          [
            29.3098437,
            39.5075772
          ],
          [
            29.3103871,
            39.507524
          ],
          [
            29.3109305,
            39.5073709
          ],
          [
            29.3113704,
            39.5071646
          ],
          [
            29.3117672,
            39.5069317
          ],
          [
            29.3119311,
            39.5067587
          ],
          [
            29.3122071,
            39.5064592
          ],
          [
            29.3123968,
            39.506193
          ],
          [
            29.3125607,
            39.505827
          ],
          [
            29.3126038,
            39.5054477
          ],
          [
            29.3125952,
            39.5050816
          ],
          [
            29.3124486,
            39.5046624
          ],
          [
            29.3122933,
            39.504323
          ],
          [
            29.3119828,
            39.5039702
          ],
          [
            29.3116464,
            39.5037107
          ],
          [
            29.3102922,
            39.5028588
          ],
          [
            29.3099903,
            39.5026325
          ],
          [
            29.3096453,
            39.5022265
          ],
          [
            29.3094211,
            39.5018006
          ],
          [
            29.3093434,
            39.5014479
          ],
          [
            29.3093607,
            39.5010752
          ],
          [
            29.3095375,
            39.5000402
          ],
          [
            29.3095375,
            39.4997076
          ],
          [
            29.3095116,
            39.4994215
          ],
          [
            29.3086754,
            39.497938
          ],
          [
            29.3085202,
            39.4975455
          ],
          [
            29.3084598,
            39.4970798
          ],
          [
            29.3083564,
            39.4959621
          ],
          [
            29.3083046,
            39.4955297
          ],
          [
            29.3082012,
            39.4951638
          ],
          [
            29.3079339,
            39.4947114
          ],
          [
            29.3076753,
            39.4943987
          ],
          [
            29.3071408,
            39.4938199
          ],
          [
            29.3068218,
            39.493434
          ],
          [
            29.3066149,
            39.4930747
          ],
          [
            29.3064855,
            39.4926223
          ],
          [
            29.3063821,
            39.4920701
          ],
          [
            29.3062355,
            39.4885238
          ],
          [
            29.3061924,
            39.4881512
          ],
          [
            29.3060976,
            39.4877387
          ],
          [
            29.3058993,
            39.4874526
          ],
          [
            29.3056234,
            39.4871465
          ],
          [
            29.3053734,
            39.4869137
          ],
          [
            29.3038043,
            39.4861485
          ],
          [
            29.3033043,
            39.485889
          ],
          [
            29.302787,
            39.485543
          ],
          [
            29.3023818,
            39.4851837
          ],
          [
            29.3020628,
            39.4847711
          ],
          [
            29.3018731,
            39.4844318
          ],
          [
            29.3013989,
            39.4831875
          ],
          [
            29.301261,
            39.4829413
          ],
          [
            29.3009937,
            39.4826419
          ],
          [
            29.3006058,
            39.4823358
          ],
          [
            29.3002178,
            39.4821029
          ],
          [
            29.299804,
            39.4819365
          ],
          [
            29.2993643,
            39.4818301
          ],
          [
            29.2987608,
            39.4817702
          ],
          [
            29.2980194,
            39.4817702
          ],
          [
            29.2973728,
            39.4817968
          ],
          [
            29.2967865,
            39.4817435
          ],
          [
            29.2962434,
            39.4816171
          ],
          [
            29.2956744,
            39.4813509
          ],
          [
            29.2953123,
            39.481138
          ],
          [
            29.2949329,
            39.4807587
          ],
          [
            29.2944932,
            39.4801598
          ],
          [
            29.294157,
            39.479694
          ]
        ]
      },
      "id": "way/149935739"
    },
    {
      "type": "Feature",
      "properties": {
        "@id": "way/150494041",
        "electrified": "contact_line",
        "frequency": "50",
        "gauge": "1435",
        "name": "İstanbul - Ankara demiryolu",
        "operator": "TCDD",
        "railway": "rail",
        "railway:etcs": "yes",
        "source": "Bing",
        "usage": "main",
        "voltage": "25000"
      },
      "geometry": {
        "type": "LineString",
        "coordinates": [
          [
            29.9807915,
            39.9398744
          ],
          [
            29.9806869,
            39.9395984
          ],
          [
            29.9788185,
            39.9342427
          ],
          [
            29.9786769,
            39.9338248
          ],
          [
            29.9786196,
            39.9335427
          ],
          [
            29.9786049,
            39.9332417
          ],
          [
            29.9786342,
            39.9329379
          ],
          [
            29.9787523,
            39.9325426
          ],
          [
            29.9789434,
            39.9321681
          ],
          [
            29.9790934,
            39.9319409
          ],
          [
            29.9794317,
            39.931489
          ],
          [
            29.9799985,
            39.930718
          ],
          [
            29.9802921,
            39.9303034
          ],
          [
            29.9805417,
            39.9298371
          ],
          [
            29.980762,
            39.9293442
          ],
          [
            29.9813307,
            39.9279256
          ],
          [
            29.981487,
            39.9275462
          ],
          [
            29.9817169,
            39.9271753
          ],
          [
            29.9819527,
            39.9268832
          ],
          [
            29.9821289,
            39.9267145
          ],
          [
            29.9826785,
            39.9263518
          ],
          [
            29.9830906,
            39.9261389
          ],
          [
            29.983458,
            39.9260042
          ],
          [
            29.9838027,
            39.925919
          ],
          [
            29.9841062,
            39.9258587
          ],
          [
            29.9845743,
            39.9258161
          ],
          [
            29.984977,
            39.9258178
          ],
          [
            29.9875169,
            39.9259204
          ],
          [
            29.9883323,
            39.9259091
          ],
          [
            29.9887591,
            39.9258533
          ],
          [
            29.9892945,
            39.9257726
          ],
          [
            29.9902022,
            39.9255267
          ],
          [
            29.9945111,
            39.9242085
          ],
          [
            29.9951749,
            39.9239745
          ],
          [
            29.9955668,
            39.9238112
          ],
          [
            29.9960614,
            39.9236034
          ],
          [
            29.9966055,
            39.9232933
          ],
          [
            29.9987028,
            39.9218897
          ],
          [
            29.9996126,
            39.9213756
          ],
          [
            30.0002992,
            39.9211287
          ],
          [
            30.000996,
            39.9209938
          ],
          [
            30.0016288,
            39.9209298
          ],
          [
            30.0024092,
            39.9209337
          ],
          [
            30.0030423,
            39.9209928
          ],
          [
            30.0077973,
            39.9215498
          ],
          [
            30.0083364,
            39.9215722
          ],
          [
            30.0088501,
            39.9215758
          ],
          [
            30.0092146,
            39.9215444
          ],
          [
            30.0095051,
            39.921515
          ],
          [
            30.0097462,
            39.9214589
          ],
          [
            30.0100524,
            39.9213873
          ],
          [
            30.0105091,
            39.9212357
          ],
          [
            30.0109399,
            39.9210626
          ],
          [
            30.0113508,
            39.9208523
          ],
          [
            30.0118434,
            39.920529
          ],
          [
            30.0315454,
            39.9061459
          ],
          [
            30.0319303,
            39.9058907
          ],
          [
            30.0323812,
            39.9055971
          ],
          [
            30.0330762,
            39.9052611
          ],
          [
            30.0336148,
            39.9050557
          ],
          [
            30.0339785,
            39.9049447
          ],
          [
            30.034414,
            39.9048355
          ],
          [
            30.0348631,
            39.9047418
          ],
          [
            30.0354152,
            39.9046267
          ],
          [
            30.0464157,
            39.9026053
          ],
          [
            30.0473613,
            39.9024486
          ],
          [
            30.04903,
            39.9023048
          ],
          [
            30.0495945,
            39.90227
          ],
          [
            30.0503652,
            39.9022093
          ],
          [
            30.053002,
            39.9019766
          ],
          [
            30.0545824,
            39.9017728
          ],
          [
            30.0556095,
            39.9015475
          ],
          [
            30.0653222,
            39.8991961
          ],
          [
            30.0668289,
            39.8988313
          ],
          [
            30.070486,
            39.897956
          ],
          [
            30.0719162,
            39.8975613
          ],
          [
            30.0732927,
            39.8970643
          ],
          [
            30.0758809,
            39.8958502
          ],
          [
            30.0792536,
            39.8942168
          ],
          [
            30.080488,
            39.893687
          ],
          [
            30.0817966,
            39.8932385
          ],
          [
            30.082516,
            39.8930553
          ],
          [
            30.0832517,
            39.8929032
          ]
        ]
      },
      "id": "way/150494041"
    },
    {
      "type": "Feature",
      "properties": {
        "@id": "way/150494043",
        "electrified": "contact_line",
        "frequency": "50",
        "gauge": "1435",
        "highspeed": "yes",
        "maxspeed": "250",
        "name": "Ankara - İstanbul yüksek hızlı demiryolu",
        "name:en": "Ankara - İstanbul high-speed railway",
        "operator": "TCDD",
        "passenger_lines": "1",
        "railway": "rail",
        "railway:etcs": "1",
        "usage": "main",
        "voltage": "25000",
        "wikidata": "Q513146",
        "wikipedia": "en:Ankara–Istanbul high-speed railway"
      },
      "geometry": {
        "type": "LineString",
        "coordinates": [
          [
            29.9887487,
            39.9576317
          ],
          [
            29.9872906,
            39.951675
          ]
        ]
      },
      "id": "way/150494043"
    },
    {
      "type": "Feature",
      "properties": {
        "@id": "way/150494045",
        "electrified": "contact_line",
        "frequency": "50",
        "gauge": "1435",
        "highspeed": "yes",
        "maxspeed": "250",
        "name": "Ankara - İstanbul yüksek hızlı demiryolu",
        "name:en": "Ankara - İstanbul high-speed railway",
        "operator": "TCDD",
        "passenger_lines": "1",
        "railway": "rail",
        "railway:etcs": "1",
        "usage": "main",
        "voltage": "25000",
        "wikidata": "Q513146",
        "wikipedia": "en:Ankara–Istanbul high-speed railway"
      },
      "geometry": {
        "type": "LineString",
        "coordinates": [
          [
            29.9924428,
            39.9272041
          ],
          [
            29.9932538,
            39.9261068
          ]
        ]
      },
      "id": "way/150494045"
    },
    {
      "type": "Feature",
      "properties": {
        "@id": "way/150494046",
        "electrified": "contact_line",
        "frequency": "50",
        "gauge": "1435",
        "name": "İstanbul - Ankara demiryolu",
        "operator": "TCDD",
        "railway": "rail",
        "railway:etcs": "yes",
        "usage": "main",
        "voltage": "25000"
      },
      "geometry": {
        "type": "LineString",
        "coordinates": [
          [
            29.9905303,
            39.969713
          ],
          [
            29.9902252,
            39.9691951
          ],
          [
            29.989982,
            39.9686613
          ],
          [
            29.9890421,
            39.9657515
          ],
          [
            29.9889173,
            39.9653276
          ],
          [
            29.9889184,
            39.9648568
          ],
          [
            29.9889741,
            39.9645469
          ],
          [
            29.9890793,
            39.9642206
          ],
          [
            29.9894319,
            39.9634329
          ],
          [
            29.9895348,
            39.9631914
          ],
          [
            29.9896237,
            39.9627551
          ],
          [
            29.9895939,
            39.962276
          ],
          [
            29.9894938,
            39.9619535
          ],
          [
            29.989288,
            39.961529
          ],
          [
            29.9890536,
            39.9611298
          ],
          [
            29.988223,
            39.9602715
          ],
          [
            29.9879286,
            39.9599394
          ],
          [
            29.9877776,
            39.9596298
          ],
          [
            29.9876784,
            39.9593144
          ],
          [
            29.9876089,
            39.9589816
          ],
          [
            29.9876246,
            39.9585944
          ],
          [
            29.9877061,
            39.9581722
          ],
          [
            29.9879579,
            39.9574005
          ],
          [
            29.9880339,
            39.957098
          ],
          [
            29.9880876,
            39.9568104
          ],
          [
            29.9881019,
            39.9566339
          ],
          [
            29.9881043,
            39.9562951
          ],
          [
            29.9880618,
            39.9560695
          ],
          [
            29.9879508,
            39.9558064
          ],
          [
            29.9878189,
            39.9555448
          ],
          [
            29.9867639,
            39.9535022
          ],
          [
            29.9865147,
            39.9528846
          ],
          [
            29.9864164,
            39.9526622
          ],
          [
            29.9862937,
            39.9521797
          ],
          [
            29.9862387,
            39.9517051
          ],
          [
            29.98613,
            39.9505035
          ],
          [
            29.9859804,
            39.9490468
          ],
          [
            29.9858974,
            39.9485932
          ],
          [
            29.9858413,
            39.9483769
          ],
          [
            29.9856118,
            39.9478501
          ],
          [
            29.985478,
            39.9476169
          ],
          [
            29.9852465,
            39.9472739
          ],
          [
            29.9850183,
            39.9469756
          ],
          [
            29.984578,
            39.9465751
          ],
          [
            29.9835697,
            39.945613
          ],
          [
            29.9831779,
            39.9452332
          ],
          [
            29.9829287,
            39.9449498
          ],
          [
            29.9825677,
            39.9444643
          ]
        ]
      },
      "id": "way/150494046"
    },
    {
      "type": "Feature",
      "properties": {
        "@id": "way/150494047",
        "electrified": "contact_line",
        "frequency": "50",
        "gauge": "1435",
        "highspeed": "yes",
        "layer": "-1",
        "maxspeed": "250",
        "name": "Ankara - İstanbul yüksek hızlı demiryolu",
        "name:en": "Ankara - İstanbul high-speed railway",
        "operator": "TCDD",
        "passenger_lines": "1",
        "railway": "rail",
        "railway:etcs": "1",
        "tunnel": "yes",
        "usage": "main",
        "voltage": "25000",
        "wikidata": "Q513146",
        "wikipedia": "en:Ankara–Istanbul high-speed railway"
      },
      "geometry": {
        "type": "LineString",
        "coordinates": [
          [
            29.9965209,
            39.9795729
          ],
          [
            29.9951059,
            39.9772599
          ],
          [
            29.9937888,
            39.974932
          ]
        ]
      },
      "id": "way/150494047"
    },
    {
      "type": "Feature",
      "properties": {
        "@id": "way/150494048",
        "electrified": "contact_line",
        "frequency": "50",
        "gauge": "1435",
        "highspeed": "yes",
        "layer": "-1",
        "maxspeed": "250",
        "name": "Ankara - İstanbul yüksek hızlı demiryolu",
        "name:en": "Ankara - İstanbul high-speed railway",
        "operator": "TCDD",
        "passenger_lines": "1",
        "railway": "rail",
        "railway:etcs": "1",
        "tunnel": "yes",
        "usage": "main",
        "voltage": "25000",
        "wikidata": "Q513146",
        "wikipedia": "en:Ankara–Istanbul high-speed railway"
      },
      "geometry": {
        "type": "LineString",
        "coordinates": [
          [
            29.9898152,
            39.9617963
          ],
          [
            29.9887487,
            39.9576317
          ]
        ]
      },
      "id": "way/150494048"
    },
    {
      "type": "Feature",
      "properties": {
        "@id": "way/150494049",
        "cutting": "yes",
        "electrified": "contact_line",
        "frequency": "50",
        "gauge": "1435",
        "highspeed": "yes",
        "maxspeed": "250",
        "name": "Ankara - İstanbul yüksek hızlı demiryolu",
        "name:en": "Ankara - İstanbul high-speed railway",
        "operator": "TCDD",
        "passenger_lines": "1",
        "railway": "rail",
        "railway:etcs": "1",
        "usage": "main",
        "voltage": "25000",
        "wikidata": "Q513146",
        "wikipedia": "en:Ankara–Istanbul high-speed railway"
      },
      "geometry": {
        "type": "LineString",
        "coordinates": [
          [
            30.0225862,
            39.892086
          ],
          [
            30.0241291,
            39.8908925
          ],
          [
            30.025516,
            39.8898632
          ],
          [
            30.027106,
            39.8887371
          ],
          [
            30.0285958,
            39.8877294
          ]
        ]
      },
      "id": "way/150494049"
    },
    {
      "type": "Feature",
      "properties": {
        "@id": "way/150494050",
        "electrified": "contact_line",
        "embankment": "yes",
        "frequency": "50",
        "gauge": "1435",
        "highspeed": "yes",
        "maxspeed": "250",
        "name": "Ankara - İstanbul yüksek hızlı demiryolu",
        "name:en": "Ankara - İstanbul high-speed railway",
        "operator": "TCDD",
        "passenger_lines": "1",
        "railway": "rail",
        "railway:etcs": "1",
        "usage": "main",
        "voltage": "25000",
        "wikidata": "Q513146",
        "wikipedia": "en:Ankara–Istanbul high-speed railway"
      },
      "geometry": {
        "type": "LineString",
        "coordinates": [
          [
            30.000885,
            39.9868311
          ],
          [
            29.9965209,
            39.9795729
          ]
        ]
      },
      "id": "way/150494050"
    },
    {
      "type": "Feature",
      "properties": {
        "@id": "way/150494055",
        "bridge": "viaduct",
        "electrified": "contact_line",
        "frequency": "50",
        "gauge": "1435",
        "highspeed": "yes",
        "layer": "1",
        "maxspeed": "250",
        "name": "Ankara - İstanbul yüksek hızlı demiryolu",
        "name:en": "Ankara - İstanbul high-speed railway",
        "operator": "TCDD",
        "passenger_lines": "1",
        "railway": "rail",
        "railway:etcs": "1",
        "usage": "main",
        "voltage": "25000",
        "wikidata": "Q513146",
        "wikipedia": "en:Ankara–Istanbul high-speed railway"
      },
      "geometry": {
        "type": "LineString",
        "coordinates": [
          [
            29.9932538,
            39.9261068
          ],
          [
            29.9994912,
            39.918567
          ]
        ]
      },
      "id": "way/150494055"
    },
    {
      "type": "Feature",
      "properties": {
        "@id": "way/150494056",
        "electrified": "contact_line",
        "frequency": "50",
        "gauge": "1435",
        "highspeed": "yes",
        "layer": "-1",
        "maxspeed": "250",
        "name": "Ankara - İstanbul yüksek hızlı demiryolu",
        "name:en": "Ankara - İstanbul high-speed railway",
        "operator": "TCDD",
        "passenger_lines": "1",
        "railway": "rail",
        "railway:etcs": "1",
        "tunnel": "yes",
        "usage": "main",
        "voltage": "25000",
        "wikidata": "Q513146",
        "wikipedia": "en:Ankara–Istanbul high-speed railway"
      },
      "geometry": {
        "type": "LineString",
        "coordinates": [
          [
            29.9872906,
            39.951675
          ],
          [
            29.9868074,
            39.948642
          ],
          [
            29.9867264,
            39.9456599
          ],
          [
            29.9870505,
            39.9431125
          ],
          [
            29.9896058,
            39.9342784
          ],
          [
            29.9902921,
            39.931928
          ],
          [
            29.9917246,
            39.9284698
          ],
          [
            29.9924428,
            39.9272041
          ]
        ]
      },
      "id": "way/150494056"
    },
    {
      "type": "Feature",
      "properties": {
        "@id": "way/150507845",
        "electrified": "contact_line",
        "frequency": "50",
        "gauge": "1435",
        "highspeed": "yes",
        "layer": "-1",
        "maxspeed": "250",
        "name": "Ankara - İstanbul yüksek hızlı demiryolu",
        "name:en": "Ankara - İstanbul high-speed railway",
        "operator": "TCDD",
        "passenger_lines": "1",
        "railway": "rail",
        "railway:etcs": "1",
        "tunnel": "yes",
        "usage": "main",
        "voltage": "25000",
        "wikidata": "Q513146",
        "wikipedia": "en:Ankara–Istanbul high-speed railway"
      },
      "geometry": {
        "type": "LineString",
        "coordinates": [
          [
            29.9997117,
            39.9183043
          ],
          [
            30.0208788,
            39.8935661
          ]
        ]
      },
      "id": "way/150507845"
    },
    {
      "type": "Feature",
      "properties": {
        "@id": "way/150507846",
        "electrified": "contact_line",
        "frequency": "50",
        "gauge": "1435",
        "highspeed": "yes",
        "maxspeed": "250",
        "name": "Ankara - İstanbul yüksek hızlı demiryolu",
        "name:en": "Ankara - İstanbul high-speed railway",
        "operator": "TCDD",
        "passenger_lines": "1",
        "railway": "rail",
        "railway:etcs": "1",
        "usage": "main",
        "voltage": "25000",
        "wikidata": "Q513146",
        "wikipedia": "en:Ankara–Istanbul high-speed railway"
      },
      "geometry": {
        "type": "LineString",
        "coordinates": [
          [
            30.0208788,
            39.8935661
          ],
          [
            30.0211213,
            39.8933391
          ]
        ]
      },
      "id": "way/150507846"
    },
    {
      "type": "Feature",
      "properties": {
        "@id": "way/150507847",
        "electrified": "contact_line",
        "frequency": "50",
        "gauge": "1435",
        "highspeed": "yes",
        "layer": "-1",
        "maxspeed": "250",
        "name": "Ankara - İstanbul yüksek hızlı demiryolu",
        "name:en": "Ankara - İstanbul high-speed railway",
        "operator": "TCDD",
        "passenger_lines": "1",
        "railway": "rail",
        "railway:etcs": "1",
        "tunnel": "yes",
        "usage": "main",
        "voltage": "25000",
        "wikidata": "Q513146",
        "wikipedia": "en:Ankara–Istanbul high-speed railway"
      },
      "geometry": {
        "type": "LineString",
        "coordinates": [
          [
            30.0033429,
            39.9906918
          ],
          [
            30.0019797,
            39.9885791
          ]
        ]
      },
      "id": "way/150507847"
    },
    {
      "type": "Feature",
      "properties": {
        "@id": "way/150507849",
        "electrified": "contact_line",
        "frequency": "50",
        "gauge": "1435",
        "highspeed": "yes",
        "maxspeed": "250",
        "name": "Ankara - İstanbul yüksek hızlı demiryolu",
        "name:en": "Ankara - İstanbul high-speed railway",
        "operator": "TCDD",
        "passenger_lines": "1",
        "railway": "rail",
        "railway:etcs": "1",
        "usage": "main",
        "voltage": "25000",
        "wikidata": "Q513146",
        "wikipedia": "en:Ankara–Istanbul high-speed railway"
      },
      "geometry": {
        "type": "LineString",
        "coordinates": [
          [
            29.9994912,
            39.918567
          ],
          [
            29.9997117,
            39.9183043
          ]
        ]
      },
      "id": "way/150507849"
    },
    {
      "type": "Feature",
      "properties": {
        "@id": "way/150507850",
        "electrified": "contact_line",
        "embankment": "yes",
        "frequency": "50",
        "gauge": "1435",
        "maxspeed": "65",
        "name": "Konvansiyonel ile yüksek hızlı demiryolu bağlantı kolu",
        "operator": "TCDD",
        "railway": "rail",
        "source": "bing",
        "usage": "main",
        "voltage": "25000"
      },
      "geometry": {
        "type": "LineString",
        "coordinates": [
          [
            30.006267,
            39.9977633
          ],
          [
            30.006178,
            39.9974869
          ],
          [
            30.0061217,
            39.9972167
          ],
          [
            30.0060734,
            39.9968201
          ],
          [
            30.0061163,
            39.9964708
          ],
          [
            30.0061861,
            39.9961565
          ],
          [
            30.0063577,
            39.9954763
          ],
          [
            30.006408,
            39.9950697
          ],
          [
            30.0063958,
            39.9948433
          ],
          [
            30.0063563,
            39.9946141
          ],
          [
            30.0063066,
            39.9944293
          ],
          [
            30.0062126,
            39.99419
          ],
          [
            30.0061115,
            39.993993
          ],
          [
            30.0059735,
            39.9937866
          ],
          [
            30.0056834,
            39.9934152
          ]
        ]
      },
      "id": "way/150507850"
    },
    {
      "type": "Feature",
      "properties": {
        "@id": "way/165441315",
        "axle_load": "22.5",
        "electrified": "contact_line",
        "frequency": "50",
        "gauge": "1435",
        "layer": "1",
        "maxspeed": "90",
        "name": "Alayunt-Balıkesir demiryolu",
        "operator": "TCDD",
        "passenger_lines": "1",
        "railway": "rail",
        "railway:etcs": "2",
        "source": "bing",
        "usage": "main",
        "voltage": "25000"
      },
      "geometry": {
        "type": "LineString",
        "coordinates": [
          [
            28.0771476,
            39.6051963
          ],
          [
            28.0768526,
            39.6045958
          ],
          [
            28.0766757,
            39.6043351
          ],
          [
            28.076429,
            39.6040722
          ],
          [
            28.0758336,
            39.6036441
          ],
          [
            28.075118,
            39.6033305
          ],
          [
            28.0743423,
            39.6031416
          ],
          [
            28.0739207,
            39.6031101
          ],
          [
            28.0738949,
            39.6031082
          ],
          [
            28.0734521,
            39.6031067
          ],
          [
            28.0724711,
            39.6032509
          ],
          [
            28.0712237,
            39.6034431
          ],
          [
            28.0697267,
            39.6037008
          ],
          [
            28.0679463,
            39.604011
          ],
          [
            28.0661034,
            39.6043168
          ],
          [
            28.0656353,
            39.6043945
          ],
          [
            28.0611022,
            39.6051469
          ],
          [
            28.0592424,
            39.6055838
          ],
          [
            28.0575013,
            39.6061005
          ],
          [
            28.0557978,
            39.6067143
          ],
          [
            28.0534276,
            39.6077117
          ],
          [
            28.0520308,
            39.6082894
          ],
          [
            28.0484741,
            39.6098681
          ],
          [
            28.0452607,
            39.6111738
          ],
          [
            28.0420024,
            39.6122799
          ],
          [
            28.0404053,
            39.61258
          ],
          [
            28.0390053,
            39.6128919
          ],
          [
            28.0359992,
            39.613429
          ],
          [
            28.0308684,
            39.6142674
          ],
          [
            28.0263879,
            39.6154092
          ]
        ]
      },
      "id": "way/165441315"
    },
    {
      "type": "Feature",
      "properties": {
        "@id": "way/175080646",
        "axle_load": "22.5",
        "bridge": "yes",
        "electrified": "contact_line",
        "frequency": "50",
        "gauge": "1435",
        "layer": "1",
        "maxspeed": "90",
        "operator": "TCDD",
        "passenger_lines": "1",
        "railway": "rail",
        "railway:etcs": "2",
        "source": "bing",
        "usage": "main",
        "voltage": "25000"
      },
      "geometry": {
        "type": "LineString",
        "coordinates": [
          [
            27.9833765,
            39.6265191
          ],
          [
            27.982365,
            39.6267875
          ]
        ]
      },
      "id": "way/175080646"
    },
    {
      "type": "Feature",
      "properties": {
        "@id": "way/175080648",
        "axle_load": "22.5",
        "bridge": "yes",
        "electrified": "contact_line",
        "frequency": "50",
        "gauge": "1435",
        "layer": "1",
        "maxspeed": "90",
        "operator": "TCDD",
        "passenger_lines": "1",
        "railway": "rail",
        "railway:etcs": "2",
        "source": "bing",
        "usage": "main",
        "voltage": "25000"
      },
      "geometry": {
        "type": "LineString",
        "coordinates": [
          [
            28.0263879,
            39.6154092
          ],
          [
            28.026081,
            39.6154927
          ]
        ]
      },
      "id": "way/175080648"
    },
    {
      "type": "Feature",
      "properties": {
        "@id": "way/175080649",
        "axle_load": "22.5",
        "electrified": "contact_line",
        "frequency": "50",
        "gauge": "1435",
        "maxspeed": "90",
        "name": "Alayunt-Balıkesir demiryolu",
        "operator": "TCDD",
        "passenger_lines": "1",
        "railway": "rail",
        "railway:etcs": "2",
        "source": "bing",
        "usage": "main",
        "voltage": "25000"
      },
      "geometry": {
        "type": "LineString",
        "coordinates": [
          [
            27.982365,
            39.6267875
          ],
          [
            27.9565752,
            39.6333741
          ]
        ]
      },
      "id": "way/175080649"
    },
    {
      "type": "Feature",
      "properties": {
        "@id": "way/175080652",
        "axle_load": "22.5",
        "electrified": "contact_line",
        "frequency": "50",
        "gauge": "1435",
        "maxspeed": "90",
        "name": "Alayunt-Balıkesir demiryolu",
        "operator": "TCDD",
        "passenger_lines": "1",
        "railway": "rail",
        "railway:etcs": "2",
        "source": "bing",
        "usage": "main",
        "voltage": "25000"
      },
      "geometry": {
        "type": "LineString",
        "coordinates": [
          [
            28.026081,
            39.6154927
          ],
          [
            28.0253145,
            39.6156904
          ],
          [
            28.0164423,
            39.6179789
          ],
          [
            28.0093125,
            39.6198187
          ],
          [
            27.995171,
            39.6234725
          ],
          [
            27.9833765,
            39.6265191
          ]
        ]
      },
      "id": "way/175080652"
    },
    {
      "type": "Feature",
      "properties": {
        "@id": "way/176333794",
        "axle_load": "22.5",
        "electrified": "contact_line",
        "frequency": "50",
        "gauge": "1435",
        "maxspeed": "120",
        "name": "Alayunt-Balıkesir demiryolu",
        "operator": "TCDD",
        "passenger_lines": "1",
        "railway": "rail",
        "railway:etcs": "2",
        "source": "bing",
        "usage": "main",
        "voltage": "25000"
      },
      "geometry": {
        "type": "LineString",
        "coordinates": [
          [
            29.8358376,
            39.4686563
          ],
          [
            29.8356916,
            39.4689426
          ],
          [
            29.8356303,
            39.4690929
          ],
          [
            29.8355737,
            39.4692541
          ],
          [
            29.835511,
            39.4694565
          ],
          [
            29.8354623,
            39.4696733
          ],
          [
            29.8354432,
            39.4698173
          ],
          [
            29.8354287,
            39.4699576
          ],
          [
            29.8354137,
            39.4701265
          ],
          [
            29.8353979,
            39.4710016
          ],
          [
            29.8353869,
            39.4715794
          ],
          [
            29.8353788,
            39.471728
          ],
          [
            29.8353614,
            39.4718695
          ],
          [
            29.8353218,
            39.4721487
          ],
          [
            29.8352565,
            39.4724136
          ],
          [
            29.8351982,
            39.4725973
          ],
          [
            29.8350993,
            39.4728669
          ],
          [
            29.8349942,
            39.4730984
          ],
          [
            29.8348826,
            39.473296
          ],
          [
            29.8348006,
            39.4734376
          ],
          [
            29.8346755,
            39.4736244
          ],
          [
            29.8345286,
            39.4738166
          ],
          [
            29.8343766,
            39.4739995
          ],
          [
            29.8342385,
            39.4741538
          ],
          [
            29.834063,
            39.4743278
          ],
          [
            29.8339213,
            39.474454
          ],
          [
            29.833772,
            39.4745778
          ],
          [
            29.833593,
            39.4747162
          ],
          [
            29.8333925,
            39.4748545
          ],
          [
            29.8329669,
            39.4751098
          ],
          [
            29.8328301,
            39.4751856
          ],
          [
            29.8326827,
            39.47526
          ],
          [
            29.8325384,
            39.4753278
          ],
          [
            29.8323604,
            39.475408
          ],
          [
            29.832166,
            39.4754825
          ],
          [
            29.8320254,
            39.4755367
          ],
          [
            29.8318664,
            39.4755909
          ],
          [
            29.8315831,
            39.4756805
          ],
          [
            29.8313021,
            39.47576
          ],
          [
            29.8208281,
            39.4784695
          ],
          [
            29.8155792,
            39.4798123
          ],
          [
            29.8112451,
            39.4809132
          ],
          [
            29.8050663,
            39.4827393
          ],
          [
            29.7893897,
            39.48737
          ],
          [
            29.7879513,
            39.4877444
          ],
          [
            29.7861641,
            39.4881385
          ],
          [
            29.7844662,
            39.4884373
          ],
          [
            29.7791134,
            39.4890911
          ],
          [
            29.7642143,
            39.49093
          ],
          [
            29.7625164,
            39.4911506
          ],
          [
            29.7620882,
            39.4912029
          ],
          [
            29.7519594,
            39.4924398
          ],
          [
            29.7505545,
            39.4926114
          ],
          [
            29.7495758,
            39.4926573
          ],
          [
            29.7485289,
            39.4926376
          ],
          [
            29.7474566,
            39.4925325
          ],
          [
            29.7378734,
            39.491173
          ],
          [
            29.7368266,
            39.49093
          ],
          [
            29.7359414,
            39.4906541
          ],
          [
            29.7350563,
            39.4903257
          ],
          [
            29.723805,
            39.4848543
          ],
          [
            29.7231242,
            39.4846244
          ],
          [
            29.7222646,
            39.4844733
          ],
          [
            29.7216008,
            39.4844076
          ],
          [
            29.7209199,
            39.4843879
          ],
          [
            29.7128091,
            39.4849922
          ],
          [
            29.7112091,
            39.4851105
          ],
          [
            29.7062813,
            39.4854915
          ],
          [
            29.7053621,
            39.4855112
          ],
          [
            29.7047153,
            39.4855177
          ],
          [
            29.7042047,
            39.4854783
          ],
          [
            29.702894,
            39.4852813
          ],
          [
            29.7020429,
            39.4851827
          ],
          [
            29.7013536,
            39.4851696
          ],
          [
            29.7007152,
            39.4852156
          ],
          [
            29.7001535,
            39.4853141
          ],
          [
            29.6964003,
            39.4864767
          ],
          [
            29.6959492,
            39.4866803
          ],
          [
            29.695413,
            39.4869759
          ],
          [
            29.6942981,
            39.4876919
          ],
          [
            29.6937789,
            39.4879546
          ],
          [
            29.6932002,
            39.4882239
          ],
          [
            29.6905704,
            39.4890449
          ],
          [
            29.6892129,
            39.4893963
          ],
          [
            29.687915,
            39.4894127
          ],
          [
            29.6863762,
            39.4893374
          ],
          [
            29.680744,
            39.4888205
          ],
          [
            29.6769921,
            39.4884713
          ],
          [
            29.6762892,
            39.488375
          ],
          [
            29.6754637,
            39.4881779
          ],
          [
            29.674571,
            39.4878712
          ],
          [
            29.674085,
            39.4875474
          ],
          [
            29.6735864,
            39.4870688
          ],
          [
            29.6716764,
            39.4850317
          ],
          [
            29.6708898,
            39.4844539
          ],
          [
            29.6701359,
            39.4841974
          ],
          [
            29.6692651,
            39.4840397
          ],
          [
            29.668587,
            39.4840464
          ],
          [
            29.6680367,
            39.4841651
          ],
          [
            29.6672534,
            39.4844097
          ],
          [
            29.6658212,
            39.4853136
          ],
          [
            29.6647405,
            39.4858246
          ],
          [
            29.6639352,
            39.4860109
          ],
          [
            29.6629198,
            39.4859576
          ],
          [
            29.6605367,
            39.4852708
          ],
          [
            29.6589176,
            39.4847233
          ],
          [
            29.657881,
            39.4845054
          ],
          [
            29.6569593,
            39.4843872
          ],
          [
            29.6533615,
            39.484204
          ],
          [
            29.6525344,
            39.4842192
          ],
          [
            29.6520189,
            39.4843128
          ],
          [
            29.6515934,
            39.4844179
          ],
          [
            29.6510828,
            39.484615
          ],
          [
            29.6497212,
            39.48539
          ],
          [
            29.6471086,
            39.4870845
          ],
          [
            29.6465639,
            39.4873078
          ],
          [
            29.6459001,
            39.487472
          ],
          [
            29.6453555,
            39.4875114
          ],
          [
            29.6447683,
            39.4874786
          ],
          [
            29.6433896,
            39.4873275
          ],
          [
            29.6426833,
            39.4873078
          ],
          [
            29.6419684,
            39.4873604
          ],
          [
            29.641211,
            39.487518
          ],
          [
            29.6375431,
            39.4885098
          ],
          [
            29.6359943,
            39.4890352
          ],
          [
            29.634956,
            39.489554
          ],
          [
            29.6341646,
            39.4899875
          ],
          [
            29.6336029,
            39.4904012
          ],
          [
            29.6322583,
            39.4915112
          ],
          [
            29.631637,
            39.4918461
          ],
          [
            29.6310158,
            39.4920431
          ],
          [
            29.6303009,
            39.4921613
          ],
          [
            29.628233,
            39.4922533
          ],
          [
            29.6273819,
            39.4924306
          ],
          [
            29.6265565,
            39.492667
          ],
          [
            29.6245395,
            39.4933369
          ],
          [
            29.6237906,
            39.4936324
          ],
          [
            29.623263,
            39.4939739
          ],
          [
            29.622846,
            39.4943811
          ],
          [
            29.6221907,
            39.4952676
          ],
          [
            29.6217142,
            39.4957864
          ],
          [
            29.6212376,
            39.4961214
          ],
          [
            29.62071,
            39.4963643
          ],
          [
            29.6198249,
            39.4966073
          ],
          [
            29.6173059,
            39.4971786
          ],
          [
            29.6165229,
            39.4972443
          ],
          [
            29.6158762,
            39.4971983
          ],
          [
            29.6152039,
            39.4970998
          ],
          [
            29.6142337,
            39.4968437
          ],
          [
            29.6118083,
            39.4960097
          ],
          [
            29.6113232,
            39.4957996
          ],
          [
            29.6108892,
            39.4955172
          ],
          [
            29.6104892,
            39.4951626
          ],
          [
            29.6101233,
            39.4947357
          ],
          [
            29.6097744,
            39.4942694
          ],
          [
            29.6092212,
            39.4937047
          ],
          [
            29.6088382,
            39.4934485
          ],
          [
            29.6083617,
            39.4931924
          ],
          [
            29.607834,
            39.492956
          ],
          [
            29.6072724,
            39.4928049
          ],
          [
            29.6066086,
            39.4926933
          ],
          [
            29.6059089,
            39.4926907
          ],
          [
            29.6050767,
            39.4927721
          ],
          [
            29.5971027,
            39.4940856
          ],
          [
            29.5962517,
            39.4941972
          ],
          [
            29.595873,
            39.4942242
          ],
          [
            29.595239,
            39.4942694
          ],
          [
            29.59192,
            39.4943285
          ],
          [
            29.5912817,
            39.4942957
          ],
          [
            29.5907201,
            39.4942235
          ],
          [
            29.5899201,
            39.4940396
          ],
          [
            29.5887712,
            39.4937375
          ],
          [
            29.5881585,
            39.493639
          ],
          [
            29.5874181,
            39.4936193
          ],
          [
            29.5867458,
            39.4936915
          ],
          [
            29.5860224,
            39.4938557
          ],
          [
            29.5847034,
            39.4941315
          ],
          [
            29.584014,
            39.4941775
          ],
          [
            29.5832481,
            39.4941381
          ],
          [
            29.5824226,
            39.493987
          ],
          [
            29.5807291,
            39.493593
          ],
          [
            29.5800738,
            39.4935339
          ],
          [
            29.579359,
            39.493547
          ],
          [
            29.5787888,
            39.4936324
          ],
          [
            29.5779845,
            39.4938825
          ],
          [
            29.5771374,
            39.4942426
          ],
          [
            29.5741167,
            39.4960688
          ],
          [
            29.5732401,
            39.4966861
          ],
          [
            29.5728146,
            39.497067
          ],
          [
            29.5724827,
            39.4975398
          ],
          [
            29.5717423,
            39.4988269
          ],
          [
            29.5714615,
            39.4991881
          ],
          [
            29.5710445,
            39.4996281
          ],
          [
            29.5689821,
            39.5012642
          ],
          [
            29.5689255,
            39.5013091
          ],
          [
            29.5685085,
            39.5015784
          ],
          [
            29.5679638,
            39.5018607
          ],
          [
            29.5673256,
            39.5020511
          ],
          [
            29.5664235,
            39.5022481
          ],
          [
            29.5654108,
            39.5024977
          ],
          [
            29.5646959,
            39.5027669
          ],
          [
            29.5641342,
            39.5030164
          ],
          [
            29.5634194,
            39.5032856
          ],
          [
            29.5627811,
            39.5034564
          ],
          [
            29.5619556,
            39.5035548
          ],
          [
            29.5612293,
            39.5035933
          ],
          [
            29.5595983,
            39.5036796
          ],
          [
            29.5586622,
            39.5037912
          ],
          [
            29.5577811,
            39.503985
          ],
          [
            29.5570406,
            39.5042675
          ],
          [
            29.5564021,
            39.5045827
          ],
          [
            29.5558663,
            39.5050023
          ],
          [
            29.5552444,
            39.5055285
          ],
          [
            29.5547932,
            39.506054
          ],
          [
            29.5536889,
            39.5075315
          ],
          [
            29.5528242,
            39.5086848
          ],
          [
            29.5526055,
            39.5089766
          ],
          [
            29.5524753,
            39.5091473
          ],
          [
            29.5506561,
            39.5115577
          ],
          [
            29.5500347,
            39.5122472
          ],
          [
            29.5494473,
            39.5127529
          ],
          [
            29.54886,
            39.5131535
          ],
          [
            29.5481194,
            39.5135804
          ],
          [
            29.5456468,
            39.5148498
          ],
          [
            29.543567,
            39.5159083
          ],
          [
            29.5404947,
            39.5174662
          ],
          [
            29.5403179,
            39.5175553
          ]
        ]
      },
      "id": "way/176333794"
    },
    {
      "type": "Feature",
      "properties": {
        "@id": "way/176333795",
        "axle_load": "22.5",
        "bridge": "yes",
        "electrified": "contact_line",
        "frequency": "50",
        "gauge": "1435",
        "layer": "1",
        "maxspeed": "120",
        "operator": "TCDD",
        "passenger_lines": "1",
        "railway": "rail",
        "railway:etcs": "2",
        "source": "bing",
        "usage": "main",
        "voltage": "25000"
      },
      "geometry": {
        "type": "LineString",
        "coordinates": [
          [
            29.8359728,
            39.4684463
          ],
          [
            29.8358376,
            39.4686563
          ]
        ]
      },
      "id": "way/176333795"
    },
    {
      "type": "Feature",
      "properties": {
        "@id": "way/180552595",
        "axle_load": "22.5",
        "bridge": "yes",
        "electrified": "contact_line",
        "frequency": "50",
        "gauge": "1435",
        "layer": "1",
        "operator": "TCDD",
        "railway": "rail",
        "railway:etcs": "no",
        "usage": "main",
        "voltage": "25000"
      },
      "geometry": {
        "type": "LineString",
        "coordinates": [
          [
            28.0258539,
            39.805867
          ],
          [
            28.02561,
            39.8056921
          ]
        ]
      },
      "id": "way/180552595"
    },
    {
      "type": "Feature",
      "properties": {
        "@id": "way/180552596",
        "axle_load": "22.5",
        "bridge": "yes",
        "electrified": "contact_line",
        "frequency": "50",
        "gauge": "1435",
        "layer": "1",
        "operator": "TCDD",
        "railway": "rail",
        "railway:etcs": "no",
        "usage": "main",
        "voltage": "25000"
      },
      "geometry": {
        "type": "LineString",
        "coordinates": [
          [
            28.014868,
            39.799506
          ],
          [
            28.0147765,
            39.7993123
          ]
        ]
      },
      "id": "way/180552596"
    },
    {
      "type": "Feature",
      "properties": {
        "@id": "way/180552597",
        "axle_load": "22.5",
        "electrified": "contact_line",
        "frequency": "50",
        "gauge": "1435",
        "name": "Manisa-Bandırma demiryolu",
        "operator": "TCDD",
        "railway": "rail",
        "railway:etcs": "no",
        "usage": "main",
        "voltage": "25000"
      },
      "geometry": {
        "type": "LineString",
        "coordinates": [
          [
            28.02561,
            39.8056921
          ],
          [
            28.025224,
            39.8054628
          ],
          [
            28.024656,
            39.805179
          ],
          [
            28.0241075,
            39.8050213
          ],
          [
            28.0234442,
            39.8048881
          ],
          [
            28.0226672,
            39.804862
          ],
          [
            28.0220446,
            39.8048885
          ]
        ]
      },
      "id": "way/180552597"
    },
    {
      "type": "Feature",
      "properties": {
        "@id": "way/180552598",
        "axle_load": "22.5",
        "electrified": "contact_line",
        "frequency": "50",
        "gauge": "1435",
        "name": "Manisa-Bandırma demiryolu",
        "operator": "TCDD",
        "railway": "rail",
        "railway:etcs": "no",
        "usage": "main",
        "voltage": "25000"
      },
      "geometry": {
        "type": "LineString",
        "coordinates": [
          [
            28.0147765,
            39.7993123
          ],
          [
            28.0145392,
            39.7986316
          ],
          [
            28.0142786,
            39.7980296
          ],
          [
            28.0136578,
            39.7973426
          ],
          [
            28.0129025,
            39.7966655
          ],
          [
            28.0125757,
            39.7963477
          ],
          [
            28.0122597,
            39.795923
          ],
          [
            28.0120559,
            39.7955582
          ],
          [
            28.0119623,
            39.7951404
          ],
          [
            28.0119229,
            39.7946851
          ],
          [
            28.0120192,
            39.7942196
          ],
          [
            28.0123469,
            39.7930886
          ],
          [
            28.0123762,
            39.7927438
          ],
          [
            28.0123503,
            39.7922148
          ],
          [
            28.0122251,
            39.7918242
          ],
          [
            28.0120134,
            39.7914043
          ],
          [
            28.0085081,
            39.7864286
          ],
          [
            28.0081024,
            39.7858527
          ],
          [
            28.0079036,
            39.7855705
          ],
          [
            28.0068174,
            39.78402
          ],
          [
            28.0061156,
            39.782863
          ],
          [
            28.0057374,
            39.7820852
          ],
          [
            28.0055299,
            39.7814807
          ],
          [
            28.0042345,
            39.7769924
          ],
          [
            28.0040887,
            39.7764873
          ],
          [
            28.0037581,
            39.7753417
          ],
          [
            28.0029971,
            39.7725863
          ],
          [
            28.0027488,
            39.7721137
          ],
          [
            28.0023775,
            39.7716676
          ],
          [
            28.0006389,
            39.7697821
          ],
          [
            28.0002465,
            39.7692624
          ],
          [
            27.999923,
            39.7687078
          ]
        ]
      },
      "id": "way/180552598"
    },
    {
      "type": "Feature",
      "properties": {
        "@id": "way/181551098",
        "axle_load": "22.5",
        "bridge": "yes",
        "electrified": "contact_line",
        "frequency": "50",
        "gauge": "1435",
        "layer": "1",
        "maxspeed": "120",
        "name": "Eskişehir-Konya demiryolu",
        "operator": "TCDD",
        "railway": "rail",
        "railway:etcs": "2",
        "usage": "main",
        "voltage": "25000"
      },
      "geometry": {
        "type": "LineString",
        "coordinates": [
          [
            30.4810788,
            39.7684525
          ],
          [
            30.4809757,
            39.7683181
          ]
        ]
      },
      "id": "way/181551098"
    },
    {
      "type": "Feature",
      "properties": {
        "@id": "way/181551099",
        "axle_load": "22.5",
        "electrified": "contact_line",
        "frequency": "50",
        "gauge": "1435",
        "maxspeed": "120",
        "name": "Eskişehir-Konya demiryolu",
        "operator": "TCDD",
        "railway": "rail",
        "railway:etcs": "2",
        "usage": "main",
        "voltage": "25000"
      },
      "geometry": {
        "type": "LineString",
        "coordinates": [
          [
            30.4809757,
            39.7683181
          ],
          [
            30.480712,
            39.7678273
          ],
          [
            30.4786848,
            39.7632955
          ],
          [
            30.4761238,
            39.7575766
          ],
          [
            30.4758981,
            39.7571229
          ],
          [
            30.4756793,
            39.7567781
          ],
          [
            30.4753867,
            39.7563986
          ],
          [
            30.4751082,
            39.7561051
          ],
          [
            30.4747845,
            39.7558171
          ],
          [
            30.4744421,
            39.7555478
          ],
          [
            30.4740731,
            39.7553194
          ],
          [
            30.4736893,
            39.755108
          ],
          [
            30.4725355,
            39.7546042
          ],
          [
            30.4720118,
            39.7543134
          ],
          [
            30.4716414,
            39.7540964
          ],
          [
            30.4713376,
            39.7538782
          ],
          [
            30.4702683,
            39.7528185
          ],
          [
            30.4696644,
            39.7521931
          ],
          [
            30.4694469,
            39.7519186
          ],
          [
            30.4691844,
            39.7515368
          ],
          [
            30.4690301,
            39.7512096
          ],
          [
            30.468908,
            39.7508661
          ],
          [
            30.468709,
            39.7501536
          ],
          [
            30.4685336,
            39.7497499
          ],
          [
            30.4684142,
            39.7495282
          ],
          [
            30.4681917,
            39.7491977
          ],
          [
            30.4680124,
            39.7489737
          ],
          [
            30.4678217,
            39.7487854
          ],
          [
            30.467625,
            39.7485916
          ],
          [
            30.4671119,
            39.7482325
          ],
          [
            30.4668289,
            39.7480788
          ],
          [
            30.4664212,
            39.7478687
          ],
          [
            30.4657335,
            39.7475705
          ],
          [
            30.4649102,
            39.7471984
          ],
          [
            30.4625402,
            39.7461533
          ],
          [
            30.4617845,
            39.7458237
          ],
          [
            30.4610037,
            39.745506
          ],
          [
            30.460537,
            39.7453282
          ],
          [
            30.4598749,
            39.7451149
          ],
          [
            30.4593475,
            39.7449736
          ],
          [
            30.4581799,
            39.7447227
          ],
          [
            30.4566241,
            39.7444194
          ],
          [
            30.4461845,
            39.7422529
          ]
        ]
      },
      "id": "way/181551099"
    },
    {
      "type": "Feature",
      "properties": {
        "@id": "way/182700068",
        "axle_load": "22.5",
        "electrified": "contact_line",
        "frequency": "50",
        "gauge": "1435",
        "layer": "-1",
        "name": "Manisa-Bandırma demiryolu",
        "operator": "TCDD",
        "railway": "rail",
        "railway:etcs": "no",
        "tunnel": "yes",
        "usage": "main",
        "voltage": "25000"
      },
      "geometry": {
        "type": "LineString",
        "coordinates": [
          [
            28.1089798,
            39.8974174
          ],
          [
            28.1088358,
            39.8970721
          ],
          [
            28.1085079,
            39.8964714
          ]
        ]
      },
      "id": "way/182700068"
    },
    {
      "type": "Feature",
      "properties": {
        "@id": "way/182700069",
        "axle_load": "22.5",
        "electrified": "contact_line",
        "frequency": "50",
        "gauge": "1435",
        "name": "Manisa-Bandırma demiryolu",
        "operator": "TCDD",
        "railway": "rail",
        "railway:etcs": "no",
        "usage": "main",
        "voltage": "25000"
      },
      "geometry": {
        "type": "LineString",
        "coordinates": [
          [
            28.1085079,
            39.8964714
          ],
          [
            28.1083234,
            39.8961335
          ],
          [
            28.1079636,
            39.8957743
          ],
          [
            28.1075602,
            39.8954675
          ],
          [
            28.1061126,
            39.8946936
          ],
          [
            28.1054614,
            39.8942212
          ],
          [
            28.1049341,
            39.8935016
          ],
          [
            28.1047748,
            39.893059
          ],
          [
            28.1046899,
            39.8925648
          ],
          [
            28.10475,
            39.892057
          ],
          [
            28.104923,
            39.8915801
          ],
          [
            28.1054154,
            39.8906368
          ],
          [
            28.1055499,
            39.8901779
          ],
          [
            28.1055711,
            39.8896728
          ],
          [
            28.1054685,
            39.8891948
          ],
          [
            28.1052986,
            39.8887223
          ],
          [
            28.1048774,
            39.8878289
          ],
          [
            28.104623,
            39.8868715
          ],
          [
            28.1040705,
            39.8831117
          ],
          [
            28.1039768,
            39.8828205
          ],
          [
            28.1037838,
            39.8822209
          ],
          [
            28.1034122,
            39.8813409
          ],
          [
            28.1029132,
            39.8805126
          ],
          [
            28.1023254,
            39.8797199
          ],
          [
            28.1022111,
            39.8796038
          ],
          [
            28.1015931,
            39.8789762
          ],
          [
            28.0985352,
            39.8761814
          ],
          [
            28.0977707,
            39.8754852
          ],
          [
            28.0969107,
            39.8748687
          ],
          [
            28.0960144,
            39.8743289
          ],
          [
            28.0941904,
            39.8733422
          ],
          [
            28.0934555,
            39.8727277
          ],
          [
            28.0929939,
            39.8719712
          ],
          [
            28.0907723,
            39.8663685
          ],
          [
            28.0907055,
            39.8645995
          ],
          [
            28.090405,
            39.8637751
          ],
          [
            28.0897347,
            39.8629752
          ],
          [
            28.0892282,
            39.8626248
          ],
          [
            28.0887536,
            39.8624271
          ],
          [
            28.0883939,
            39.8623042
          ],
          [
            28.0879968,
            39.862211
          ],
          [
            28.0875657,
            39.8621635
          ],
          [
            28.0862325,
            39.862059
          ]
        ]
      },
      "id": "way/182700069"
    },
    {
      "type": "Feature",
      "properties": {
        "@id": "way/189421935",
        "axle_load": "22.5",
        "bridge": "yes",
        "electrified": "contact_line",
        "frequency": "50",
        "gauge": "1435",
        "layer": "1",
        "operator": "TCDD",
        "railway": "rail",
        "railway:etcs": "no",
        "source": "bing",
        "usage": "main",
        "voltage": "25000"
      },
      "geometry": {
        "type": "LineString",
        "coordinates": [
          [
            28.0862325,
            39.862059
          ],
          [
            28.0859391,
            39.8620122
          ]
        ]
      },
      "id": "way/189421935"
    },
    {
      "type": "Feature",
      "properties": {
        "@id": "way/189421938",
        "axle_load": "22.5",
        "electrified": "contact_line",
        "frequency": "50",
        "gauge": "1435",
        "name": "Manisa-Bandırma demiryolu",
        "operator": "TCDD",
        "railway": "rail",
        "railway:etcs": "no",
        "usage": "main",
        "voltage": "25000"
      },
      "geometry": {
        "type": "LineString",
        "coordinates": [
          [
            28.0859391,
            39.8620122
          ],
          [
            28.085528,
            39.8618962
          ],
          [
            28.0850968,
            39.8617282
          ],
          [
            28.0846031,
            39.8614659
          ],
          [
            28.0841414,
            39.8611023
          ],
          [
            28.083812,
            39.8607137
          ],
          [
            28.0835363,
            39.8602628
          ],
          [
            28.078517,
            39.8492566
          ],
          [
            28.0739344,
            39.8392067
          ],
          [
            28.0725809,
            39.836238
          ],
          [
            28.0720828,
            39.8354335
          ],
          [
            28.0713963,
            39.8347074
          ],
          [
            28.0705569,
            39.8340838
          ],
          [
            28.0694488,
            39.8335403
          ],
          [
            28.0686152,
            39.8331315
          ],
          [
            28.0676323,
            39.8327265
          ],
          [
            28.0666595,
            39.8324852
          ],
          [
            28.0665624,
            39.8324733
          ],
          [
            28.066014,
            39.8324388
          ],
          [
            28.0654686,
            39.832448
          ],
          [
            28.0643867,
            39.8325976
          ],
          [
            28.0612581,
            39.8332282
          ],
          [
            28.0602242,
            39.8333754
          ],
          [
            28.0597297,
            39.8333524
          ],
          [
            28.0592472,
            39.8332972
          ],
          [
            28.0587677,
            39.8331683
          ],
          [
            28.0583092,
            39.8330072
          ],
          [
            28.0508008,
            39.8289879
          ],
          [
            28.0499106,
            39.8285481
          ],
          [
            28.0468533,
            39.8273783
          ],
          [
            28.0457709,
            39.8270334
          ],
          [
            28.0446149,
            39.8268587
          ],
          [
            28.0440248,
            39.8268585
          ],
          [
            28.0434232,
            39.8268935
          ],
          [
            28.0422387,
            39.8269674
          ],
          [
            28.0415126,
            39.8269456
          ],
          [
            28.0410479,
            39.8268542
          ],
          [
            28.0404979,
            39.82668
          ],
          [
            28.0400103,
            39.8264492
          ],
          [
            28.039551,
            39.826201
          ],
          [
            28.0389839,
            39.8259615
          ],
          [
            28.0383886,
            39.8258134
          ],
          [
            28.0378166,
            39.8257585
          ],
          [
            28.0366249,
            39.8257724
          ],
          [
            28.0360476,
            39.8257162
          ],
          [
            28.0355073,
            39.8256076
          ],
          [
            28.0349259,
            39.8254002
          ],
          [
            28.0346586,
            39.8252549
          ],
          [
            28.0345224,
            39.8251809
          ],
          [
            28.0341399,
            39.8249127
          ],
          [
            28.0337644,
            39.824542
          ],
          [
            28.0334897,
            39.8241687
          ],
          [
            28.0333306,
            39.8237414
          ],
          [
            28.0327491,
            39.8212328
          ],
          [
            28.0325898,
            39.820806
          ],
          [
            28.032335,
            39.8204255
          ],
          [
            28.0320872,
            39.8201156
          ],
          [
            28.0316094,
            39.8197432
          ],
          [
            28.0305441,
            39.8191533
          ],
          [
            28.0300192,
            39.8188106
          ],
          [
            28.0297017,
            39.8185014
          ],
          [
            28.0294012,
            39.8181181
          ],
          [
            28.0292084,
            39.8177479
          ],
          [
            28.0291168,
            39.8173287
          ],
          [
            28.0289693,
            39.8165333
          ],
          [
            28.0288625,
            39.8161582
          ],
          [
            28.0286637,
            39.8157703
          ],
          [
            28.0280727,
            39.8151171
          ],
          [
            28.0276831,
            39.8148081
          ],
          [
            28.0273904,
            39.8145079
          ],
          [
            28.0271614,
            39.8142941
          ],
          [
            28.0268662,
            39.8138285
          ],
          [
            28.0267588,
            39.8136016
          ],
          [
            28.0266062,
            39.8131463
          ]
        ]
      },
      "id": "way/189421938"
    },
    {
      "type": "Feature",
      "properties": {
        "@id": "way/193122190",
        "axle_load": "22.5",
        "electrified": "contact_line",
        "frequency": "50",
        "gauge": "1435",
        "name": "Manisa-Bandırma demiryolu",
        "operator": "TCDD",
        "railway": "rail",
        "railway:etcs": "no",
        "usage": "main",
        "voltage": "25000"
      },
      "geometry": {
        "type": "LineString",
        "coordinates": [
          [
            28.1312574,
            40.1072091
          ],
          [
            28.1468388,
            40.0972112
          ],
          [
            28.1481528,
            40.0963042
          ],
          [
            28.1493781,
            40.0953131
          ],
          [
            28.1505033,
            40.0942823
          ],
          [
            28.1515213,
            40.0931913
          ],
          [
            28.1524159,
            40.0920687
          ],
          [
            28.1531887,
            40.0908976
          ],
          [
            28.1538128,
            40.0897053
          ],
          [
            28.1565933,
            40.082715
          ],
          [
            28.1567989,
            40.0821657
          ],
          [
            28.1571825,
            40.0812422
          ],
          [
            28.1580944,
            40.0789796
          ],
          [
            28.1585988,
            40.0777462
          ],
          [
            28.1590339,
            40.0765168
          ],
          [
            28.1593851,
            40.0752757
          ],
          [
            28.1598882,
            40.0723253
          ],
          [
            28.1603139,
            40.0697497
          ],
          [
            28.160409,
            40.0691744
          ],
          [
            28.1618201,
            40.0602891
          ],
          [
            28.1618892,
            40.0598127
          ],
          [
            28.1649764,
            40.040393
          ],
          [
            28.1669951,
            40.0275888
          ],
          [
            28.1683533,
            40.0190834
          ],
          [
            28.1683937,
            40.0188304
          ]
        ]
      },
      "id": "way/193122190"
    },
    {
      "type": "Feature",
      "properties": {
        "@id": "way/202872298",
        "electrified": "contact_line",
        "frequency": "50",
        "gauge": "1435",
        "highspeed": "yes",
        "layer": "-1",
        "maxspeed": "250",
        "name": "Ankara - İstanbul yüksek hızlı demiryolu",
        "name:en": "Ankara - İstanbul high-speed railway",
        "operator": "TCDD",
        "passenger_lines": "1",
        "railway": "rail",
        "railway:etcs": "1",
        "tunnel": "yes",
        "usage": "main",
        "voltage": "25000",
        "wikidata": "Q513146",
        "wikipedia": "en:Ankara–Istanbul high-speed railway"
      },
      "geometry": {
        "type": "LineString",
        "coordinates": [
          [
            30.0574911,
            39.8732504
          ],
          [
            30.0630904,
            39.8707801
          ],
          [
            30.0990109,
            39.8544641
          ]
        ]
      },
      "id": "way/202872298"
    },
    {
      "type": "Feature",
      "properties": {
        "@id": "way/209864421",
        "axle_load": "22.5",
        "electrified": "contact_line",
        "frequency": "50",
        "gauge": "1435",
        "maxspeed": "75",
        "name": "Alayunt-Balıkesir demiryolu",
        "operator": "TCDD",
        "passenger_lines": "1",
        "railway": "rail",
        "railway:etcs": "2",
        "source": "bing",
        "usage": "main",
        "voltage": "25000"
      },
      "geometry": {
        "type": "LineString",
        "coordinates": [
          [
            29.0276894,
            39.5646801
          ],
          [
            29.0277325,
            39.5643414
          ],
          [
            29.0278186,
            39.5640425
          ],
          [
            29.0280426,
            39.5636904
          ],
          [
            29.0283959,
            39.5633716
          ],
          [
            29.0288181,
            39.5630329
          ],
          [
            29.029335,
            39.5627871
          ],
          [
            29.0301449,
            39.5625413
          ],
          [
            29.0308515,
            39.5623487
          ],
          [
            29.0313167,
            39.5621162
          ],
          [
            29.0317217,
            39.5618572
          ],
          [
            29.0320318,
            39.5615516
          ],
          [
            29.0323506,
            39.5611597
          ],
          [
            29.0326263,
            39.560615
          ],
          [
            29.0328417,
            39.5602497
          ],
          [
            29.0332295,
            39.5598976
          ]
        ]
      },
      "id": "way/209864421"
    },
    {
      "type": "Feature",
      "properties": {
        "@id": "way/209864423",
        "axle_load": "22.5",
        "electrified": "contact_line",
        "frequency": "50",
        "gauge": "1435",
        "maxspeed": "75",
        "name": "Alayunt-Balıkesir demiryolu",
        "operator": "TCDD",
        "passenger_lines": "1",
        "railway": "rail",
        "railway:etcs": "2",
        "source": "bing",
        "usage": "main",
        "voltage": "25000"
      },
      "geometry": {
        "type": "LineString",
        "coordinates": [
          [
            29.1212096,
            39.5043712
          ],
          [
            29.1207531,
            39.504637
          ],
          [
            29.1204,
            39.5048895
          ],
          [
            29.1200641,
            39.5053148
          ],
          [
            29.1197626,
            39.5058265
          ],
          [
            29.1195904,
            39.5062917
          ],
          [
            29.1194526,
            39.5066904
          ],
          [
            29.1191856,
            39.5071289
          ],
          [
            29.1185052,
            39.5079662
          ],
          [
            29.1181951,
            39.5084247
          ],
          [
            29.1180229,
            39.5087836
          ],
          [
            29.1179195,
            39.509355
          ],
          [
            29.1179281,
            39.5102056
          ],
          [
            29.1179367,
            39.510571
          ],
          [
            29.1178851,
            39.5109365
          ],
          [
            29.1176267,
            39.5114681
          ]
        ]
      },
      "id": "way/209864423"
    },
    {
      "type": "Feature",
      "properties": {
        "@id": "way/209864425",
        "axle_load": "22.5",
        "electrified": "contact_line",
        "frequency": "50",
        "gauge": "1435",
        "maxspeed": "75",
        "name": "Alayunt-Balıkesir demiryolu",
        "operator": "TCDD",
        "passenger_lines": "1",
        "railway": "rail",
        "railway:etcs": "2",
        "source": "bing",
        "usage": "main",
        "voltage": "25000"
      },
      "geometry": {
        "type": "LineString",
        "coordinates": [
          [
            29.1539474,
            39.4953802
          ],
          [
            29.1534652,
            39.4954002
          ],
          [
            29.1530863,
            39.4954533
          ],
          [
            29.1523286,
            39.4956327
          ],
          [
            29.1516914,
            39.4958254
          ],
          [
            29.1507011,
            39.4961377
          ],
          [
            29.1500639,
            39.4963836
          ],
          [
            29.1494697,
            39.4966693
          ],
          [
            29.1491339,
            39.4969218
          ],
          [
            29.1480317,
            39.4978388
          ],
          [
            29.1476011,
            39.4981777
          ],
          [
            29.1471706,
            39.4984036
          ],
          [
            29.146542,
            39.4986162
          ],
          [
            29.1458014,
            39.4987491
          ],
          [
            29.1453364,
            39.4988355
          ],
          [
            29.1444495,
            39.499088
          ],
          [
            29.1439328,
            39.4992009
          ],
          [
            29.1433731,
            39.499294
          ]
        ]
      },
      "id": "way/209864425"
    },
    {
      "type": "Feature",
      "properties": {
        "@id": "way/209864427",
        "axle_load": "22.5",
        "bridge": "yes",
        "electrified": "contact_line",
        "frequency": "50",
        "gauge": "1435",
        "layer": "1",
        "maxspeed": "75",
        "operator": "TCDD",
        "passenger_lines": "1",
        "railway": "rail",
        "railway:etcs": "2",
        "source": "bing",
        "usage": "main",
        "voltage": "25000"
      },
      "geometry": {
        "type": "LineString",
        "coordinates": [
          [
            29.1560399,
            39.4959849
          ],
          [
            29.1554199,
            39.4956792
          ]
        ]
      },
      "id": "way/209864427"
    },
    {
      "type": "Feature",
      "properties": {
        "@id": "way/209864428",
        "axle_load": "22.5",
        "bridge": "yes",
        "electrified": "contact_line",
        "frequency": "50",
        "gauge": "1435",
        "layer": "1",
        "maxspeed": "75",
        "operator": "TCDD",
        "passenger_lines": "1",
        "railway": "rail",
        "railway:etcs": "2",
        "source": "bing",
        "usage": "main",
        "voltage": "25000"
      },
      "geometry": {
        "type": "LineString",
        "coordinates": [
          [
            29.1433731,
            39.499294
          ],
          [
            29.1427187,
            39.4993272
          ]
        ]
      },
      "id": "way/209864428"
    },
    {
      "type": "Feature",
      "properties": {
        "@id": "way/209864430",
        "axle_load": "22.5",
        "bridge": "yes",
        "electrified": "contact_line",
        "frequency": "50",
        "gauge": "1435",
        "layer": "1",
        "maxspeed": "75",
        "operator": "TCDD",
        "passenger_lines": "1",
        "railway": "rail",
        "railway:etcs": "2",
        "source": "bing",
        "usage": "main",
        "voltage": "25000"
      },
      "geometry": {
        "type": "LineString",
        "coordinates": [
          [
            29.1603971,
            39.4975797
          ],
          [
            29.1598374,
            39.4976262
          ]
        ]
      },
      "id": "way/209864430"
    },
    {
      "type": "Feature",
      "properties": {
        "@id": "way/209864431",
        "axle_load": "22.5",
        "electrified": "contact_line",
        "frequency": "50",
        "gauge": "1435",
        "layer": "-1",
        "maxspeed": "75",
        "operator": "TCDD",
        "passenger_lines": "1",
        "railway": "rail",
        "railway:etcs": "2",
        "source": "bing",
        "tunnel": "yes",
        "usage": "main",
        "voltage": "25000"
      },
      "geometry": {
        "type": "LineString",
        "coordinates": [
          [
            29.1176267,
            39.5114681
          ],
          [
            29.1171874,
            39.5120728
          ]
        ]
      },
      "id": "way/209864431"
    },
    {
      "type": "Feature",
      "properties": {
        "@id": "way/209864432",
        "axle_load": "22.5",
        "bridge": "yes",
        "electrified": "contact_line",
        "frequency": "50",
        "gauge": "1435",
        "layer": "1",
        "maxspeed": "75",
        "operator": "TCDD",
        "passenger_lines": "1",
        "railway": "rail",
        "railway:etcs": "2",
        "source": "bing",
        "usage": "main",
        "voltage": "25000"
      },
      "geometry": {
        "type": "LineString",
        "coordinates": [
          [
            29.1241207,
            39.5043379
          ],
          [
            29.1237388,
            39.5042356
          ],
          [
            29.1235006,
            39.5041718
          ]
        ]
      },
      "id": "way/209864432"
    },
    {
      "type": "Feature",
      "properties": {
        "@id": "way/209864433",
        "axle_load": "22.5",
        "bridge": "yes",
        "electrified": "contact_line",
        "frequency": "50",
        "gauge": "1435",
        "layer": "1",
        "maxspeed": "75",
        "operator": "TCDD",
        "passenger_lines": "1",
        "railway": "rail",
        "railway:etcs": "2",
        "source": "bing",
        "usage": "main",
        "voltage": "25000"
      },
      "geometry": {
        "type": "LineString",
        "coordinates": [
          [
            29.0800858,
            39.5344216
          ],
          [
            29.0805853,
            39.5339169
          ]
        ]
      },
      "id": "way/209864433"
    },
    {
      "type": "Feature",
      "properties": {
        "@id": "way/209864434",
        "axle_load": "22.5",
        "bridge": "yes",
        "electrified": "contact_line",
        "frequency": "50",
        "gauge": "1435",
        "layer": "1",
        "maxspeed": "75",
        "operator": "TCDD",
        "passenger_lines": "1",
        "railway": "rail",
        "railway:etcs": "2",
        "source": "bing",
        "usage": "main",
        "voltage": "25000"
      },
      "geometry": {
        "type": "LineString",
        "coordinates": [
          [
            29.027698,
            39.5650853
          ],
          [
            29.0276894,
            39.5646801
          ]
        ]
      },
      "id": "way/209864434"
    },
    {
      "type": "Feature",
      "properties": {
        "@id": "way/209864437",
        "axle_load": "22.5",
        "electrified": "contact_line",
        "frequency": "50",
        "gauge": "1435",
        "layer": "-1",
        "maxspeed": "75",
        "operator": "TCDD",
        "passenger_lines": "1",
        "railway": "rail",
        "railway:etcs": "2",
        "source": "bing",
        "tunnel": "yes",
        "usage": "main",
        "voltage": "25000"
      },
      "geometry": {
        "type": "LineString",
        "coordinates": [
          [
            29.0602578,
            39.5461993
          ],
          [
            29.0611022,
            39.5454552
          ]
        ]
      },
      "id": "way/209864437"
    },
    {
      "type": "Feature",
      "properties": {
        "@id": "way/209864439",
        "axle_load": "22.5",
        "bridge": "yes",
        "electrified": "contact_line",
        "frequency": "50",
        "gauge": "1435",
        "layer": "1",
        "maxspeed": "75",
        "operator": "TCDD",
        "passenger_lines": "1",
        "railway": "rail",
        "railway:etcs": "2",
        "source": "bing",
        "usage": "main",
        "voltage": "25000"
      },
      "geometry": {
        "type": "LineString",
        "coordinates": [
          [
            29.1216833,
            39.5042316
          ],
          [
            29.1212096,
            39.5043712
          ]
        ]
      },
      "id": "way/209864439"
    },
    {
      "type": "Feature",
      "properties": {
        "@id": "way/209864440",
        "axle_load": "22.5",
        "electrified": "contact_line",
        "frequency": "50",
        "gauge": "1435",
        "maxspeed": "95",
        "name": "Alayunt-Balıkesir demiryolu",
        "operator": "TCDD",
        "passenger_lines": "1",
        "railway": "rail",
        "railway:etcs": "2",
        "source": "bing",
        "usage": "main",
        "voltage": "25000"
      },
      "geometry": {
        "type": "LineString",
        "coordinates": [
          [
            29.2434563,
            39.5023925
          ],
          [
            29.2422917,
            39.5023991
          ],
          [
            29.2404802,
            39.5023326
          ],
          [
            29.2398764,
            39.502266
          ],
          [
            29.2393243,
            39.5021595
          ],
          [
            29.2388671,
            39.5019798
          ],
          [
            29.23841,
            39.5017535
          ],
          [
            29.2379441,
            39.5014141
          ],
          [
            29.2368747,
            39.500614
          ],
          [
            29.2364416,
            39.5003881
          ],
          [
            29.2359903,
            39.5002469
          ],
          [
            29.2355207,
            39.5001434
          ],
          [
            29.2349778,
            39.5001199
          ],
          [
            29.2323369,
            39.5003364
          ],
          [
            29.2315562,
            39.5003646
          ],
          [
            29.2310682,
            39.5003646
          ],
          [
            29.2304644,
            39.5002846
          ],
          [
            29.2299399,
            39.5001387
          ],
          [
            29.2295251,
            39.499974
          ],
          [
            29.2291104,
            39.4997387
          ],
          [
            29.2287506,
            39.4994469
          ],
          [
            29.2283907,
            39.4990845
          ],
          [
            29.2280735,
            39.498675
          ],
          [
            29.2272989,
            39.4976161
          ],
          [
            29.2269269,
            39.4972255
          ],
          [
            29.2265609,
            39.4969148
          ],
          [
            29.2258534,
            39.4963453
          ],
          [
            29.2255607,
            39.4960441
          ],
          [
            29.2252923,
            39.4956629
          ],
          [
            29.2236577,
            39.4927589
          ],
          [
            29.2233284,
            39.4923917
          ],
          [
            29.222938,
            39.4920858
          ],
          [
            29.2225721,
            39.4918928
          ],
          [
            29.2220841,
            39.4916716
          ],
          [
            29.2192663,
            39.4907255
          ],
          [
            29.2187722,
            39.490589
          ],
          [
            29.2182782,
            39.490509
          ],
          [
            29.2178635,
            39.4904901
          ],
          [
            29.2173877,
            39.4904949
          ],
          [
            29.2168449,
            39.4905655
          ],
          [
            29.2152713,
            39.4908526
          ],
          [
            29.2145638,
            39.4908808
          ],
          [
            29.2138197,
            39.490829
          ],
          [
            29.2084585,
            39.4900901
          ],
          [
            29.2077022,
            39.4900242
          ],
          [
            29.207135,
            39.4900383
          ],
          [
            29.2041037,
            39.4902595
          ],
          [
            29.2036278,
            39.4902679
          ],
          [
            29.2031126,
            39.4902772
          ],
          [
            29.2025829,
            39.4902401
          ],
          [
            29.2019292,
            39.4901701
          ],
          [
            29.2012002,
            39.4900921
          ],
          [
            29.1983585,
            39.4896796
          ],
          [
            29.1955939,
            39.4892369
          ],
          [
            29.1950767,
            39.4891486
          ]
        ]
      },
      "id": "way/209864440"
    },
    {
      "type": "Feature",
      "properties": {
        "@id": "way/209864442",
        "axle_load": "22.5",
        "electrified": "contact_line",
        "frequency": "50",
        "gauge": "1435",
        "maxspeed": "75",
        "name": "Alayunt-Balıkesir demiryolu",
        "operator": "TCDD",
        "passenger_lines": "1",
        "railway": "rail",
        "railway:etcs": "2",
        "source": "bing",
        "usage": "main",
        "voltage": "25000"
      },
      "geometry": {
        "type": "LineString",
        "coordinates": [
          [
            29.1171874,
            39.5120728
          ],
          [
            29.1167051,
            39.5124316
          ],
          [
            29.1162659,
            39.5126243
          ],
          [
            29.1156888,
            39.5127837
          ],
          [
            29.1149826,
            39.51289
          ],
          [
            29.1142716,
            39.5129755
          ],
          [
            29.1135615,
            39.5132156
          ],
          [
            29.1130878,
            39.5134415
          ],
          [
            29.1125358,
            39.5137996
          ],
          [
            29.10893,
            39.5164585
          ],
          [
            29.1057929,
            39.5187958
          ],
          [
            29.1045242,
            39.5197144
          ],
          [
            29.1036114,
            39.5202059
          ],
          [
            29.1025784,
            39.5206918
          ],
          [
            29.0980204,
            39.5228019
          ]
        ]
      },
      "id": "way/209864442"
    },
    {
      "type": "Feature",
      "properties": {
        "@id": "way/209864445",
        "axle_load": "22.5",
        "electrified": "contact_line",
        "frequency": "50",
        "gauge": "1435",
        "layer": "-1",
        "maxspeed": "75",
        "operator": "TCDD",
        "passenger_lines": "1",
        "railway": "rail",
        "railway:etcs": "2",
        "source": "estimated",
        "tunnel": "yes",
        "usage": "main",
        "voltage": "25000"
      },
      "geometry": {
        "type": "LineString",
        "coordinates": [
          [
            29.1554199,
            39.4956792
          ],
          [
            29.1546449,
            39.4954733
          ],
          [
            29.1539474,
            39.4953802
          ]
        ]
      },
      "id": "way/209864445"
    },
    {
      "type": "Feature",
      "properties": {
        "@id": "way/209864447",
        "axle_load": "22.5",
        "electrified": "contact_line",
        "frequency": "50",
        "gauge": "1435",
        "maxspeed": "75",
        "name": "Alayunt-Balıkesir demiryolu",
        "operator": "TCDD",
        "passenger_lines": "1",
        "railway": "rail",
        "railway:etcs": "2",
        "source": "bing",
        "usage": "main",
        "voltage": "25000"
      },
      "geometry": {
        "type": "LineString",
        "coordinates": [
          [
            29.0611022,
            39.5454552
          ],
          [
            29.0616967,
            39.544937
          ],
          [
            29.0622567,
            39.5444852
          ],
          [
            29.0639627,
            39.5433889
          ],
          [
            29.0647037,
            39.542957
          ],
          [
            29.0653412,
            39.5426514
          ],
          [
            29.0659099,
            39.5424388
          ],
          [
            29.0675469,
            39.5419338
          ],
          [
            29.0683999,
            39.5416813
          ],
          [
            29.0691409,
            39.5415617
          ],
          [
            29.0697526,
            39.5414953
          ],
          [
            29.0705798,
            39.5414953
          ],
          [
            29.0711484,
            39.5414753
          ],
          [
            29.0716309,
            39.5414089
          ],
          [
            29.0721651,
            39.541276
          ],
          [
            29.0726562,
            39.5410501
          ],
          [
            29.0745776,
            39.5401132
          ],
          [
            29.0752668,
            39.5398275
          ],
          [
            29.075801,
            39.539688
          ],
          [
            29.0763783,
            39.5396149
          ],
          [
            29.077227,
            39.5395684
          ],
          [
            29.077847,
            39.5395086
          ],
          [
            29.0782775,
            39.5393891
          ],
          [
            29.0787081,
            39.5392297
          ],
          [
            29.07913,
            39.5389441
          ],
          [
            29.0795175,
            39.5385723
          ],
          [
            29.0798361,
            39.5381008
          ],
          [
            29.0799825,
            39.5377687
          ],
          [
            29.08006,
            39.5373902
          ],
          [
            29.0799911,
            39.5368722
          ],
          [
            29.0796983,
            39.5357698
          ],
          [
            29.079707,
            39.5352717
          ],
          [
            29.0798447,
            39.53484
          ],
          [
            29.0800858,
            39.5344216
          ]
        ]
      },
      "id": "way/209864447"
    },
    {
      "type": "Feature",
      "properties": {
        "@id": "way/209864448",
        "axle_load": "22.5",
        "electrified": "contact_line",
        "frequency": "50",
        "gauge": "1435",
        "maxspeed": "75",
        "name": "Alayunt-Balıkesir demiryolu",
        "operator": "TCDD",
        "passenger_lines": "1",
        "railway": "rail",
        "railway:etcs": "2",
        "source": "bing",
        "usage": "main",
        "voltage": "25000"
      },
      "geometry": {
        "type": "LineString",
        "coordinates": [
          [
            29.1427187,
            39.4993272
          ],
          [
            29.1420126,
            39.4993006
          ],
          [
            29.1415131,
            39.4992076
          ],
          [
            29.140342,
            39.4988554
          ],
          [
            29.1397479,
            39.498676
          ],
          [
            29.1391882,
            39.498583
          ],
          [
            29.1386887,
            39.4985631
          ],
          [
            29.1381376,
            39.4986162
          ],
          [
            29.1376382,
            39.4987558
          ],
          [
            29.1370699,
            39.4990415
          ],
          [
            29.1364197,
            39.4995265
          ],
          [
            29.1359632,
            39.4997923
          ],
          [
            29.135524,
            39.4999917
          ],
          [
            29.1348436,
            39.5001379
          ],
          [
            29.1342579,
            39.5001711
          ],
          [
            29.1337067,
            39.500118
          ],
          [
            29.1329402,
            39.4999385
          ],
          [
            29.1321478,
            39.4997657
          ],
          [
            29.1315707,
            39.4996926
          ],
          [
            29.1310023,
            39.4997192
          ],
          [
            29.1304941,
            39.4998056
          ],
          [
            29.1300204,
            39.4999385
          ],
          [
            29.1294778,
            39.5002044
          ],
          [
            29.1290903,
            39.5004901
          ],
          [
            29.1286855,
            39.5009221
          ],
          [
            29.1284529,
            39.501281
          ],
          [
            29.1283237,
            39.5016864
          ],
          [
            29.1282204,
            39.502238
          ],
          [
            29.1280395,
            39.502969
          ],
          [
            29.1277725,
            39.503381
          ],
          [
            29.1274366,
            39.5037664
          ],
          [
            29.1269974,
            39.5040322
          ],
          [
            29.1265667,
            39.5042648
          ],
          [
            29.1260758,
            39.5044376
          ],
          [
            29.1256279,
            39.5045107
          ],
          [
            29.1252059,
            39.504524
          ],
          [
            29.1247236,
            39.5044908
          ],
          [
            29.1241207,
            39.5043379
          ]
        ]
      },
      "id": "way/209864448"
    },
    {
      "type": "Feature",
      "properties": {
        "@id": "way/209864456",
        "axle_load": "22.5",
        "electrified": "contact_line",
        "frequency": "50",
        "gauge": "1435",
        "maxspeed": "75",
        "name": "Alayunt-Balıkesir demiryolu",
        "operator": "TCDD",
        "passenger_lines": "1",
        "railway": "rail",
        "railway:etcs": "2",
        "source": "bing",
        "usage": "main",
        "voltage": "25000"
      },
      "geometry": {
        "type": "LineString",
        "coordinates": [
          [
            29.0393727,
            39.5565696
          ],
          [
            29.0398121,
            39.5564036
          ],
          [
            29.0401567,
            39.5563039
          ],
          [
            29.0405961,
            39.5562375
          ],
          [
            29.0416904,
            39.5561644
          ],
          [
            29.0423107,
            39.5560581
          ],
          [
            29.0428191,
            39.5558588
          ],
          [
            29.0434308,
            39.5554802
          ],
          [
            29.0438616,
            39.5551215
          ],
          [
            29.044077,
            39.554703
          ],
          [
            29.0442493,
            39.5542379
          ],
          [
            29.0443872,
            39.5534275
          ],
          [
            29.044525,
            39.5530023
          ],
          [
            29.0447835,
            39.5525838
          ],
          [
            29.0451368,
            39.5522184
          ],
          [
            29.0456709,
            39.5518929
          ],
          [
            29.0461534,
            39.5516471
          ],
          [
            29.0485056,
            39.5507768
          ],
          [
            29.0489192,
            39.550531
          ],
          [
            29.0492983,
            39.5502652
          ],
          [
            29.0500651,
            39.5496009
          ],
          [
            29.0504787,
            39.5492953
          ],
          [
            29.0509095,
            39.5490628
          ],
          [
            29.0514954,
            39.54889
          ],
          [
            29.0524948,
            39.5486708
          ],
          [
            29.0530031,
            39.5484848
          ],
          [
            29.0533564,
            39.5482855
          ],
          [
            29.0539251,
            39.5478603
          ],
          [
            29.0546057,
            39.5473553
          ],
          [
            29.0550107,
            39.547156
          ],
          [
            29.0554932,
            39.5469966
          ],
          [
            29.055924,
            39.5469102
          ],
          [
            29.0564065,
            39.546877
          ],
          [
            29.0568373,
            39.5468637
          ],
          [
            29.0575438,
            39.5468836
          ],
          [
            29.0582072,
            39.5468703
          ],
          [
            29.0588017,
            39.5467507
          ],
          [
            29.0596116,
            39.5465182
          ],
          [
            29.0602578,
            39.5461993
          ]
        ]
      },
      "id": "way/209864456"
    },
    {
      "type": "Feature",
      "properties": {
        "@id": "way/209864460",
        "axle_load": "22.5",
        "electrified": "contact_line",
        "frequency": "50",
        "gauge": "1435",
        "maxspeed": "75",
        "name": "Alayunt-Balıkesir demiryolu",
        "operator": "TCDD",
        "passenger_lines": "1",
        "railway": "rail",
        "railway:etcs": "2",
        "source": "bing",
        "usage": "main",
        "voltage": "25000"
      },
      "geometry": {
        "type": "LineString",
        "coordinates": [
          [
            29.1235006,
            39.5041718
          ],
          [
            29.122734,
            39.5041053
          ],
          [
            29.1220881,
            39.5041452
          ],
          [
            29.1216833,
            39.5042316
          ]
        ]
      },
      "id": "way/209864460"
    },
    {
      "type": "Feature",
      "properties": {
        "@id": "way/209864462",
        "axle_load": "22.5",
        "electrified": "contact_line",
        "frequency": "50",
        "gauge": "1435",
        "layer": "-1",
        "maxspeed": "75",
        "operator": "TCDD",
        "passenger_lines": "1",
        "railway": "rail",
        "railway:etcs": "2",
        "source": "bing",
        "tunnel": "yes",
        "usage": "main",
        "voltage": "25000"
      },
      "geometry": {
        "type": "LineString",
        "coordinates": [
          [
            29.0332295,
            39.5598976
          ],
          [
            29.0335827,
            39.5596386
          ],
          [
            29.0339532,
            39.5594459
          ],
          [
            29.034496,
            39.5593065
          ]
        ]
      },
      "id": "way/209864462"
    },
    {
      "type": "Feature",
      "properties": {
        "@id": "way/209864464",
        "axle_load": "22.5",
        "electrified": "contact_line",
        "frequency": "50",
        "gauge": "1435",
        "layer": "-1",
        "maxspeed": "75",
        "operator": "TCDD",
        "passenger_lines": "1",
        "railway": "rail",
        "railway:etcs": "2",
        "source": "bing",
        "tunnel": "yes",
        "usage": "main",
        "voltage": "25000"
      },
      "geometry": {
        "type": "LineString",
        "coordinates": [
          [
            29.038244,
            39.5574731
          ],
          [
            29.0386317,
            39.5570745
          ],
          [
            29.0389763,
            39.5567955
          ],
          [
            29.0393727,
            39.5565696
          ]
        ]
      },
      "id": "way/209864464"
    },
    {
      "type": "Feature",
      "properties": {
        "@id": "way/209864467",
        "axle_load": "22.5",
        "electrified": "contact_line",
        "frequency": "50",
        "gauge": "1435",
        "layer": "-1",
        "maxspeed": "75",
        "operator": "TCDD",
        "passenger_lines": "1",
        "railway": "rail",
        "railway:etcs": "2",
        "source": "estimated",
        "tunnel": "yes",
        "usage": "main",
        "voltage": "25000"
      },
      "geometry": {
        "type": "LineString",
        "coordinates": [
          [
            29.1664162,
            39.4946891
          ],
          [
            29.1658393,
            39.4947689
          ],
          [
            29.1654173,
            39.4948619
          ],
          [
            29.1648921,
            39.495048
          ]
        ]
      },
      "id": "way/209864467"
    },
    {
      "type": "Feature",
      "properties": {
        "@id": "way/209864469",
        "axle_load": "22.5",
        "electrified": "contact_line",
        "frequency": "50",
        "gauge": "1435",
        "maxspeed": "75",
        "name": "Alayunt-Balıkesir demiryolu",
        "operator": "TCDD",
        "passenger_lines": "1",
        "railway": "rail",
        "railway:etcs": "2",
        "source": "bing",
        "usage": "main",
        "voltage": "25000"
      },
      "geometry": {
        "type": "LineString",
        "coordinates": [
          [
            29.1598374,
            39.4976262
          ],
          [
            29.1594757,
            39.4976062
          ],
          [
            29.1590968,
            39.4975597
          ],
          [
            29.1586577,
            39.4974335
          ],
          [
            29.1581841,
            39.4972275
          ],
          [
            29.1560399,
            39.4959849
          ]
        ]
      },
      "id": "way/209864469"
    },
    {
      "type": "Feature",
      "properties": {
        "@id": "way/209864481",
        "axle_load": "22.5",
        "electrified": "contact_line",
        "frequency": "50",
        "gauge": "1435",
        "maxspeed": "75",
        "name": "Alayunt-Balıkesir demiryolu",
        "operator": "TCDD",
        "passenger_lines": "1",
        "railway": "rail",
        "railway:etcs": "2",
        "source": "bing",
        "usage": "main",
        "voltage": "25000"
      },
      "geometry": {
        "type": "LineString",
        "coordinates": [
          [
            29.034496,
            39.5593065
          ],
          [
            29.0348837,
            39.5592267
          ],
          [
            29.035866,
            39.5591005
          ],
          [
            29.0364777,
            39.5589478
          ],
          [
            29.036986,
            39.5587153
          ],
          [
            29.0373824,
            39.5584495
          ],
          [
            29.0378304,
            39.5580443
          ],
          [
            29.038244,
            39.5574731
          ]
        ]
      },
      "id": "way/209864481"
    },
    {
      "type": "Feature",
      "properties": {
        "@id": "way/209864483",
        "axle_load": "22.5",
        "electrified": "contact_line",
        "frequency": "50",
        "gauge": "1435",
        "maxspeed": "75",
        "name": "Alayunt-Balıkesir demiryolu",
        "operator": "TCDD",
        "passenger_lines": "1",
        "railway": "rail",
        "railway:etcs": "2",
        "source": "bing",
        "usage": "main",
        "voltage": "25000"
      },
      "geometry": {
        "type": "LineString",
        "coordinates": [
          [
            29.1648921,
            39.495048
          ],
          [
            29.1644615,
            39.4953138
          ],
          [
            29.1641343,
            39.4956061
          ],
          [
            29.1632387,
            39.4964434
          ],
          [
            29.1629029,
            39.4966826
          ],
          [
            29.1625671,
            39.4968687
          ],
          [
            29.1609052,
            39.4974733
          ],
          [
            29.1603971,
            39.4975797
          ]
        ]
      },
      "id": "way/209864483"
    },
    {
      "type": "Feature",
      "properties": {
        "@id": "way/218465923",
        "electrified": "contact_line",
        "frequency": "50",
        "gauge": "1435",
        "highspeed": "yes",
        "maxspeed": "250",
        "name": "Ankara - İstanbul yüksek hızlı demiryolu",
        "name:en": "Ankara - İstanbul high-speed railway",
        "operator": "TCDD",
        "passenger_lines": "1",
        "railway": "rail",
        "railway:etcs": "1",
        "usage": "main",
        "voltage": "25000",
        "wikidata": "Q513146",
        "wikipedia": "en:Ankara–Istanbul high-speed railway"
      },
      "geometry": {
        "type": "LineString",
        "coordinates": [
          [
            30.4033212,
            39.7877561
          ],
          [
            30.4014198,
            39.7888436
          ],
          [
            30.399535,
            39.7898543
          ],
          [
            30.397471,
            39.7908712
          ],
          [
            30.3949197,
            39.791951
          ],
          [
            30.3924311,
            39.7929
          ],
          [
            30.3898055,
            39.7938763
          ],
          [
            30.3873295,
            39.7946927
          ],
          [
            30.3793484,
            39.7972678
          ],
          [
            30.3719389,
            39.7997021
          ],
          [
            30.3681277,
            39.800829
          ],
          [
            30.3646146,
            39.801769
          ],
          [
            30.3625315,
            39.8022608
          ],
          [
            30.3592078,
            39.8031022
          ],
          [
            30.3567413,
            39.8037238
          ],
          [
            30.3551288,
            39.8041813
          ],
          [
            30.3530411,
            39.8048349
          ],
          [
            30.3512174,
            39.8054544
          ],
          [
            30.3490527,
            39.8062859
          ],
          [
            30.3453964,
            39.8077351
          ],
          [
            30.340824,
            39.809571
          ],
          [
            30.3063387,
            39.8233222
          ],
          [
            30.3047428,
            39.8239093
          ],
          [
            30.3034097,
            39.8243625
          ],
          [
            30.302479,
            39.824655
          ],
          [
            30.3018418,
            39.8248348
          ],
          [
            30.3009382,
            39.8250764
          ],
          [
            30.2999396,
            39.8253341
          ],
          [
            30.2992546,
            39.8254909
          ],
          [
            30.2984141,
            39.8256765
          ],
          [
            30.2972049,
            39.8259103
          ],
          [
            30.2961019,
            39.8261044
          ],
          [
            30.2946331,
            39.8263284
          ],
          [
            30.2931944,
            39.8265029
          ],
          [
            30.2821844,
            39.8275739
          ],
          [
            30.2614233,
            39.829514
          ],
          [
            30.2442194,
            39.8311393
          ],
          [
            30.2432323,
            39.8312415
          ],
          [
            30.2419512,
            39.8313873
          ],
          [
            30.240828,
            39.8315324
          ],
          [
            30.2399724,
            39.8316633
          ],
          [
            30.2389093,
            39.8318403
          ],
          [
            30.2377495,
            39.8320646
          ],
          [
            30.2369249,
            39.8322332
          ],
          [
            30.2356792,
            39.8325036
          ],
          [
            30.2337226,
            39.8329852
          ],
          [
            30.2294139,
            39.8341071
          ],
          [
            30.220827,
            39.8362911
          ],
          [
            30.2195101,
            39.8365859
          ],
          [
            30.2183552,
            39.8368301
          ],
          [
            30.2173815,
            39.837018
          ],
          [
            30.2160734,
            39.8372414
          ],
          [
            30.2144879,
            39.8374684
          ],
          [
            30.2125485,
            39.837692
          ],
          [
            30.2051884,
            39.8383651
          ],
          [
            30.18162,
            39.8404726
          ],
          [
            30.1741353,
            39.841144
          ],
          [
            30.1671682,
            39.8417699
          ],
          [
            30.1494964,
            39.8433595
          ]
        ]
      },
      "id": "way/218465923"
    },
    {
      "type": "Feature",
      "properties": {
        "@id": "way/218465928",
        "electrified": "contact_line",
        "frequency": "50",
        "gauge": "1435",
        "highspeed": "yes",
        "layer": "-1",
        "maxspeed": "250",
        "name": "Ankara - İstanbul yüksek hızlı demiryolu",
        "name:en": "Ankara - İstanbul high-speed railway",
        "operator": "TCDD",
        "passenger_lines": "1",
        "railway": "rail",
        "railway:etcs": "1",
        "tunnel": "yes",
        "usage": "main",
        "voltage": "25000",
        "wikidata": "Q513146",
        "wikipedia": "en:Ankara–Istanbul high-speed railway"
      },
      "geometry": {
        "type": "LineString",
        "coordinates": [
          [
            30.0990464,
            39.8545067
          ],
          [
            30.0865566,
            39.8601924
          ],
          [
            30.0632092,
            39.8708079
          ],
          [
            30.0575198,
            39.8732965
          ]
        ]
      },
      "id": "way/218465928"
    },
    {
      "type": "Feature",
      "properties": {
        "@id": "way/218465934",
        "electrified": "contact_line",
        "frequency": "50",
        "gauge": "1435",
        "name": "İstanbul - Ankara demiryolu",
        "operator": "TCDD",
        "railway": "rail",
        "railway:etcs": "yes",
        "source": "Bing",
        "usage": "main",
        "voltage": "25000"
      },
      "geometry": {
        "type": "LineString",
        "coordinates": [
          [
            30.4805055,
            39.7752409
          ],
          [
            30.4793342,
            39.7750333
          ],
          [
            30.4782277,
            39.7748372
          ],
          [
            30.4751942,
            39.7743166
          ],
          [
            30.4745963,
            39.7741985
          ],
          [
            30.4733327,
            39.7739698
          ],
          [
            30.4719813,
            39.7736893
          ],
          [
            30.462521,
            39.7714968
          ],
          [
            30.4612165,
            39.771226
          ],
          [
            30.4598913,
            39.7709734
          ],
          [
            30.4586892,
            39.7707548
          ],
          [
            30.4569134,
            39.7704916
          ],
          [
            30.455903,
            39.770366
          ],
          [
            30.4541115,
            39.7702003
          ],
          [
            30.4528294,
            39.7701039
          ],
          [
            30.4510011,
            39.7700227
          ],
          [
            30.4488337,
            39.7699764
          ],
          [
            30.446669,
            39.7700381
          ],
          [
            30.4458041,
            39.7700856
          ],
          [
            30.4443881,
            39.7701645
          ],
          [
            30.4429758,
            39.7703063
          ],
          [
            30.4415788,
            39.7704655
          ],
          [
            30.4399459,
            39.7706966
          ],
          [
            30.4382873,
            39.77098
          ],
          [
            30.4369085,
            39.771262
          ],
          [
            30.4349873,
            39.7716875
          ],
          [
            30.4333708,
            39.7721184
          ],
          [
            30.4317773,
            39.7725698
          ],
          [
            30.4301155,
            39.773113
          ],
          [
            30.4281905,
            39.7738121
          ],
          [
            30.4268691,
            39.7743572
          ],
          [
            30.425573,
            39.7749157
          ],
          [
            30.4235433,
            39.775862
          ],
          [
            30.4224541,
            39.7764208
          ],
          [
            30.4211482,
            39.7771
          ],
          [
            30.4204546,
            39.7774653
          ],
          [
            30.4196633,
            39.7778884
          ],
          [
            30.4184409,
            39.7784971
          ],
          [
            30.4174381,
            39.7790155
          ],
          [
            30.4168164,
            39.7793253
          ],
          [
            30.4161165,
            39.7795922
          ],
          [
            30.4150987,
            39.7798991
          ],
          [
            30.4146222,
            39.7800095
          ],
          [
            30.4140972,
            39.78011
          ]
        ]
      },
      "id": "way/218465934"
    },
    {
      "type": "Feature",
      "properties": {
        "@id": "way/218465939",
        "electrified": "contact_line",
        "frequency": "50",
        "gauge": "1435",
        "highspeed": "yes",
        "maxspeed": "250",
        "name": "Ankara - İstanbul yüksek hızlı demiryolu",
        "name:en": "Ankara - İstanbul high-speed railway",
        "operator": "TCDD",
        "passenger_lines": "1",
        "railway": "rail",
        "railway:etcs": "1",
        "usage": "main",
        "voltage": "25000",
        "wikidata": "Q513146",
        "wikipedia": "en:Ankara–Istanbul high-speed railway"
      },
      "geometry": {
        "type": "LineString",
        "coordinates": [
          [
            30.0575198,
            39.8732965
          ],
          [
            30.0545276,
            39.8747674
          ],
          [
            30.0468457,
            39.8785079
          ],
          [
            30.0427164,
            39.8805313
          ],
          [
            30.0385458,
            39.8825521
          ]
        ]
      },
      "id": "way/218465939"
    },
    {
      "type": "Feature",
      "properties": {
        "@id": "way/232420125",
        "axle_load": "22.5",
        "electrified": "contact_line",
        "frequency": "50",
        "gauge": "1435",
        "layer": "-1",
        "operator": "TCDD",
        "railway": "rail",
        "railway:etcs": "yes",
        "tunnel": "yes",
        "usage": "main",
        "voltage": "25000"
      },
      "geometry": {
        "type": "LineString",
        "coordinates": [
          [
            27.8826724,
            39.6274043
          ],
          [
            27.8826304,
            39.6269239
          ]
        ]
      },
      "id": "way/232420125"
    },
    {
      "type": "Feature",
      "properties": {
        "@id": "way/233517543",
        "electrified": "contact_line",
        "frequency": "50",
        "gauge": "1435",
        "name": "İstanbul - Ankara demiryolu",
        "operator": "TCDD",
        "railway": "rail",
        "railway:etcs": "yes",
        "usage": "main",
        "voltage": "25000"
      },
      "geometry": {
        "type": "LineString",
        "coordinates": [
          [
            30.1377404,
            39.8441344
          ],
          [
            30.1382515,
            39.8441312
          ],
          [
            30.1521385,
            39.8428822
          ],
          [
            30.1525197,
            39.8428496
          ],
          [
            30.2137648,
            39.83736
          ],
          [
            30.2144058,
            39.8372959
          ],
          [
            30.2150603,
            39.8372053
          ],
          [
            30.2157255,
            39.83709
          ],
          [
            30.2164738,
            39.8369396
          ],
          [
            30.2171953,
            39.8367728
          ],
          [
            30.217941,
            39.8365627
          ],
          [
            30.2186617,
            39.8363377
          ],
          [
            30.2194342,
            39.8360596
          ],
          [
            30.2267447,
            39.8332633
          ],
          [
            30.2274226,
            39.8330222
          ],
          [
            30.2282299,
            39.8327729
          ],
          [
            30.2290131,
            39.832567
          ],
          [
            30.2299385,
            39.832361
          ],
          [
            30.2306557,
            39.8322262
          ],
          [
            30.2314907,
            39.8321112
          ],
          [
            30.2323713,
            39.8320129
          ],
          [
            30.2822173,
            39.8273536
          ],
          [
            30.2946717,
            39.8261535
          ],
          [
            30.2957664,
            39.8260135
          ],
          [
            30.2968673,
            39.8258451
          ],
          [
            30.2977611,
            39.825668
          ],
          [
            30.2985522,
            39.8254979
          ],
          [
            30.2990086,
            39.8253938
          ],
          [
            30.3000303,
            39.8251691
          ],
          [
            30.3006931,
            39.825017
          ],
          [
            30.3015116,
            39.8248051
          ],
          [
            30.3021105,
            39.8246338
          ],
          [
            30.3026819,
            39.8244628
          ],
          [
            30.3032111,
            39.8242981
          ],
          [
            30.3037501,
            39.8241228
          ],
          [
            30.3042085,
            39.8239487
          ],
          [
            30.3140273,
            39.820044
          ],
          [
            30.3149103,
            39.8196919
          ],
          [
            30.3153776,
            39.8195056
          ],
          [
            30.343796,
            39.8082069
          ],
          [
            30.3444012,
            39.8079393
          ],
          [
            30.3451167,
            39.8076013
          ],
          [
            30.3459322,
            39.8072094
          ],
          [
            30.3541509,
            39.8029665
          ],
          [
            30.3546701,
            39.8027182
          ],
          [
            30.3549927,
            39.8025794
          ],
          [
            30.3552846,
            39.8024659
          ],
          [
            30.3558712,
            39.8022566
          ],
          [
            30.3564778,
            39.8020633
          ],
          [
            30.3572074,
            39.8018764
          ],
          [
            30.3577502,
            39.8017596
          ],
          [
            30.3582194,
            39.8016765
          ],
          [
            30.3589793,
            39.8015712
          ],
          [
            30.3646405,
            39.8011533
          ],
          [
            30.3653445,
            39.8011
          ],
          [
            30.3659476,
            39.8010251
          ],
          [
            30.366379,
            39.8009594
          ],
          [
            30.366817,
            39.8008768
          ],
          [
            30.3672585,
            39.8007847
          ],
          [
            30.3678353,
            39.8006446
          ],
          [
            30.3684025,
            39.8004718
          ],
          [
            30.3688494,
            39.8003114
          ],
          [
            30.369457,
            39.8000838
          ],
          [
            30.3700913,
            39.7997928
          ],
          [
            30.370583,
            39.7995571
          ],
          [
            30.3797222,
            39.7949726
          ],
          [
            30.3806774,
            39.7944687
          ],
          [
            30.3812693,
            39.7941053
          ],
          [
            30.3817093,
            39.7937984
          ],
          [
            30.3821309,
            39.7934659
          ],
          [
            30.3825278,
            39.7931202
          ],
          [
            30.3828928,
            39.7927911
          ],
          [
            30.3832599,
            39.7923988
          ],
          [
            30.3835899,
            39.7920093
          ],
          [
            30.3838938,
            39.7916134
          ],
          [
            30.3843447,
            39.7908746
          ],
          [
            30.3850336,
            39.7895035
          ],
          [
            30.3853028,
            39.7889758
          ],
          [
            30.3855105,
            39.7886313
          ],
          [
            30.3857868,
            39.7882184
          ],
          [
            30.3860974,
            39.787814
          ],
          [
            30.3863495,
            39.7875106
          ],
          [
            30.3867022,
            39.7871332
          ],
          [
            30.3874882,
            39.7863953
          ],
          [
            30.3877897,
            39.7861538
          ],
          [
            30.3881015,
            39.7859292
          ],
          [
            30.3884061,
            39.7857152
          ],
          [
            30.3888787,
            39.7854182
          ],
          [
            30.3894974,
            39.7850861
          ],
          [
            30.3898722,
            39.7848956
          ],
          [
            30.3904408,
            39.7846482
          ],
          [
            30.3906803,
            39.7845467
          ],
          [
            30.3910085,
            39.7844221
          ],
          [
            30.3915756,
            39.7842295
          ],
          [
            30.392179,
            39.7840609
          ],
          [
            30.3930862,
            39.7838469
          ],
          [
            30.395366,
            39.7834431
          ],
          [
            30.4066243,
            39.7814492
          ],
          [
            30.4070454,
            39.7813317
          ]
        ]
      },
      "id": "way/233517543"
    },
    {
      "type": "Feature",
      "properties": {
        "@id": "way/233518973",
        "electrified": "contact_line",
        "frequency": "50",
        "gauge": "1435",
        "name": "İstanbul - Ankara demiryolu",
        "operator": "TCDD",
        "railway": "rail",
        "railway:etcs": "yes",
        "usage": "main",
        "voltage": "25000"
      },
      "geometry": {
        "type": "LineString",
        "coordinates": [
          [
            30.4140972,
            39.78011
          ],
          [
            30.4070454,
            39.7813317
          ],
          [
            30.3946195,
            39.7835404
          ],
          [
            30.3930747,
            39.783815
          ],
          [
            30.3921824,
            39.7840234
          ],
          [
            30.3915601,
            39.7841987
          ],
          [
            30.3909692,
            39.7844001
          ],
          [
            30.3906699,
            39.7845152
          ],
          [
            30.390418,
            39.7846147
          ],
          [
            30.3898576,
            39.7848692
          ],
          [
            30.3894739,
            39.7850565
          ],
          [
            30.3888516,
            39.7853909
          ],
          [
            30.3883641,
            39.7856936
          ],
          [
            30.3880643,
            39.7859135
          ],
          [
            30.3877663,
            39.7861183
          ],
          [
            30.3874341,
            39.7863869
          ],
          [
            30.3866624,
            39.7871151
          ],
          [
            30.3863091,
            39.787487
          ],
          [
            30.3860605,
            39.7877805
          ],
          [
            30.3857419,
            39.7882027
          ],
          [
            30.3854801,
            39.7886059
          ],
          [
            30.3852713,
            39.7889518
          ],
          [
            30.3849821,
            39.7895046
          ],
          [
            30.3843033,
            39.7908605
          ],
          [
            30.3838505,
            39.7915915
          ],
          [
            30.3835477,
            39.791993
          ],
          [
            30.3832129,
            39.7923843
          ],
          [
            30.3828574,
            39.7927633
          ],
          [
            30.3824976,
            39.7930869
          ],
          [
            30.3821122,
            39.7934339
          ],
          [
            30.3816822,
            39.7937641
          ],
          [
            30.3812336,
            39.7940865
          ],
          [
            30.3806217,
            39.7944501
          ],
          [
            30.3797037,
            39.7949445
          ],
          [
            30.3705545,
            39.7995278
          ],
          [
            30.3700637,
            39.7997673
          ],
          [
            30.3694367,
            39.8000546
          ],
          [
            30.3688443,
            39.8002775
          ],
          [
            30.368379,
            39.8004364
          ],
          [
            30.3678205,
            39.8006112
          ],
          [
            30.3672409,
            39.8007575
          ],
          [
            30.3668,
            39.800852
          ],
          [
            30.3663873,
            39.8009275
          ],
          [
            30.3659422,
            39.8009945
          ],
          [
            30.3653392,
            39.801064
          ],
          [
            30.3646356,
            39.8011205
          ],
          [
            30.3589745,
            39.8015401
          ],
          [
            30.3582252,
            39.8016435
          ],
          [
            30.357727,
            39.8017228
          ],
          [
            30.3571936,
            39.8018404
          ],
          [
            30.3564012,
            39.802046
          ],
          [
            30.3558497,
            39.8022216
          ],
          [
            30.3552552,
            39.8024344
          ],
          [
            30.3549771,
            39.8025431
          ],
          [
            30.3546556,
            39.8026869
          ],
          [
            30.3541311,
            39.802934
          ],
          [
            30.3459164,
            39.8071711
          ],
          [
            30.3450809,
            39.8075691
          ],
          [
            30.3443728,
            39.8079058
          ],
          [
            30.3437886,
            39.8081751
          ],
          [
            30.3153589,
            39.8194618
          ],
          [
            30.3148994,
            39.8196417
          ],
          [
            30.3140034,
            39.8200069
          ],
          [
            30.3041877,
            39.8239195
          ],
          [
            30.3037242,
            39.8240901
          ],
          [
            30.3031812,
            39.8242667
          ],
          [
            30.3026511,
            39.8244352
          ],
          [
            30.3020903,
            39.8246078
          ],
          [
            30.3015012,
            39.8247739
          ],
          [
            30.3006803,
            39.8249813
          ],
          [
            30.3000202,
            39.8251341
          ],
          [
            30.2990049,
            39.8253569
          ],
          [
            30.2979513,
            39.8255881
          ],
          [
            30.2977431,
            39.8256337
          ],
          [
            30.2968715,
            39.8257945
          ],
          [
            30.2957616,
            39.8259689
          ],
          [
            30.2946886,
            39.8261102
          ],
          [
            30.2822109,
            39.827314
          ],
          [
            30.2315193,
            39.8320584
          ],
          [
            30.2306796,
            39.8321778
          ],
          [
            30.2298928,
            39.8323314
          ],
          [
            30.2291153,
            39.8325051
          ],
          [
            30.2282318,
            39.832741
          ],
          [
            30.2274151,
            39.8329914
          ],
          [
            30.2267245,
            39.8332277
          ],
          [
            30.2194059,
            39.8360298
          ],
          [
            30.2186375,
            39.8362964
          ],
          [
            30.2178946,
            39.8365333
          ],
          [
            30.2171758,
            39.8367362
          ],
          [
            30.216446,
            39.8369065
          ],
          [
            30.2157114,
            39.837057
          ],
          [
            30.2150534,
            39.8371736
          ],
          [
            30.2144039,
            39.8372561
          ],
          [
            30.2137856,
            39.837317
          ],
          [
            30.1941479,
            39.839075
          ],
          [
            30.1525055,
            39.8428147
          ],
          [
            30.1521367,
            39.8428409
          ],
          [
            30.1512597,
            39.8429164
          ],
          [
            30.1377404,
            39.8441344
          ],
          [
            30.1371701,
            39.8441842
          ],
          [
            30.1359095,
            39.844295
          ],
          [
            30.1310801,
            39.8447195
          ],
          [
            30.1298758,
            39.844856
          ],
          [
            30.1293796,
            39.8449293
          ],
          [
            30.1289977,
            39.8449958
          ],
          [
            30.1283799,
            39.8451373
          ],
          [
            30.1280228,
            39.8452278
          ],
          [
            30.1271467,
            39.8454917
          ],
          [
            30.1269188,
            39.8455714
          ],
          [
            30.1265533,
            39.8457208
          ],
          [
            30.1258397,
            39.846042
          ],
          [
            30.1251776,
            39.8463716
          ],
          [
            30.1243432,
            39.8468622
          ],
          [
            30.1234374,
            39.847521
          ],
          [
            30.1087228,
            39.858815
          ],
          [
            30.1083566,
            39.8591214
          ],
          [
            30.1080533,
            39.8594203
          ],
          [
            30.107736,
            39.8597318
          ],
          [
            30.1074321,
            39.8600709
          ],
          [
            30.1068873,
            39.8607514
          ],
          [
            30.1064622,
            39.8614405
          ],
          [
            30.1062936,
            39.861764
          ],
          [
            30.1061071,
            39.8621522
          ],
          [
            30.1058204,
            39.8629051
          ],
          [
            30.1055873,
            39.8637653
          ],
          [
            30.1054281,
            39.8648097
          ],
          [
            30.104812,
            39.8692325
          ],
          [
            30.1044313,
            39.8719654
          ],
          [
            30.1044113,
            39.8721093
          ],
          [
            30.1043006,
            39.8727822
          ],
          [
            30.1041968,
            39.8732932
          ],
          [
            30.1041389,
            39.873578
          ],
          [
            30.1039384,
            39.8742216
          ],
          [
            30.1037432,
            39.8746908
          ],
          [
            30.1028688,
            39.8767071
          ],
          [
            30.1026352,
            39.8773711
          ],
          [
            30.1025359,
            39.87778
          ],
          [
            30.10243,
            39.8783325
          ],
          [
            30.102109,
            39.8803433
          ],
          [
            30.1018126,
            39.881436
          ],
          [
            30.1016244,
            39.8819243
          ],
          [
            30.1014211,
            39.8823394
          ],
          [
            30.1011164,
            39.8829203
          ],
          [
            30.100795,
            39.8834484
          ],
          [
            30.0984154,
            39.887249
          ],
          [
            30.0979316,
            39.8879252
          ],
          [
            30.0976315,
            39.8882973
          ],
          [
            30.0969207,
            39.889022
          ],
          [
            30.0961502,
            39.889649
          ],
          [
            30.0954133,
            39.8901876
          ],
          [
            30.0941981,
            39.8909077
          ],
          [
            30.0929189,
            39.8914919
          ],
          [
            30.0916594,
            39.8919214
          ],
          [
            30.0902583,
            39.8922735
          ],
          [
            30.0889624,
            39.8924718
          ],
          [
            30.0876283,
            39.8925845
          ],
          [
            30.0855868,
            39.8926706
          ],
          [
            30.0844439,
            39.892742
          ]
        ]
      },
      "id": "way/233518973"
    },
    {
      "type": "Feature",
      "properties": {
        "@id": "way/233519257",
        "electrified": "contact_line",
        "frequency": "50",
        "gauge": "1435",
        "highspeed": "yes",
        "maxspeed": "250",
        "name": "Ankara - İstanbul yüksek hızlı demiryolu",
        "name:en": "Ankara - İstanbul high-speed railway",
        "operator": "TCDD",
        "passenger_lines": "1",
        "railway": "rail",
        "railway:etcs": "1",
        "usage": "main",
        "voltage": "25000",
        "wikidata": "Q513146",
        "wikipedia": "en:Ankara–Istanbul high-speed railway"
      },
      "geometry": {
        "type": "LineString",
        "coordinates": [
          [
            30.1494978,
            39.8433104
          ],
          [
            30.1671573,
            39.8417339
          ],
          [
            30.1741254,
            39.8411042
          ],
          [
            30.1816309,
            39.8404281
          ],
          [
            30.1915812,
            39.8395357
          ],
          [
            30.2052236,
            39.8383219
          ],
          [
            30.2125101,
            39.8376488
          ],
          [
            30.2145121,
            39.837416
          ],
          [
            30.2160607,
            39.8371946
          ],
          [
            30.2173546,
            39.8369815
          ],
          [
            30.2183451,
            39.836788
          ],
          [
            30.2194787,
            39.8365527
          ],
          [
            30.2208218,
            39.8362438
          ],
          [
            30.2293898,
            39.8340677
          ],
          [
            30.2337166,
            39.8329419
          ],
          [
            30.2356854,
            39.8324547
          ],
          [
            30.2369519,
            39.8321875
          ],
          [
            30.2377451,
            39.8320226
          ],
          [
            30.2389199,
            39.8317931
          ],
          [
            30.2399763,
            39.831625
          ],
          [
            30.2408299,
            39.8314914
          ],
          [
            30.2419588,
            39.8313457
          ],
          [
            30.2432613,
            39.8311977
          ],
          [
            30.2442138,
            39.8310985
          ],
          [
            30.26143,
            39.8294682
          ],
          [
            30.2822,
            39.827523
          ],
          [
            30.2931778,
            39.8264667
          ],
          [
            30.2946152,
            39.8262889
          ],
          [
            30.2960841,
            39.8260736
          ],
          [
            30.2971939,
            39.8258754
          ],
          [
            30.2984019,
            39.8256418
          ],
          [
            30.2992414,
            39.8254565
          ],
          [
            30.2999254,
            39.8252998
          ],
          [
            30.3009232,
            39.8250424
          ],
          [
            30.3018217,
            39.8247977
          ],
          [
            30.3024763,
            39.8246097
          ],
          [
            30.3033963,
            39.8243255
          ],
          [
            30.3047213,
            39.8238764
          ],
          [
            30.3063118,
            39.8232934
          ],
          [
            30.3407691,
            39.8095211
          ],
          [
            30.3453306,
            39.8077023
          ],
          [
            30.3490009,
            39.8062463
          ],
          [
            30.3511514,
            39.8054247
          ],
          [
            30.3528849,
            39.8048382
          ],
          [
            30.3541041,
            39.8044465
          ],
          [
            30.3555533,
            39.8040091
          ],
          [
            30.357241,
            39.8035355
          ],
          [
            30.3591719,
            39.8030435
          ],
          [
            30.3625136,
            39.8022155
          ],
          [
            30.3645689,
            39.8017333
          ],
          [
            30.3680599,
            39.8007986
          ],
          [
            30.3718885,
            39.7996696
          ],
          [
            30.3793479,
            39.7972006
          ],
          [
            30.3872977,
            39.7946367
          ],
          [
            30.3897342,
            39.7938322
          ],
          [
            30.3923979,
            39.792858
          ],
          [
            30.3948535,
            39.7919141
          ],
          [
            30.3974627,
            39.790816
          ],
          [
            30.399487,
            39.7898154
          ],
          [
            30.4014047,
            39.788788
          ],
          [
            30.403267,
            39.7877158
          ]
        ]
      },
      "id": "way/233519257"
    },
    {
      "type": "Feature",
      "properties": {
        "@id": "way/233519258",
        "electrified": "contact_line",
        "embankment": "yes",
        "frequency": "50",
        "gauge": "1435",
        "highspeed": "yes",
        "maxspeed": "250",
        "name": "Ankara - İstanbul yüksek hızlı demiryolu",
        "name:en": "Ankara - İstanbul high-speed railway",
        "operator": "TCDD",
        "passenger_lines": "1",
        "railway": "rail",
        "railway:etcs": "1",
        "usage": "main",
        "voltage": "25000",
        "wikidata": "Q513146",
        "wikipedia": "en:Ankara–Istanbul high-speed railway"
      },
      "geometry": {
        "type": "LineString",
        "coordinates": [
          [
            30.1133188,
            39.8486919
          ],
          [
            30.1156465,
            39.8478482
          ],
          [
            30.1180827,
            39.8471254
          ]
        ]
      },
      "id": "way/233519258"
    },
    {
      "type": "Feature",
      "properties": {
        "@id": "way/234435175",
        "axle_load": "22.5",
        "electrified": "contact_line",
        "frequency": "50",
        "gauge": "1435",
        "name": "Manisa-Bandırma demiryolu",
        "operator": "TCDD",
        "railway": "rail",
        "railway:etcs": "no",
        "usage": "main",
        "voltage": "25000"
      },
      "geometry": {
        "type": "LineString",
        "coordinates": [
          [
            28.1684252,
            40.0186533
          ],
          [
            28.1689292,
            40.0157027
          ],
          [
            28.1697677,
            40.0103775
          ],
          [
            28.1715503,
            39.9990559
          ],
          [
            28.1716773,
            39.9982822
          ],
          [
            28.1730439,
            39.9896998
          ],
          [
            28.1731077,
            39.9893007
          ],
          [
            28.1734677,
            39.9868752
          ],
          [
            28.1739558,
            39.9834912
          ],
          [
            28.1737692,
            39.9824191
          ],
          [
            28.1726855,
            39.9803063
          ],
          [
            28.1725674,
            39.9791577
          ],
          [
            28.1726513,
            39.9769605
          ],
          [
            28.1726525,
            39.9769299
          ],
          [
            28.1729217,
            39.9732044
          ],
          [
            28.172821,
            39.9721331
          ],
          [
            28.1726182,
            39.9715375
          ],
          [
            28.172347,
            39.9710083
          ],
          [
            28.1699435,
            39.9665422
          ],
          [
            28.1695807,
            39.9658681
          ],
          [
            28.1691015,
            39.9648638
          ],
          [
            28.1688221,
            39.9638277
          ],
          [
            28.1687696,
            39.9633826
          ],
          [
            28.1686979,
            39.9627739
          ],
          [
            28.1684912,
            39.956264
          ],
          [
            28.1683603,
            39.9521423
          ],
          [
            28.168203,
            39.9511952
          ],
          [
            28.167903,
            39.9502653
          ],
          [
            28.1674621,
            39.9493611
          ],
          [
            28.1669108,
            39.9484943
          ],
          [
            28.1634213,
            39.9434726
          ],
          [
            28.1626061,
            39.9427256
          ],
          [
            28.1615734,
            39.9421291
          ],
          [
            28.1592119,
            39.9412345
          ],
          [
            28.1581873,
            39.9405907
          ],
          [
            28.1573649,
            39.9397747
          ],
          [
            28.1567899,
            39.9388831
          ],
          [
            28.1567587,
            39.9388254
          ],
          [
            28.1563197,
            39.9380125
          ],
          [
            28.1554061,
            39.9348096
          ],
          [
            28.155331,
            39.9345061
          ],
          [
            28.1552795,
            39.9343037
          ]
        ]
      },
      "id": "way/234435175"
    },
    {
      "type": "Feature",
      "properties": {
        "@id": "way/241657495",
        "axle_load": "22.5",
        "bridge": "yes",
        "electrified": "contact_line",
        "frequency": "50",
        "gauge": "1435",
        "layer": "1",
        "maxspeed": "90",
        "operator": "TCDD",
        "passenger_lines": "1",
        "railway": "rail",
        "railway:etcs": "2",
        "source": "bing",
        "usage": "main",
        "voltage": "25000"
      },
      "geometry": {
        "type": "LineString",
        "coordinates": [
          [
            28.0775249,
            39.6061079
          ],
          [
            28.0771476,
            39.6051963
          ]
        ]
      },
      "id": "way/241657495"
    },
    {
      "type": "Feature",
      "properties": {
        "@id": "way/264815857",
        "electrified": "contact_line",
        "frequency": "50",
        "gauge": "1435",
        "name": "İstanbul - Ankara demiryolu",
        "operator": "TCDD",
        "railway": "rail",
        "railway:etcs": "yes",
        "source": "bing",
        "usage": "main",
        "voltage": "25000"
      },
      "geometry": {
        "type": "LineString",
        "coordinates": [
          [
            30.0205961,
            40.0550169
          ],
          [
            30.0205567,
            40.0548225
          ]
        ]
      },
      "id": "way/264815857"
    },
    {
      "type": "Feature",
      "properties": {
        "@id": "way/264815858",
        "cutting": "yes",
        "electrified": "contact_line",
        "frequency": "50",
        "gauge": "1435",
        "name": "İstanbul - Ankara demiryolu",
        "operator": "TCDD",
        "railway": "rail",
        "railway:etcs": "yes",
        "source": "bing",
        "usage": "main",
        "voltage": "25000"
      },
      "geometry": {
        "type": "LineString",
        "coordinates": [
          [
            30.0205567,
            40.0548225
          ],
          [
            30.0204938,
            40.054587
          ]
        ]
      },
      "id": "way/264815858"
    },
    {
      "type": "Feature",
      "properties": {
        "@id": "way/264815860",
        "cutting": "yes",
        "electrified": "contact_line",
        "frequency": "50",
        "gauge": "1435",
        "name": "İstanbul - Ankara demiryolu",
        "operator": "TCDD",
        "railway": "rail",
        "railway:etcs": "yes",
        "source": "bing",
        "usage": "main",
        "voltage": "25000"
      },
      "geometry": {
        "type": "LineString",
        "coordinates": [
          [
            30.0196414,
            40.052224
          ],
          [
            30.0193853,
            40.0516512
          ]
        ]
      },
      "id": "way/264815860"
    },
    {
      "type": "Feature",
      "properties": {
        "@id": "way/264815960",
        "cutting": "yes",
        "electrified": "contact_line",
        "frequency": "50",
        "gauge": "1435",
        "name": "İstanbul - Ankara demiryolu",
        "operator": "TCDD",
        "railway": "rail",
        "railway:etcs": "yes",
        "source": "Bing",
        "usage": "main",
        "voltage": "25000"
      },
      "geometry": {
        "type": "LineString",
        "coordinates": [
          [
            30.0179865,
            40.0485148
          ],
          [
            30.0176396,
            40.0481419
          ]
        ]
      },
      "id": "way/264815960"
    },
    {
      "type": "Feature",
      "properties": {
        "@id": "way/264815961",
        "electrified": "contact_line",
        "frequency": "50",
        "gauge": "1435",
        "layer": "-1",
        "name": "İstanbul - Ankara demiryolu",
        "operator": "TCDD",
        "railway": "rail",
        "railway:etcs": "yes",
        "source": "Bing",
        "tunnel": "yes",
        "usage": "main",
        "voltage": "25000"
      },
      "geometry": {
        "type": "LineString",
        "coordinates": [
          [
            30.0186123,
            40.0493444
          ],
          [
            30.0184902,
            40.0491217
          ],
          [
            30.018246,
            40.0488001
          ],
          [
            30.0179865,
            40.0485148
          ]
        ]
      },
      "id": "way/264815961"
    },
    {
      "type": "Feature",
      "properties": {
        "@id": "way/264816593",
        "electrified": "contact_line",
        "frequency": "50",
        "gauge": "1435",
        "name": "İstanbul - Ankara demiryolu",
        "operator": "TCDD",
        "railway": "rail",
        "railway:etcs": "yes",
        "usage": "main",
        "voltage": "25000"
      },
      "geometry": {
        "type": "LineString",
        "coordinates": [
          [
            30.0190291,
            40.0404789
          ],
          [
            30.018942,
            40.0398129
          ],
          [
            30.0188751,
            40.0391242
          ],
          [
            30.0188748,
            40.0387909
          ],
          [
            30.0189417,
            40.0383342
          ],
          [
            30.0191992,
            40.0375325
          ],
          [
            30.0194138,
            40.0368884
          ],
          [
            30.0195207,
            40.0366344
          ],
          [
            30.0197051,
            40.0363223
          ],
          [
            30.0198979,
            40.0360824
          ],
          [
            30.0215772,
            40.0342923
          ],
          [
            30.0218233,
            40.0340489
          ],
          [
            30.0220815,
            40.0338415
          ],
          [
            30.0223466,
            40.0336515
          ],
          [
            30.0236583,
            40.0328717
          ],
          [
            30.0239988,
            40.0326431
          ],
          [
            30.0242118,
            40.0324854
          ],
          [
            30.0244412,
            40.0322694
          ],
          [
            30.0246109,
            40.0321012
          ],
          [
            30.0248204,
            40.0318251
          ],
          [
            30.0249581,
            40.03161
          ],
          [
            30.025083,
            40.0313654
          ],
          [
            30.0251685,
            40.0311387
          ],
          [
            30.0252435,
            40.0309056
          ],
          [
            30.0252844,
            40.0306595
          ],
          [
            30.025382,
            40.0299384
          ],
          [
            30.0254269,
            40.0296241
          ],
          [
            30.0254659,
            40.0294232
          ],
          [
            30.0265358,
            40.0247535
          ]
        ]
      },
      "id": "way/264816593"
    },
    {
      "type": "Feature",
      "properties": {
        "@id": "way/264816650",
        "bridge": "yes",
        "electrified": "contact_line",
        "frequency": "50",
        "gauge": "1435",
        "layer": "1",
        "operator": "TCDD",
        "railway": "rail",
        "railway:etcs": "yes",
        "usage": "main",
        "voltage": "25000"
      },
      "geometry": {
        "type": "LineString",
        "coordinates": [
          [
            30.0265358,
            40.0247535
          ],
          [
            30.0265889,
            40.0245105
          ]
        ]
      },
      "id": "way/264816650"
    },
    {
      "type": "Feature",
      "properties": {
        "@id": "way/264816888",
        "electrified": "contact_line",
        "frequency": "50",
        "gauge": "1435",
        "name": "İstanbul - Ankara demiryolu",
        "operator": "TCDD",
        "railway": "rail",
        "railway:etcs": "yes",
        "usage": "main",
        "voltage": "25000"
      },
      "geometry": {
        "type": "LineString",
        "coordinates": [
          [
            30.0171761,
            40.0451827
          ],
          [
            30.0172422,
            40.0443335
          ],
          [
            30.0173092,
            40.0438623
          ],
          [
            30.0173538,
            40.0437115
          ],
          [
            30.0174877,
            40.0433664
          ],
          [
            30.01769,
            40.0430389
          ],
          [
            30.018116,
            40.0425841
          ],
          [
            30.0184144,
            40.0422568
          ],
          [
            30.0185987,
            40.0420327
          ],
          [
            30.0187831,
            40.041736
          ],
          [
            30.0188648,
            40.0415672
          ],
          [
            30.0189705,
            40.0412676
          ],
          [
            30.01901,
            40.0410938
          ],
          [
            30.019047,
            40.0407674
          ],
          [
            30.0190291,
            40.0404789
          ]
        ]
      },
      "id": "way/264816888"
    },
    {
      "type": "Feature",
      "properties": {
        "@id": "way/264816889",
        "electrified": "contact_line",
        "frequency": "50",
        "gauge": "1435",
        "layer": "-1",
        "name": "İstanbul - Ankara demiryolu",
        "operator": "TCDD",
        "railway": "rail",
        "railway:etcs": "yes",
        "source": "Bing",
        "tunnel": "yes",
        "usage": "main",
        "voltage": "25000"
      },
      "geometry": {
        "type": "LineString",
        "coordinates": [
          [
            30.0170967,
            40.0465308
          ],
          [
            30.0171761,
            40.0451827
          ]
        ]
      },
      "id": "way/264816889"
    },
    {
      "type": "Feature",
      "properties": {
        "@id": "way/264816890",
        "cutting": "yes",
        "electrified": "contact_line",
        "frequency": "50",
        "gauge": "1435",
        "name": "İstanbul - Ankara demiryolu",
        "operator": "TCDD",
        "railway": "rail",
        "railway:etcs": "yes",
        "source": "Bing",
        "usage": "main",
        "voltage": "25000"
      },
      "geometry": {
        "type": "LineString",
        "coordinates": [
          [
            30.0187769,
            40.0498907
          ],
          [
            30.0186123,
            40.0493444
          ]
        ]
      },
      "id": "way/264816890"
    },
    {
      "type": "Feature",
      "properties": {
        "@id": "way/264816957",
        "electrified": "contact_line",
        "frequency": "50",
        "gauge": "1435",
        "name": "İstanbul - Ankara demiryolu",
        "operator": "TCDD",
        "railway": "rail",
        "railway:etcs": "yes",
        "usage": "main",
        "voltage": "25000"
      },
      "geometry": {
        "type": "LineString",
        "coordinates": [
          [
            30.0176396,
            40.0481419
          ],
          [
            30.017545,
            40.0480153
          ],
          [
            30.0174242,
            40.047829
          ],
          [
            30.0172669,
            40.0474994
          ],
          [
            30.0171295,
            40.0470748
          ],
          [
            30.0170935,
            40.0468219
          ]
        ]
      },
      "id": "way/264816957"
    },
    {
      "type": "Feature",
      "properties": {
        "@id": "way/264816978",
        "cutting": "yes",
        "electrified": "contact_line",
        "frequency": "50",
        "gauge": "1435",
        "name": "İstanbul - Ankara demiryolu",
        "operator": "TCDD",
        "railway": "rail",
        "railway:etcs": "yes",
        "source": "Bing",
        "usage": "main",
        "voltage": "25000"
      },
      "geometry": {
        "type": "LineString",
        "coordinates": [
          [
            30.0170967,
            40.0465308
          ],
          [
            30.0170935,
            40.0468219
          ]
        ]
      },
      "id": "way/264816978"
    },
    {
      "type": "Feature",
      "properties": {
        "@id": "way/264828893",
        "electrified": "contact_line",
        "frequency": "50",
        "gauge": "1435",
        "name": "İstanbul - Ankara demiryolu",
        "operator": "TCDD",
        "railway": "rail",
        "railway:etcs": "yes",
        "source": "Bing",
        "usage": "main",
        "voltage": "25000"
      },
      "geometry": {
        "type": "LineString",
        "coordinates": [
          [
            30.0091815,
            40.0021871
          ],
          [
            30.0091305,
            40.0021212
          ],
          [
            30.0090045,
            40.0019435
          ],
          [
            30.0069706,
            39.9992025
          ],
          [
            30.006579,
            39.998703
          ],
          [
            30.006331,
            39.9983276
          ],
          [
            30.006103,
            39.9978755
          ],
          [
            30.0059413,
            39.9974077
          ],
          [
            30.0058584,
            39.9970869
          ],
          [
            30.0058,
            39.9967
          ],
          [
            30.0056682,
            39.9957575
          ],
          [
            30.0055932,
            39.9950999
          ],
          [
            30.0054723,
            39.9936462
          ],
          [
            30.005434,
            39.9932904
          ],
          [
            30.0052175,
            39.9920207
          ],
          [
            30.0050212,
            39.9908694
          ],
          [
            30.0049117,
            39.9904253
          ],
          [
            30.0046657,
            39.9898468
          ],
          [
            30.0015587,
            39.9833748
          ],
          [
            30.0011314,
            39.9825367
          ]
        ]
      },
      "id": "way/264828893"
    },
    {
      "type": "Feature",
      "properties": {
        "@id": "way/264829108",
        "bridge": "yes",
        "electrified": "contact_line",
        "frequency": "50",
        "gauge": "1435",
        "layer": "1",
        "operator": "TCDD",
        "railway": "rail",
        "railway:etcs": "yes",
        "usage": "main",
        "voltage": "25000"
      },
      "geometry": {
        "type": "LineString",
        "coordinates": [
          [
            29.9808532,
            39.9400535
          ],
          [
            29.9807915,
            39.9398744
          ]
        ]
      },
      "id": "way/264829108"
    },
    {
      "type": "Feature",
      "properties": {
        "@id": "way/264835462",
        "electrified": "contact_line",
        "frequency": "50",
        "gauge": "1435",
        "maxspeed": "65",
        "name": "İstanbul - Ankara demiryolu",
        "operator": "TCDD",
        "railway": "rail",
        "railway:etcs": "yes",
        "usage": "main",
        "voltage": "25000"
      },
      "geometry": {
        "type": "LineString",
        "coordinates": [
          [
            30.006267,
            39.9977633
          ],
          [
            30.0063872,
            39.9980057
          ],
          [
            30.0065059,
            39.9982163
          ],
          [
            30.0066555,
            39.998431
          ],
          [
            30.0068493,
            39.9987025
          ],
          [
            30.0093696,
            40.0021188
          ],
          [
            30.009691,
            40.0025255
          ],
          [
            30.0098956,
            40.0027603
          ],
          [
            30.010104,
            40.0029609
          ],
          [
            30.0104,
            40.0031638
          ],
          [
            30.0106466,
            40.0033047
          ],
          [
            30.0109121,
            40.0034331
          ],
          [
            30.0112541,
            40.0035688
          ],
          [
            30.0135986,
            40.0043387
          ],
          [
            30.0142368,
            40.0045474
          ]
        ]
      },
      "id": "way/264835462"
    },
    {
      "type": "Feature",
      "properties": {
        "@id": "way/264835463",
        "bridge": "yes",
        "electrified": "contact_line",
        "frequency": "50",
        "gauge": "1435",
        "layer": "1",
        "operator": "TCDD",
        "railway": "rail",
        "railway:etcs": "yes",
        "usage": "main",
        "voltage": "25000"
      },
      "geometry": {
        "type": "LineString",
        "coordinates": [
          [
            30.0245888,
            40.0184606
          ],
          [
            30.0244044,
            40.0182114
          ]
        ]
      },
      "id": "way/264835463"
    },
    {
      "type": "Feature",
      "properties": {
        "@id": "way/264836244",
        "bridge": "yes",
        "electrified": "contact_line",
        "frequency": "50",
        "gauge": "1435",
        "layer": "1",
        "operator": "TCDD",
        "railway": "rail",
        "railway:etcs": "yes",
        "source": "Bing",
        "usage": "main",
        "voltage": "25000"
      },
      "geometry": {
        "type": "LineString",
        "coordinates": [
          [
            29.9825677,
            39.9444643
          ],
          [
            29.9824755,
            39.9443259
          ]
        ]
      },
      "id": "way/264836244"
    },
    {
      "type": "Feature",
      "properties": {
        "@id": "way/264836245",
        "electrified": "contact_line",
        "frequency": "50",
        "gauge": "1435",
        "name": "İstanbul - Ankara demiryolu",
        "operator": "TCDD",
        "railway": "rail",
        "railway:etcs": "yes",
        "usage": "main",
        "voltage": "25000"
      },
      "geometry": {
        "type": "LineString",
        "coordinates": [
          [
            29.9824755,
            39.9443259
          ],
          [
            29.9823315,
            39.9440647
          ],
          [
            29.982168,
            39.9437033
          ],
          [
            29.9808532,
            39.9400535
          ]
        ]
      },
      "id": "way/264836245"
    },
    {
      "type": "Feature",
      "properties": {
        "@id": "way/265023238",
        "electrified": "contact_line",
        "frequency": "50",
        "gauge": "1435",
        "highspeed": "yes",
        "maxspeed": "250",
        "name": "Ankara - İstanbul yüksek hızlı demiryolu",
        "name:en": "Ankara - İstanbul high-speed railway",
        "operator": "TCDD",
        "passenger_lines": "1",
        "railway": "rail",
        "railway:etcs": "1",
        "usage": "main",
        "voltage": "25000",
        "wikidata": "Q513146",
        "wikipedia": "en:Ankara–Istanbul high-speed railway"
      },
      "geometry": {
        "type": "LineString",
        "coordinates": [
          [
            30.0990109,
            39.8544641
          ],
          [
            30.100316,
            39.8539212
          ]
        ]
      },
      "id": "way/265023238"
    },
    {
      "type": "Feature",
      "properties": {
        "@id": "way/265023239",
        "electrified": "contact_line",
        "frequency": "50",
        "gauge": "1435",
        "highspeed": "yes",
        "maxspeed": "250",
        "name": "Ankara - İstanbul yüksek hızlı demiryolu",
        "name:en": "Ankara - İstanbul high-speed railway",
        "operator": "TCDD",
        "passenger_lines": "1",
        "railway": "rail",
        "railway:etcs": "1",
        "usage": "main",
        "voltage": "25000",
        "wikidata": "Q513146",
        "wikipedia": "en:Ankara–Istanbul high-speed railway"
      },
      "geometry": {
        "type": "LineString",
        "coordinates": [
          [
            30.1003466,
            39.8539615
          ],
          [
            30.0990464,
            39.8545067
          ]
        ]
      },
      "id": "way/265023239"
    },
    {
      "type": "Feature",
      "properties": {
        "@id": "way/265023581",
        "electrified": "contact_line",
        "embankment": "yes",
        "frequency": "50",
        "gauge": "1435",
        "highspeed": "yes",
        "maxspeed": "250",
        "name": "Ankara - İstanbul yüksek hızlı demiryolu",
        "name:en": "Ankara - İstanbul high-speed railway",
        "operator": "TCDD",
        "passenger_lines": "1",
        "railway": "rail",
        "railway:etcs": "1",
        "usage": "main",
        "voltage": "25000",
        "wikidata": "Q513146",
        "wikipedia": "en:Ankara–Istanbul high-speed railway"
      },
      "geometry": {
        "type": "LineString",
        "coordinates": [
          [
            30.1180614,
            39.8471778
          ],
          [
            30.1156812,
            39.8479022
          ],
          [
            30.1133568,
            39.8487307
          ]
        ]
      },
      "id": "way/265023581"
    },
    {
      "type": "Feature",
      "properties": {
        "@id": "way/265023582",
        "bridge": "yes",
        "electrified": "contact_line",
        "frequency": "50",
        "gauge": "1435",
        "highspeed": "yes",
        "layer": "1",
        "maxspeed": "250",
        "name": "Ankara - İstanbul yüksek hızlı demiryolu",
        "name:en": "Ankara - İstanbul high-speed railway",
        "operator": "TCDD",
        "passenger_lines": "1",
        "railway": "rail",
        "railway:etcs": "1",
        "usage": "main",
        "voltage": "25000",
        "wikidata": "Q513146",
        "wikipedia": "en:Ankara–Istanbul high-speed railway"
      },
      "geometry": {
        "type": "LineString",
        "coordinates": [
          [
            30.1180827,
            39.8471254
          ],
          [
            30.1191266,
            39.8468383
          ]
        ]
      },
      "id": "way/265023582"
    },
    {
      "type": "Feature",
      "properties": {
        "@id": "way/265023584",
        "bridge": "yes",
        "electrified": "contact_line",
        "frequency": "50",
        "gauge": "1435",
        "highspeed": "yes",
        "layer": "1",
        "maxspeed": "250",
        "name": "Ankara - İstanbul yüksek hızlı demiryolu",
        "name:en": "Ankara - İstanbul high-speed railway",
        "operator": "TCDD",
        "passenger_lines": "1",
        "railway": "rail",
        "railway:etcs": "1",
        "usage": "main",
        "voltage": "25000",
        "wikidata": "Q513146",
        "wikipedia": "en:Ankara–Istanbul high-speed railway"
      },
      "geometry": {
        "type": "LineString",
        "coordinates": [
          [
            30.1191293,
            39.8468936
          ],
          [
            30.1180614,
            39.8471778
          ]
        ]
      },
      "id": "way/265023584"
    },
    {
      "type": "Feature",
      "properties": {
        "@id": "way/265023760",
        "electrified": "contact_line",
        "embankment": "yes",
        "frequency": "50",
        "gauge": "1435",
        "highspeed": "yes",
        "maxspeed": "250",
        "name": "Ankara - İstanbul yüksek hızlı demiryolu",
        "name:en": "Ankara - İstanbul high-speed railway",
        "operator": "TCDD",
        "passenger_lines": "1",
        "railway": "rail",
        "railway:etcs": "1",
        "usage": "main",
        "voltage": "25000",
        "wikidata": "Q513146",
        "wikipedia": "en:Ankara–Istanbul high-speed railway"
      },
      "geometry": {
        "type": "LineString",
        "coordinates": [
          [
            30.1494964,
            39.8433595
          ],
          [
            30.1284276,
            39.8452542
          ]
        ]
      },
      "id": "way/265023760"
    },
    {
      "type": "Feature",
      "properties": {
        "@id": "way/265023761",
        "electrified": "contact_line",
        "embankment": "yes",
        "frequency": "50",
        "gauge": "1435",
        "highspeed": "yes",
        "maxspeed": "250",
        "name": "Ankara - İstanbul yüksek hızlı demiryolu",
        "name:en": "Ankara - İstanbul high-speed railway",
        "operator": "TCDD",
        "passenger_lines": "1",
        "railway": "rail",
        "railway:etcs": "1",
        "usage": "main",
        "voltage": "25000",
        "wikidata": "Q513146",
        "wikipedia": "en:Ankara–Istanbul high-speed railway"
      },
      "geometry": {
        "type": "LineString",
        "coordinates": [
          [
            30.1287418,
            39.8451645
          ],
          [
            30.1494978,
            39.8433104
          ]
        ]
      },
      "id": "way/265023761"
    },
    {
      "type": "Feature",
      "properties": {
        "@id": "way/265055405",
        "electrified": "contact_line",
        "frequency": "50",
        "gauge": "1435",
        "highspeed": "yes",
        "maxspeed": "250",
        "name": "Ankara - İstanbul yüksek hızlı demiryolu",
        "name:en": "Ankara - İstanbul high-speed railway",
        "operator": "TCDD",
        "passenger_lines": "1",
        "railway": "rail",
        "railway:etcs": "1",
        "usage": "main",
        "voltage": "25000",
        "wikidata": "Q513146",
        "wikipedia": "en:Ankara–Istanbul high-speed railway"
      },
      "geometry": {
        "type": "LineString",
        "coordinates": [
          [
            30.4093556,
            39.7841186
          ],
          [
            30.4104064,
            39.783494
          ]
        ]
      },
      "id": "way/265055405"
    },
    {
      "type": "Feature",
      "properties": {
        "@id": "way/265055406",
        "electrified": "contact_line",
        "frequency": "50",
        "gauge": "1435",
        "highspeed": "yes",
        "maxspeed": "250",
        "name": "Ankara - İstanbul yüksek hızlı demiryolu",
        "name:en": "Ankara - İstanbul high-speed railway",
        "operator": "TCDD",
        "passenger_lines": "1",
        "railway": "rail",
        "railway:etcs": "1",
        "usage": "main",
        "voltage": "25000",
        "wikidata": "Q513146",
        "wikipedia": "en:Ankara–Istanbul high-speed railway"
      },
      "geometry": {
        "type": "LineString",
        "coordinates": [
          [
            30.4104638,
            39.7835413
          ],
          [
            30.4094144,
            39.7841649
          ]
        ]
      },
      "id": "way/265055406"
    },
    {
      "type": "Feature",
      "properties": {
        "@id": "way/265055407",
        "cutting": "yes",
        "electrified": "contact_line",
        "frequency": "50",
        "gauge": "1435",
        "highspeed": "yes",
        "maxspeed": "250",
        "name": "Ankara - İstanbul yüksek hızlı demiryolu",
        "name:en": "Ankara - İstanbul high-speed railway",
        "operator": "TCDD",
        "passenger_lines": "1",
        "railway": "rail",
        "railway:etcs": "1",
        "usage": "main",
        "voltage": "25000",
        "wikidata": "Q513146",
        "wikipedia": "en:Ankara–Istanbul high-speed railway"
      },
      "geometry": {
        "type": "LineString",
        "coordinates": [
          [
            30.403267,
            39.7877158
          ],
          [
            30.4093556,
            39.7841186
          ]
        ]
      },
      "id": "way/265055407"
    },
    {
      "type": "Feature",
      "properties": {
        "@id": "way/265055408",
        "cutting": "yes",
        "electrified": "contact_line",
        "frequency": "50",
        "gauge": "1435",
        "highspeed": "yes",
        "maxspeed": "250",
        "name": "Ankara - İstanbul yüksek hızlı demiryolu",
        "name:en": "Ankara - İstanbul high-speed railway",
        "operator": "TCDD",
        "passenger_lines": "1",
        "railway": "rail",
        "railway:etcs": "1",
        "usage": "main",
        "voltage": "25000",
        "wikidata": "Q513146",
        "wikipedia": "en:Ankara–Istanbul high-speed railway"
      },
      "geometry": {
        "type": "LineString",
        "coordinates": [
          [
            30.4094144,
            39.7841649
          ],
          [
            30.4033212,
            39.7877561
          ]
        ]
      },
      "id": "way/265055408"
    },
    {
      "type": "Feature",
      "properties": {
        "@id": "way/265056048",
        "electrified": "contact_line",
        "embankment": "yes",
        "frequency": "50",
        "gauge": "1435",
        "highspeed": "yes",
        "maxspeed": "250",
        "name": "Ankara - İstanbul yüksek hızlı demiryolu",
        "name:en": "Ankara - İstanbul high-speed railway",
        "operator": "TCDD",
        "passenger_lines": "1",
        "railway": "rail",
        "railway:etcs": "1",
        "usage": "main",
        "voltage": "25000",
        "wikidata": "Q513146",
        "wikipedia": "en:Ankara–Istanbul high-speed railway"
      },
      "geometry": {
        "type": "LineString",
        "coordinates": [
          [
            30.4165807,
            39.7799302
          ],
          [
            30.4153262,
            39.7806417
          ],
          [
            30.4110886,
            39.78317
          ],
          [
            30.4104638,
            39.7835413
          ]
        ]
      },
      "id": "way/265056048"
    },
    {
      "type": "Feature",
      "properties": {
        "@id": "way/265056050",
        "electrified": "contact_line",
        "embankment": "yes",
        "frequency": "50",
        "gauge": "1435",
        "highspeed": "yes",
        "maxspeed": "250",
        "name": "Ankara - İstanbul yüksek hızlı demiryolu",
        "name:en": "Ankara - İstanbul high-speed railway",
        "operator": "TCDD",
        "passenger_lines": "1",
        "railway": "rail",
        "railway:etcs": "1",
        "usage": "main",
        "voltage": "25000",
        "wikidata": "Q513146",
        "wikipedia": "en:Ankara–Istanbul high-speed railway"
      },
      "geometry": {
        "type": "LineString",
        "coordinates": [
          [
            30.4104064,
            39.783494
          ],
          [
            30.4110497,
            39.7831117
          ],
          [
            30.4152975,
            39.7805988
          ],
          [
            30.416553,
            39.7798956
          ]
        ]
      },
      "id": "way/265056050"
    },
    {
      "type": "Feature",
      "properties": {
        "@id": "way/265062402",
        "electrified": "contact_line",
        "frequency": "50",
        "gauge": "1435",
        "name": "Eskişehir-Konya demiryolu",
        "operator": "TCDD",
        "railway": "rail",
        "railway:etcs": "2",
        "source": "Bing",
        "usage": "main",
        "voltage": "25000"
      },
      "geometry": {
        "type": "LineString",
        "coordinates": [
          [
            30.483017,
            39.7703163
          ],
          [
            30.4837726,
            39.7708868
          ],
          [
            30.4840403,
            39.7711371
          ],
          [
            30.4843152,
            39.7714019
          ],
          [
            30.4844475,
            39.7715638
          ],
          [
            30.4845707,
            39.7717193
          ],
          [
            30.4846724,
            39.7718821
          ],
          [
            30.4847564,
            39.7720453
          ],
          [
            30.4848691,
            39.7723287
          ],
          [
            30.4848985,
            39.7724802
          ],
          [
            30.4849227,
            39.7726916
          ],
          [
            30.4849042,
            39.7730816
          ],
          [
            30.484856,
            39.7733362
          ],
          [
            30.4847618,
            39.7735832
          ],
          [
            30.4846515,
            39.7738083
          ],
          [
            30.4844604,
            39.7740841
          ],
          [
            30.4843138,
            39.7742573
          ],
          [
            30.4840416,
            39.7744974
          ],
          [
            30.4836567,
            39.7747685
          ],
          [
            30.483312,
            39.7749695
          ],
          [
            30.4831471,
            39.7750458
          ],
          [
            30.4827849,
            39.7751591
          ],
          [
            30.4823872,
            39.7752408
          ],
          [
            30.4821263,
            39.7752763
          ],
          [
            30.4819352,
            39.7752839
          ],
          [
            30.4815934,
            39.7752805
          ],
          [
            30.4810228,
            39.7752736
          ],
          [
            30.4805055,
            39.7752409
          ]
        ]
      },
      "id": "way/265062402"
    },
    {
      "type": "Feature",
      "properties": {
        "@id": "way/273505108",
        "axle_load": "22.5",
        "electrified": "contact_line",
        "frequency": "50",
        "gauge": "1435",
        "layer": "-1",
        "name": "İstanbul - Ankara demiryolu",
        "name:en": "İstanbul - Ankara railway",
        "operator": "TCDD",
        "passenger_lines": "1",
        "railway": "rail",
        "railway:bidirectional": "regular",
        "railway:preferred_direction": "both",
        "source": "bing",
        "tunnel": "yes",
        "usage": "main",
        "voltage": "25000",
        "wikidata": "Q15103266",
        "wikipedia": "en:Istanbul–Ankara railway"
      },
      "geometry": {
        "type": "LineString",
        "coordinates": [
          [
            30.5108001,
            39.7804586
          ],
          [
            30.5185217,
            39.781667
          ],
          [
            30.5266228,
            39.7830686
          ]
        ]
      },
      "id": "way/273505108"
    },
    {
      "type": "Feature",
      "properties": {
        "@id": "way/273505112",
        "electrified": "contact_line",
        "frequency": "50",
        "gauge": "1435",
        "highspeed": "yes",
        "layer": "-1",
        "maxspeed": "250",
        "name": "Ankara - İstanbul yüksek hızlı demiryolu",
        "name:en": "Ankara - İstanbul high-speed railway",
        "operator": "TCDD",
        "passenger_lines": "1",
        "railway": "rail",
        "railway:bidirectional": "possible",
        "railway:etcs": "1",
        "railway:preferred_direction": "forward",
        "tunnel": "yes",
        "usage": "main",
        "voltage": "25000",
        "wikidata": "Q513146",
        "wikipedia": "en:Ankara–Istanbul high-speed railway"
      },
      "geometry": {
        "type": "LineString",
        "coordinates": [
          [
            30.510792,
            39.7805049
          ],
          [
            30.5185051,
            39.7817132
          ],
          [
            30.5266041,
            39.783115
          ]
        ]
      },
      "id": "way/273505112"
    },
    {
      "type": "Feature",
      "properties": {
        "@id": "way/278704815",
        "electrified": "contact_line",
        "frequency": "50",
        "gauge": "1435",
        "highspeed": "yes",
        "maxspeed": "250",
        "name": "Ankara - İstanbul yüksek hızlı demiryolu",
        "name:en": "Ankara - İstanbul high-speed railway",
        "operator": "TCDD",
        "passenger_lines": "1",
        "railway": "rail",
        "railway:etcs": "1",
        "usage": "main",
        "voltage": "25000",
        "wikidata": "Q513146",
        "wikipedia": "en:Ankara–Istanbul high-speed railway"
      },
      "geometry": {
        "type": "LineString",
        "coordinates": [
          [
            29.9933018,
            39.9261274
          ],
          [
            29.9924801,
            39.9272267
          ]
        ]
      },
      "id": "way/278704815"
    },
    {
      "type": "Feature",
      "properties": {
        "@id": "way/278704817",
        "electrified": "contact_line",
        "frequency": "50",
        "gauge": "1435",
        "highspeed": "yes",
        "layer": "-1",
        "maxspeed": "250",
        "name": "Ankara - İstanbul yüksek hızlı demiryolu",
        "name:en": "Ankara - İstanbul high-speed railway",
        "operator": "TCDD",
        "passenger_lines": "1",
        "railway": "rail",
        "railway:etcs": "1",
        "tunnel": "yes",
        "usage": "main",
        "voltage": "25000",
        "wikidata": "Q513146",
        "wikipedia": "en:Ankara–Istanbul high-speed railway"
      },
      "geometry": {
        "type": "LineString",
        "coordinates": [
          [
            29.9938527,
            39.9749242
          ],
          [
            29.9951702,
            39.9772352
          ],
          [
            29.9965722,
            39.97956
          ]
        ]
      },
      "id": "way/278704817"
    },
    {
      "type": "Feature",
      "properties": {
        "@id": "way/278704825",
        "bridge": "yes",
        "electrified": "contact_line",
        "frequency": "50",
        "gauge": "1435",
        "highspeed": "yes",
        "layer": "1",
        "maxspeed": "250",
        "name": "Ankara - İstanbul yüksek hızlı demiryolu",
        "name:en": "Ankara - İstanbul high-speed railway",
        "operator": "TCDD",
        "passenger_lines": "1",
        "railway": "rail",
        "railway:etcs": "1",
        "usage": "main",
        "voltage": "25000",
        "wikidata": "Q513146",
        "wikipedia": "en:Ankara–Istanbul high-speed railway"
      },
      "geometry": {
        "type": "LineString",
        "coordinates": [
          [
            30.0211213,
            39.8933391
          ],
          [
            30.0225862,
            39.892086
          ]
        ]
      },
      "id": "way/278704825"
    },
    {
      "type": "Feature",
      "properties": {
        "@id": "way/278704829",
        "electrified": "contact_line",
        "frequency": "50",
        "gauge": "1435",
        "highspeed": "yes",
        "layer": "-1",
        "maxspeed": "250",
        "name": "Ankara - İstanbul yüksek hızlı demiryolu",
        "name:en": "Ankara - İstanbul high-speed railway",
        "operator": "TCDD",
        "passenger_lines": "1",
        "railway": "rail",
        "railway:etcs": "1",
        "tunnel": "yes",
        "usage": "main",
        "voltage": "25000",
        "wikidata": "Q513146",
        "wikipedia": "en:Ankara–Istanbul high-speed railway"
      },
      "geometry": {
        "type": "LineString",
        "coordinates": [
          [
            30.0020341,
            39.9885546
          ],
          [
            30.0034052,
            39.9906515
          ]
        ]
      },
      "id": "way/278704829"
    },
    {
      "type": "Feature",
      "properties": {
        "@id": "way/278704832",
        "electrified": "contact_line",
        "frequency": "50",
        "gauge": "1435",
        "highspeed": "yes",
        "maxspeed": "250",
        "name": "Ankara - İstanbul yüksek hızlı demiryolu",
        "name:en": "Ankara - İstanbul high-speed railway",
        "operator": "TCDD",
        "passenger_lines": "1",
        "railway": "rail",
        "railway:etcs": "1",
        "usage": "main",
        "voltage": "25000",
        "wikidata": "Q513146",
        "wikipedia": "en:Ankara–Istanbul high-speed railway"
      },
      "geometry": {
        "type": "LineString",
        "coordinates": [
          [
            29.9873629,
            39.9516721
          ],
          [
            29.9888038,
            39.9576282
          ]
        ]
      },
      "id": "way/278704832"
    },
    {
      "type": "Feature",
      "properties": {
        "@id": "way/278704834",
        "electrified": "contact_line",
        "frequency": "50",
        "gauge": "1435",
        "highspeed": "yes",
        "maxspeed": "250",
        "name": "Ankara - İstanbul yüksek hızlı demiryolu",
        "name:en": "Ankara - İstanbul high-speed railway",
        "operator": "TCDD",
        "passenger_lines": "1",
        "railway": "rail",
        "railway:etcs": "1",
        "usage": "main",
        "voltage": "25000",
        "wikidata": "Q513146",
        "wikipedia": "en:Ankara–Istanbul high-speed railway"
      },
      "geometry": {
        "type": "LineString",
        "coordinates": [
          [
            30.0211569,
            39.8933763
          ],
          [
            30.0209265,
            39.8935919
          ]
        ]
      },
      "id": "way/278704834"
    },
    {
      "type": "Feature",
      "properties": {
        "@id": "way/278704836",
        "bridge": "yes",
        "electrified": "contact_line",
        "frequency": "50",
        "gauge": "1435",
        "highspeed": "yes",
        "layer": "1",
        "maxspeed": "250",
        "name": "Ankara - İstanbul yüksek hızlı demiryolu",
        "name:en": "Ankara - İstanbul high-speed railway",
        "operator": "TCDD",
        "passenger_lines": "1",
        "railway": "rail",
        "railway:etcs": "1",
        "usage": "main",
        "voltage": "25000",
        "wikidata": "Q513146",
        "wikipedia": "en:Ankara–Istanbul high-speed railway"
      },
      "geometry": {
        "type": "LineString",
        "coordinates": [
          [
            30.0226307,
            39.8921171
          ],
          [
            30.0211569,
            39.8933763
          ]
        ]
      },
      "id": "way/278704836"
    },
    {
      "type": "Feature",
      "properties": {
        "@id": "way/278704839",
        "electrified": "contact_line",
        "frequency": "50",
        "gauge": "1435",
        "highspeed": "yes",
        "maxspeed": "250",
        "name": "Ankara - İstanbul yüksek hızlı demiryolu",
        "name:en": "Ankara - İstanbul high-speed railway",
        "operator": "TCDD",
        "passenger_lines": "1",
        "railway": "rail",
        "railway:etcs": "1",
        "usage": "main",
        "voltage": "25000",
        "wikidata": "Q513146",
        "wikipedia": "en:Ankara–Istanbul high-speed railway"
      },
      "geometry": {
        "type": "LineString",
        "coordinates": [
          [
            29.9997604,
            39.9183264
          ],
          [
            29.9995438,
            39.9185767
          ]
        ]
      },
      "id": "way/278704839"
    },
    {
      "type": "Feature",
      "properties": {
        "@id": "way/278704842",
        "electrified": "contact_line",
        "frequency": "50",
        "gauge": "1435",
        "highspeed": "yes",
        "layer": "-1",
        "maxspeed": "250",
        "name": "Ankara - İstanbul yüksek hızlı demiryolu",
        "name:en": "Ankara - İstanbul high-speed railway",
        "operator": "TCDD",
        "passenger_lines": "1",
        "railway": "rail",
        "railway:etcs": "1",
        "tunnel": "yes",
        "usage": "main",
        "voltage": "25000",
        "wikidata": "Q513146",
        "wikipedia": "en:Ankara–Istanbul high-speed railway"
      },
      "geometry": {
        "type": "LineString",
        "coordinates": [
          [
            30.0209265,
            39.8935919
          ],
          [
            29.9997604,
            39.9183264
          ]
        ]
      },
      "id": "way/278704842"
    },
    {
      "type": "Feature",
      "properties": {
        "@id": "way/278704845",
        "electrified": "contact_line",
        "embankment": "yes",
        "frequency": "50",
        "gauge": "1435",
        "highspeed": "yes",
        "maxspeed": "250",
        "name": "Ankara - İstanbul yüksek hızlı demiryolu",
        "name:en": "Ankara - İstanbul high-speed railway",
        "operator": "TCDD",
        "passenger_lines": "1",
        "railway": "rail",
        "railway:etcs": "1",
        "usage": "main",
        "voltage": "25000",
        "wikidata": "Q513146",
        "wikipedia": "en:Ankara–Istanbul high-speed railway"
      },
      "geometry": {
        "type": "LineString",
        "coordinates": [
          [
            29.9965722,
            39.97956
          ],
          [
            30.0009645,
            39.9868593
          ]
        ]
      },
      "id": "way/278704845"
    },
    {
      "type": "Feature",
      "properties": {
        "@id": "way/278704854",
        "bridge": "viaduct",
        "electrified": "contact_line",
        "frequency": "50",
        "gauge": "1435",
        "highspeed": "yes",
        "layer": "1",
        "maxspeed": "250",
        "name": "Ankara - İstanbul yüksek hızlı demiryolu",
        "name:en": "Ankara - İstanbul high-speed railway",
        "operator": "TCDD",
        "passenger_lines": "1",
        "railway": "rail",
        "railway:etcs": "1",
        "usage": "main",
        "voltage": "25000",
        "wikidata": "Q513146",
        "wikipedia": "en:Ankara–Istanbul high-speed railway"
      },
      "geometry": {
        "type": "LineString",
        "coordinates": [
          [
            29.9995438,
            39.9185767
          ],
          [
            29.9933018,
            39.9261274
          ]
        ]
      },
      "id": "way/278704854"
    },
    {
      "type": "Feature",
      "properties": {
        "@id": "way/278704860",
        "electrified": "contact_line",
        "frequency": "50",
        "gauge": "1435",
        "highspeed": "yes",
        "layer": "-1",
        "maxspeed": "250",
        "name": "Ankara - İstanbul yüksek hızlı demiryolu",
        "name:en": "Ankara - İstanbul high-speed railway",
        "operator": "TCDD",
        "passenger_lines": "1",
        "railway": "rail",
        "railway:etcs": "1",
        "tunnel": "yes",
        "usage": "main",
        "voltage": "25000",
        "wikidata": "Q513146",
        "wikipedia": "en:Ankara–Istanbul high-speed railway"
      },
      "geometry": {
        "type": "LineString",
        "coordinates": [
          [
            29.9888038,
            39.9576282
          ],
          [
            29.9898641,
            39.9617896
          ]
        ]
      },
      "id": "way/278704860"
    },
    {
      "type": "Feature",
      "properties": {
        "@id": "way/278704865",
        "electrified": "contact_line",
        "frequency": "50",
        "gauge": "1435",
        "highspeed": "yes",
        "layer": "-1",
        "maxspeed": "250",
        "name": "Ankara - İstanbul yüksek hızlı demiryolu",
        "name:en": "Ankara - İstanbul high-speed railway",
        "operator": "TCDD",
        "passenger_lines": "1",
        "railway": "rail",
        "railway:etcs": "1",
        "tunnel": "yes",
        "usage": "main",
        "voltage": "25000",
        "wikidata": "Q513146",
        "wikipedia": "en:Ankara–Istanbul high-speed railway"
      },
      "geometry": {
        "type": "LineString",
        "coordinates": [
          [
            29.9924801,
            39.9272267
          ],
          [
            29.9918002,
            39.928497
          ],
          [
            29.9903508,
            39.9319418
          ],
          [
            29.9871199,
            39.9431272
          ],
          [
            29.9868051,
            39.9456671
          ],
          [
            29.9868912,
            39.9486478
          ],
          [
            29.9873629,
            39.9516721
          ]
        ]
      },
      "id": "way/278704865"
    },
    {
      "type": "Feature",
      "properties": {
        "@id": "way/278828028",
        "bridge": "yes",
        "electrified": "contact_line",
        "frequency": "50",
        "gauge": "1435",
        "highspeed": "yes",
        "layer": "1",
        "maxspeed": "250",
        "name": "Ankara - İstanbul yüksek hızlı demiryolu",
        "name:en": "Ankara - İstanbul high-speed railway",
        "operator": "TCDD",
        "passenger_lines": "1",
        "railway": "rail",
        "railway:etcs": "1",
        "usage": "main",
        "voltage": "25000",
        "wikidata": "Q513146",
        "wikipedia": "en:Ankara–Istanbul high-speed railway"
      },
      "geometry": {
        "type": "LineString",
        "coordinates": [
          [
            30.0186612,
            40.0815739
          ],
          [
            30.0176578,
            40.0829482
          ]
        ]
      },
      "id": "way/278828028"
    },
    {
      "type": "Feature",
      "properties": {
        "@id": "way/278828040",
        "bridge": "yes",
        "electrified": "contact_line",
        "frequency": "50",
        "gauge": "1435",
        "layer": "1",
        "name": "İstanbul - Ankara Hızlı Tren hatti",
        "operator": "TCDD",
        "railway": "rail",
        "railway:etcs": "2",
        "usage": "main",
        "voltage": "25000"
      },
      "geometry": {
        "type": "LineString",
        "coordinates": [
          [
            30.0175908,
            40.0829167
          ],
          [
            30.018621,
            40.0815783
          ]
        ]
      },
      "id": "way/278828040"
    },
    {
      "type": "Feature",
      "properties": {
        "@id": "way/278828043",
        "electrified": "contact_line",
        "frequency": "50",
        "gauge": "1435",
        "highspeed": "yes",
        "maxspeed": "250",
        "name": "Ankara - İstanbul yüksek hızlı demiryolu",
        "name:en": "Ankara - İstanbul high-speed railway",
        "operator": "TCDD",
        "passenger_lines": "1",
        "railway": "rail",
        "railway:etcs": "1",
        "usage": "main",
        "voltage": "25000",
        "wikidata": "Q513146",
        "wikipedia": "en:Ankara–Istanbul high-speed railway"
      },
      "geometry": {
        "type": "LineString",
        "coordinates": [
          [
            30.018621,
            40.0815783
          ],
          [
            30.0191802,
            40.0806189
          ]
        ]
      },
      "id": "way/278828043"
    },
    {
      "type": "Feature",
      "properties": {
        "@id": "way/278828056",
        "electrified": "contact_line",
        "frequency": "50",
        "gauge": "1435",
        "highspeed": "yes",
        "maxspeed": "250",
        "name": "Ankara - İstanbul yüksek hızlı demiryolu",
        "name:en": "Ankara - İstanbul high-speed railway",
        "operator": "TCDD",
        "passenger_lines": "1",
        "railway": "rail",
        "railway:etcs": "1",
        "usage": "main",
        "voltage": "25000",
        "wikidata": "Q513146",
        "wikipedia": "en:Ankara–Istanbul high-speed railway"
      },
      "geometry": {
        "type": "LineString",
        "coordinates": [
          [
            30.0192093,
            40.0806341
          ],
          [
            30.0186612,
            40.0815739
          ]
        ]
      },
      "id": "way/278828056"
    },
    {
      "type": "Feature",
      "properties": {
        "@id": "way/278828059",
        "electrified": "contact_line",
        "frequency": "50",
        "gauge": "1435",
        "highspeed": "yes",
        "maxspeed": "250",
        "name": "Ankara - İstanbul yüksek hızlı demiryolu",
        "name:en": "Ankara - İstanbul high-speed railway",
        "operator": "TCDD",
        "passenger_lines": "1",
        "railway": "rail",
        "railway:etcs": "1",
        "usage": "main",
        "voltage": "25000",
        "wikidata": "Q513146",
        "wikipedia": "en:Ankara–Istanbul high-speed railway"
      },
      "geometry": {
        "type": "LineString",
        "coordinates": [
          [
            30.4980709,
            39.7785529
          ],
          [
            30.4950453,
            39.7779828
          ],
          [
            30.493599,
            39.7776785
          ],
          [
            30.4918346,
            39.777283
          ],
          [
            30.4902099,
            39.7769735
          ],
          [
            30.4804655,
            39.7753168
          ],
          [
            30.4781916,
            39.7749155
          ],
          [
            30.4775936,
            39.7748101
          ],
          [
            30.4745679,
            39.7742826
          ],
          [
            30.4732965,
            39.7740394
          ],
          [
            30.4719757,
            39.7737724
          ],
          [
            30.4624895,
            39.7715939
          ],
          [
            30.461186,
            39.7713185
          ],
          [
            30.4598834,
            39.7710722
          ],
          [
            30.4586245,
            39.7708464
          ],
          [
            30.4568803,
            39.7706038
          ],
          [
            30.4558835,
            39.770472
          ],
          [
            30.4540663,
            39.7702874
          ],
          [
            30.4527559,
            39.7702052
          ],
          [
            30.4510036,
            39.7701218
          ],
          [
            30.448823,
            39.7700857
          ],
          [
            30.4467058,
            39.7701428
          ],
          [
            30.4458071,
            39.7701863
          ],
          [
            30.444381,
            39.770264
          ],
          [
            30.4430026,
            39.7704011
          ],
          [
            30.441629,
            39.7705548
          ],
          [
            30.4399873,
            39.7707958
          ],
          [
            30.4383437,
            39.7710639
          ],
          [
            30.4369604,
            39.7713485
          ],
          [
            30.4350481,
            39.7717774
          ],
          [
            30.4334378,
            39.7722029
          ],
          [
            30.4318214,
            39.7726723
          ],
          [
            30.4301392,
            39.7732141
          ],
          [
            30.4282807,
            39.7738929
          ],
          [
            30.4269496,
            39.7744273
          ],
          [
            30.4256371,
            39.7749869
          ],
          [
            30.4236639,
            39.7759288
          ],
          [
            30.4225215,
            39.7765143
          ],
          [
            30.4208639,
            39.7774269
          ],
          [
            30.4191062,
            39.7784656
          ],
          [
            30.4165807,
            39.7799302
          ]
        ]
      },
      "id": "way/278828059"
    },
    {
      "type": "Feature",
      "properties": {
        "@id": "way/280535002",
        "electrified": "contact_line",
        "frequency": "50",
        "gauge": "1435",
        "highspeed": "yes",
        "maxspeed": "250",
        "name": "Ankara - İstanbul yüksek hızlı demiryolu",
        "name:en": "Ankara - İstanbul high-speed railway",
        "operator": "TCDD",
        "passenger_lines": "1",
        "railway": "rail",
        "railway:etcs": "1",
        "usage": "main",
        "voltage": "25000",
        "wikidata": "Q513146",
        "wikipedia": "en:Ankara–Istanbul high-speed railway"
      },
      "geometry": {
        "type": "LineString",
        "coordinates": [
          [
            30.416553,
            39.7798956
          ],
          [
            30.4208376,
            39.7773913
          ],
          [
            30.4224882,
            39.7764681
          ],
          [
            30.4236036,
            39.7758954
          ],
          [
            30.425605,
            39.7749513
          ],
          [
            30.4269093,
            39.7743922
          ],
          [
            30.4282314,
            39.7738614
          ],
          [
            30.4301251,
            39.7731734
          ],
          [
            30.4317994,
            39.7726211
          ],
          [
            30.4334043,
            39.7721607
          ],
          [
            30.4350177,
            39.7717325
          ],
          [
            30.4369345,
            39.7713052
          ],
          [
            30.4383155,
            39.7710219
          ],
          [
            30.4399666,
            39.7707462
          ],
          [
            30.4416039,
            39.7705102
          ],
          [
            30.4429892,
            39.7703537
          ],
          [
            30.4443845,
            39.7702143
          ],
          [
            30.4458056,
            39.7701359
          ],
          [
            30.4466874,
            39.7700905
          ],
          [
            30.4488283,
            39.7700311
          ],
          [
            30.4509977,
            39.7700791
          ],
          [
            30.4527927,
            39.7701546
          ],
          [
            30.4540889,
            39.7702439
          ],
          [
            30.4558933,
            39.770419
          ],
          [
            30.4568969,
            39.7705477
          ],
          [
            30.4586568,
            39.7708006
          ],
          [
            30.4598874,
            39.7710228
          ],
          [
            30.4612012,
            39.7712722
          ],
          [
            30.4625052,
            39.7715453
          ],
          [
            30.4719785,
            39.7737309
          ],
          [
            30.4733146,
            39.7740046
          ],
          [
            30.4745821,
            39.7742405
          ],
          [
            30.4782096,
            39.7748763
          ],
          [
            30.4787372,
            39.7749696
          ],
          [
            30.4804855,
            39.7752788
          ],
          [
            30.490223,
            39.7769305
          ],
          [
            30.491855,
            39.7772327
          ],
          [
            30.4936156,
            39.7776334
          ],
          [
            30.4943286,
            39.7777857
          ],
          [
            30.4950591,
            39.7779418
          ],
          [
            30.4980791,
            39.7785107
          ]
        ]
      },
      "id": "way/280535002"
    },
    {
      "type": "Feature",
      "properties": {
        "@id": "way/301667083",
        "axle_load": "22.5",
        "electrified": "contact_line",
        "frequency": "50",
        "gauge": "1435",
        "maxspeed": "120",
        "name": "Eskişehir-Konya demiryolu",
        "operator": "TCDD",
        "railway": "rail",
        "railway:etcs": "2",
        "source": "Bing",
        "usage": "main",
        "voltage": "25000"
      },
      "geometry": {
        "type": "LineString",
        "coordinates": [
          [
            30.4902328,
            39.7768705
          ],
          [
            30.4896003,
            39.7767109
          ],
          [
            30.489375,
            39.776646
          ],
          [
            30.4891886,
            39.7765718
          ],
          [
            30.4889527,
            39.7764628
          ],
          [
            30.4887086,
            39.7763311
          ],
          [
            30.4884618,
            39.7761723
          ],
          [
            30.4882312,
            39.7759878
          ],
          [
            30.4879992,
            39.7757672
          ],
          [
            30.4878222,
            39.7755621
          ],
          [
            30.48768,
            39.7753715
          ],
          [
            30.487566,
            39.7751911
          ],
          [
            30.4874507,
            39.7749323
          ],
          [
            30.4873729,
            39.7746901
          ],
          [
            30.4870363,
            39.7734306
          ],
          [
            30.4869559,
            39.7731636
          ],
          [
            30.4868257,
            39.772911
          ],
          [
            30.4865897,
            39.7725853
          ],
          [
            30.4864301,
            39.7724026
          ],
          [
            30.4862384,
            39.7722132
          ],
          [
            30.4860465,
            39.7720751
          ],
          [
            30.4857396,
            39.7718896
          ],
          [
            30.4854123,
            39.771711
          ],
          [
            30.4851215,
            39.7715589
          ],
          [
            30.4841228,
            39.7710265
          ],
          [
            30.4838634,
            39.7708812
          ],
          [
            30.483017,
            39.7703163
          ],
          [
            30.4826656,
            39.7700383
          ],
          [
            30.4822248,
            39.7696752
          ],
          [
            30.4817836,
            39.7692284
          ],
          [
            30.4810788,
            39.7684525
          ]
        ]
      },
      "id": "way/301667083"
    },
    {
      "type": "Feature",
      "properties": {
        "@id": "way/384900520",
        "axle_load": "22.5",
        "electrified": "contact_line",
        "frequency": "50",
        "gauge": "1435",
        "maxspeed": "60",
        "name": "Kütahya-Seyitömer şube demiryolu",
        "operator": "TCDD",
        "passenger_lines": "1",
        "railway": "rail",
        "source": "GPS",
        "usage": "branch",
        "voltage": "25000"
      },
      "geometry": {
        "type": "LineString",
        "coordinates": [
          [
            30.0179249,
            39.4512835
          ],
          [
            30.0181895,
            39.4515153
          ],
          [
            30.0209334,
            39.4535095
          ],
          [
            30.0214055,
            39.4539326
          ],
          [
            30.0217758,
            39.4544004
          ],
          [
            30.0220533,
            39.4549198
          ],
          [
            30.0222049,
            39.4554793
          ],
          [
            30.0222448,
            39.455816
          ],
          [
            30.0222395,
            39.456139
          ],
          [
            30.0222051,
            39.4564639
          ],
          [
            30.0220962,
            39.4569008
          ],
          [
            30.0218608,
            39.4575967
          ],
          [
            30.0217148,
            39.4579972
          ],
          [
            30.0215691,
            39.458397
          ],
          [
            30.0214449,
            39.4587379
          ],
          [
            30.0213003,
            39.4591265
          ],
          [
            30.0212195,
            39.4593084
          ],
          [
            30.0211712,
            39.4594116
          ],
          [
            30.0210312,
            39.459651
          ],
          [
            30.0208555,
            39.4599458
          ],
          [
            30.0205668,
            39.4602344
          ],
          [
            30.0202045,
            39.4605367
          ],
          [
            30.0198936,
            39.4607778
          ],
          [
            30.0193374,
            39.4610794
          ],
          [
            30.0190166,
            39.4612168
          ],
          [
            30.018437,
            39.4613873
          ],
          [
            30.017679,
            39.4615508
          ],
          [
            30.0167203,
            39.4617493
          ],
          [
            30.0160576,
            39.4619223
          ],
          [
            30.0154546,
            39.4621369
          ],
          [
            30.0149658,
            39.4623814
          ],
          [
            30.0144344,
            39.4627168
          ],
          [
            30.0140578,
            39.4630532
          ]
        ]
      },
      "id": "way/384900520"
    },
    {
      "type": "Feature",
      "properties": {
        "@id": "way/406564059",
        "axle_load": "22.5",
        "electrified": "no",
        "gauge": "1435",
        "maxspeed": "60",
        "name": "Kütahya-Seyitömer şube demiryolu",
        "operator": "TCDD",
        "passenger_lines": "1",
        "railway": "rail",
        "source": "bing",
        "usage": "branch"
      },
      "geometry": {
        "type": "LineString",
        "coordinates": [
          [
            29.9099739,
            39.5547182
          ],
          [
            29.9092228,
            39.5549394
          ],
          [
            29.9085809,
            39.5552132
          ],
          [
            29.9078854,
            39.5556183
          ],
          [
            29.9073391,
            39.5560479
          ],
          [
            29.9067272,
            39.5565449
          ],
          [
            29.9052546,
            39.5578438
          ],
          [
            29.9046656,
            39.5582913
          ],
          [
            29.9039742,
            39.5587125
          ],
          [
            29.9030865,
            39.5591863
          ],
          [
            29.9021561,
            39.5595811
          ],
          [
            29.9013537,
            39.5598707
          ],
          [
            29.9003294,
            39.5601405
          ],
          [
            29.8993307,
            39.5603248
          ],
          [
            29.8969065,
            39.5607328
          ],
          [
            29.8961127,
            39.560917
          ],
          [
            29.8952591,
            39.5612066
          ],
          [
            29.8946103,
            39.5615291
          ],
          [
            29.8939318,
            39.5618357
          ],
          [
            29.8931419,
            39.5623115
          ],
          [
            29.8925074,
            39.5627941
          ],
          [
            29.8896757,
            39.5654762
          ],
          [
            29.8870728,
            39.5678402
          ],
          [
            29.8863308,
            39.5685483
          ],
          [
            29.8856354,
            39.5691099
          ],
          [
            29.8849447,
            39.5694759
          ],
          [
            29.8841505,
            39.5698086
          ],
          [
            29.8831749,
            39.5701547
          ],
          [
            29.8825283,
            39.5703809
          ],
          [
            29.8818118,
            39.5707136
          ],
          [
            29.8809485,
            39.5713391
          ],
          [
            29.8804737,
            39.5717783
          ],
          [
            29.879592,
            39.5729256
          ],
          [
            29.878868,
            39.5738678
          ],
          [
            29.878445,
            39.5742804
          ],
          [
            29.8772563,
            39.5751216
          ],
          [
            29.8767526,
            39.5754753
          ],
          [
            29.8729799,
            39.5781261
          ],
          [
            29.8719136,
            39.578864
          ],
          [
            29.8717369,
            39.5789867
          ],
          [
            29.8680616,
            39.5815407
          ]
        ]
      },
      "id": "way/406564059"
    },
    {
      "type": "Feature",
      "properties": {
        "@id": "way/433030158",
        "electrified": "contact_line",
        "frequency": "50",
        "gauge": "1435",
        "highspeed": "yes",
        "maxspeed": "250",
        "name": "Ankara - İstanbul yüksek hızlı demiryolu",
        "name:en": "Ankara - İstanbul high-speed railway",
        "operator": "TCDD",
        "passenger_lines": "1",
        "railway": "rail",
        "railway:bidirectional": "possible",
        "railway:etcs": "1",
        "railway:preferred_direction": "forward",
        "usage": "main",
        "voltage": "25000",
        "wikidata": "Q513146",
        "wikipedia": "en:Ankara–Istanbul high-speed railway"
      },
      "geometry": {
        "type": "LineString",
        "coordinates": [
          [
            31.0045174,
            39.7573327
          ],
          [
            31.0044054,
            39.7573227
          ],
          [
            30.998925,
            39.7569203
          ],
          [
            30.9939374,
            39.756512
          ],
          [
            30.9891752,
            39.7561759
          ],
          [
            30.9851277,
            39.7558583
          ],
          [
            30.9817347,
            39.7555985
          ],
          [
            30.9789466,
            39.7553934
          ],
          [
            30.9754476,
            39.7552315
          ],
          [
            30.973959,
            39.7552294
          ],
          [
            30.9725562,
            39.75525
          ],
          [
            30.9702576,
            39.7552975
          ],
          [
            30.9660076,
            39.7556089
          ],
          [
            30.9645163,
            39.7557543
          ],
          [
            30.9622847,
            39.7560367
          ],
          [
            30.9600451,
            39.7563749
          ],
          [
            30.9566145,
            39.757043
          ],
          [
            30.95515,
            39.7573626
          ],
          [
            30.9538438,
            39.7576801
          ],
          [
            30.9510624,
            39.7584719
          ],
          [
            30.9499787,
            39.7587833
          ],
          [
            30.9486779,
            39.7592019
          ],
          [
            30.9468459,
            39.7598059
          ],
          [
            30.9450623,
            39.7604781
          ],
          [
            30.9432411,
            39.7612245
          ],
          [
            30.9417712,
            39.7618431
          ],
          [
            30.9401297,
            39.7626224
          ],
          [
            30.9387296,
            39.7632822
          ],
          [
            30.9372731,
            39.7640781
          ],
          [
            30.9348634,
            39.7654305
          ],
          [
            30.9325336,
            39.7668181
          ],
          [
            30.9258255,
            39.7715372
          ],
          [
            30.9244656,
            39.7723598
          ],
          [
            30.9224647,
            39.7735163
          ],
          [
            30.9189805,
            39.7753139
          ],
          [
            30.9169768,
            39.7762395
          ],
          [
            30.9150671,
            39.7770248
          ],
          [
            30.9133022,
            39.7776866
          ],
          [
            30.912122,
            39.7781112
          ],
          [
            30.9104322,
            39.7786718
          ],
          [
            30.9086995,
            39.7791913
          ],
          [
            30.9073101,
            39.7795829
          ],
          [
            30.9058618,
            39.7799602
          ],
          [
            30.9023762,
            39.7806775
          ],
          [
            30.8999246,
            39.7810774
          ],
          [
            30.8586777,
            39.7866261
          ],
          [
            30.8568296,
            39.7868569
          ],
          [
            30.8547456,
            39.7872073
          ],
          [
            30.8536405,
            39.7874072
          ],
          [
            30.8526615,
            39.7876113
          ],
          [
            30.850572,
            39.7880812
          ],
          [
            30.8489198,
            39.7884955
          ],
          [
            30.8471039,
            39.7889613
          ],
          [
            30.8415605,
            39.7903468
          ],
          [
            30.7817345,
            39.804784
          ],
          [
            30.7794305,
            39.8052827
          ],
          [
            30.7767402,
            39.8057793
          ],
          [
            30.7748117,
            39.8060718
          ],
          [
            30.7734196,
            39.8062346
          ],
          [
            30.7723038,
            39.806348
          ],
          [
            30.770842,
            39.8064839
          ],
          [
            30.76934,
            39.8065643
          ],
          [
            30.766598,
            39.8066534
          ],
          [
            30.7655903,
            39.8066756
          ],
          [
            30.7643224,
            39.8066845
          ],
          [
            30.7604814,
            39.8066701
          ],
          [
            30.7563455,
            39.8066412
          ],
          [
            30.7310068,
            39.8064323
          ],
          [
            30.7297111,
            39.8063981
          ],
          [
            30.7287852,
            39.8063385
          ],
          [
            30.7278577,
            39.8062704
          ],
          [
            30.7266002,
            39.8061468
          ],
          [
            30.6521092,
            39.7978049
          ]
        ]
      },
      "id": "way/433030158"
    },
    {
      "type": "Feature",
      "properties": {
        "@id": "way/433030161",
        "electrified": "contact_line",
        "frequency": "50",
        "gauge": "1435",
        "highspeed": "yes",
        "maxspeed": "250",
        "name": "Ankara - İstanbul yüksek hızlı demiryolu",
        "name:en": "Ankara - İstanbul high-speed railway",
        "operator": "TCDD",
        "passenger_lines": "1",
        "railway": "rail",
        "railway:bidirectional": "possible",
        "railway:etcs": "1",
        "railway:preferred_direction": "forward",
        "usage": "main",
        "voltage": "25000",
        "wikidata": "Q513146",
        "wikipedia": "en:Ankara–Istanbul high-speed railway"
      },
      "geometry": {
        "type": "LineString",
        "coordinates": [
          [
            30.6516354,
            39.7977535
          ],
          [
            30.6277842,
            39.7952225
          ],
          [
            30.6030863,
            39.792505
          ],
          [
            30.5635696,
            39.7880731
          ],
          [
            30.5528316,
            39.7868275
          ],
          [
            30.5453307,
            39.7859713
          ],
          [
            30.5424232,
            39.7856457
          ],
          [
            30.5406288,
            39.7854396
          ],
          [
            30.5392207,
            39.785252
          ],
          [
            30.536973,
            39.7849119
          ],
          [
            30.5345134,
            39.7845142
          ],
          [
            30.5265853,
            39.7831613
          ]
        ]
      },
      "id": "way/433030161"
    },
    {
      "type": "Feature",
      "properties": {
        "@id": "way/433030163",
        "axle_load": "22.5",
        "electrified": "contact_line",
        "frequency": "50",
        "gauge": "1435",
        "name": "İstanbul - Ankara demiryolu",
        "operator": "TCDD",
        "railway": "rail",
        "railway:etcs": "yes",
        "source": "Bing",
        "usage": "main",
        "voltage": "25000"
      },
      "geometry": {
        "type": "LineString",
        "coordinates": [
          [
            30.4902328,
            39.7768705
          ],
          [
            30.4916281,
            39.7771057
          ],
          [
            30.4931824,
            39.7773861
          ],
          [
            30.4937993,
            39.777485
          ],
          [
            30.4952316,
            39.777786
          ]
        ]
      },
      "id": "way/433030163"
    },
    {
      "type": "Feature",
      "properties": {
        "@id": "way/433030166",
        "bridge": "yes",
        "electrified": "contact_line",
        "frequency": "50",
        "gauge": "1435",
        "highspeed": "yes",
        "layer": "1",
        "maxspeed": "250",
        "name": "Ankara - İstanbul yüksek hızlı demiryolu",
        "name:en": "Ankara - İstanbul high-speed railway",
        "operator": "TCDD",
        "passenger_lines": "1",
        "railway": "rail",
        "railway:bidirectional": "possible",
        "railway:etcs": "1",
        "railway:preferred_direction": "forward",
        "usage": "main",
        "voltage": "25000",
        "wikidata": "Q513146",
        "wikipedia": "en:Ankara–Istanbul high-speed railway"
      },
      "geometry": {
        "type": "LineString",
        "coordinates": [
          [
            30.6521092,
            39.7978049
          ],
          [
            30.6516354,
            39.7977535
          ]
        ]
      },
      "id": "way/433030166"
    },
    {
      "type": "Feature",
      "properties": {
        "@id": "way/433030188",
        "electrified": "contact_line",
        "frequency": "50",
        "gauge": "1435",
        "highspeed": "yes",
        "layer": "-1",
        "maxspeed": "250",
        "name": "Ankara - İstanbul yüksek hızlı demiryolu",
        "name:en": "Ankara - İstanbul high-speed railway",
        "operator": "TCDD",
        "passenger_lines": "1",
        "railway": "rail",
        "railway:bidirectional": "possible",
        "railway:etcs": "1",
        "railway:preferred_direction": "forward",
        "tunnel": "yes",
        "usage": "main",
        "voltage": "25000",
        "wikidata": "Q513146",
        "wikipedia": "en:Ankara–Istanbul high-speed railway"
      },
      "geometry": {
        "type": "LineString",
        "coordinates": [
          [
            30.5265853,
            39.7831613
          ],
          [
            30.5184885,
            39.7817593
          ],
          [
            30.5107851,
            39.7805408
          ]
        ]
      },
      "id": "way/433030188"
    },
    {
      "type": "Feature",
      "properties": {
        "@id": "way/433030197",
        "electrified": "contact_line",
        "frequency": "50",
        "gauge": "1435",
        "name": "İstanbul - Ankara demiryolu",
        "operator": "TCDD",
        "railway": "rail",
        "railway:etcs": "yes",
        "source": "Bing",
        "usage": "main",
        "voltage": "25000"
      },
      "geometry": {
        "type": "LineString",
        "coordinates": [
          [
            30.4805055,
            39.7752409
          ],
          [
            30.4837504,
            39.7757287
          ],
          [
            30.4850674,
            39.7759513
          ],
          [
            30.4902328,
            39.7768705
          ]
        ]
      },
      "id": "way/433030197"
    },
    {
      "type": "Feature",
      "properties": {
        "@id": "way/484725311",
        "bridge": "yes",
        "electrified": "contact_line",
        "frequency": "50",
        "gauge": "1435",
        "layer": "1",
        "operator": "TCDD",
        "railway": "rail",
        "railway:etcs": "yes",
        "usage": "main",
        "voltage": "25000"
      },
      "geometry": {
        "type": "LineString",
        "coordinates": [
          [
            29.9906649,
            39.9699453
          ],
          [
            29.9905303,
            39.969713
          ]
        ]
      },
      "id": "way/484725311"
    },
    {
      "type": "Feature",
      "properties": {
        "@id": "way/484725312",
        "electrified": "contact_line",
        "frequency": "50",
        "gauge": "1435",
        "highspeed": "yes",
        "layer": "-1",
        "maxspeed": "250",
        "name": "İstanbul - Ankara Hızlı Tren hatti",
        "operator": "TCDD",
        "railway": "rail",
        "railway:etcs": "2",
        "source": "bing",
        "usage": "main",
        "voltage": "25000"
      },
      "geometry": {
        "type": "LineString",
        "coordinates": [
          [
            29.9898641,
            39.9617896
          ],
          [
            29.9904598,
            39.9641647
          ]
        ]
      },
      "id": "way/484725312"
    },
    {
      "type": "Feature",
      "properties": {
        "@id": "way/484725313",
        "electrified": "contact_line",
        "frequency": "50",
        "gauge": "1435",
        "highspeed": "yes",
        "maxspeed": "250",
        "name": "Ankara - İstanbul yüksek hızlı demiryolu",
        "name:en": "Ankara - İstanbul high-speed railway",
        "operator": "TCDD",
        "passenger_lines": "1",
        "railway": "rail",
        "railway:etcs": "1",
        "usage": "main",
        "voltage": "25000",
        "wikidata": "Q513146",
        "wikipedia": "en:Ankara–Istanbul high-speed railway"
      },
      "geometry": {
        "type": "LineString",
        "coordinates": [
          [
            29.9904128,
            39.9641673
          ],
          [
            29.9898152,
            39.9617963
          ]
        ]
      },
      "id": "way/484725313"
    },
    {
      "type": "Feature",
      "properties": {
        "@id": "way/484725314",
        "electrified": "contact_line",
        "frequency": "50",
        "gauge": "1435",
        "highspeed": "yes",
        "layer": "-1",
        "maxspeed": "250",
        "name": "Ankara - İstanbul yüksek hızlı demiryolu",
        "name:en": "Ankara - İstanbul high-speed railway",
        "operator": "TCDD",
        "passenger_lines": "1",
        "railway": "rail",
        "railway:etcs": "1",
        "tunnel": "yes",
        "usage": "main",
        "voltage": "25000",
        "wikidata": "Q513146",
        "wikipedia": "en:Ankara–Istanbul high-speed railway"
      },
      "geometry": {
        "type": "LineString",
        "coordinates": [
          [
            29.9904598,
            39.9641647
          ],
          [
            29.9920246,
            39.9699551
          ]
        ]
      },
      "id": "way/484725314"
    },
    {
      "type": "Feature",
      "properties": {
        "@id": "way/484725315",
        "electrified": "contact_line",
        "frequency": "50",
        "gauge": "1435",
        "highspeed": "yes",
        "layer": "-1",
        "maxspeed": "250",
        "name": "Ankara - İstanbul yüksek hızlı demiryolu",
        "name:en": "Ankara - İstanbul high-speed railway",
        "operator": "TCDD",
        "passenger_lines": "1",
        "railway": "rail",
        "railway:etcs": "1",
        "tunnel": "yes",
        "usage": "main",
        "voltage": "25000",
        "wikidata": "Q513146",
        "wikipedia": "en:Ankara–Istanbul high-speed railway"
      },
      "geometry": {
        "type": "LineString",
        "coordinates": [
          [
            29.9919671,
            39.9699744
          ],
          [
            29.9904128,
            39.9641673
          ]
        ]
      },
      "id": "way/484725315"
    },
    {
      "type": "Feature",
      "properties": {
        "@id": "way/484725316",
        "electrified": "contact_line",
        "frequency": "50",
        "gauge": "1435",
        "highspeed": "yes",
        "maxspeed": "250",
        "name": "Ankara - İstanbul yüksek hızlı demiryolu",
        "name:en": "Ankara - İstanbul high-speed railway",
        "operator": "TCDD",
        "passenger_lines": "1",
        "railway": "rail",
        "railway:etcs": "1",
        "usage": "main",
        "voltage": "25000",
        "wikidata": "Q513146",
        "wikipedia": "en:Ankara–Istanbul high-speed railway"
      },
      "geometry": {
        "type": "LineString",
        "coordinates": [
          [
            29.9920246,
            39.9699551
          ],
          [
            29.9923941,
            39.9712168
          ],
          [
            29.9926892,
            39.9720452
          ],
          [
            29.9928808,
            39.9725249
          ],
          [
            29.9930736,
            39.9730498
          ]
        ]
      },
      "id": "way/484725316"
    },
    {
      "type": "Feature",
      "properties": {
        "@id": "way/484725317",
        "electrified": "contact_line",
        "frequency": "50",
        "gauge": "1435",
        "highspeed": "yes",
        "maxspeed": "250",
        "name": "Ankara - İstanbul yüksek hızlı demiryolu",
        "name:en": "Ankara - İstanbul high-speed railway",
        "operator": "TCDD",
        "passenger_lines": "1",
        "railway": "rail",
        "railway:etcs": "1",
        "usage": "main",
        "voltage": "25000",
        "wikidata": "Q513146",
        "wikipedia": "en:Ankara–Istanbul high-speed railway"
      },
      "geometry": {
        "type": "LineString",
        "coordinates": [
          [
            29.9937888,
            39.974932
          ],
          [
            29.9931268,
            39.9733423
          ]
        ]
      },
      "id": "way/484725317"
    },
    {
      "type": "Feature",
      "properties": {
        "@id": "way/503194080",
        "electrified": "contact_line",
        "frequency": "50",
        "gauge": "1435",
        "name": "İstanbul - Ankara demiryolu",
        "operator": "TCDD",
        "railway": "rail",
        "railway:etcs": "yes",
        "usage": "main",
        "voltage": "25000"
      },
      "geometry": {
        "type": "LineString",
        "coordinates": [
          [
            30.0142368,
            40.0045474
          ],
          [
            30.0165501,
            40.0053059
          ],
          [
            30.0170061,
            40.0054918
          ],
          [
            30.0172649,
            40.0056099
          ],
          [
            30.0175411,
            40.0057787
          ],
          [
            30.0180392,
            40.0061346
          ],
          [
            30.0183765,
            40.0064003
          ],
          [
            30.0186507,
            40.0066908
          ],
          [
            30.0189644,
            40.0071135
          ],
          [
            30.0192239,
            40.0074856
          ],
          [
            30.0194761,
            40.008174
          ],
          [
            30.0195401,
            40.0084596
          ],
          [
            30.019591,
            40.0087742
          ],
          [
            30.019601,
            40.0090611
          ],
          [
            30.0195585,
            40.0093715
          ],
          [
            30.0194949,
            40.0097095
          ],
          [
            30.0194295,
            40.0100527
          ],
          [
            30.0193088,
            40.0103721
          ],
          [
            30.0188802,
            40.0113062
          ],
          [
            30.018314,
            40.0125375
          ],
          [
            30.018256,
            40.0126966
          ],
          [
            30.0182247,
            40.0128464
          ],
          [
            30.0181988,
            40.0130499
          ],
          [
            30.018191,
            40.0132618
          ],
          [
            30.0182052,
            40.0135535
          ],
          [
            30.0182574,
            40.0137837
          ],
          [
            30.0183153,
            40.0139621
          ],
          [
            30.0184108,
            40.0142047
          ],
          [
            30.0185497,
            40.014449
          ],
          [
            30.0187142,
            40.0146669
          ],
          [
            30.0189254,
            40.0149027
          ],
          [
            30.0191444,
            40.0150978
          ],
          [
            30.0193007,
            40.015207
          ],
          [
            30.0195609,
            40.0153672
          ],
          [
            30.0198334,
            40.0155256
          ],
          [
            30.0209256,
            40.0160653
          ]
        ]
      },
      "id": "way/503194080"
    },
    {
      "type": "Feature",
      "properties": {
        "@id": "way/503194085",
        "electrified": "contact_line",
        "frequency": "50",
        "gauge": "1435",
        "name": "İstanbul - Ankara demiryolu",
        "operator": "TCDD",
        "railway": "rail",
        "railway:etcs": "yes",
        "source": "Bing",
        "usage": "main",
        "voltage": "25000"
      },
      "geometry": {
        "type": "LineString",
        "coordinates": [
          [
            30.020373,
            40.0158429
          ],
          [
            30.019813,
            40.0155634
          ],
          [
            30.0195207,
            40.0153949
          ],
          [
            30.0192699,
            40.0152429
          ],
          [
            30.0190781,
            40.0151063
          ],
          [
            30.0188515,
            40.0148999
          ],
          [
            30.0186637,
            40.0146903
          ],
          [
            30.018492,
            40.0144603
          ],
          [
            30.0183579,
            40.0142343
          ],
          [
            30.0182533,
            40.0139816
          ],
          [
            30.0181916,
            40.0137803
          ],
          [
            30.018138,
            40.013542
          ],
          [
            30.0181273,
            40.0133345
          ],
          [
            30.0181353,
            40.0130551
          ],
          [
            30.0181594,
            40.0128682
          ],
          [
            30.0182024,
            40.0126689
          ],
          [
            30.0182694,
            40.0125046
          ],
          [
            30.0188112,
            40.0113007
          ],
          [
            30.019227,
            40.010368
          ],
          [
            30.0193558,
            40.0099936
          ],
          [
            30.0193584,
            40.0099859
          ],
          [
            30.0194249,
            40.0096797
          ],
          [
            30.0194898,
            40.0093641
          ],
          [
            30.0195273,
            40.0090848
          ],
          [
            30.019509,
            40.0087191
          ],
          [
            30.0194688,
            40.0084682
          ],
          [
            30.0194027,
            40.0081729
          ],
          [
            30.0191624,
            40.0075085
          ],
          [
            30.0189208,
            40.0071456
          ],
          [
            30.0186015,
            40.0067214
          ],
          [
            30.0183337,
            40.0064328
          ],
          [
            30.0180106,
            40.0061733
          ],
          [
            30.0175025,
            40.0058162
          ],
          [
            30.0172314,
            40.005649
          ],
          [
            30.0169833,
            40.0055226
          ],
          [
            30.0165099,
            40.0053387
          ],
          [
            30.0148516,
            40.0047914
          ]
        ]
      },
      "id": "way/503194085"
    },
    {
      "type": "Feature",
      "properties": {
        "@id": "way/503194088",
        "bridge": "yes",
        "electrified": "contact_line",
        "frequency": "50",
        "gauge": "1435",
        "highspeed": "yes",
        "layer": "1",
        "maxspeed": "250",
        "name": "Ankara - İstanbul yüksek hızlı demiryolu",
        "name:en": "Ankara - İstanbul high-speed railway",
        "operator": "TCDD",
        "passenger_lines": "1",
        "railway": "rail",
        "railway:etcs": "1",
        "usage": "main",
        "voltage": "25000",
        "wikidata": "Q513146",
        "wikipedia": "en:Ankara–Istanbul high-speed railway"
      },
      "geometry": {
        "type": "LineString",
        "coordinates": [
          [
            30.0056834,
            39.9934152
          ],
          [
            30.004413,
            39.9919544
          ]
        ]
      },
      "id": "way/503194088"
    },
    {
      "type": "Feature",
      "properties": {
        "@id": "way/503194091",
        "electrified": "contact_line",
        "frequency": "50",
        "gauge": "1435",
        "highspeed": "yes",
        "maxspeed": "250",
        "name": "Ankara - İstanbul yüksek hızlı demiryolu",
        "name:en": "Ankara - İstanbul high-speed railway",
        "operator": "TCDD",
        "passenger_lines": "1",
        "railway": "rail",
        "railway:etcs": "1",
        "usage": "main",
        "voltage": "25000",
        "wikidata": "Q513146",
        "wikipedia": "en:Ankara–Istanbul high-speed railway"
      },
      "geometry": {
        "type": "LineString",
        "coordinates": [
          [
            30.004413,
            39.9919544
          ],
          [
            30.0041234,
            39.9915916
          ],
          [
            30.0037315,
            39.9911136
          ]
        ]
      },
      "id": "way/503194091"
    },
    {
      "type": "Feature",
      "properties": {
        "@id": "way/503194955",
        "bridge": "yes",
        "electrified": "contact_line",
        "frequency": "50",
        "gauge": "1435",
        "layer": "1",
        "name": "Konvansiyonel ile yüksek hızlı demiryolu bağlantı hattı",
        "operator": "TCDD",
        "railway": "rail",
        "railway:etcs": "yes",
        "usage": "main",
        "voltage": "25000"
      },
      "geometry": {
        "type": "LineString",
        "coordinates": [
          [
            30.0264823,
            40.0247523
          ],
          [
            30.0265346,
            40.024512
          ]
        ]
      },
      "id": "way/503194955"
    },
    {
      "type": "Feature",
      "properties": {
        "@id": "way/503194956",
        "electrified": "contact_line",
        "frequency": "50",
        "gauge": "1435",
        "name": "Konvansiyonel ile yüksek hızlı demiryolu bağlantı hattı",
        "operator": "TCDD",
        "railway": "rail",
        "railway:etcs": "yes",
        "usage": "main",
        "voltage": "25000"
      },
      "geometry": {
        "type": "LineString",
        "coordinates": [
          [
            30.0191814,
            40.0367802
          ],
          [
            30.0215256,
            40.0342686
          ],
          [
            30.0217724,
            40.034014
          ],
          [
            30.0220486,
            40.0338024
          ],
          [
            30.0222981,
            40.0336319
          ],
          [
            30.0236379,
            40.0328362
          ],
          [
            30.0239557,
            40.0326216
          ],
          [
            30.0241515,
            40.0324696
          ],
          [
            30.0244009,
            40.0322416
          ],
          [
            30.024582,
            40.032066
          ],
          [
            30.0247791,
            40.031798
          ],
          [
            30.0249092,
            40.0315978
          ],
          [
            30.025038,
            40.0313442
          ],
          [
            30.0251278,
            40.0311234
          ],
          [
            30.0251949,
            40.0308944
          ],
          [
            30.0252338,
            40.0306664
          ],
          [
            30.025333,
            40.0299332
          ],
          [
            30.0253759,
            40.0296251
          ],
          [
            30.0254161,
            40.0294116
          ],
          [
            30.0264823,
            40.0247523
          ]
        ]
      },
      "id": "way/503194956"
    },
    {
      "type": "Feature",
      "properties": {
        "@id": "way/503194957",
        "bridge": "yes",
        "electrified": "contact_line",
        "frequency": "50",
        "gauge": "1435",
        "layer": "1",
        "name": "Konvansiyonel ile yüksek hızlı demiryolu bağlantı hattı",
        "operator": "TCDD",
        "railway": "rail",
        "railway:etcs": "yes",
        "usage": "main",
        "voltage": "25000"
      },
      "geometry": {
        "type": "LineString",
        "coordinates": [
          [
            30.0245337,
            40.0184834
          ],
          [
            30.024354,
            40.0182307
          ]
        ]
      },
      "id": "way/503194957"
    },
    {
      "type": "Feature",
      "properties": {
        "@id": "way/503194958",
        "electrified": "contact_line",
        "frequency": "50",
        "gauge": "1435",
        "name": "Konvansiyonel ile yüksek hızlı demiryolu bağlantı hattı",
        "operator": "TCDD",
        "railway": "rail",
        "railway:etcs": "yes",
        "usage": "main",
        "voltage": "25000"
      },
      "geometry": {
        "type": "LineString",
        "coordinates": [
          [
            30.0265346,
            40.024512
          ],
          [
            30.0268525,
            40.0231348
          ],
          [
            30.0269034,
            40.0228401
          ],
          [
            30.0269155,
            40.0225556
          ],
          [
            30.0269034,
            40.022343
          ],
          [
            30.0268659,
            40.0221201
          ],
          [
            30.0267707,
            40.0217966
          ],
          [
            30.0265869,
            40.0214382
          ],
          [
            30.0264126,
            40.0211773
          ],
          [
            30.0245337,
            40.0184834
          ]
        ]
      },
      "id": "way/503194958"
    },
    {
      "type": "Feature",
      "properties": {
        "@id": "way/503195418",
        "electrified": "contact_line",
        "frequency": "50",
        "gauge": "1435",
        "layer": "-2",
        "maxspeed": "65",
        "name": "Konvansiyonel ile yüksek hızlı demiryolu bağlantı hattı",
        "operator": "TCDD",
        "railway": "rail",
        "railway:etcs": "yes",
        "tunnel": "yes",
        "usage": "main",
        "voltage": "25000"
      },
      "geometry": {
        "type": "LineString",
        "coordinates": [
          [
            30.0219719,
            40.0562325
          ],
          [
            30.0207048,
            40.0557793
          ],
          [
            30.0186859,
            40.0544717
          ],
          [
            30.0171061,
            40.0526275
          ],
          [
            30.0151741,
            40.0487741
          ],
          [
            30.0148201,
            40.046803
          ],
          [
            30.0147128,
            40.0452014
          ],
          [
            30.0149059,
            40.0433945
          ],
          [
            30.0152278,
            40.0420967
          ],
          [
            30.0157964,
            40.0408647
          ],
          [
            30.0166654,
            40.0395422
          ],
          [
            30.0191814,
            40.0367802
          ]
        ]
      },
      "id": "way/503195418"
    },
    {
      "type": "Feature",
      "properties": {
        "@id": "way/503195422",
        "electrified": "contact_line",
        "frequency": "50",
        "gauge": "1435",
        "maxspeed": "65",
        "name": "Konvansiyonel ile yüksek hızlı demiryolu bağlantı hattı",
        "operator": "TCDD",
        "railway": "rail",
        "railway:etcs": "yes",
        "usage": "main",
        "voltage": "25000"
      },
      "geometry": {
        "type": "LineString",
        "coordinates": [
          [
            30.0222761,
            40.0563444
          ],
          [
            30.0219719,
            40.0562325
          ]
        ]
      },
      "id": "way/503195422"
    },
    {
      "type": "Feature",
      "properties": {
        "@id": "way/503195425",
        "bridge": "yes",
        "electrified": "contact_line",
        "frequency": "50",
        "gauge": "1435",
        "layer": "1",
        "maxspeed": "65",
        "name": "Konvansiyonel ile yüksek hızlı demiryolu bağlantı hattı",
        "operator": "TCDD",
        "railway": "rail",
        "railway:etcs": "yes",
        "usage": "main",
        "voltage": "25000"
      },
      "geometry": {
        "type": "LineString",
        "coordinates": [
          [
            30.0247195,
            40.0578186
          ],
          [
            30.0242457,
            40.0572983
          ],
          [
            30.0238385,
            40.05703
          ],
          [
            30.0233534,
            40.0567564
          ],
          [
            30.0222761,
            40.0563444
          ]
        ]
      },
      "id": "way/503195425"
    },
    {
      "type": "Feature",
      "properties": {
        "@id": "way/503195430",
        "electrified": "contact_line",
        "frequency": "50",
        "gauge": "1435",
        "layer": "-1",
        "maxspeed": "65",
        "name": "Konvansiyonel ile yüksek hızlı demiryolu bağlantı hattı",
        "operator": "TCDD",
        "railway": "rail",
        "railway:etcs": "2",
        "tunnel": "yes",
        "usage": "main",
        "voltage": "25000"
      },
      "geometry": {
        "type": "LineString",
        "coordinates": [
          [
            30.0255119,
            40.0591525
          ],
          [
            30.0251969,
            40.0584687
          ],
          [
            30.0247195,
            40.0578186
          ]
        ]
      },
      "id": "way/503195430"
    },
    {
      "type": "Feature",
      "properties": {
        "@id": "way/503196119",
        "electrified": "contact_line",
        "frequency": "50",
        "gauge": "1435",
        "highspeed": "yes",
        "layer": "-1",
        "maxspeed": "250",
        "name": "Ankara - İstanbul yüksek hızlı demiryolu",
        "name:en": "Ankara - İstanbul high-speed railway",
        "operator": "TCDD",
        "passenger_lines": "1",
        "railway": "rail",
        "railway:etcs": "1",
        "tunnel": "yes",
        "usage": "main",
        "voltage": "25000",
        "wikidata": "Q513146",
        "wikipedia": "en:Ankara–Istanbul high-speed railway"
      },
      "geometry": {
        "type": "LineString",
        "coordinates": [
          [
            30.0255119,
            40.0591525
          ],
          [
            30.0255434,
            40.059505
          ],
          [
            30.0254524,
            40.0624472
          ],
          [
            30.02527,
            40.0663885
          ],
          [
            30.0249266,
            40.0702393
          ],
          [
            30.024594,
            40.0718731
          ],
          [
            30.023843,
            40.0738107
          ],
          [
            30.0228238,
            40.0756743
          ],
          [
            30.0216114,
            40.0774229
          ],
          [
            30.0192093,
            40.0806341
          ]
        ]
      },
      "id": "way/503196119"
    },
    {
      "type": "Feature",
      "properties": {
        "@id": "way/503196121",
        "electrified": "contact_line",
        "frequency": "50",
        "gauge": "1435",
        "highspeed": "yes",
        "layer": "-1",
        "maxspeed": "250",
        "name": "Ankara - İstanbul yüksek hızlı demiryolu",
        "name:en": "Ankara - İstanbul high-speed railway",
        "operator": "TCDD",
        "passenger_lines": "1",
        "railway": "rail",
        "railway:etcs": "1",
        "tunnel": "yes",
        "usage": "main",
        "voltage": "25000",
        "wikidata": "Q513146",
        "wikipedia": "en:Ankara–Istanbul high-speed railway"
      },
      "geometry": {
        "type": "LineString",
        "coordinates": [
          [
            30.0191802,
            40.0806189
          ],
          [
            30.0215598,
            40.0774016
          ],
          [
            30.0227707,
            40.075655
          ],
          [
            30.0229351,
            40.0753544
          ],
          [
            30.0237877,
            40.0737956
          ],
          [
            30.0245366,
            40.0718632
          ],
          [
            30.0248682,
            40.0702343
          ],
          [
            30.0252113,
            40.0663862
          ],
          [
            30.0253937,
            40.0624456
          ],
          [
            30.0254915,
            40.0595032
          ],
          [
            30.0255119,
            40.0591525
          ]
        ]
      },
      "id": "way/503196121"
    },
    {
      "type": "Feature",
      "properties": {
        "@id": "way/627426227",
        "axle_load": "22.5",
        "electrified": "contact_line",
        "frequency": "50",
        "gauge": "1435",
        "maxspeed": "90",
        "name": "Alayunt-Balıkesir demiryolu",
        "operator": "TCDD",
        "passenger_lines": "1",
        "railway": "rail",
        "railway:etcs": "2",
        "source": "bing",
        "usage": "main",
        "voltage": "25000"
      },
      "geometry": {
        "type": "LineString",
        "coordinates": [
          [
            27.9424992,
            39.6370451
          ],
          [
            27.9398024,
            39.6377209
          ],
          [
            27.9350843,
            39.6389489
          ],
          [
            27.9349515,
            39.6389837
          ],
          [
            27.930199,
            39.6402093
          ],
          [
            27.9221328,
            39.6422708
          ],
          [
            27.9220408,
            39.6422943
          ],
          [
            27.9214666,
            39.6424437
          ],
          [
            27.9208551,
            39.6426028
          ],
          [
            27.920149,
            39.6427865
          ],
          [
            27.91943,
            39.6429736
          ],
          [
            27.918694,
            39.6431651
          ],
          [
            27.9180472,
            39.6433334
          ],
          [
            27.9173602,
            39.6435121
          ],
          [
            27.9170654,
            39.6435888
          ],
          [
            27.9169195,
            39.6436268
          ],
          [
            27.9166246,
            39.6437035
          ],
          [
            27.9162636,
            39.6437974
          ],
          [
            27.9157745,
            39.6439247
          ],
          [
            27.9151196,
            39.6440951
          ],
          [
            27.9148879,
            39.6441554
          ],
          [
            27.9145819,
            39.644235
          ],
          [
            27.9140539,
            39.6443724
          ],
          [
            27.9135223,
            39.6445107
          ],
          [
            27.9132933,
            39.6445708
          ],
          [
            27.9127423,
            39.6447154
          ],
          [
            27.9099679,
            39.6454231
          ],
          [
            27.9088056,
            39.6457193
          ],
          [
            27.9084493,
            39.64581
          ],
          [
            27.9069564,
            39.6461904
          ],
          [
            27.9067712,
            39.6462375
          ],
          [
            27.9054741,
            39.646568
          ],
          [
            27.9051322,
            39.6466551
          ],
          [
            27.903612,
            39.6470491
          ],
          [
            27.9020434,
            39.6474557
          ],
          [
            27.9019069,
            39.6474911
          ],
          [
            27.9017959,
            39.6475187
          ],
          [
            27.8999307,
            39.647983
          ]
        ]
      },
      "id": "way/627426227"
    },
    {
      "type": "Feature",
      "properties": {
        "@id": "way/627426228",
        "axle_load": "22.5",
        "bridge": "yes",
        "electrified": "contact_line",
        "frequency": "50",
        "gauge": "1435",
        "layer": "1",
        "maxspeed": "90",
        "operator": "TCDD",
        "passenger_lines": "1",
        "railway": "rail",
        "railway:etcs": "2",
        "source": "bing",
        "usage": "main",
        "voltage": "25000"
      },
      "geometry": {
        "type": "LineString",
        "coordinates": [
          [
            27.9425856,
            39.6370217
          ],
          [
            27.9424992,
            39.6370451
          ]
        ]
      },
      "id": "way/627426228"
    },
    {
      "type": "Feature",
      "properties": {
        "@id": "way/674420220",
        "axle_load": "22.5",
        "bridge": "yes",
        "electrified": "contact_line",
        "frequency": "50",
        "gauge": "1435",
        "layer": "1",
        "operator": "TCDD",
        "railway": "rail",
        "railway:etcs": "no",
        "usage": "main",
        "voltage": "25000"
      },
      "geometry": {
        "type": "LineString",
        "coordinates": [
          [
            28.1683937,
            40.0188304
          ],
          [
            28.1684252,
            40.0186533
          ]
        ]
      },
      "id": "way/674420220"
    },
    {
      "type": "Feature",
      "properties": {
        "@id": "way/676312121",
        "axle_load": "22.5",
        "electrified": "contact_line",
        "frequency": "50",
        "gauge": "1435",
        "operator": "TCDD",
        "railway": "rail",
        "railway:etcs": "no",
        "usage": "main",
        "voltage": "25000"
      },
      "geometry": {
        "type": "LineString",
        "coordinates": [
          [
            27.9944718,
            39.757012
          ],
          [
            27.9939742,
            39.7566501
          ]
        ]
      },
      "id": "way/676312121"
    },
    {
      "type": "Feature",
      "properties": {
        "@id": "way/686289960",
        "axle_load": "22.5",
        "electrified": "contact_line",
        "frequency": "50",
        "gauge": "1435",
        "layer": "-1",
        "operator": "TCDD",
        "railway": "rail",
        "railway:etcs": "yes",
        "source": "bing",
        "tunnel": "yes",
        "usage": "main",
        "voltage": "25000"
      },
      "geometry": {
        "type": "LineString",
        "coordinates": [
          [
            27.6679108,
            39.4951544
          ],
          [
            27.6678671,
            39.4950096
          ],
          [
            27.6676653,
            39.4943415
          ]
        ]
      },
      "id": "way/686289960"
    },
    {
      "type": "Feature",
      "properties": {
        "@id": "way/686289961",
        "axle_load": "22.5",
        "electrified": "contact_line",
        "frequency": "50",
        "gauge": "1435",
        "name": "Manisa-Bandırma demiryolu",
        "operator": "TCDD",
        "railway": "rail",
        "railway:etcs": "yes",
        "source": "bing",
        "usage": "main",
        "voltage": "25000"
      },
      "geometry": {
        "type": "LineString",
        "coordinates": [
          [
            27.6589505,
            39.5349164
          ],
          [
            27.6594548,
            39.5341982
          ],
          [
            27.6599627,
            39.5335405
          ],
          [
            27.6603709,
            39.5330711
          ],
          [
            27.6606868,
            39.5328267
          ],
          [
            27.6610565,
            39.5325846
          ],
          [
            27.6614725,
            39.5323876
          ],
          [
            27.6637498,
            39.5316226
          ],
          [
            27.6644799,
            39.5313472
          ],
          [
            27.6651226,
            39.531029
          ],
          [
            27.6656939,
            39.530625
          ],
          [
            27.6661303,
            39.5302578
          ],
          [
            27.6665032,
            39.5298723
          ],
          [
            27.6668048,
            39.5294806
          ],
          [
            27.6670666,
            39.5289726
          ],
          [
            27.6672412,
            39.5285442
          ],
          [
            27.6702168,
            39.5170494
          ],
          [
            27.6703913,
            39.5166515
          ],
          [
            27.6706532,
            39.5161863
          ],
          [
            27.670923,
            39.515868
          ],
          [
            27.6710433,
            39.5157385
          ],
          [
            27.6714052,
            39.5153497
          ],
          [
            27.6742409,
            39.512304
          ],
          [
            27.6743617,
            39.5121681
          ],
          [
            27.6745772,
            39.5119362
          ],
          [
            27.6748335,
            39.5116298
          ],
          [
            27.6750512,
            39.5112443
          ],
          [
            27.6751794,
            39.5108885
          ],
          [
            27.6752519,
            39.5105978
          ],
          [
            27.67531,
            39.5100998
          ],
          [
            27.6752793,
            39.5096017
          ],
          [
            27.6745824,
            39.5066998
          ],
          [
            27.6744081,
            39.5062807
          ],
          [
            27.6741519,
            39.5058458
          ],
          [
            27.673817,
            39.505443
          ],
          [
            27.6713635,
            39.5026527
          ],
          [
            27.6705719,
            39.5017195
          ],
          [
            27.6701671,
            39.501185
          ],
          [
            27.6697567,
            39.5006035
          ],
          [
            27.6694497,
            39.5000096
          ],
          [
            27.6692399,
            39.4995411
          ],
          [
            27.6689861,
            39.4988257
          ],
          [
            27.6685004,
            39.4971819
          ],
          [
            27.6679108,
            39.4951544
          ]
        ]
      },
      "id": "way/686289961"
    },
    {
      "type": "Feature",
      "properties": {
        "@id": "way/759139546",
        "electrified": "contact_line",
        "frequency": "50",
        "gauge": "1435",
        "name": "Konvansiyonel ile yüksek hızlı demiryolu bağlantı hattı",
        "operator": "TCDD",
        "railway": "rail",
        "railway:etcs": "yes",
        "usage": "main",
        "voltage": "25000"
      },
      "geometry": {
        "type": "LineString",
        "coordinates": [
          [
            30.024354,
            40.0182307
          ],
          [
            30.0241528,
            40.0179842
          ],
          [
            30.0239839,
            40.0178066
          ],
          [
            30.0237934,
            40.0176402
          ],
          [
            30.0235306,
            40.0174368
          ],
          [
            30.0232999,
            40.0173002
          ],
          [
            30.0229284,
            40.0170989
          ],
          [
            30.0220363,
            40.0166607
          ]
        ]
      },
      "id": "way/759139546"
    },
    {
      "type": "Feature",
      "properties": {
        "@id": "way/849337170",
        "cutting": "yes",
        "electrified": "contact_line",
        "frequency": "50",
        "gauge": "1435",
        "highspeed": "yes",
        "maxspeed": "250",
        "name": "Ankara - İstanbul yüksek hızlı demiryolu",
        "name:en": "Ankara - İstanbul high-speed railway",
        "operator": "TCDD",
        "passenger_lines": "1",
        "railway": "rail",
        "railway:etcs": "1",
        "usage": "main",
        "voltage": "25000",
        "wikidata": "Q513146",
        "wikipedia": "en:Ankara–Istanbul high-speed railway"
      },
      "geometry": {
        "type": "LineString",
        "coordinates": [
          [
            30.10271,
            39.8529786
          ],
          [
            30.1099478,
            39.8500535
          ],
          [
            30.1133188,
            39.8486919
          ]
        ]
      },
      "id": "way/849337170"
    },
    {
      "type": "Feature",
      "properties": {
        "@id": "way/849337171",
        "cutting": "yes",
        "electrified": "contact_line",
        "frequency": "50",
        "gauge": "1435",
        "highspeed": "yes",
        "maxspeed": "250",
        "name": "Ankara - İstanbul yüksek hızlı demiryolu",
        "name:en": "Ankara - İstanbul high-speed railway",
        "operator": "TCDD",
        "passenger_lines": "1",
        "railway": "rail",
        "railway:etcs": "1",
        "usage": "main",
        "voltage": "25000",
        "wikidata": "Q513146",
        "wikipedia": "en:Ankara–Istanbul high-speed railway"
      },
      "geometry": {
        "type": "LineString",
        "coordinates": [
          [
            30.1133568,
            39.8487307
          ],
          [
            30.1027443,
            39.8530162
          ]
        ]
      },
      "id": "way/849337171"
    },
    {
      "type": "Feature",
      "properties": {
        "@id": "way/849337172",
        "electrified": "contact_line",
        "embankment": "yes",
        "frequency": "50",
        "gauge": "1435",
        "highspeed": "yes",
        "maxspeed": "250",
        "name": "Ankara - İstanbul yüksek hızlı demiryolu",
        "name:en": "Ankara - İstanbul high-speed railway",
        "operator": "TCDD",
        "passenger_lines": "1",
        "railway": "rail",
        "railway:etcs": "1",
        "usage": "main",
        "voltage": "25000",
        "wikidata": "Q513146",
        "wikipedia": "en:Ankara–Istanbul high-speed railway"
      },
      "geometry": {
        "type": "LineString",
        "coordinates": [
          [
            30.1027443,
            39.8530162
          ],
          [
            30.1003466,
            39.8539615
          ]
        ]
      },
      "id": "way/849337172"
    },
    {
      "type": "Feature",
      "properties": {
        "@id": "way/849337173",
        "electrified": "contact_line",
        "embankment": "yes",
        "frequency": "50",
        "gauge": "1435",
        "highspeed": "yes",
        "maxspeed": "250",
        "name": "Ankara - İstanbul yüksek hızlı demiryolu",
        "name:en": "Ankara - İstanbul high-speed railway",
        "operator": "TCDD",
        "passenger_lines": "1",
        "railway": "rail",
        "railway:etcs": "1",
        "usage": "main",
        "voltage": "25000",
        "wikidata": "Q513146",
        "wikipedia": "en:Ankara–Istanbul high-speed railway"
      },
      "geometry": {
        "type": "LineString",
        "coordinates": [
          [
            30.100316,
            39.8539212
          ],
          [
            30.10271,
            39.8529786
          ]
        ]
      },
      "id": "way/849337173"
    },
    {
      "type": "Feature",
      "properties": {
        "@id": "way/849337174",
        "cutting": "yes",
        "electrified": "contact_line",
        "frequency": "50",
        "gauge": "1435",
        "highspeed": "yes",
        "maxspeed": "250",
        "name": "Ankara - İstanbul yüksek hızlı demiryolu",
        "name:en": "Ankara - İstanbul high-speed railway",
        "operator": "TCDD",
        "passenger_lines": "1",
        "railway": "rail",
        "railway:etcs": "1",
        "usage": "main",
        "voltage": "25000",
        "wikidata": "Q513146",
        "wikipedia": "en:Ankara–Istanbul high-speed railway"
      },
      "geometry": {
        "type": "LineString",
        "coordinates": [
          [
            30.0345159,
            39.8844916
          ],
          [
            30.0385242,
            39.8825074
          ]
        ]
      },
      "id": "way/849337174"
    },
    {
      "type": "Feature",
      "properties": {
        "@id": "way/849337175",
        "electrified": "contact_line",
        "embankment": "yes",
        "frequency": "50",
        "gauge": "1435",
        "highspeed": "yes",
        "maxspeed": "250",
        "name": "Ankara - İstanbul yüksek hızlı demiryolu",
        "name:en": "Ankara - İstanbul high-speed railway",
        "operator": "TCDD",
        "passenger_lines": "1",
        "railway": "rail",
        "railway:etcs": "1",
        "usage": "main",
        "voltage": "25000",
        "wikidata": "Q513146",
        "wikipedia": "en:Ankara–Istanbul high-speed railway"
      },
      "geometry": {
        "type": "LineString",
        "coordinates": [
          [
            30.0345364,
            39.8845246
          ],
          [
            30.0334279,
            39.8850779
          ],
          [
            30.0320629,
            39.8857895
          ],
          [
            30.0303823,
            39.8867306
          ],
          [
            30.0286356,
            39.8877652
          ]
        ]
      },
      "id": "way/849337175"
    },
    {
      "type": "Feature",
      "properties": {
        "@id": "way/849337176",
        "cutting": "yes",
        "electrified": "contact_line",
        "frequency": "50",
        "gauge": "1435",
        "highspeed": "yes",
        "maxspeed": "250",
        "name": "Ankara - İstanbul yüksek hızlı demiryolu",
        "name:en": "Ankara - İstanbul high-speed railway",
        "operator": "TCDD",
        "passenger_lines": "1",
        "railway": "rail",
        "railway:etcs": "1",
        "usage": "main",
        "voltage": "25000",
        "wikidata": "Q513146",
        "wikipedia": "en:Ankara–Istanbul high-speed railway"
      },
      "geometry": {
        "type": "LineString",
        "coordinates": [
          [
            30.0385458,
            39.8825521
          ],
          [
            30.0345364,
            39.8845246
          ]
        ]
      },
      "id": "way/849337176"
    },
    {
      "type": "Feature",
      "properties": {
        "@id": "way/849337177",
        "electrified": "contact_line",
        "frequency": "50",
        "gauge": "1435",
        "highspeed": "yes",
        "maxspeed": "250",
        "name": "Ankara - İstanbul yüksek hızlı demiryolu",
        "name:en": "Ankara - İstanbul high-speed railway",
        "operator": "TCDD",
        "passenger_lines": "1",
        "railway": "rail",
        "railway:etcs": "1",
        "usage": "main",
        "voltage": "25000",
        "wikidata": "Q513146",
        "wikipedia": "en:Ankara–Istanbul high-speed railway"
      },
      "geometry": {
        "type": "LineString",
        "coordinates": [
          [
            30.0385242,
            39.8825074
          ],
          [
            30.0427003,
            39.8804902
          ],
          [
            30.0468353,
            39.8784716
          ],
          [
            30.0545432,
            39.8747076
          ],
          [
            30.0574911,
            39.8732504
          ]
        ]
      },
      "id": "way/849337177"
    },
    {
      "type": "Feature",
      "properties": {
        "@id": "way/849337178",
        "cutting": "yes",
        "electrified": "contact_line",
        "frequency": "50",
        "gauge": "1435",
        "highspeed": "yes",
        "maxspeed": "250",
        "name": "Ankara - İstanbul yüksek hızlı demiryolu",
        "name:en": "Ankara - İstanbul high-speed railway",
        "operator": "TCDD",
        "passenger_lines": "1",
        "railway": "rail",
        "railway:etcs": "1",
        "usage": "main",
        "voltage": "25000",
        "wikidata": "Q513146",
        "wikipedia": "en:Ankara–Istanbul high-speed railway"
      },
      "geometry": {
        "type": "LineString",
        "coordinates": [
          [
            30.0286356,
            39.8877652
          ],
          [
            30.0271393,
            39.8887601
          ],
          [
            30.0255413,
            39.8899013
          ],
          [
            30.0241451,
            39.8909277
          ],
          [
            30.0226307,
            39.8921171
          ]
        ]
      },
      "id": "way/849337178"
    },
    {
      "type": "Feature",
      "properties": {
        "@id": "way/849337179",
        "electrified": "contact_line",
        "embankment": "yes",
        "frequency": "50",
        "gauge": "1435",
        "highspeed": "yes",
        "maxspeed": "250",
        "name": "Ankara - İstanbul yüksek hızlı demiryolu",
        "name:en": "Ankara - İstanbul high-speed railway",
        "operator": "TCDD",
        "passenger_lines": "1",
        "railway": "rail",
        "railway:etcs": "1",
        "usage": "main",
        "voltage": "25000",
        "wikidata": "Q513146",
        "wikipedia": "en:Ankara–Istanbul high-speed railway"
      },
      "geometry": {
        "type": "LineString",
        "coordinates": [
          [
            30.0285958,
            39.8877294
          ],
          [
            30.030334,
            39.8867018
          ],
          [
            30.0320118,
            39.8857676
          ],
          [
            30.0334038,
            39.8850388
          ],
          [
            30.0345159,
            39.8844916
          ]
        ]
      },
      "id": "way/849337179"
    },
    {
      "type": "Feature",
      "properties": {
        "@id": "way/849337180",
        "electrified": "contact_line",
        "frequency": "50",
        "gauge": "1435",
        "highspeed": "yes",
        "maxspeed": "250",
        "name": "Ankara - İstanbul yüksek hızlı demiryolu",
        "name:en": "Ankara - İstanbul high-speed railway",
        "operator": "TCDD",
        "passenger_lines": "1",
        "railway": "rail",
        "railway:etcs": "1",
        "usage": "main",
        "voltage": "25000",
        "wikidata": "Q513146",
        "wikipedia": "en:Ankara–Istanbul high-speed railway"
      },
      "geometry": {
        "type": "LineString",
        "coordinates": [
          [
            29.9929769,
            39.9729919
          ],
          [
            29.9928132,
            39.9725357
          ],
          [
            29.9926275,
            39.9720493
          ],
          [
            29.9923405,
            39.9712271
          ],
          [
            29.9919671,
            39.9699744
          ]
        ]
      },
      "id": "way/849337180"
    },
    {
      "type": "Feature",
      "properties": {
        "@id": "way/849337184",
        "bridge": "yes",
        "electrified": "contact_line",
        "frequency": "50",
        "gauge": "1435",
        "layer": "1",
        "operator": "TCDD",
        "railway": "rail",
        "railway:etcs": "yes",
        "source": "Bing",
        "usage": "main",
        "voltage": "25000"
      },
      "geometry": {
        "type": "LineString",
        "coordinates": [
          [
            29.9924765,
            39.9723907
          ],
          [
            29.9922964,
            39.9722267
          ]
        ]
      },
      "id": "way/849337184"
    },
    {
      "type": "Feature",
      "properties": {
        "@id": "way/849337185",
        "electrified": "contact_line",
        "frequency": "50",
        "gauge": "1435",
        "name": "İstanbul - Ankara demiryolu",
        "operator": "TCDD",
        "railway": "rail",
        "railway:etcs": "yes",
        "source": "Bing",
        "usage": "main",
        "voltage": "25000"
      },
      "geometry": {
        "type": "LineString",
        "coordinates": [
          [
            29.9922964,
            39.9722267
          ],
          [
            29.9918237,
            39.9717381
          ],
          [
            29.9915257,
            39.9713901
          ],
          [
            29.9911371,
            39.9708756
          ],
          [
            29.9906649,
            39.9699453
          ]
        ]
      },
      "id": "way/849337185"
    },
    {
      "type": "Feature",
      "properties": {
        "@id": "way/849337186",
        "cutting": "yes",
        "electrified": "contact_line",
        "frequency": "50",
        "gauge": "1435",
        "highspeed": "yes",
        "maxspeed": "250",
        "name": "Ankara - İstanbul yüksek hızlı demiryolu",
        "name:en": "Ankara - İstanbul high-speed railway",
        "operator": "TCDD",
        "passenger_lines": "1",
        "railway": "rail",
        "railway:etcs": "1",
        "usage": "main",
        "voltage": "25000",
        "wikidata": "Q513146",
        "wikipedia": "en:Ankara–Istanbul high-speed railway"
      },
      "geometry": {
        "type": "LineString",
        "coordinates": [
          [
            30.001218,
            39.9872589
          ],
          [
            30.0020341,
            39.9885546
          ]
        ]
      },
      "id": "way/849337186"
    },
    {
      "type": "Feature",
      "properties": {
        "@id": "way/849337187",
        "cutting": "yes",
        "electrified": "contact_line",
        "frequency": "50",
        "gauge": "1435",
        "highspeed": "yes",
        "maxspeed": "250",
        "name": "Ankara - İstanbul yüksek hızlı demiryolu",
        "name:en": "Ankara - İstanbul high-speed railway",
        "operator": "TCDD",
        "passenger_lines": "1",
        "railway": "rail",
        "railway:etcs": "1",
        "usage": "main",
        "voltage": "25000",
        "wikidata": "Q513146",
        "wikipedia": "en:Ankara–Istanbul high-speed railway"
      },
      "geometry": {
        "type": "LineString",
        "coordinates": [
          [
            30.0019797,
            39.9885791
          ],
          [
            30.0011708,
            39.9872929
          ]
        ]
      },
      "id": "way/849337187"
    },
    {
      "type": "Feature",
      "properties": {
        "@id": "way/849413254",
        "electrified": "contact_line",
        "frequency": "50",
        "gauge": "1435",
        "highspeed": "yes",
        "maxspeed": "250",
        "operator": "TCDD",
        "passenger_lines": "1",
        "railway": "rail",
        "railway:etcs": "1",
        "usage": "main",
        "voltage": "25000"
      },
      "geometry": {
        "type": "LineString",
        "coordinates": [
          [
            30.0034052,
            39.9906515
          ],
          [
            30.0036161,
            39.9908939
          ],
          [
            30.0037315,
            39.9911136
          ]
        ]
      },
      "id": "way/849413254"
    },
    {
      "type": "Feature",
      "properties": {
        "@id": "way/854304325",
        "bridge": "yes",
        "electrified": "contact_line",
        "frequency": "50",
        "gauge": "1435",
        "highspeed": "yes",
        "layer": "1",
        "maxspeed": "250",
        "name": "Ankara - İstanbul yüksek hızlı demiryolu",
        "name:en": "Ankara - İstanbul high-speed railway",
        "operator": "TCDD",
        "passenger_lines": "1",
        "railway": "rail",
        "railway:etcs": "1",
        "usage": "main",
        "voltage": "25000",
        "wikidata": "Q513146",
        "wikipedia": "en:Ankara–Istanbul high-speed railway"
      },
      "geometry": {
        "type": "LineString",
        "coordinates": [
          [
            29.9931268,
            39.9733423
          ],
          [
            29.9929769,
            39.9729919
          ]
        ]
      },
      "id": "way/854304325"
    },
    {
      "type": "Feature",
      "properties": {
        "@id": "way/854304327",
        "bridge": "yes",
        "electrified": "contact_line",
        "frequency": "50",
        "gauge": "1435",
        "highspeed": "yes",
        "layer": "1",
        "maxspeed": "250",
        "name": "Ankara - İstanbul yüksek hızlı demiryolu",
        "name:en": "Ankara - İstanbul high-speed railway",
        "operator": "TCDD",
        "passenger_lines": "1",
        "railway": "rail",
        "railway:etcs": "1",
        "usage": "main",
        "voltage": "25000",
        "wikidata": "Q513146",
        "wikipedia": "en:Ankara–Istanbul high-speed railway"
      },
      "geometry": {
        "type": "LineString",
        "coordinates": [
          [
            29.9930736,
            39.9730498
          ],
          [
            29.993221,
            39.9734018
          ]
        ]
      },
      "id": "way/854304327"
    },
    {
      "type": "Feature",
      "properties": {
        "@id": "way/854304328",
        "electrified": "contact_line",
        "frequency": "50",
        "gauge": "1435",
        "highspeed": "yes",
        "maxspeed": "250",
        "name": "Ankara - İstanbul yüksek hızlı demiryolu",
        "name:en": "Ankara - İstanbul high-speed railway",
        "operator": "TCDD",
        "passenger_lines": "1",
        "railway": "rail",
        "railway:etcs": "1",
        "usage": "main",
        "voltage": "25000",
        "wikidata": "Q513146",
        "wikipedia": "en:Ankara–Istanbul high-speed railway"
      },
      "geometry": {
        "type": "LineString",
        "coordinates": [
          [
            29.993221,
            39.9734018
          ],
          [
            29.9938527,
            39.9749242
          ]
        ]
      },
      "id": "way/854304328"
    },
    {
      "type": "Feature",
      "properties": {
        "@id": "way/854304329",
        "electrified": "contact_line",
        "embankment": "yes",
        "frequency": "50",
        "gauge": "1435",
        "name": "İstanbul - Ankara demiryolu",
        "operator": "TCDD",
        "railway": "rail",
        "railway:etcs": "yes",
        "source": "Bing",
        "usage": "main",
        "voltage": "25000"
      },
      "geometry": {
        "type": "LineString",
        "coordinates": [
          [
            29.9984405,
            39.9746758
          ],
          [
            29.9982527,
            39.9744552
          ],
          [
            29.9977509,
            39.9740904
          ],
          [
            29.9974388,
            39.9739124
          ],
          [
            29.9970502,
            39.9737621
          ],
          [
            29.9966479,
            39.9736308
          ],
          [
            29.996246,
            39.9735493
          ],
          [
            29.9953328,
            39.9733851
          ],
          [
            29.9946985,
            39.973299
          ],
          [
            29.99427,
            39.973221
          ],
          [
            29.9939565,
            39.9731415
          ],
          [
            29.9935924,
            39.9730382
          ],
          [
            29.9932547,
            39.9728991
          ],
          [
            29.9930879,
            39.9728115
          ]
        ]
      },
      "id": "way/854304329"
    },
    {
      "type": "Feature",
      "properties": {
        "@id": "way/854304330",
        "electrified": "contact_line",
        "frequency": "50",
        "gauge": "1435",
        "name": "İstanbul - Ankara demiryolu",
        "operator": "TCDD",
        "railway": "rail",
        "railway:etcs": "yes",
        "source": "Bing",
        "usage": "main",
        "voltage": "25000"
      },
      "geometry": {
        "type": "LineString",
        "coordinates": [
          [
            29.9928093,
            39.9726561
          ],
          [
            29.9924765,
            39.9723907
          ]
        ]
      },
      "id": "way/854304330"
    },
    {
      "type": "Feature",
      "properties": {
        "@id": "way/854304333",
        "bridge": "yes",
        "electrified": "contact_line",
        "frequency": "50",
        "gauge": "1435",
        "layer": "1",
        "name": "İstanbul - Ankara demiryolu",
        "operator": "TCDD",
        "railway": "rail",
        "railway:etcs": "yes",
        "source": "Bing",
        "usage": "main",
        "voltage": "25000"
      },
      "geometry": {
        "type": "LineString",
        "coordinates": [
          [
            30.0002938,
            39.9798373
          ],
          [
            29.9995344,
            39.9774393
          ],
          [
            29.9994103,
            39.9770067
          ],
          [
            29.9993057,
            39.9766255
          ]
        ]
      },
      "id": "way/854304333"
    },
    {
      "type": "Feature",
      "properties": {
        "@id": "way/1024326973",
        "axle_load": "22.5",
        "electrified": "contact_line",
        "frequency": "50",
        "gauge": "1435",
        "name": "Manisa-Bandırma demiryolu",
        "operator": "TCDD",
        "railway": "rail",
        "railway:etcs": "no",
        "usage": "main",
        "voltage": "25000"
      },
      "geometry": {
        "type": "LineString",
        "coordinates": [
          [
            28.1507532,
            39.9212192
          ],
          [
            28.1515845,
            39.9219025
          ],
          [
            28.1519458,
            39.9223336
          ],
          [
            28.1521451,
            39.9227095
          ],
          [
            28.1522861,
            39.9232344
          ],
          [
            28.1523604,
            39.9234852
          ],
          [
            28.1523765,
            39.9235431
          ],
          [
            28.1552795,
            39.9343037
          ]
        ]
      },
      "id": "way/1024326973"
    },
    {
      "type": "Feature",
      "properties": {
        "@id": "way/1137171376",
        "axle_load": "22.5",
        "electrified": "no",
        "gauge": "1435",
        "maxspeed": "60",
        "name": "Kütahya-Seyitömer şube demiryolu",
        "operator": "TCDD",
        "passenger_lines": "1",
        "railway": "rail",
        "source": "bing",
        "usage": "branch"
      },
      "geometry": {
        "type": "LineString",
        "coordinates": [
          [
            30.0006324,
            39.4920269
          ],
          [
            30.0005696,
            39.4923949
          ],
          [
            30.000384,
            39.4927539
          ],
          [
            30.0002137,
            39.4931828
          ],
          [
            29.9998493,
            39.4937985
          ],
          [
            29.9993137,
            39.4945977
          ]
        ]
      },
      "id": "way/1137171376"
    },
    {
      "type": "Feature",
      "properties": {
        "@id": "way/1137171377",
        "axle_load": "22.5",
        "bridge": "yes",
        "electrified": "no",
        "gauge": "1435",
        "layer": "1",
        "maxspeed": "60",
        "operator": "TCDD",
        "passenger_lines": "1",
        "railway": "rail",
        "source": "bing",
        "usage": "branch"
      },
      "geometry": {
        "type": "LineString",
        "coordinates": [
          [
            30.0006991,
            39.4918105
          ],
          [
            30.0006324,
            39.4920269
          ]
        ]
      },
      "id": "way/1137171377"
    },
    {
      "type": "Feature",
      "properties": {
        "@id": "way/1191645572",
        "axle_load": "22.5",
        "electrified": "contact_line",
        "frequency": "50",
        "gauge": "1435",
        "maxspeed": "75",
        "name": "Alayunt-Balıkesir demiryolu",
        "operator": "TCDD",
        "passenger_lines": "1",
        "railway": "rail",
        "railway:etcs": "2",
        "source": "bing",
        "usage": "main",
        "voltage": "25000"
      },
      "geometry": {
        "type": "LineString",
        "coordinates": [
          [
            28.9435254,
            39.6207931
          ],
          [
            28.9436451,
            39.6204261
          ],
          [
            28.9438156,
            39.6200912
          ],
          [
            28.9440885,
            39.6197628
          ],
          [
            28.9444296,
            39.6194672
          ],
          [
            28.9447365,
            39.6192899
          ],
          [
            28.9451458,
            39.619106
          ],
          [
            28.9456233,
            39.6189746
          ],
          [
            28.9460667,
            39.6189023
          ],
          [
            28.9466124,
            39.6188695
          ],
          [
            28.9499208,
            39.6187053
          ],
          [
            28.9504153,
            39.6187381
          ],
          [
            28.9510036,
            39.6188432
          ],
          [
            28.9515749,
            39.6190009
          ],
          [
            28.9529733,
            39.6195329
          ],
          [
            28.953502,
            39.6196905
          ],
          [
            28.9540391,
            39.6197628
          ],
          [
            28.9547895,
            39.6197956
          ],
          [
            28.9556507,
            39.6197562
          ],
          [
            28.9561538,
            39.6196708
          ],
          [
            28.9566057,
            39.6195395
          ],
          [
            28.9571088,
            39.6193096
          ],
          [
            28.958618,
            39.6184754
          ],
          [
            28.9590784,
            39.6183046
          ],
          [
            28.9596923,
            39.6181339
          ],
          [
            28.960221,
            39.6180288
          ],
          [
            28.9607411,
            39.6179762
          ],
          [
            28.9613636,
            39.6179565
          ],
          [
            28.9619946,
            39.6180288
          ],
          [
            28.9632224,
            39.6182193
          ],
          [
            28.9635805,
            39.6182324
          ],
          [
            28.9639727,
            39.6182324
          ],
          [
            28.9644502,
            39.6181601
          ],
          [
            28.9649107,
            39.6180156
          ],
          [
            28.9652603,
            39.6178777
          ],
          [
            28.9656696,
            39.6175887
          ],
          [
            28.9659509,
            39.617326
          ],
          [
            28.9661812,
            39.6170567
          ],
          [
            28.9664029,
            39.6166888
          ],
          [
            28.967102,
            39.6154014
          ],
          [
            28.9673408,
            39.6150467
          ],
          [
            28.9676563,
            39.6147249
          ],
          [
            28.9679803,
            39.6144687
          ],
          [
            28.9684322,
            39.6141797
          ],
          [
            28.9689523,
            39.6139367
          ],
          [
            28.9694213,
            39.6137856
          ],
          [
            28.96995,
            39.613687
          ],
          [
            28.9705042,
            39.6136345
          ],
          [
            28.9710925,
            39.6136345
          ],
          [
            28.97157,
            39.6137002
          ],
          [
            28.9721499,
            39.6138119
          ],
          [
            28.9744947,
            39.6145344
          ]
        ]
      },
      "id": "way/1191645572"
    },
    {
      "type": "Feature",
      "properties": {
        "@id": "way/1191645573",
        "axle_load": "22.5",
        "bridge": "yes",
        "electrified": "contact_line",
        "frequency": "50",
        "gauge": "1435",
        "layer": "1",
        "maxspeed": "75",
        "operator": "TCDD",
        "passenger_lines": "1",
        "railway": "rail",
        "railway:etcs": "2",
        "source": "bing",
        "usage": "main",
        "voltage": "25000"
      },
      "geometry": {
        "type": "LineString",
        "coordinates": [
          [
            28.9434998,
            39.6208716
          ],
          [
            28.9435254,
            39.6207931
          ]
        ]
      },
      "id": "way/1191645573"
    },
    {
      "type": "Feature",
      "properties": {
        "@id": "way/1215450561",
        "axle_load": "22.5",
        "electrified": "contact_line",
        "frequency": "50",
        "gauge": "1435",
        "maxspeed": "95",
        "name": "Alayunt-Balıkesir demiryolu",
        "operator": "TCDD",
        "passenger_lines": "1",
        "railway": "rail",
        "railway:etcs": "2",
        "source": "bing",
        "usage": "main",
        "voltage": "25000"
      },
      "geometry": {
        "type": "LineString",
        "coordinates": [
          [
            29.5194772,
            39.5280374
          ],
          [
            29.5116362,
            39.5319778
          ],
          [
            29.5106523,
            39.532477
          ],
          [
            29.5099533,
            39.5327699
          ],
          [
            29.5093061,
            39.5329762
          ],
          [
            29.5071141,
            39.5335287
          ],
          [
            29.5070045,
            39.5335558
          ],
          [
            29.5047495,
            39.5341144
          ],
          [
            29.504551,
            39.5341743
          ],
          [
            29.49788,
            39.5357983
          ],
          [
            29.4945359,
            39.5366535
          ],
          [
            29.49325,
            39.5369592
          ],
          [
            29.4919385,
            39.5372857
          ],
          [
            29.4905846,
            39.5376227
          ],
          [
            29.4901735,
            39.5377919
          ],
          [
            29.4897815,
            39.5380091
          ]
        ]
      },
      "id": "way/1215450561"
    },
    {
      "type": "Feature",
      "properties": {
        "@id": "way/1215450562",
        "axle_load": "22.5",
        "bridge": "yes",
        "electrified": "contact_line",
        "frequency": "50",
        "gauge": "1435",
        "layer": "1",
        "maxspeed": "95",
        "operator": "TCDD",
        "passenger_lines": "1",
        "railway": "rail",
        "railway:etcs": "2",
        "source": "bing",
        "usage": "main",
        "voltage": "25000"
      },
      "geometry": {
        "type": "LineString",
        "coordinates": [
          [
            29.5195656,
            39.5279929
          ],
          [
            29.5194772,
            39.5280374
          ]
        ]
      },
      "id": "way/1215450562"
    },
    {
      "type": "Feature",
      "properties": {
        "@id": "way/1215450566",
        "axle_load": "22.5",
        "electrified": "contact_line",
        "frequency": "50",
        "gauge": "1435",
        "maxspeed": "95",
        "operator": "TCDD",
        "passenger_lines": "1",
        "railway": "rail",
        "railway:etcs": "2",
        "source": "bing",
        "usage": "main",
        "voltage": "25000"
      },
      "geometry": {
        "type": "LineString",
        "coordinates": [
          [
            29.5402283,
            39.5176004
          ],
          [
            29.5318907,
            39.5218
          ],
          [
            29.5230363,
            39.5262334
          ],
          [
            29.5196361,
            39.5279575
          ],
          [
            29.5195656,
            39.5279929
          ]
        ]
      },
      "id": "way/1215450566"
    },
    {
      "type": "Feature",
      "properties": {
        "@id": "way/1215450567",
        "axle_load": "22.5",
        "bridge": "yes",
        "electrified": "contact_line",
        "frequency": "50",
        "gauge": "1435",
        "layer": "1",
        "maxspeed": "95",
        "operator": "TCDD",
        "passenger_lines": "1",
        "railway": "rail",
        "railway:etcs": "2",
        "source": "bing",
        "usage": "main",
        "voltage": "25000"
      },
      "geometry": {
        "type": "LineString",
        "coordinates": [
          [
            29.5403179,
            39.5175553
          ],
          [
            29.5402283,
            39.5176004
          ]
        ]
      },
      "id": "way/1215450567"
    },
    {
      "type": "Feature",
      "properties": {
        "@id": "way/1215453286",
        "axle_load": "22.5",
        "electrified": "contact_line",
        "frequency": "50",
        "gauge": "1435",
        "maxspeed": "55",
        "name": "Kütahya-Seyitömer şube demiryolu",
        "operator": "TCDD",
        "passenger_lines": "1",
        "railway": "rail",
        "source": "GPS",
        "usage": "branch",
        "voltage": "25000"
      },
      "geometry": {
        "type": "LineString",
        "coordinates": [
          [
            30.0063053,
            39.4383459
          ],
          [
            30.0063291,
            39.4388534
          ],
          [
            30.0064916,
            39.4393551
          ],
          [
            30.0067033,
            39.439796
          ],
          [
            30.0071944,
            39.4403524
          ],
          [
            30.0088915,
            39.4422706
          ],
          [
            30.0098001,
            39.4432311
          ]
        ]
      },
      "id": "way/1215453286"
    },
    {
      "type": "Feature",
      "properties": {
        "@id": "way/1215453287",
        "axle_load": "22.5",
        "bridge": "yes",
        "electrified": "contact_line",
        "frequency": "50",
        "gauge": "1435",
        "layer": "1",
        "maxspeed": "55",
        "operator": "TCDD",
        "passenger_lines": "1",
        "railway": "rail",
        "source": "GPS",
        "usage": "branch",
        "voltage": "25000"
      },
      "geometry": {
        "type": "LineString",
        "coordinates": [
          [
            30.0098001,
            39.4432311
          ],
          [
            30.0098622,
            39.4432986
          ]
        ]
      },
      "id": "way/1215453287"
    },
    {
      "type": "Feature",
      "properties": {
        "@id": "way/1215551285",
        "axle_load": "22.5",
        "electrified": "contact_line",
        "frequency": "50",
        "gauge": "1435",
        "maxspeed": "120",
        "name": "Alayunt-Balıkesir demiryolu",
        "operator": "TCDD",
        "passenger_lines": "1",
        "railway": "rail",
        "railway:etcs": "2",
        "source": "bing",
        "usage": "main",
        "voltage": "25000"
      },
      "geometry": {
        "type": "LineString",
        "coordinates": [
          [
            29.9831959,
            39.4333417
          ],
          [
            29.982675,
            39.4335169
          ],
          [
            29.9820488,
            39.4335461
          ],
          [
            29.9814692,
            39.4335786
          ],
          [
            29.980668,
            39.4334901
          ],
          [
            29.979873,
            39.4333057
          ],
          [
            29.9718639,
            39.4313104
          ],
          [
            29.9718136,
            39.4312979
          ],
          [
            29.9698694,
            39.4308309
          ],
          [
            29.9688676,
            39.4307053
          ],
          [
            29.9680048,
            39.4306866
          ],
          [
            29.9670931,
            39.4307773
          ],
          [
            29.9658447,
            39.4310641
          ],
          [
            29.963999,
            39.4315533
          ],
          [
            29.9595837,
            39.4327322
          ],
          [
            29.9594658,
            39.4327655
          ],
          [
            29.958725,
            39.4329748
          ],
          [
            29.9576409,
            39.4331648
          ],
          [
            29.9482053,
            39.4343256
          ],
          [
            29.9471891,
            39.4345587
          ],
          [
            29.9461388,
            39.4348762
          ],
          [
            29.9450047,
            39.4353949
          ],
          [
            29.939582,
            39.4388251
          ],
          [
            29.9357504,
            39.4413933
          ],
          [
            29.9310203,
            39.4444442
          ],
          [
            29.9300893,
            39.4449738
          ],
          [
            29.9290109,
            39.4454969
          ],
          [
            29.9198325,
            39.4488264
          ]
        ]
      },
      "id": "way/1215551285"
    },
    {
      "type": "Feature",
      "properties": {
        "@id": "way/1215551286",
        "axle_load": "22.5",
        "bridge": "yes",
        "electrified": "contact_line",
        "frequency": "50",
        "gauge": "1435",
        "layer": "1",
        "maxspeed": "120",
        "operator": "TCDD",
        "passenger_lines": "1",
        "railway": "rail",
        "railway:etcs": "2",
        "source": "bing",
        "usage": "main",
        "voltage": "25000"
      },
      "geometry": {
        "type": "LineString",
        "coordinates": [
          [
            29.9198325,
            39.4488264
          ],
          [
            29.9197254,
            39.4488658
          ]
        ]
      },
      "id": "way/1215551286"
    },
    {
      "type": "Feature",
      "properties": {
        "@id": "way/1309956299",
        "electrified": "contact_line",
        "frequency": "50",
        "gauge": "1435",
        "name": "İstanbul - Ankara demiryolu",
        "operator": "TCDD",
        "railway": "rail",
        "railway:etcs": "yes",
        "usage": "main",
        "voltage": "25000"
      },
      "geometry": {
        "type": "LineString",
        "coordinates": [
          [
            30.0215749,
            40.0163871
          ],
          [
            30.022965,
            40.0170739
          ],
          [
            30.0233361,
            40.0172684
          ],
          [
            30.0235689,
            40.0174132
          ],
          [
            30.0238388,
            40.0176084
          ],
          [
            30.0240322,
            40.017786
          ],
          [
            30.0241974,
            40.0179595
          ],
          [
            30.0244044,
            40.0182114
          ]
        ]
      },
      "id": "way/1309956299"
    },
    {
      "type": "Feature",
      "properties": {
        "@id": "way/1312008604",
        "axle_load": "22.5",
        "electrified": "contact_line",
        "frequency": "50",
        "gauge": "1435",
        "name": "Alayunt-Balıkesir demiryolu",
        "operator": "TCDD",
        "railway": "rail",
        "railway:etcs": "2",
        "source": "GPS",
        "usage": "main",
        "voltage": "25000"
      },
      "geometry": {
        "type": "LineString",
        "coordinates": [
          [
            30.000901,
            39.4205455
          ],
          [
            30.0016047,
            39.4190202
          ],
          [
            30.0019142,
            39.4184545
          ],
          [
            30.0023478,
            39.4179174
          ],
          [
            30.0026335,
            39.4175869
          ],
          [
            30.0027971,
            39.4174128
          ],
          [
            30.0029822,
            39.417245
          ],
          [
            30.0032464,
            39.4170595
          ],
          [
            30.0035535,
            39.4168575
          ],
          [
            30.0038499,
            39.4166928
          ],
          [
            30.0044024,
            39.4164027
          ],
          [
            30.0049549,
            39.4161561
          ],
          [
            30.0058602,
            39.415867
          ],
          [
            30.0064811,
            39.4157344
          ],
          [
            30.007404,
            39.4155804
          ],
          [
            30.0080267,
            39.4154812
          ],
          [
            30.0097555,
            39.415196
          ],
          [
            30.0127266,
            39.4147076
          ],
          [
            30.0156575,
            39.4142289
          ],
          [
            30.0165032,
            39.4140735
          ],
          [
            30.0173758,
            39.4138698
          ],
          [
            30.0211624,
            39.4129528
          ],
          [
            30.0299182,
            39.4108343
          ],
          [
            30.0428411,
            39.407695
          ],
          [
            30.0468785,
            39.4067121
          ],
          [
            30.0477228,
            39.4064888
          ],
          [
            30.0484738,
            39.4062484
          ],
          [
            30.0498323,
            39.405671
          ],
          [
            30.0553782,
            39.4027467
          ],
          [
            30.0561717,
            39.4024039
          ],
          [
            30.0568571,
            39.4021477
          ],
          [
            30.0577059,
            39.4018837
          ],
          [
            30.0585464,
            39.4016845
          ],
          [
            30.059149,
            39.4015894
          ],
          [
            30.0598542,
            39.4014893
          ],
          [
            30.0614848,
            39.4013423
          ],
          [
            30.0695414,
            39.4006721
          ],
          [
            30.0704939,
            39.4005844
          ],
          [
            30.0709809,
            39.4005303
          ],
          [
            30.0714724,
            39.4004723
          ],
          [
            30.0718881,
            39.4004039
          ],
          [
            30.0724088,
            39.4003028
          ],
          [
            30.0731461,
            39.4001241
          ],
          [
            30.073724,
            39.3999553
          ],
          [
            30.0743169,
            39.3997572
          ],
          [
            30.0748351,
            39.3995463
          ],
          [
            30.0759986,
            39.3989893
          ],
          [
            30.0874101,
            39.3932457
          ],
          [
            30.0899568,
            39.3919761
          ],
          [
            30.0904289,
            39.3917937
          ],
          [
            30.0909466,
            39.3916569
          ],
          [
            30.0914615,
            39.3915512
          ],
          [
            30.0918826,
            39.3914952
          ],
          [
            30.094016,
            39.3914105
          ]
        ]
      },
      "id": "way/1312008604"
    },
    {
      "type": "Feature",
      "properties": {
        "@id": "way/1312008617",
        "axle_load": "22.5",
        "electrified": "contact_line",
        "frequency": "50",
        "gauge": "1435",
        "maxspeed": "55",
        "name": "Kütahya-Seyitömer şube demiryolu",
        "operator": "TCDD",
        "passenger_lines": "1",
        "railway": "rail",
        "source": "GPS",
        "usage": "branch",
        "voltage": "25000"
      },
      "geometry": {
        "type": "LineString",
        "coordinates": [
          [
            30.0098622,
            39.4432986
          ],
          [
            30.0151835,
            39.4489799
          ],
          [
            30.0158664,
            39.4496324
          ],
          [
            30.0165834,
            39.4502652
          ],
          [
            30.0179249,
            39.4512835
          ]
        ]
      },
      "id": "way/1312008617"
    },
    {
      "type": "Feature",
      "properties": {
        "@id": "way/1312022761",
        "axle_load": "22.5",
        "electrified": "contact_line",
        "frequency": "50",
        "gauge": "1435",
        "maxspeed": "90",
        "name": "Alayunt-Balıkesir demiryolu",
        "operator": "TCDD",
        "passenger_lines": "1",
        "railway": "rail",
        "railway:etcs": "2",
        "source": "bing",
        "usage": "main",
        "voltage": "25000"
      },
      "geometry": {
        "type": "LineString",
        "coordinates": [
          [
            28.4129897,
            39.5625162
          ],
          [
            28.4133571,
            39.5619822
          ],
          [
            28.4136085,
            39.5614666
          ],
          [
            28.4137277,
            39.5611776
          ],
          [
            28.4138044,
            39.5607769
          ],
          [
            28.4145797,
            39.5553579
          ],
          [
            28.4147416,
            39.5548127
          ],
          [
            28.414912,
            39.5543792
          ],
          [
            28.4151335,
            39.553939
          ],
          [
            28.4154828,
            39.5534529
          ],
          [
            28.4159088,
            39.5529274
          ],
          [
            28.4164966,
            39.5522771
          ],
          [
            28.416863,
            39.5519289
          ],
          [
            28.4172464,
            39.5516333
          ],
          [
            28.4177575,
            39.5513049
          ],
          [
            28.4182602,
            39.5510749
          ],
          [
            28.4190611,
            39.5507136
          ],
          [
            28.4195382,
            39.5504837
          ],
          [
            28.4199982,
            39.550129
          ],
          [
            28.4203561,
            39.5498005
          ],
          [
            28.4208417,
            39.5492618
          ],
          [
            28.4212251,
            39.5489137
          ],
          [
            28.4215914,
            39.5486574
          ],
          [
            28.4221026,
            39.5484078
          ],
          [
            28.4236617,
            39.5479414
          ],
          [
            28.4241984,
            39.5477246
          ],
          [
            28.4254764,
            39.5471268
          ],
          [
            28.4260131,
            39.5469362
          ],
          [
            28.4266692,
            39.5467851
          ],
          [
            28.4302985,
            39.5463253
          ],
          [
            28.430912,
            39.5462004
          ],
          [
            28.4314998,
            39.5460231
          ],
          [
            28.4321218,
            39.5457997
          ],
          [
            28.4327267,
            39.5456355
          ],
          [
            28.4332719,
            39.5455698
          ],
          [
            28.4337916,
            39.5455763
          ],
          [
            28.435487,
            39.5458194
          ],
          [
            28.4360749,
            39.5458523
          ],
          [
            28.4365605,
            39.5458128
          ],
          [
            28.4370547,
            39.5457077
          ],
          [
            28.4375659,
            39.5455566
          ],
          [
            28.4380259,
            39.545353
          ],
          [
            28.4392698,
            39.544742
          ],
          [
            28.4396447,
            39.5445317
          ],
          [
            28.4400451,
            39.5442098
          ],
          [
            28.4409737,
            39.5434149
          ],
          [
            28.4413742,
            39.5431586
          ],
          [
            28.4418001,
            39.542909
          ],
          [
            28.4422858,
            39.542679
          ],
          [
            28.442797,
            39.5425016
          ],
          [
            28.4439897,
            39.5421797
          ],
          [
            28.4447224,
            39.5418841
          ],
          [
            28.4453103,
            39.541641
          ],
          [
            28.4457533,
            39.5415161
          ],
          [
            28.4464604,
            39.5413847
          ],
          [
            28.4489311,
            39.5410102
          ],
          [
            28.449502,
            39.5410168
          ],
          [
            28.4510099,
            39.5410694
          ],
          [
            28.4516063,
            39.5410562
          ],
          [
            28.4536681,
            39.540846
          ],
          [
            28.4551846,
            39.5406292
          ],
          [
            28.4557469,
            39.5405897
          ],
          [
            28.456437,
            39.5406292
          ],
          [
            28.4594956,
            39.540846
          ],
          [
            28.4599812,
            39.5409117
          ],
          [
            28.4605776,
            39.5409971
          ],
          [
            28.4620515,
            39.5413913
          ],
          [
            28.4624945,
            39.5414701
          ],
          [
            28.463142,
            39.5414833
          ],
          [
            28.4646159,
            39.5414439
          ],
          [
            28.4652208,
            39.5414899
          ],
          [
            28.4656297,
            39.5415884
          ],
          [
            28.4660387,
            39.5417067
          ],
          [
            28.4664865,
            39.5418957
          ],
          [
            28.4669929,
            39.5422323
          ],
          [
            28.4673422,
            39.5425476
          ],
          [
            28.4676745,
            39.5429221
          ]
        ]
      },
      "id": "way/1312022761"
    },
    {
      "type": "Feature",
      "properties": {
        "@id": "way/1312022762",
        "axle_load": "22.5",
        "electrified": "contact_line",
        "frequency": "50",
        "gauge": "1435",
        "maxspeed": "75",
        "name": "Alayunt-Balıkesir demiryolu",
        "operator": "TCDD",
        "passenger_lines": "1",
        "railway": "rail",
        "railway:etcs": "2",
        "source": "bing",
        "usage": "main",
        "voltage": "25000"
      },
      "geometry": {
        "type": "LineString",
        "coordinates": [
          [
            29.1950767,
            39.4891486
          ],
          [
            29.1938936,
            39.4889086
          ],
          [
            29.1937316,
            39.4888755
          ],
          [
            29.1912404,
            39.4883673
          ],
          [
            29.1905749,
            39.4882764
          ],
          [
            29.1899626,
            39.4882764
          ],
          [
            29.1894107,
            39.4883496
          ],
          [
            29.1889536,
            39.4884561
          ],
          [
            29.1884621,
            39.4886558
          ],
          [
            29.1881171,
            39.4888687
          ],
          [
            29.1877636,
            39.489135
          ],
          [
            29.1874703,
            39.4894744
          ],
          [
            29.1872289,
            39.4898138
          ],
          [
            29.1860388,
            39.4915508
          ],
          [
            29.1857714,
            39.491837
          ],
          [
            29.185461,
            39.4921232
          ],
          [
            29.1850298,
            39.4923761
          ],
          [
            29.1830204,
            39.493361
          ],
          [
            29.182503,
            39.4935074
          ],
          [
            29.1819856,
            39.4936073
          ],
          [
            29.1813905,
            39.4936073
          ],
          [
            29.1804678,
            39.4935474
          ],
          [
            29.1799417,
            39.4934475
          ],
          [
            29.179407,
            39.4933011
          ],
          [
            29.1783377,
            39.4929617
          ],
          [
            29.1777827,
            39.4928352
          ],
          [
            29.1772661,
            39.492782
          ],
          [
            29.1767408,
            39.4927887
          ],
          [
            29.1761467,
            39.492895
          ],
          [
            29.1755267,
            39.4930545
          ],
          [
            29.1750875,
            39.4932605
          ],
          [
            29.1740886,
            39.4940446
          ],
          [
            29.1736322,
            39.4944233
          ],
          [
            29.1730984,
            39.4947024
          ],
          [
            29.1725989,
            39.4949084
          ],
          [
            29.1720306,
            39.4950746
          ],
          [
            29.1713503,
            39.4952141
          ],
          [
            29.1707906,
            39.495254
          ],
          [
            29.1697142,
            39.4951809
          ],
          [
            29.1692234,
            39.4951144
          ],
          [
            29.168104,
            39.4948287
          ],
          [
            29.1675356,
            39.4947091
          ],
          [
            29.1669759,
            39.4946493
          ],
          [
            29.1664162,
            39.4946891
          ]
        ]
      },
      "id": "way/1312022762"
    },
    {
      "type": "Feature",
      "properties": {
        "@id": "way/1324920126",
        "axle_load": "22.5",
        "electrified": "contact_line",
        "frequency": "50",
        "gauge": "1435",
        "name": "Alayunt-Balıkesir demiryolu",
        "operator": "TCDD",
        "railway": "rail",
        "railway:etcs": "2",
        "source": "GPS",
        "usage": "main",
        "voltage": "25000"
      },
      "geometry": {
        "type": "LineString",
        "coordinates": [
          [
            29.9993342,
            39.4242134
          ],
          [
            29.9995643,
            39.4236556
          ],
          [
            30.000901,
            39.4205455
          ]
        ]
      },
      "id": "way/1324920126"
    },
    {
      "type": "Feature",
      "properties": {
        "@id": "way/1334334559",
        "axle_load": "22.5",
        "electrified": "contact_line",
        "frequency": "50",
        "gauge": "1435",
        "maxspeed": "75",
        "name": "Alayunt-Balıkesir demiryolu",
        "operator": "TCDD",
        "passenger_lines": "1",
        "railway": "rail",
        "railway:etcs": "2",
        "source": "bing",
        "usage": "main",
        "voltage": "25000"
      },
      "geometry": {
        "type": "LineString",
        "coordinates": [
          [
            29.0805853,
            39.5339169
          ],
          [
            29.08099,
            39.5336778
          ],
          [
            29.0814292,
            39.5335052
          ],
          [
            29.0819286,
            39.5333723
          ],
          [
            29.0825142,
            39.5333126
          ],
          [
            29.0832633,
            39.5332794
          ],
          [
            29.0837886,
            39.5332196
          ],
          [
            29.0844344,
            39.5330934
          ],
          [
            29.0848908,
            39.5329008
          ],
          [
            29.0853644,
            39.532582
          ],
          [
            29.0857777,
            39.5321902
          ],
          [
            29.0860102,
            39.5318183
          ],
          [
            29.0862255,
            39.5312338
          ],
          [
            29.0872674,
            39.5283912
          ],
          [
            29.0875172,
            39.5280192
          ],
          [
            29.0879133,
            39.527654
          ],
          [
            29.0885623,
            39.5271718
          ],
          [
            29.0920868,
            39.525532
          ],
          [
            29.0922415,
            39.5254613
          ]
        ]
      },
      "id": "way/1334334559"
    },
    {
      "type": "Feature",
      "properties": {
        "@id": "way/1334334560",
        "axle_load": "22.5",
        "electrified": "contact_line",
        "frequency": "50",
        "gauge": "1435",
        "maxspeed": "75",
        "name": "Alayunt-Balıkesir demiryolu",
        "operator": "TCDD",
        "passenger_lines": "1",
        "railway": "rail",
        "railway:etcs": "2",
        "source": "bing",
        "usage": "main",
        "voltage": "25000"
      },
      "geometry": {
        "type": "LineString",
        "coordinates": [
          [
            29.0922415,
            39.5254613
          ],
          [
            29.0980204,
            39.5228019
          ]
        ]
      },
      "id": "way/1334334560"
    },
    {
      "type": "Feature",
      "properties": {
        "@id": "way/1334334561",
        "axle_load": "22.5",
        "electrified": "contact_line",
        "frequency": "50",
        "gauge": "1435",
        "maxspeed": "95",
        "name": "Alayunt-Balıkesir demiryolu",
        "operator": "TCDD",
        "passenger_lines": "1",
        "railway": "rail",
        "railway:etcs": "2",
        "source": "bing",
        "usage": "main",
        "voltage": "25000"
      },
      "geometry": {
        "type": "LineString",
        "coordinates": [
          [
            29.4828929,
            39.5425518
          ],
          [
            29.4824076,
            39.5428096
          ],
          [
            29.4820321,
            39.5429627
          ],
          [
            29.4814312,
            39.5431398
          ],
          [
            29.4809896,
            39.5432254
          ],
          [
            29.4803906,
            39.5432915
          ],
          [
            29.4798577,
            39.543295
          ],
          [
            29.4793937,
            39.5432605
          ],
          [
            29.4787745,
            39.5431522
          ],
          [
            29.4783645,
            39.5430763
          ],
          [
            29.4780417,
            39.5430044
          ],
          [
            29.4773443,
            39.5428492
          ]
        ]
      },
      "id": "way/1334334561"
    },
    {
      "type": "Feature",
      "properties": {
        "@id": "way/1334334562",
        "axle_load": "22.5",
        "electrified": "contact_line",
        "frequency": "50",
        "gauge": "1435",
        "maxspeed": "95",
        "name": "Alayunt-Balıkesir demiryolu",
        "operator": "TCDD",
        "passenger_lines": "1",
        "railway": "rail",
        "railway:etcs": "2",
        "source": "bing",
        "usage": "main",
        "voltage": "25000"
      },
      "geometry": {
        "type": "LineString",
        "coordinates": [
          [
            29.4897815,
            39.5380091
          ],
          [
            29.4893449,
            39.5382667
          ],
          [
            29.4891335,
            39.5384077
          ],
          [
            29.4885501,
            39.53877
          ],
          [
            29.4828929,
            39.5425518
          ]
        ]
      },
      "id": "way/1334334562"
    },
    {
      "type": "Feature",
      "properties": {
        "@id": "way/1334334575",
        "axle_load": "22.5",
        "electrified": "contact_line",
        "frequency": "50",
        "gauge": "1435",
        "maxspeed": "55",
        "name": "Kütahya armut hattı",
        "operator": "TCDD",
        "passenger_lines": "1",
        "railway": "rail",
        "railway:etcs": "2",
        "source": "GPS",
        "usage": "branch",
        "voltage": "25000"
      },
      "geometry": {
        "type": "LineString",
        "coordinates": [
          [
            29.9992544,
            39.4245018
          ],
          [
            29.9991272,
            39.4248837
          ],
          [
            29.9990752,
            39.4251464
          ],
          [
            29.9990641,
            39.425233
          ],
          [
            29.9990539,
            39.4253126
          ]
        ]
      },
      "id": "way/1334334575"
    },
    {
      "type": "Feature",
      "properties": {
        "@id": "way/1334334580",
        "axle_load": "22.5",
        "electrified": "contact_line",
        "frequency": "50",
        "gauge": "1435",
        "maxspeed": "75",
        "operator": "TCDD",
        "railway": "rail",
        "railway:etcs": "2",
        "source": "bing",
        "usage": "main",
        "voltage": "25000"
      },
      "geometry": {
        "type": "LineString",
        "coordinates": [
          [
            28.6498452,
            39.5484914
          ],
          [
            28.6501603,
            39.5483715
          ],
          [
            28.6542585,
            39.5468405
          ],
          [
            28.6547175,
            39.5466983
          ],
          [
            28.6557034,
            39.5464069
          ],
          [
            28.6562069,
            39.5462843
          ]
        ]
      },
      "id": "way/1334334580"
    },
    {
      "type": "Feature",
      "properties": {
        "@id": "way/1334334582",
        "axle_load": "22.5",
        "electrified": "contact_line",
        "frequency": "50",
        "gauge": "1435",
        "maxspeed": "90",
        "name": "Alayunt-Balıkesir demiryolu",
        "operator": "TCDD",
        "passenger_lines": "1",
        "railway": "rail",
        "railway:etcs": "2",
        "usage": "main",
        "voltage": "25000"
      },
      "geometry": {
        "type": "LineString",
        "coordinates": [
          [
            27.8999307,
            39.647983
          ],
          [
            27.8992746,
            39.6481656
          ],
          [
            27.8989274,
            39.648293
          ],
          [
            27.8985717,
            39.6484527
          ],
          [
            27.8982038,
            39.6486859
          ],
          [
            27.897911,
            39.648916
          ],
          [
            27.897285,
            39.6494231
          ],
          [
            27.8971483,
            39.6495191
          ],
          [
            27.896982,
            39.649614
          ],
          [
            27.896791,
            39.6497189
          ],
          [
            27.8965105,
            39.6498425
          ],
          [
            27.8961086,
            39.6499675
          ],
          [
            27.8957847,
            39.6500188
          ],
          [
            27.8954308,
            39.6500509
          ],
          [
            27.8950303,
            39.6500414
          ],
          [
            27.8946504,
            39.6499913
          ],
          [
            27.894244,
            39.6498962
          ],
          [
            27.8939008,
            39.6497826
          ],
          [
            27.8936589,
            39.6496766
          ],
          [
            27.893617,
            39.6496536
          ],
          [
            27.8935543,
            39.6496192
          ],
          [
            27.8934079,
            39.6495388
          ],
          [
            27.8933117,
            39.649486
          ],
          [
            27.8930643,
            39.6493502
          ]
        ]
      },
      "id": "way/1334334582"
    },
    {
      "type": "Feature",
      "properties": {
        "@id": "way/1334334583",
        "axle_load": "22.5",
        "electrified": "contact_line",
        "frequency": "50",
        "gauge": "1435",
        "name": "Manisa-Bandırma demiryolu",
        "operator": "TCDD",
        "railway": "rail",
        "railway:etcs": "no",
        "usage": "main",
        "voltage": "25000"
      },
      "geometry": {
        "type": "LineString",
        "coordinates": [
          [
            27.894601,
            39.6502422
          ],
          [
            27.8943786,
            39.6501189
          ],
          [
            27.8935542,
            39.6496619
          ],
          [
            27.8934881,
            39.6496253
          ],
          [
            27.8933421,
            39.6495444
          ],
          [
            27.8932562,
            39.6494967
          ],
          [
            27.8926603,
            39.6491664
          ]
        ]
      },
      "id": "way/1334334583"
    },
    {
      "type": "Feature",
      "properties": {
        "@id": "way/1337193018",
        "axle_load": "22.5",
        "electrified": "contact_line",
        "frequency": "50",
        "gauge": "1435",
        "operator": "TCDD",
        "railway": "rail",
        "railway:etcs": "2",
        "source": "GPS",
        "usage": "main",
        "voltage": "25000"
      },
      "geometry": {
        "type": "LineString",
        "coordinates": [
          [
            29.9990565,
            39.424814
          ],
          [
            29.999192,
            39.4244983
          ],
          [
            29.9993342,
            39.4242134
          ]
        ]
      },
      "id": "way/1337193018"
    },
    {
      "type": "Feature",
      "properties": {
        "@id": "way/1337193028",
        "axle_load": "22.5",
        "electrified": "contact_line",
        "frequency": "50",
        "gauge": "1435",
        "name": "İstanbul - Ankara demiryolu",
        "name:en": "İstanbul - Ankara railway",
        "operator": "TCDD",
        "passenger_lines": "1",
        "railway": "rail",
        "railway:bidirectional": "regular",
        "railway:preferred_direction": "both",
        "source": "bing",
        "usage": "main",
        "voltage": "25000",
        "wikidata": "Q15103266",
        "wikipedia": "en:Istanbul–Ankara railway"
      },
      "geometry": {
        "type": "LineString",
        "coordinates": [
          [
            30.5065904,
            39.7797528
          ],
          [
            30.5089986,
            39.7801534
          ],
          [
            30.5098029,
            39.7802931
          ],
          [
            30.5108001,
            39.7804586
          ]
        ]
      },
      "id": "way/1337193028"
    },
    {
      "type": "Feature",
      "properties": {
        "@id": "way/1337234623",
        "axle_load": "22.5",
        "electrified": "contact_line",
        "frequency": "50",
        "gauge": "1435",
        "name": "Manisa-Bandırma demiryolu",
        "operator": "TCDD",
        "railway": "rail",
        "railway:etcs": "yes",
        "source": "bing",
        "usage": "main",
        "voltage": "25000"
      },
      "geometry": {
        "type": "LineString",
        "coordinates": [
          [
            27.7389597,
            39.5688702
          ],
          [
            27.7419265,
            39.5697648
          ],
          [
            27.7449168,
            39.5706045
          ],
          [
            27.745861,
            39.5708227
          ],
          [
            27.7466466,
            39.5708553
          ],
          [
            27.7474084,
            39.5707452
          ],
          [
            27.7489557,
            39.5702374
          ],
          [
            27.7495727,
            39.5700616
          ],
          [
            27.7505309,
            39.5698949
          ],
          [
            27.7512101,
            39.5698362
          ],
          [
            27.7518513,
            39.5698362
          ],
          [
            27.7540476,
            39.5699536
          ],
          [
            27.7545872,
            39.570027
          ],
          [
            27.7551077,
            39.5701249
          ],
          [
            27.7555711,
            39.5702913
          ],
          [
            27.7559746,
            39.5704562
          ],
          [
            27.7563167,
            39.5706638
          ],
          [
            27.7566587,
            39.5709555
          ],
          [
            27.7570118,
            39.5712907
          ],
          [
            27.7571419,
            39.571425
          ],
          [
            27.7599873,
            39.5743609
          ],
          [
            27.7601026,
            39.5744799
          ]
        ]
      },
      "id": "way/1337234623"
    },
    {
      "type": "Feature",
      "properties": {
        "@id": "way/1356040767",
        "electrified": "contact_line",
        "frequency": "50",
        "gauge": "1435",
        "name": "Konvansiyonel ile yüksek hızlı demiryolu bağlantı hattı",
        "operator": "TCDD",
        "railway": "rail",
        "railway:etcs": "yes",
        "usage": "main",
        "voltage": "25000"
      },
      "geometry": {
        "type": "LineString",
        "coordinates": [
          [
            30.0220363,
            40.0166607
          ],
          [
            30.020373,
            40.0158429
          ]
        ]
      },
      "id": "way/1356040767"
    },
    {
      "type": "Feature",
      "properties": {
        "@id": "way/1356040768",
        "electrified": "contact_line",
        "frequency": "50",
        "gauge": "1435",
        "name": "İstanbul - Ankara demiryolu",
        "operator": "TCDD",
        "railway": "rail",
        "railway:etcs": "yes",
        "usage": "main",
        "voltage": "25000"
      },
      "geometry": {
        "type": "LineString",
        "coordinates": [
          [
            30.0209256,
            40.0160653
          ],
          [
            30.0215749,
            40.0163871
          ]
        ]
      },
      "id": "way/1356040768"
    },
    {
      "type": "Feature",
      "properties": {
        "@id": "way/1356040769",
        "electrified": "contact_line",
        "frequency": "50",
        "gauge": "1435",
        "highspeed": "yes",
        "maxspeed": "250",
        "name": "Ankara - İstanbul yüksek hızlı demiryolu",
        "name:en": "Ankara - İstanbul high-speed railway",
        "operator": "TCDD",
        "passenger_lines": "1",
        "railway": "rail",
        "railway:etcs": "1",
        "usage": "main",
        "voltage": "25000",
        "wikidata": "Q513146",
        "wikipedia": "en:Ankara–Istanbul high-speed railway"
      },
      "geometry": {
        "type": "LineString",
        "coordinates": [
          [
            30.0037315,
            39.9911136
          ],
          [
            30.0033429,
            39.9906918
          ]
        ]
      },
      "id": "way/1356040769"
    },
    {
      "type": "Feature",
      "properties": {
        "@id": "way/1387588874",
        "axle_load": "22.5",
        "electrified": "contact_line",
        "frequency": "50",
        "gauge": "1435",
        "maxspeed": "90",
        "name": "Alayunt-Balıkesir demiryolu",
        "operator": "TCDD",
        "passenger_lines": "1",
        "railway": "rail",
        "railway:etcs": "2",
        "source": "bing",
        "usage": "main",
        "voltage": "25000"
      },
      "geometry": {
        "type": "LineString",
        "coordinates": [
          [
            27.9564714,
            39.6334049
          ],
          [
            27.9426343,
            39.637009
          ],
          [
            27.9425856,
            39.6370217
          ]
        ]
      },
      "id": "way/1387588874"
    },
    {
      "type": "Feature",
      "properties": {
        "@id": "way/1387588875",
        "axle_load": "22.5",
        "bridge": "yes",
        "electrified": "contact_line",
        "frequency": "50",
        "gauge": "1435",
        "layer": "1",
        "maxspeed": "90",
        "operator": "TCDD",
        "passenger_lines": "1",
        "railway": "rail",
        "railway:etcs": "2",
        "source": "bing",
        "usage": "main",
        "voltage": "25000"
      },
      "geometry": {
        "type": "LineString",
        "coordinates": [
          [
            27.9565752,
            39.6333741
          ],
          [
            27.9564714,
            39.6334049
          ]
        ]
      },
      "id": "way/1387588875"
    },
    {
      "type": "Feature",
      "properties": {
        "@id": "way/1421011768",
        "axle_load": "22.5",
        "electrified": "contact_line",
        "frequency": "50",
        "gauge": "1435",
        "name": "Manisa-Bandırma demiryolu",
        "operator": "TCDD",
        "railway": "rail",
        "railway:etcs": "yes",
        "source": "bing",
        "usage": "main",
        "voltage": "25000"
      },
      "geometry": {
        "type": "LineString",
        "coordinates": [
          [
            27.84027,
            39.594765
          ],
          [
            27.8354679,
            39.5949365
          ],
          [
            27.8291288,
            39.5951744
          ],
          [
            27.8285627,
            39.5951734
          ],
          [
            27.8279883,
            39.5951525
          ],
          [
            27.827562,
            39.5951254
          ],
          [
            27.8271382,
            39.595071
          ],
          [
            27.8175662,
            39.5934786
          ],
          [
            27.8169737,
            39.5933305
          ],
          [
            27.815629,
            39.5930983
          ],
          [
            27.8146866,
            39.5929451
          ],
          [
            27.8140058,
            39.5927923
          ],
          [
            27.8135325,
            39.5926494
          ]
        ]
      },
      "id": "way/1421011768"
    },
    {
      "type": "Feature",
      "properties": {
        "@id": "way/1421011769",
        "axle_load": "22.5",
        "bridge": "yes",
        "electrified": "contact_line",
        "frequency": "50",
        "gauge": "1435",
        "layer": "1",
        "operator": "TCDD",
        "railway": "rail",
        "railway:etcs": "yes",
        "source": "bing",
        "usage": "main",
        "voltage": "25000"
      },
      "geometry": {
        "type": "LineString",
        "coordinates": [
          [
            27.8403853,
            39.5947609
          ],
          [
            27.84027,
            39.594765
          ]
        ]
      },
      "id": "way/1421011769"
    },
    {
      "type": "Feature",
      "properties": {
        "@id": "way/1421011771",
        "axle_load": "22.5",
        "bridge": "yes",
        "electrified": "contact_line",
        "frequency": "50",
        "gauge": "1435",
        "layer": "1",
        "operator": "TCDD",
        "railway": "rail",
        "railway:etcs": "yes",
        "source": "bing",
        "usage": "main",
        "voltage": "25000"
      },
      "geometry": {
        "type": "LineString",
        "coordinates": [
          [
            27.8135325,
            39.5926494
          ],
          [
            27.8133436,
            39.5925848
          ]
        ]
      },
      "id": "way/1421011771"
    },
    {
      "type": "Feature",
      "properties": {
        "@id": "way/1421011772",
        "axle_load": "22.5",
        "electrified": "contact_line",
        "frequency": "50",
        "gauge": "1435",
        "name": "Manisa-Bandırma demiryolu",
        "operator": "TCDD",
        "railway": "rail",
        "railway:etcs": "yes",
        "source": "bing",
        "usage": "main",
        "voltage": "25000"
      },
      "geometry": {
        "type": "LineString",
        "coordinates": [
          [
            27.8826304,
            39.6269239
          ],
          [
            27.8824733,
            39.6248713
          ],
          [
            27.8822698,
            39.6234928
          ],
          [
            27.8820767,
            39.6226609
          ],
          [
            27.8818054,
            39.6218169
          ],
          [
            27.8812158,
            39.6202695
          ],
          [
            27.8805375,
            39.6187101
          ],
          [
            27.8802716,
            39.6180527
          ],
          [
            27.8793569,
            39.6157909
          ],
          [
            27.8791444,
            39.6152655
          ],
          [
            27.8776834,
            39.6117685
          ],
          [
            27.8769269,
            39.6098632
          ],
          [
            27.8763883,
            39.6086207
          ],
          [
            27.8761326,
            39.6081665
          ],
          [
            27.8758457,
            39.6077123
          ],
          [
            27.8752039,
            39.6069002
          ],
          [
            27.8745059,
            39.6060963
          ],
          [
            27.8723759,
            39.6035636
          ],
          [
            27.8707532,
            39.6016621
          ],
          [
            27.8699392,
            39.6007052
          ],
          [
            27.8691252,
            39.5997645
          ],
          [
            27.8685227,
            39.5990965
          ],
          [
            27.8678335,
            39.5984599
          ],
          [
            27.8673166,
            39.5980548
          ],
          [
            27.8664772,
            39.5974931
          ],
          [
            27.8659647,
            39.5971901
          ],
          [
            27.8653903,
            39.5969075
          ],
          [
            27.8645597,
            39.5965398
          ],
          [
            27.8628594,
            39.5958768
          ],
          [
            27.8609665,
            39.5951446
          ],
          [
            27.8600425,
            39.5948189
          ],
          [
            27.8591633,
            39.5945912
          ],
          [
            27.8583253,
            39.5944211
          ],
          [
            27.8570721,
            39.5942539
          ],
          [
            27.8559498,
            39.5942049
          ],
          [
            27.8403853,
            39.5947609
          ]
        ]
      },
      "id": "way/1421011772"
    },
    {
      "type": "Feature",
      "properties": {
        "@id": "way/1422300963",
        "axle_load": "22.5",
        "electrified": "contact_line",
        "frequency": "50",
        "gauge": "1435",
        "maxspeed": "75",
        "name": "Alayunt-Balıkesir demiryolu",
        "operator": "TCDD",
        "passenger_lines": "1",
        "railway": "rail",
        "railway:etcs": "2",
        "source": "bing",
        "usage": "main",
        "voltage": "25000"
      },
      "geometry": {
        "type": "LineString",
        "coordinates": [
          [
            28.6562069,
            39.5462843
          ],
          [
            28.6595035,
            39.5455691
          ],
          [
            28.6616419,
            39.5450698
          ],
          [
            28.6624683,
            39.5449844
          ],
          [
            28.6631754,
            39.5449975
          ],
          [
            28.6638484,
            39.5450435
          ],
          [
            28.6644533,
            39.5451355
          ],
          [
            28.6651349,
            39.545326
          ],
          [
            28.6675118,
            39.546029
          ],
          [
            28.6685512,
            39.5462129
          ],
          [
            28.6713365,
            39.5466664
          ],
          [
            28.6745575,
            39.5472509
          ],
          [
            28.6752731,
            39.5474283
          ],
          [
            28.6759376,
            39.5476713
          ],
          [
            28.6767385,
            39.548072
          ],
          [
            28.6787576,
            39.5490969
          ],
          [
            28.6792858,
            39.5493136
          ],
          [
            28.6798822,
            39.5495041
          ],
          [
            28.6806063,
            39.5496618
          ],
          [
            28.6841079,
            39.5503976
          ],
          [
            28.6883676,
            39.5513238
          ],
          [
            28.6894837,
            39.5515668
          ],
          [
            28.6901508,
            39.5518057
          ],
          [
            28.6902262,
            39.5518327
          ],
          [
            28.6908298,
            39.5521318
          ],
          [
            28.6913069,
            39.5524405
          ],
          [
            28.691801,
            39.5528215
          ],
          [
            28.6920821,
            39.5530974
          ],
          [
            28.6929171,
            39.5539973
          ],
          [
            28.6932493,
            39.5542929
          ],
          [
            28.6937179,
            39.5545557
          ],
          [
            28.6942205,
            39.5547462
          ],
          [
            28.6947147,
            39.5548513
          ],
          [
            28.6953025,
            39.5549038
          ],
          [
            28.6958478,
            39.5548513
          ],
          [
            28.6980458,
            39.5545294
          ],
          [
            28.6987189,
            39.5545163
          ],
          [
            28.6992811,
            39.5545557
          ],
          [
            28.6999712,
            39.554687
          ],
          [
            28.7020244,
            39.5552191
          ],
          [
            28.7026975,
            39.5553308
          ],
          [
            28.7036261,
            39.5553768
          ],
          [
            28.7043332,
            39.5553636
          ],
          [
            28.7051681,
            39.5552848
          ],
          [
            28.7059434,
            39.555206
          ],
          [
            28.7067698,
            39.5552322
          ]
        ]
      },
      "id": "way/1422300963"
    },
    {
      "type": "Feature",
      "properties": {
        "@id": "way/1425333862",
        "electrified": "contact_line",
        "frequency": "50",
        "gauge": "1435",
        "name": "Tavşanlı-Tunçbilek şube demiryolu",
        "railway": "rail",
        "source": "bing",
        "usage": "branch",
        "voltage": "25000"
      },
      "geometry": {
        "type": "LineString",
        "coordinates": [
          [
            29.4664667,
            39.6317349
          ],
          [
            29.4655132,
            39.631265
          ],
          [
            29.4626059,
            39.6298211
          ],
          [
            29.4622231,
            39.6295656
          ],
          [
            29.4618626,
            39.6293162
          ],
          [
            29.4615034,
            39.6289513
          ],
          [
            29.4611774,
            39.6285463
          ],
          [
            29.4608318,
            39.6278742
          ],
          [
            29.4605578,
            39.6272787
          ]
        ]
      },
      "id": "way/1425333862"
    },
    {
      "type": "Feature",
      "properties": {
        "@id": "way/1426859529",
        "axle_load": "22.5",
        "electrified": "no",
        "gauge": "1435",
        "maxspeed": "60",
        "name": "Kütahya-Seyitömer şube demiryolu",
        "operator": "TCDD",
        "passenger_lines": "1",
        "railway": "rail",
        "source": "GPS",
        "usage": "branch"
      },
      "geometry": {
        "type": "LineString",
        "coordinates": [
          [
            30.0140578,
            39.4630532
          ],
          [
            30.0137754,
            39.4634662
          ],
          [
            30.0135535,
            39.463855
          ],
          [
            30.0133486,
            39.4642504
          ],
          [
            30.0132291,
            39.4647051
          ],
          [
            30.0131864,
            39.4651862
          ],
          [
            30.013195,
            39.4656673
          ],
          [
            30.0133059,
            39.4661878
          ],
          [
            30.0139205,
            39.4681515
          ],
          [
            30.0140144,
            39.4685799
          ],
          [
            30.014081,
            39.4693587
          ]
        ]
      },
      "id": "way/1426859529"
    },
    {
      "type": "Feature",
      "properties": {
        "@id": "way/1427334445",
        "axle_load": "22.5",
        "electrified": "contact_line",
        "frequency": "50",
        "gauge": "1435",
        "maxspeed": "120",
        "name": "Eskişehir-Konya demiryolu",
        "operator": "TCDD",
        "railway": "rail",
        "railway:etcs": "2",
        "source": "GPS",
        "usage": "main",
        "voltage": "25000"
      },
      "geometry": {
        "type": "LineString",
        "coordinates": [
          [
            30.3669491,
            39.6483968
          ],
          [
            30.3656119,
            39.6475045
          ],
          [
            30.3650539,
            39.647046
          ],
          [
            30.3643154,
            39.6463794
          ],
          [
            30.3639359,
            39.6460128
          ],
          [
            30.359876,
            39.641196
          ],
          [
            30.3541613,
            39.6346167
          ],
          [
            30.35375,
            39.6342712
          ],
          [
            30.353235,
            39.6338806
          ],
          [
            30.3526771,
            39.6335963
          ],
          [
            30.3519733,
            39.633398
          ],
          [
            30.3513039,
            39.6332658
          ],
          [
            30.3478535,
            39.6329684
          ],
          [
            30.3472526,
            39.6328362
          ],
          [
            30.3465409,
            39.6325812
          ],
          [
            30.345921,
            39.6322849
          ],
          [
            30.3447457,
            39.6315613
          ],
          [
            30.3441949,
            39.6312259
          ],
          [
            30.3435791,
            39.6309631
          ],
          [
            30.3426067,
            39.6307312
          ],
          [
            30.3418654,
            39.6305371
          ],
          [
            30.3411862,
            39.6302914
          ],
          [
            30.3403871,
            39.6299346
          ],
          [
            30.3366543,
            39.6278998
          ],
          [
            30.3357503,
            39.6274851
          ],
          [
            30.3319919,
            39.6259281
          ],
          [
            30.3313053,
            39.62571
          ],
          [
            30.3306358,
            39.6255645
          ],
          [
            30.3297432,
            39.6254852
          ],
          [
            30.3289707,
            39.6254323
          ],
          [
            30.3282326,
            39.6253001
          ],
          [
            30.3275974,
            39.625115
          ],
          [
            30.3268249,
            39.6248043
          ],
          [
            30.3261984,
            39.6244539
          ],
          [
            30.3174457,
            39.6189865
          ],
          [
            30.3125062,
            39.6159886
          ],
          [
            30.3118774,
            39.6155132
          ],
          [
            30.3114538,
            39.6149696
          ],
          [
            30.3112493,
            39.6144505
          ],
          [
            30.310948,
            39.6132439
          ],
          [
            30.3106768,
            39.6127069
          ],
          [
            30.3102416,
            39.6122161
          ],
          [
            30.309729,
            39.6118376
          ],
          [
            30.3090262,
            39.6114998
          ],
          [
            30.3083696,
            39.6113193
          ],
          [
            30.3074403,
            39.6111898
          ],
          [
            30.3066793,
            39.6109915
          ],
          [
            30.3060316,
            39.6106735
          ],
          [
            30.3055139,
            39.6102984
          ],
          [
            30.3052386,
            39.6100249
          ],
          [
            30.3049963,
            39.6096439
          ],
          [
            30.3047718,
            39.6091107
          ],
          [
            30.3045168,
            39.608492
          ],
          [
            30.3040996,
            39.6079455
          ]
        ]
      },
      "id": "way/1427334445"
    },
    {
      "type": "Feature",
      "properties": {
        "@id": "way/1427334446",
        "axle_load": "22.5",
        "bridge": "yes",
        "electrified": "contact_line",
        "frequency": "50",
        "gauge": "1435",
        "layer": "1",
        "maxspeed": "120",
        "operator": "TCDD",
        "railway": "rail",
        "railway:etcs": "2",
        "source": "GPS",
        "usage": "main",
        "voltage": "25000"
      },
      "geometry": {
        "type": "LineString",
        "coordinates": [
          [
            30.2695141,
            39.5906235
          ],
          [
            30.2693013,
            39.5905846
          ]
        ]
      },
      "id": "way/1427334446"
    },
    {
      "type": "Feature",
      "properties": {
        "@id": "way/1427334447",
        "axle_load": "22.5",
        "electrified": "contact_line",
        "frequency": "50",
        "gauge": "1435",
        "maxspeed": "120",
        "name": "Eskişehir-Konya demiryolu",
        "operator": "TCDD",
        "railway": "rail",
        "railway:etcs": "2",
        "source": "GPS",
        "usage": "main",
        "voltage": "25000"
      },
      "geometry": {
        "type": "LineString",
        "coordinates": [
          [
            30.2975859,
            39.6019362
          ],
          [
            30.2969114,
            39.6016977
          ],
          [
            30.2962521,
            39.6015734
          ],
          [
            30.2945994,
            39.6014526
          ],
          [
            30.2939019,
            39.6013985
          ],
          [
            30.2933448,
            39.6012956
          ],
          [
            30.292649,
            39.6010582
          ],
          [
            30.2920029,
            39.6007434
          ],
          [
            30.291402,
            39.6004201
          ],
          [
            30.2908636,
            39.6002157
          ],
          [
            30.2903658,
            39.6000703
          ],
          [
            30.2898655,
            39.6000102
          ],
          [
            30.2892716,
            39.6000187
          ],
          [
            30.2886645,
            39.6001269
          ],
          [
            30.2881315,
            39.6002989
          ],
          [
            30.2876135,
            39.600531
          ],
          [
            30.2865875,
            39.6011659
          ],
          [
            30.2860296,
            39.6015098
          ],
          [
            30.2854335,
            39.6017599
          ],
          [
            30.2847929,
            39.601936
          ],
          [
            30.2844472,
            39.6019925
          ],
          [
            30.2840906,
            39.6020034
          ],
          [
            30.2836372,
            39.601996
          ],
          [
            30.2831596,
            39.6019295
          ],
          [
            30.2825666,
            39.6017702
          ],
          [
            30.281972,
            39.6015087
          ],
          [
            30.2803385,
            39.6006135
          ],
          [
            30.2796632,
            39.6002433
          ],
          [
            30.276891,
            39.5987185
          ],
          [
            30.2766073,
            39.5985449
          ],
          [
            30.2761568,
            39.5982283
          ],
          [
            30.2757003,
            39.59779
          ],
          [
            30.2753955,
            39.5973371
          ],
          [
            30.2750969,
            39.5967839
          ],
          [
            30.2739908,
            39.5940863
          ],
          [
            30.2737423,
            39.5934801
          ],
          [
            30.2733636,
            39.5927257
          ],
          [
            30.2729797,
            39.5922602
          ],
          [
            30.2724711,
            39.5917798
          ],
          [
            30.2718608,
            39.5914039
          ],
          [
            30.2713028,
            39.5910985
          ],
          [
            30.2706297,
            39.5908453
          ],
          [
            30.2695141,
            39.5906235
          ]
        ]
      },
      "id": "way/1427334447"
    },
    {
      "type": "Feature",
      "properties": {
        "@id": "way/1427334448",
        "axle_load": "22.5",
        "electrified": "contact_line",
        "frequency": "50",
        "gauge": "1435",
        "layer": "-1",
        "maxspeed": "120",
        "operator": "TCDD",
        "railway": "rail",
        "railway:etcs": "2",
        "source": "GPS",
        "tunnel": "yes",
        "usage": "main",
        "voltage": "25000"
      },
      "geometry": {
        "type": "LineString",
        "coordinates": [
          [
            30.298094,
            39.602274
          ],
          [
            30.2975859,
            39.6019362
          ]
        ]
      },
      "id": "way/1427334448"
    },
    {
      "type": "Feature",
      "properties": {
        "@id": "way/1427334449",
        "axle_load": "22.5",
        "electrified": "contact_line",
        "frequency": "50",
        "gauge": "1435",
        "maxspeed": "120",
        "name": "Eskişehir-Konya demiryolu",
        "operator": "TCDD",
        "railway": "rail",
        "railway:etcs": "2",
        "source": "GPS",
        "usage": "main",
        "voltage": "25000"
      },
      "geometry": {
        "type": "LineString",
        "coordinates": [
          [
            30.2990022,
            39.60336
          ],
          [
            30.2987384,
            39.6029176
          ],
          [
            30.2984028,
            39.6025581
          ],
          [
            30.298094,
            39.602274
          ]
        ]
      },
      "id": "way/1427334449"
    },
    {
      "type": "Feature",
      "properties": {
        "@id": "way/1427334450",
        "axle_load": "22.5",
        "bridge": "yes",
        "electrified": "contact_line",
        "frequency": "50",
        "gauge": "1435",
        "layer": "1",
        "maxspeed": "120",
        "operator": "TCDD",
        "railway": "rail",
        "railway:etcs": "2",
        "source": "GPS",
        "usage": "main",
        "voltage": "25000"
      },
      "geometry": {
        "type": "LineString",
        "coordinates": [
          [
            30.2991039,
            39.6035924
          ],
          [
            30.2990022,
            39.60336
          ]
        ]
      },
      "id": "way/1427334450"
    },
    {
      "type": "Feature",
      "properties": {
        "@id": "way/1427334451",
        "axle_load": "22.5",
        "electrified": "contact_line",
        "frequency": "50",
        "gauge": "1435",
        "layer": "-1",
        "maxspeed": "120",
        "operator": "TCDD",
        "railway": "rail",
        "railway:etcs": "2",
        "source": "GPS",
        "tunnel": "yes",
        "usage": "main",
        "voltage": "25000"
      },
      "geometry": {
        "type": "LineString",
        "coordinates": [
          [
            30.2994206,
            39.6042955
          ],
          [
            30.2991958,
            39.6038683
          ]
        ]
      },
      "id": "way/1427334451"
    },
    {
      "type": "Feature",
      "properties": {
        "@id": "way/1427334452",
        "axle_load": "22.5",
        "electrified": "contact_line",
        "frequency": "50",
        "gauge": "1435",
        "maxspeed": "120",
        "operator": "TCDD",
        "railway": "rail",
        "railway:etcs": "2",
        "source": "GPS",
        "usage": "main",
        "voltage": "25000"
      },
      "geometry": {
        "type": "LineString",
        "coordinates": [
          [
            30.2991958,
            39.6038683
          ],
          [
            30.2991039,
            39.6035924
          ]
        ]
      },
      "id": "way/1427334452"
    },
    {
      "type": "Feature",
      "properties": {
        "@id": "way/1427334453",
        "axle_load": "22.5",
        "electrified": "contact_line",
        "frequency": "50",
        "gauge": "1435",
        "maxspeed": "120",
        "name": "Eskişehir-Konya demiryolu",
        "operator": "TCDD",
        "railway": "rail",
        "railway:etcs": "2",
        "source": "GPS",
        "usage": "main",
        "voltage": "25000"
      },
      "geometry": {
        "type": "LineString",
        "coordinates": [
          [
            30.3039296,
            39.6077628
          ],
          [
            30.3024221,
            39.6067124
          ],
          [
            30.3001207,
            39.604977
          ],
          [
            30.2997498,
            39.6045972
          ],
          [
            30.2994206,
            39.6042955
          ]
        ]
      },
      "id": "way/1427334453"
    },
    {
      "type": "Feature",
      "properties": {
        "@id": "way/1427334454",
        "axle_load": "22.5",
        "bridge": "yes",
        "electrified": "contact_line",
        "frequency": "50",
        "gauge": "1435",
        "layer": "1",
        "maxspeed": "120",
        "operator": "TCDD",
        "railway": "rail",
        "railway:etcs": "2",
        "source": "GPS",
        "usage": "main",
        "voltage": "25000"
      },
      "geometry": {
        "type": "LineString",
        "coordinates": [
          [
            30.3040996,
            39.6079455
          ],
          [
            30.3039296,
            39.6077628
          ]
        ]
      },
      "id": "way/1427334454"
    },
    {
      "type": "Feature",
      "properties": {
        "@id": "way/1427335157",
        "axle_load": "22.5",
        "electrified": "contact_line",
        "frequency": "50",
        "gauge": "1435",
        "maxspeed": "120",
        "name": "Eskişehir-Konya demiryolu",
        "operator": "TCDD",
        "railway": "rail",
        "railway:etcs": "2",
        "source": "GPS",
        "usage": "main",
        "voltage": "25000"
      },
      "geometry": {
        "type": "LineString",
        "coordinates": [
          [
            30.2693013,
            39.5905846
          ],
          [
            30.267002,
            39.5902433
          ]
        ]
      },
      "id": "way/1427335157"
    },
    {
      "type": "Feature",
      "properties": {
        "@id": "way/1427335158",
        "axle_load": "22.5",
        "bridge": "yes",
        "electrified": "contact_line",
        "frequency": "50",
        "gauge": "1435",
        "layer": "1",
        "maxspeed": "120",
        "operator": "TCDD",
        "railway": "rail",
        "railway:etcs": "2",
        "source": "GPS",
        "usage": "main",
        "voltage": "25000"
      },
      "geometry": {
        "type": "LineString",
        "coordinates": [
          [
            30.267002,
            39.5902433
          ],
          [
            30.2667018,
            39.5902024
          ]
        ]
      },
      "id": "way/1427335158"
    },
    {
      "type": "Feature",
      "properties": {
        "@id": "way/1427335159",
        "axle_load": "22.5",
        "electrified": "contact_line",
        "frequency": "50",
        "gauge": "1435",
        "maxspeed": "120",
        "name": "Eskişehir-Konya demiryolu",
        "operator": "TCDD",
        "railway": "rail",
        "railway:etcs": "2",
        "source": "GPS",
        "usage": "main",
        "voltage": "25000"
      },
      "geometry": {
        "type": "LineString",
        "coordinates": [
          [
            30.2667018,
            39.5902024
          ],
          [
            30.2661802,
            39.5901163
          ],
          [
            30.2658307,
            39.5900911
          ],
          [
            30.2654717,
            39.5901133
          ]
        ]
      },
      "id": "way/1427335159"
    },
    {
      "type": "Feature",
      "properties": {
        "@id": "way/1427335160",
        "axle_load": "22.5",
        "bridge": "yes",
        "electrified": "contact_line",
        "frequency": "50",
        "gauge": "1435",
        "layer": "1",
        "maxspeed": "120",
        "operator": "TCDD",
        "railway": "rail",
        "railway:etcs": "2",
        "source": "GPS",
        "usage": "main",
        "voltage": "25000"
      },
      "geometry": {
        "type": "LineString",
        "coordinates": [
          [
            30.2654717,
            39.5901133
          ],
          [
            30.2652139,
            39.5901322
          ]
        ]
      },
      "id": "way/1427335160"
    },
    {
      "type": "Feature",
      "properties": {
        "@id": "way/1427335161",
        "axle_load": "22.5",
        "electrified": "contact_line",
        "frequency": "50",
        "gauge": "1435",
        "maxspeed": "120",
        "name": "Eskişehir-Konya demiryolu",
        "operator": "TCDD",
        "railway": "rail",
        "railway:etcs": "2",
        "source": "GPS",
        "usage": "main",
        "voltage": "25000"
      },
      "geometry": {
        "type": "LineString",
        "coordinates": [
          [
            30.2652139,
            39.5901322
          ],
          [
            30.2646443,
            39.5901617
          ],
          [
            30.2641911,
            39.5901649
          ],
          [
            30.2636253,
            39.5900891
          ],
          [
            30.2630205,
            39.5898979
          ],
          [
            30.2624582,
            39.5896577
          ],
          [
            30.261807,
            39.5893028
          ],
          [
            30.2613242,
            39.5890261
          ],
          [
            30.2609044,
            39.5887163
          ],
          [
            30.2604425,
            39.5881843
          ],
          [
            30.2597906,
            39.5872021
          ],
          [
            30.2594102,
            39.5866919
          ],
          [
            30.2590664,
            39.5863316
          ],
          [
            30.2586244,
            39.5859967
          ],
          [
            30.2581346,
            39.5857698
          ],
          [
            30.2573268,
            39.5854257
          ],
          [
            30.256666,
            39.5852043
          ],
          [
            30.2561281,
            39.5849923
          ],
          [
            30.2557681,
            39.5848155
          ],
          [
            30.2550676,
            39.5844015
          ],
          [
            30.2545669,
            39.5840317
          ],
          [
            30.2543277,
            39.5838123
          ],
          [
            30.2532772,
            39.5828694
          ],
          [
            30.2527008,
            39.5824553
          ],
          [
            30.2521025,
            39.5820916
          ],
          [
            30.2485946,
            39.5804432
          ],
          [
            30.2480199,
            39.5801846
          ],
          [
            30.24737,
            39.5799714
          ],
          [
            30.2469122,
            39.5798495
          ],
          [
            30.2457296,
            39.5795703
          ],
          [
            30.245173,
            39.5794049
          ],
          [
            30.2446737,
            39.5792175
          ],
          [
            30.2433371,
            39.5786772
          ],
          [
            30.2428493,
            39.5784746
          ],
          [
            30.2422463,
            39.5783161
          ],
          [
            30.2415937,
            39.5782334
          ],
          [
            30.2412432,
            39.5782269
          ],
          [
            30.2408551,
            39.5782527
          ],
          [
            30.2405127,
            39.5782995
          ],
          [
            30.2401846,
            39.5783905
          ],
          [
            30.2384966,
            39.5789749
          ],
          [
            30.23808,
            39.5791223
          ],
          [
            30.2375042,
            39.5792422
          ],
          [
            30.2368229,
            39.5793236
          ],
          [
            30.2360093,
            39.5792987
          ],
          [
            30.2347021,
            39.5791444
          ]
        ]
      },
      "id": "way/1427335161"
    },
    {
      "type": "Feature",
      "properties": {
        "@id": "way/1427335162",
        "axle_load": "22.5",
        "bridge": "yes",
        "electrified": "contact_line",
        "frequency": "50",
        "gauge": "1435",
        "layer": "1",
        "maxspeed": "120",
        "name": "Eskişehir-Konya demiryolu",
        "operator": "TCDD",
        "railway": "rail",
        "railway:etcs": "2",
        "source": "GPS",
        "usage": "main",
        "voltage": "25000"
      },
      "geometry": {
        "type": "LineString",
        "coordinates": [
          [
            30.2347021,
            39.5791444
          ],
          [
            30.2343513,
            39.579104
          ]
        ]
      },
      "id": "way/1427335162"
    },
    {
      "type": "Feature",
      "properties": {
        "@id": "way/1427951243",
        "axle_load": "22.5",
        "electrified": "contact_line",
        "frequency": "50",
        "gauge": "1435",
        "maxspeed": "120",
        "name": "Eskişehir-Konya demiryolu",
        "operator": "TCDD",
        "railway": "rail",
        "railway:etcs": "2",
        "usage": "main",
        "voltage": "25000"
      },
      "geometry": {
        "type": "LineString",
        "coordinates": [
          [
            30.4271651,
            39.731436
          ],
          [
            30.4269508,
            39.7309882
          ],
          [
            30.4267734,
            39.7306164
          ],
          [
            30.4265413,
            39.7299558
          ],
          [
            30.4263696,
            39.7295379
          ],
          [
            30.4259981,
            39.7280306
          ],
          [
            30.4259216,
            39.7275426
          ],
          [
            30.4257845,
            39.7266744
          ],
          [
            30.4257874,
            39.7262017
          ],
          [
            30.4258223,
            39.7258262
          ],
          [
            30.4258902,
            39.7253644
          ],
          [
            30.4260124,
            39.7249642
          ],
          [
            30.426145,
            39.7245902
          ],
          [
            30.4264119,
            39.7240817
          ],
          [
            30.4266486,
            39.7236934
          ],
          [
            30.426979,
            39.7232817
          ],
          [
            30.4273116,
            39.7229428
          ],
          [
            30.4287429,
            39.7216866
          ],
          [
            30.4328773,
            39.718098
          ],
          [
            30.4341277,
            39.716555
          ],
          [
            30.4343239,
            39.7162341
          ],
          [
            30.434438,
            39.7160128
          ],
          [
            30.4345608,
            39.7156774
          ],
          [
            30.4346561,
            39.7151911
          ],
          [
            30.4346443,
            39.7149386
          ],
          [
            30.4345753,
            39.7146646
          ],
          [
            30.4344524,
            39.7142735
          ],
          [
            30.4343194,
            39.7140237
          ],
          [
            30.4341049,
            39.7137286
          ],
          [
            30.4337841,
            39.7133541
          ],
          [
            30.4332521,
            39.7128864
          ],
          [
            30.4327059,
            39.7125218
          ],
          [
            30.4323687,
            39.7123425
          ],
          [
            30.4318607,
            39.7121257
          ],
          [
            30.4311546,
            39.7119174
          ],
          [
            30.4304964,
            39.7118047
          ],
          [
            30.4297966,
            39.711781
          ],
          [
            30.4291402,
            39.7118117
          ],
          [
            30.4287344,
            39.7118798
          ],
          [
            30.4283959,
            39.7119545
          ],
          [
            30.4279887,
            39.7120923
          ],
          [
            30.4275108,
            39.7122739
          ],
          [
            30.4245691,
            39.7135773
          ]
        ]
      },
      "id": "way/1427951243"
    },
    {
      "type": "Feature",
      "properties": {
        "@id": "way/1427951244",
        "axle_load": "22.5",
        "bridge": "yes",
        "electrified": "contact_line",
        "frequency": "50",
        "gauge": "1435",
        "layer": "1",
        "maxspeed": "120",
        "operator": "TCDD",
        "railway": "rail",
        "railway:etcs": "2",
        "usage": "main",
        "voltage": "25000"
      },
      "geometry": {
        "type": "LineString",
        "coordinates": [
          [
            30.4245691,
            39.7135773
          ],
          [
            30.4245187,
            39.7135989
          ]
        ]
      },
      "id": "way/1427951244"
    },
    {
      "type": "Feature",
      "properties": {
        "@id": "way/1427951245",
        "axle_load": "22.5",
        "electrified": "contact_line",
        "frequency": "50",
        "gauge": "1435",
        "maxspeed": "120",
        "name": "Eskişehir-Konya demiryolu",
        "operator": "TCDD",
        "railway": "rail",
        "railway:etcs": "2",
        "usage": "main",
        "voltage": "25000"
      },
      "geometry": {
        "type": "LineString",
        "coordinates": [
          [
            30.4458248,
            39.7421827
          ],
          [
            30.4411953,
            39.7412627
          ],
          [
            30.440615,
            39.741116
          ],
          [
            30.4401707,
            39.741019
          ],
          [
            30.4394745,
            39.7408117
          ],
          [
            30.4388975,
            39.7406155
          ],
          [
            30.4382006,
            39.7403478
          ],
          [
            30.4377094,
            39.7401265
          ],
          [
            30.4372779,
            39.7398951
          ],
          [
            30.4365711,
            39.7395117
          ],
          [
            30.4313633,
            39.7361699
          ],
          [
            30.4302671,
            39.7352872
          ],
          [
            30.429922,
            39.7349864
          ],
          [
            30.4294318,
            39.7345173
          ],
          [
            30.4288798,
            39.7339172
          ],
          [
            30.4283371,
            39.7332567
          ],
          [
            30.427806,
            39.7324661
          ],
          [
            30.4274524,
            39.7319544
          ],
          [
            30.42719,
            39.7314881
          ]
        ]
      },
      "id": "way/1427951245"
    },
    {
      "type": "Feature",
      "properties": {
        "@id": "way/1427951246",
        "axle_load": "22.5",
        "electrified": "contact_line",
        "frequency": "50",
        "gauge": "1435",
        "layer": "-1",
        "maxspeed": "120",
        "operator": "TCDD",
        "railway": "rail",
        "railway:etcs": "2",
        "tunnel": "yes",
        "usage": "main",
        "voltage": "25000"
      },
      "geometry": {
        "type": "LineString",
        "coordinates": [
          [
            30.42719,
            39.7314881
          ],
          [
            30.4271651,
            39.731436
          ]
        ]
      },
      "id": "way/1427951246"
    },
    {
      "type": "Feature",
      "properties": {
        "@id": "way/1428995998",
        "axle_load": "22.5",
        "electrified": "contact_line",
        "frequency": "50",
        "gauge": "1435",
        "name": "Manisa-Bandırma demiryolu",
        "operator": "TCDD",
        "railway": "rail",
        "railway:etcs": "no",
        "usage": "main",
        "voltage": "25000"
      },
      "geometry": {
        "type": "LineString",
        "coordinates": [
          [
            27.9997575,
            39.7681856
          ],
          [
            27.9997168,
            39.7680508
          ],
          [
            27.9996396,
            39.767369
          ],
          [
            27.9996876,
            39.7666614
          ],
          [
            27.999901,
            39.7655431
          ],
          [
            28.0002946,
            39.7639939
          ],
          [
            28.0007853,
            39.7623702
          ],
          [
            28.0008351,
            39.7616455
          ],
          [
            28.000618,
            39.7609093
          ],
          [
            28.000189,
            39.7602425
          ],
          [
            27.9996931,
            39.7596033
          ],
          [
            27.9991031,
            39.7590087
          ],
          [
            27.9983521,
            39.7585272
          ],
          [
            27.9975036,
            39.7581739
          ],
          [
            27.9957363,
            39.7576001
          ],
          [
            27.9949027,
            39.7572487
          ],
          [
            27.9944718,
            39.757012
          ]
        ]
      },
      "id": "way/1428995998"
    },
    {
      "type": "Feature",
      "properties": {
        "@id": "way/1428995999",
        "axle_load": "22.5",
        "bridge": "yes",
        "electrified": "contact_line",
        "frequency": "50",
        "gauge": "1435",
        "layer": "1",
        "operator": "TCDD",
        "railway": "rail",
        "railway:etcs": "no",
        "usage": "main",
        "voltage": "25000"
      },
      "geometry": {
        "type": "LineString",
        "coordinates": [
          [
            27.999923,
            39.7687078
          ],
          [
            27.9998955,
            39.768643
          ]
        ]
      },
      "id": "way/1428995999"
    },
    {
      "type": "Feature",
      "properties": {
        "@id": "way/1428996001",
        "axle_load": "22.5",
        "electrified": "contact_line",
        "frequency": "50",
        "gauge": "1435",
        "name": "Manisa-Bandırma demiryolu",
        "operator": "TCDD",
        "railway": "rail",
        "railway:etcs": "no",
        "usage": "main",
        "voltage": "25000"
      },
      "geometry": {
        "type": "LineString",
        "coordinates": [
          [
            27.9998955,
            39.768643
          ],
          [
            27.999784,
            39.7682736
          ]
        ]
      },
      "id": "way/1428996001"
    },
    {
      "type": "Feature",
      "properties": {
        "@id": "way/1428996002",
        "axle_load": "22.5",
        "bridge": "yes",
        "electrified": "contact_line",
        "frequency": "50",
        "gauge": "1435",
        "layer": "1",
        "operator": "TCDD",
        "railway": "rail",
        "railway:etcs": "no",
        "usage": "main",
        "voltage": "25000"
      },
      "geometry": {
        "type": "LineString",
        "coordinates": [
          [
            27.999784,
            39.7682736
          ],
          [
            27.9997575,
            39.7681856
          ]
        ]
      },
      "id": "way/1428996002"
    },
    {
      "type": "Feature",
      "properties": {
        "@id": "way/1428998555",
        "axle_load": "22.5",
        "electrified": "contact_line",
        "frequency": "50",
        "gauge": "1435",
        "name": "Manisa-Bandırma demiryolu",
        "operator": "TCDD",
        "railway": "rail",
        "railway:etcs": "yes",
        "source": "bing",
        "usage": "main",
        "voltage": "25000"
      },
      "geometry": {
        "type": "LineString",
        "coordinates": [
          [
            27.6560757,
            39.4240971
          ],
          [
            27.6560349,
            39.4236174
          ],
          [
            27.6558273,
            39.4231019
          ],
          [
            27.6554647,
            39.4222175
          ],
          [
            27.6551836,
            39.421706
          ],
          [
            27.6549494,
            39.4213609
          ]
        ]
      },
      "id": "way/1428998555"
    },
    {
      "type": "Feature",
      "properties": {
        "@id": "way/1428998556",
        "axle_load": "22.5",
        "bridge": "yes",
        "electrified": "contact_line",
        "frequency": "50",
        "gauge": "1435",
        "layer": "1",
        "operator": "TCDD",
        "railway": "rail",
        "railway:etcs": "yes",
        "source": "bing",
        "usage": "main",
        "voltage": "25000"
      },
      "geometry": {
        "type": "LineString",
        "coordinates": [
          [
            27.6560849,
            39.424206
          ],
          [
            27.6560757,
            39.4240971
          ]
        ]
      },
      "id": "way/1428998556"
    },
    {
      "type": "Feature",
      "properties": {
        "@id": "way/1471697842",
        "axle_load": "22.5",
        "electrified": "contact_line",
        "frequency": "50",
        "gauge": "1435",
        "name": "İstanbul - Ankara demiryolu",
        "name:en": "İstanbul - Ankara railway",
        "operator": "TCDD",
        "passenger_lines": "1",
        "railway": "rail",
        "railway:bidirectional": "regular",
        "railway:preferred_direction": "both",
        "source": "bing",
        "usage": "main",
        "voltage": "25000",
        "wikidata": "Q15103266",
        "wikipedia": "en:Istanbul–Ankara railway"
      },
      "geometry": {
        "type": "LineString",
        "coordinates": [
          [
            30.6427357,
            39.7969168
          ],
          [
            30.6433038,
            39.7971832
          ],
          [
            30.6442067,
            39.7975169
          ],
          [
            30.6450209,
            39.7977095
          ],
          [
            30.645584,
            39.7977899
          ],
          [
            30.6461278,
            39.7978215
          ],
          [
            30.6468049,
            39.7978014
          ],
          [
            30.6474819,
            39.7977484
          ],
          [
            30.6484722,
            39.7976493
          ],
          [
            30.6491568,
            39.7976421
          ],
          [
            30.649833,
            39.7976713
          ],
          [
            30.6516644,
            39.7978461
          ]
        ]
      },
      "id": "way/1471697842"
    },
    {
      "type": "Feature",
      "properties": {
        "@id": "way/1471697843",
        "axle_load": "22.5",
        "bridge": "yes",
        "electrified": "contact_line",
        "frequency": "50",
        "gauge": "1435",
        "layer": "1",
        "name": "İstanbul - Ankara demiryolu",
        "name:en": "İstanbul - Ankara railway",
        "operator": "TCDD",
        "passenger_lines": "1",
        "railway": "rail",
        "railway:bidirectional": "regular",
        "railway:preferred_direction": "both",
        "source": "bing",
        "usage": "main",
        "voltage": "25000",
        "wikidata": "Q15103266",
        "wikipedia": "en:Istanbul–Ankara railway"
      },
      "geometry": {
        "type": "LineString",
        "coordinates": [
          [
            30.6421106,
            39.796621
          ],
          [
            30.6427357,
            39.7969168
          ]
        ]
      },
      "id": "way/1471697843"
    },
    {
      "type": "Feature",
      "properties": {
        "@id": "way/1471977319",
        "electrified": "contact_line",
        "embankment": "yes",
        "frequency": "50",
        "gauge": "1435",
        "highspeed": "yes",
        "maxspeed": "250",
        "name": "Ankara - İstanbul yüksek hızlı demiryolu",
        "name:en": "Ankara - İstanbul high-speed railway",
        "operator": "TCDD",
        "passenger_lines": "1",
        "railway": "rail",
        "railway:etcs": "1",
        "usage": "main",
        "voltage": "25000",
        "wikidata": "Q513146",
        "wikipedia": "en:Ankara–Istanbul high-speed railway"
      },
      "geometry": {
        "type": "LineString",
        "coordinates": [
          [
            30.1191266,
            39.8468383
          ],
          [
            30.1210891,
            39.8463632
          ],
          [
            30.1236823,
            39.8458416
          ],
          [
            30.1265564,
            39.8454087
          ],
          [
            30.1276721,
            39.8452628
          ]
        ]
      },
      "id": "way/1471977319"
    },
    {
      "type": "Feature",
      "properties": {
        "@id": "way/1471977320",
        "bridge": "yes",
        "electrified": "contact_line",
        "frequency": "50",
        "gauge": "1435",
        "highspeed": "yes",
        "layer": "1",
        "maxspeed": "250",
        "name": "Ankara - İstanbul yüksek hızlı demiryolu",
        "name:en": "Ankara - İstanbul high-speed railway",
        "operator": "TCDD",
        "passenger_lines": "1",
        "railway": "rail",
        "railway:etcs": "1",
        "usage": "main",
        "voltage": "25000",
        "wikidata": "Q513146",
        "wikipedia": "en:Ankara–Istanbul high-speed railway"
      },
      "geometry": {
        "type": "LineString",
        "coordinates": [
          [
            30.1276721,
            39.8452628
          ],
          [
            30.1287418,
            39.8451645
          ]
        ]
      },
      "id": "way/1471977320"
    },
    {
      "type": "Feature",
      "properties": {
        "@id": "way/1471977321",
        "electrified": "contact_line",
        "embankment": "yes",
        "frequency": "50",
        "gauge": "1435",
        "highspeed": "yes",
        "maxspeed": "250",
        "name": "Ankara - İstanbul yüksek hızlı demiryolu",
        "name:en": "Ankara - İstanbul high-speed railway",
        "operator": "TCDD",
        "passenger_lines": "1",
        "railway": "rail",
        "railway:etcs": "1",
        "usage": "main",
        "voltage": "25000",
        "wikidata": "Q513146",
        "wikipedia": "en:Ankara–Istanbul high-speed railway"
      },
      "geometry": {
        "type": "LineString",
        "coordinates": [
          [
            30.1272186,
            39.8453878
          ],
          [
            30.1237475,
            39.8458897
          ],
          [
            30.12111,
            39.8464161
          ],
          [
            30.1191293,
            39.8468936
          ]
        ]
      },
      "id": "way/1471977321"
    },
    {
      "type": "Feature",
      "properties": {
        "@id": "way/1471977322",
        "bridge": "yes",
        "electrified": "contact_line",
        "frequency": "50",
        "gauge": "1435",
        "highspeed": "yes",
        "layer": "1",
        "maxspeed": "250",
        "name": "Ankara - İstanbul yüksek hızlı demiryolu",
        "name:en": "Ankara - İstanbul high-speed railway",
        "operator": "TCDD",
        "passenger_lines": "1",
        "railway": "rail",
        "railway:etcs": "1",
        "usage": "main",
        "voltage": "25000",
        "wikidata": "Q513146",
        "wikipedia": "en:Ankara–Istanbul high-speed railway"
      },
      "geometry": {
        "type": "LineString",
        "coordinates": [
          [
            30.1284276,
            39.8452542
          ],
          [
            30.1272186,
            39.8453878
          ]
        ]
      },
      "id": "way/1471977322"
    },
    {
      "type": "Feature",
      "properties": {
        "@id": "way/1471977325",
        "bridge": "yes",
        "electrified": "contact_line",
        "frequency": "50",
        "gauge": "1435",
        "layer": "1",
        "name": "İstanbul - Ankara demiryolu",
        "operator": "TCDD",
        "railway": "rail",
        "railway:etcs": "yes",
        "usage": "main",
        "voltage": "25000"
      },
      "geometry": {
        "type": "LineString",
        "coordinates": [
          [
            30.0844439,
            39.892742
          ],
          [
            30.0832517,
            39.8929032
          ]
        ]
      },
      "id": "way/1471977325"
    },
    {
      "type": "Feature",
      "properties": {
        "@id": "way/1472018150",
        "bridge": "yes",
        "electrified": "contact_line",
        "frequency": "50",
        "gauge": "1435",
        "layer": "1",
        "name": "İstanbul - Ankara demiryolu",
        "operator": "TCDD",
        "railway": "rail",
        "railway:etcs": "yes",
        "source": "Bing",
        "usage": "main",
        "voltage": "25000"
      },
      "geometry": {
        "type": "LineString",
        "coordinates": [
          [
            29.9930879,
            39.9728115
          ],
          [
            29.9928093,
            39.9726561
          ]
        ]
      },
      "id": "way/1472018150"
    },
    {
      "type": "Feature",
      "properties": {
        "@id": "way/1472018153",
        "electrified": "contact_line",
        "embankment": "yes",
        "frequency": "50",
        "gauge": "1435",
        "name": "İstanbul - Ankara demiryolu",
        "operator": "TCDD",
        "railway": "rail",
        "railway:etcs": "yes",
        "source": "Bing",
        "usage": "main",
        "voltage": "25000"
      },
      "geometry": {
        "type": "LineString",
        "coordinates": [
          [
            30.0011314,
            39.9825367
          ],
          [
            30.0002938,
            39.9798373
          ]
        ]
      },
      "id": "way/1472018153"
    },
    {
      "type": "Feature",
      "properties": {
        "@id": "way/1472018154",
        "bridge": "yes",
        "electrified": "contact_line",
        "frequency": "50",
        "gauge": "1435",
        "layer": "1",
        "name": "İstanbul - Ankara demiryolu",
        "operator": "TCDD",
        "railway": "rail",
        "railway:etcs": "yes",
        "source": "Bing",
        "usage": "main",
        "voltage": "25000"
      },
      "geometry": {
        "type": "LineString",
        "coordinates": [
          [
            29.9991161,
            39.9760371
          ],
          [
            29.9988673,
            39.9753276
          ],
          [
            29.9985692,
            39.9748347
          ],
          [
            29.9984405,
            39.9746758
          ]
        ]
      },
      "id": "way/1472018154"
    },
    {
      "type": "Feature",
      "properties": {
        "@id": "way/1472018155",
        "electrified": "contact_line",
        "embankment": "yes",
        "frequency": "50",
        "gauge": "1435",
        "name": "İstanbul - Ankara demiryolu",
        "operator": "TCDD",
        "railway": "rail",
        "railway:etcs": "yes",
        "source": "Bing",
        "usage": "main",
        "voltage": "25000"
      },
      "geometry": {
        "type": "LineString",
        "coordinates": [
          [
            29.9993057,
            39.9766255
          ],
          [
            29.9991161,
            39.9760371
          ]
        ]
      },
      "id": "way/1472018155"
    },
    {
      "type": "Feature",
      "properties": {
        "@id": "way/1472237578",
        "electrified": "contact_line",
        "frequency": "50",
        "gauge": "1435",
        "name": "İstanbul - Ankara demiryolu",
        "operator": "TCDD",
        "railway": "rail",
        "railway:etcs": "yes",
        "source": "Bing",
        "usage": "main",
        "voltage": "25000"
      },
      "geometry": {
        "type": "LineString",
        "coordinates": [
          [
            30.0148516,
            40.0047914
          ],
          [
            30.0127944,
            40.0041366
          ],
          [
            30.0112087,
            40.003621
          ],
          [
            30.0108654,
            40.003503
          ],
          [
            30.0105783,
            40.0033733
          ],
          [
            30.0103181,
            40.0032344
          ],
          [
            30.0100112,
            40.0030385
          ],
          [
            30.0097797,
            40.0028365
          ],
          [
            30.0095287,
            40.0025756
          ],
          [
            30.0092424,
            40.0022609
          ]
        ]
      },
      "id": "way/1472237578"
    },
    {
      "type": "Feature",
      "properties": {
        "@id": "way/1472237579",
        "bridge": "yes",
        "electrified": "contact_line",
        "frequency": "50",
        "gauge": "1435",
        "layer": "1",
        "name": "İstanbul - Ankara demiryolu",
        "operator": "TCDD",
        "railway": "rail",
        "railway:etcs": "yes",
        "source": "Bing",
        "usage": "main",
        "voltage": "25000"
      },
      "geometry": {
        "type": "LineString",
        "coordinates": [
          [
            30.0092424,
            40.0022609
          ],
          [
            30.0091815,
            40.0021871
          ]
        ]
      },
      "id": "way/1472237579"
    },
    {
      "type": "Feature",
      "properties": {
        "@id": "way/1472491789",
        "electrified": "contact_line",
        "embankment": "yes",
        "frequency": "50",
        "gauge": "1435",
        "highspeed": "yes",
        "maxspeed": "250",
        "name": "Ankara - İstanbul yüksek hızlı demiryolu",
        "name:en": "Ankara - İstanbul high-speed railway",
        "operator": "TCDD",
        "passenger_lines": "1",
        "railway": "rail",
        "railway:etcs": "1",
        "usage": "main",
        "voltage": "25000",
        "wikidata": "Q513146",
        "wikipedia": "en:Ankara–Istanbul high-speed railway"
      },
      "geometry": {
        "type": "LineString",
        "coordinates": [
          [
            30.0011119,
            39.9870856
          ],
          [
            30.001218,
            39.9872589
          ]
        ]
      },
      "id": "way/1472491789"
    },
    {
      "type": "Feature",
      "properties": {
        "@id": "way/1472491790",
        "bridge": "yes",
        "bridge:structure": "beam",
        "electrified": "contact_line",
        "frequency": "50",
        "gauge": "1435",
        "highspeed": "yes",
        "layer": "1",
        "maxspeed": "250",
        "name": "Ankara - İstanbul yüksek hızlı demiryolu",
        "name:en": "Ankara - İstanbul high-speed railway",
        "operator": "TCDD",
        "passenger_lines": "1",
        "railway": "rail",
        "railway:etcs": "1",
        "usage": "main",
        "voltage": "25000",
        "wikidata": "Q513146",
        "wikipedia": "en:Ankara–Istanbul high-speed railway"
      },
      "geometry": {
        "type": "LineString",
        "coordinates": [
          [
            30.0009645,
            39.9868593
          ],
          [
            30.0011119,
            39.9870856
          ]
        ]
      },
      "id": "way/1472491790"
    },
    {
      "type": "Feature",
      "properties": {
        "@id": "way/1472491791",
        "bridge": "yes",
        "bridge:structure": "beam",
        "electrified": "contact_line",
        "frequency": "50",
        "gauge": "1435",
        "highspeed": "yes",
        "layer": "1",
        "maxspeed": "250",
        "name": "Ankara - İstanbul yüksek hızlı demiryolu",
        "name:en": "Ankara - İstanbul high-speed railway",
        "operator": "TCDD",
        "passenger_lines": "1",
        "railway": "rail",
        "railway:etcs": "1",
        "usage": "main",
        "voltage": "25000",
        "wikidata": "Q513146",
        "wikipedia": "en:Ankara–Istanbul high-speed railway"
      },
      "geometry": {
        "type": "LineString",
        "coordinates": [
          [
            30.0010333,
            39.9870634
          ],
          [
            30.000885,
            39.9868311
          ]
        ]
      },
      "id": "way/1472491791"
    },
    {
      "type": "Feature",
      "properties": {
        "@id": "way/1472491792",
        "electrified": "contact_line",
        "embankment": "yes",
        "frequency": "50",
        "gauge": "1435",
        "highspeed": "yes",
        "maxspeed": "250",
        "name": "Ankara - İstanbul yüksek hızlı demiryolu",
        "name:en": "Ankara - İstanbul high-speed railway",
        "operator": "TCDD",
        "passenger_lines": "1",
        "railway": "rail",
        "railway:etcs": "1",
        "usage": "main",
        "voltage": "25000",
        "wikidata": "Q513146",
        "wikipedia": "en:Ankara–Istanbul high-speed railway"
      },
      "geometry": {
        "type": "LineString",
        "coordinates": [
          [
            30.0011708,
            39.9872929
          ],
          [
            30.0010333,
            39.9870634
          ]
        ]
      },
      "id": "way/1472491792"
    },
    {
      "type": "Feature",
      "properties": {
        "@id": "way/1503061115",
        "electrified": "contact_line",
        "frequency": "50",
        "gauge": "1435",
        "highspeed": "yes",
        "railway": "rail",
        "railway:etcs": "2",
        "railway:track_ref": "1",
        "usage": "main",
        "voltage": "25000"
      },
      "geometry": {
        "type": "LineString",
        "coordinates": [
          [
            30.5013929,
            39.7793269
          ],
          [
            30.5017509,
            39.7793876
          ],
          [
            30.5064639,
            39.7801864
          ]
        ]
      },
      "id": "way/1503061115"
    },
    {
      "type": "Feature",
      "properties": {
        "@id": "way/1503061116",
        "electrified": "contact_line",
        "frequency": "50",
        "gauge": "1435",
        "highspeed": "yes",
        "railway": "rail",
        "railway:etcs": "2",
        "railway:track_ref": "2",
        "usage": "main",
        "voltage": "25000"
      },
      "geometry": {
        "type": "LineString",
        "coordinates": [
          [
            30.5013993,
            39.7792838
          ],
          [
            30.5064766,
            39.7801474
          ]
        ]
      },
      "id": "way/1503061116"
    },
    {
      "type": "Feature",
      "properties": {
        "@id": "way/1503061117",
        "electrified": "contact_line",
        "frequency": "50",
        "gauge": "1435",
        "highspeed": "yes",
        "railway": "rail",
        "railway:etcs": "2",
        "railway:track_ref": "3",
        "usage": "main",
        "voltage": "25000"
      },
      "geometry": {
        "type": "LineString",
        "coordinates": [
          [
            30.5065117,
            39.7800313
          ],
          [
            30.5064536,
            39.7800214
          ],
          [
            30.5014323,
            39.779169
          ]
        ]
      },
      "id": "way/1503061117"
    },
    {
      "type": "Feature",
      "properties": {
        "@id": "way/1503061118",
        "electrified": "contact_line",
        "frequency": "50",
        "gauge": "1435",
        "highspeed": "yes",
        "maxspeed": "250",
        "name": "Ankara - İstanbul yüksek hızlı demiryolu",
        "name:en": "Ankara - İstanbul high-speed railway",
        "operator": "TCDD",
        "passenger_lines": "1",
        "railway": "rail",
        "railway:etcs": "1",
        "railway:track_ref": "4",
        "usage": "main",
        "voltage": "25000",
        "wikidata": "Q513146",
        "wikipedia": "en:Ankara–Istanbul high-speed railway"
      },
      "geometry": {
        "type": "LineString",
        "coordinates": [
          [
            30.5065236,
            39.7799912
          ],
          [
            30.5014472,
            39.7791278
          ]
        ]
      },
      "id": "way/1503061118"
    },
    {
      "type": "Feature",
      "properties": {
        "@id": "way/1503061119",
        "electrified": "contact_line",
        "frequency": "50",
        "gauge": "1435",
        "highspeed": "yes",
        "maxspeed": "250",
        "name": "Ankara - İstanbul yüksek hızlı demiryolu",
        "name:en": "Ankara - İstanbul high-speed railway",
        "operator": "TCDD",
        "passenger_lines": "1",
        "railway": "rail",
        "railway:etcs": "1",
        "railway:track_ref": "5",
        "usage": "main",
        "voltage": "25000",
        "wikidata": "Q513146",
        "wikipedia": "en:Ankara–Istanbul high-speed railway"
      },
      "geometry": {
        "type": "LineString",
        "coordinates": [
          [
            30.5014546,
            39.7790894
          ],
          [
            30.506537,
            39.7799534
          ]
        ]
      },
      "id": "way/1503061119"
    },
    {
      "type": "Feature",
      "properties": {
        "@id": "way/1503061120",
        "electrified": "contact_line",
        "frequency": "50",
        "gauge": "1435",
        "highspeed": "yes",
        "railway": "rail",
        "railway:etcs": "2",
        "railway:track_ref": "6",
        "usage": "main",
        "voltage": "25000"
      },
      "geometry": {
        "type": "LineString",
        "coordinates": [
          [
            30.5065504,
            39.7799117
          ],
          [
            30.501471,
            39.7790448
          ]
        ]
      },
      "id": "way/1503061120"
    },
    {
      "type": "Feature",
      "properties": {
        "@id": "way/1503061121",
        "electrified": "contact_line",
        "frequency": "50",
        "gauge": "1435",
        "railway": "rail",
        "railway:etcs": "2",
        "railway:track_ref": "7",
        "usage": "main",
        "voltage": "25000"
      },
      "geometry": {
        "type": "LineString",
        "coordinates": [
          [
            30.5015037,
            39.7789295
          ],
          [
            30.506575,
            39.7797923
          ]
        ]
      },
      "id": "way/1503061121"
    },
    {
      "type": "Feature",
      "properties": {
        "@id": "way/1503061122",
        "axle_load": "22.5",
        "electrified": "contact_line",
        "frequency": "50",
        "gauge": "1435",
        "name": "İstanbul - Ankara demiryolu",
        "operator": "TCDD",
        "railway": "rail",
        "railway:etcs": "yes",
        "railway:track_ref": "8",
        "source": "Bing",
        "usage": "main",
        "voltage": "25000"
      },
      "geometry": {
        "type": "LineString",
        "coordinates": [
          [
            30.5065904,
            39.7797528
          ],
          [
            30.5015123,
            39.7788887
          ]
        ]
      },
      "id": "way/1503061122"
    },
    {
      "type": "Feature",
      "properties": {
        "@id": "way/1503061123",
        "electrified": "contact_line",
        "frequency": "50",
        "gauge": "1435",
        "railway": "rail",
        "railway:etcs": "2",
        "railway:track_ref": "9",
        "usage": "main",
        "voltage": "25000"
      },
      "geometry": {
        "type": "LineString",
        "coordinates": [
          [
            30.5036028,
            39.7792041
          ],
          [
            30.5065982,
            39.7797113
          ]
        ]
      },
      "id": "way/1503061123"
    },
    {
      "type": "Feature",
      "properties": {
        "@id": "way/1503061124",
        "electrified": "contact_line",
        "frequency": "50",
        "gauge": "1435",
        "railway": "rail",
        "railway:etcs": "2",
        "railway:track_ref": "10",
        "usage": "main",
        "voltage": "25000"
      },
      "geometry": {
        "type": "LineString",
        "coordinates": [
          [
            30.5036403,
            39.7790875
          ],
          [
            30.5038712,
            39.7791201
          ],
          [
            30.5065814,
            39.7795836
          ]
        ]
      },
      "id": "way/1503061124"
    },
    {
      "type": "Feature",
      "properties": {
        "@id": "way/1503061125",
        "electrified": "contact_line",
        "frequency": "50",
        "gauge": "1435",
        "highspeed": "yes",
        "maxspeed": "250",
        "name": "Ankara - İstanbul yüksek hızlı demiryolu",
        "name:en": "Ankara - İstanbul high-speed railway",
        "operator": "TCDD",
        "passenger_lines": "1",
        "railway": "rail",
        "railway:etcs": "1",
        "usage": "main",
        "voltage": "25000",
        "wikidata": "Q513146",
        "wikipedia": "en:Ankara–Istanbul high-speed railway"
      },
      "geometry": {
        "type": "LineString",
        "coordinates": [
          [
            30.4980709,
            39.7785529
          ],
          [
            30.4988361,
            39.7786901
          ],
          [
            30.4993787,
            39.7787816
          ],
          [
            30.5014472,
            39.7791278
          ]
        ]
      },
      "id": "way/1503061125"
    },
    {
      "type": "Feature",
      "properties": {
        "@id": "way/1503061126",
        "electrified": "contact_line",
        "frequency": "50",
        "gauge": "1435",
        "highspeed": "yes",
        "maxspeed": "250",
        "name": "Ankara - İstanbul yüksek hızlı demiryolu",
        "name:en": "Ankara - İstanbul high-speed railway",
        "operator": "TCDD",
        "passenger_lines": "1",
        "railway": "rail",
        "railway:etcs": "1",
        "usage": "main",
        "voltage": "25000",
        "wikidata": "Q513146",
        "wikipedia": "en:Ankara–Istanbul high-speed railway"
      },
      "geometry": {
        "type": "LineString",
        "coordinates": [
          [
            30.4980791,
            39.7785107
          ],
          [
            30.498849,
            39.7786513
          ],
          [
            30.4993922,
            39.7787432
          ],
          [
            30.5014546,
            39.7790894
          ]
        ]
      },
      "id": "way/1503061126"
    },
    {
      "type": "Feature",
      "properties": {
        "@id": "way/1503061127",
        "electrified": "contact_line",
        "frequency": "50",
        "gauge": "1435",
        "highspeed": "yes",
        "railway": "rail",
        "railway:etcs": "2",
        "usage": "main",
        "voltage": "25000"
      },
      "geometry": {
        "type": "LineString",
        "coordinates": [
          [
            30.4980709,
            39.7785529
          ],
          [
            30.4983945,
            39.7786207
          ],
          [
            30.4986164,
            39.7786785
          ],
          [
            30.499361,
            39.7788559
          ],
          [
            30.5003974,
            39.7791037
          ],
          [
            30.50104,
            39.7792582
          ],
          [
            30.501199,
            39.7792931
          ],
          [
            30.5013929,
            39.7793269
          ]
        ]
      },
      "id": "way/1503061127"
    },
    {
      "type": "Feature",
      "properties": {
        "@id": "way/1503061128",
        "electrified": "contact_line",
        "frequency": "50",
        "gauge": "1435",
        "highspeed": "yes",
        "railway": "rail",
        "railway:etcs": "2",
        "usage": "main",
        "voltage": "25000"
      },
      "geometry": {
        "type": "LineString",
        "coordinates": [
          [
            30.5003974,
            39.7791037
          ],
          [
            30.5007647,
            39.7791799
          ],
          [
            30.501172,
            39.7792509
          ],
          [
            30.5013993,
            39.7792838
          ]
        ]
      },
      "id": "way/1503061128"
    },
    {
      "type": "Feature",
      "properties": {
        "@id": "way/1503061129",
        "electrified": "contact_line",
        "frequency": "50",
        "gauge": "1435",
        "railway": "rail",
        "railway:etcs": "2",
        "usage": "main",
        "voltage": "25000"
      },
      "geometry": {
        "type": "LineString",
        "coordinates": [
          [
            30.4986164,
            39.7786785
          ],
          [
            30.4989644,
            39.7787525
          ],
          [
            30.4993731,
            39.778824
          ],
          [
            30.5014323,
            39.779169
          ]
        ]
      },
      "id": "way/1503061129"
    },
    {
      "type": "Feature",
      "properties": {
        "@id": "way/1503061130",
        "electrified": "contact_line",
        "frequency": "50",
        "gauge": "1435",
        "highspeed": "yes",
        "railway": "rail",
        "railway:etcs": "2",
        "usage": "main",
        "voltage": "25000"
      },
      "geometry": {
        "type": "LineString",
        "coordinates": [
          [
            30.4980791,
            39.7785107
          ],
          [
            30.4983717,
            39.7785516
          ],
          [
            30.4986852,
            39.7785911
          ],
          [
            30.4989644,
            39.7786312
          ],
          [
            30.4994118,
            39.778705
          ],
          [
            30.501471,
            39.7790448
          ]
        ]
      },
      "id": "way/1503061130"
    },
    {
      "type": "Feature",
      "properties": {
        "@id": "way/1503061131",
        "axle_load": "22.5",
        "electrified": "contact_line",
        "frequency": "50",
        "gauge": "1435",
        "name": "İstanbul - Ankara demiryolu",
        "operator": "TCDD",
        "railway": "rail",
        "railway:etcs": "yes",
        "source": "Bing",
        "usage": "main",
        "voltage": "25000"
      },
      "geometry": {
        "type": "LineString",
        "coordinates": [
          [
            30.4952316,
            39.777786
          ],
          [
            30.4957543,
            39.7778933
          ],
          [
            30.4960675,
            39.7779576
          ],
          [
            30.4972402,
            39.7781636
          ],
          [
            30.4974866,
            39.7782051
          ],
          [
            30.4980097,
            39.7782931
          ],
          [
            30.4985223,
            39.7783794
          ],
          [
            30.5014569,
            39.7788792
          ],
          [
            30.5015123,
            39.7788887
          ]
        ]
      },
      "id": "way/1503061131"
    },
    {
      "type": "Feature",
      "properties": {
        "@id": "way/1503061132",
        "electrified": "contact_line",
        "frequency": "50",
        "gauge": "1435",
        "railway": "rail",
        "railway:etcs": "2",
        "usage": "main",
        "voltage": "25000"
      },
      "geometry": {
        "type": "LineString",
        "coordinates": [
          [
            30.4980097,
            39.7782931
          ],
          [
            30.4982534,
            39.7783462
          ],
          [
            30.4985126,
            39.7784133
          ],
          [
            30.4986962,
            39.7784555
          ],
          [
            30.4989806,
            39.7785112
          ],
          [
            30.5015037,
            39.7789295
          ]
        ]
      },
      "id": "way/1503061132"
    },
    {
      "type": "Feature",
      "properties": {
        "@id": "way/1503061133",
        "electrified": "contact_line",
        "frequency": "50",
        "gauge": "1435",
        "railway": "rail",
        "railway:etcs": "2",
        "usage": "main",
        "voltage": "25000"
      },
      "geometry": {
        "type": "LineString",
        "coordinates": [
          [
            30.4974866,
            39.7782051
          ],
          [
            30.4977008,
            39.778231
          ],
          [
            30.4979774,
            39.7782508
          ],
          [
            30.4982418,
            39.7782732
          ],
          [
            30.4984357,
            39.7782911
          ],
          [
            30.4986186,
            39.7783144
          ],
          [
            30.4990188,
            39.7783875
          ],
          [
            30.5012426,
            39.7787604
          ],
          [
            30.501623,
            39.7788271
          ],
          [
            30.5021641,
            39.778922
          ],
          [
            30.5024148,
            39.7789602
          ],
          [
            30.5027141,
            39.7790024
          ],
          [
            30.5028783,
            39.7790213
          ],
          [
            30.5030729,
            39.7790382
          ],
          [
            30.5032952,
            39.7790531
          ],
          [
            30.5034756,
            39.779068
          ],
          [
            30.5036403,
            39.7790875
          ]
        ]
      },
      "id": "way/1503061133"
    },
    {
      "type": "Feature",
      "properties": {
        "@id": "way/1503061134",
        "electrified": "contact_line",
        "frequency": "50",
        "gauge": "1435",
        "railway": "rail",
        "railway:etcs": "2",
        "usage": "main",
        "voltage": "25000"
      },
      "geometry": {
        "type": "LineString",
        "coordinates": [
          [
            30.4979774,
            39.7782508
          ],
          [
            30.4981894,
            39.7782764
          ],
          [
            30.4985356,
            39.7783365
          ],
          [
            30.5028247,
            39.7790709
          ],
          [
            30.5036028,
            39.7792041
          ]
        ]
      },
      "id": "way/1503061134"
    },
    {
      "type": "Feature",
      "properties": {
        "@id": "way/1503061135",
        "electrified": "contact_line",
        "frequency": "50",
        "gauge": "1435",
        "railway": "rail",
        "railway:etcs": "2",
        "usage": "main",
        "voltage": "25000"
      },
      "geometry": {
        "type": "LineString",
        "coordinates": [
          [
            30.5065814,
            39.7795836
          ],
          [
            30.5079949,
            39.7798341
          ],
          [
            30.5081982,
            39.7798741
          ],
          [
            30.5083501,
            39.7799125
          ],
          [
            30.5093225,
            39.7801757
          ],
          [
            30.5095957,
            39.7802449
          ],
          [
            30.5098029,
            39.7802931
          ]
        ]
      },
      "id": "way/1503061135"
    },
    {
      "type": "Feature",
      "properties": {
        "@id": "way/1503061136",
        "electrified": "contact_line",
        "frequency": "50",
        "gauge": "1435",
        "railway": "rail",
        "railway:etcs": "2",
        "usage": "main",
        "voltage": "25000"
      },
      "geometry": {
        "type": "LineString",
        "coordinates": [
          [
            30.5065982,
            39.7797113
          ],
          [
            30.5089889,
            39.7801047
          ],
          [
            30.5091334,
            39.7801328
          ],
          [
            30.5093225,
            39.7801757
          ]
        ]
      },
      "id": "way/1503061136"
    },
    {
      "type": "Feature",
      "properties": {
        "@id": "way/1503061137",
        "electrified": "contact_line",
        "frequency": "50",
        "gauge": "1435",
        "railway": "rail",
        "railway:etcs": "2",
        "usage": "main",
        "voltage": "25000"
      },
      "geometry": {
        "type": "LineString",
        "coordinates": [
          [
            30.506575,
            39.7797923
          ],
          [
            30.5083754,
            39.780083
          ],
          [
            30.5085042,
            39.7801019
          ],
          [
            30.5086479,
            39.7801162
          ],
          [
            30.5087946,
            39.7801305
          ],
          [
            30.5089986,
            39.7801534
          ]
        ]
      },
      "id": "way/1503061137"
    },
    {
      "type": "Feature",
      "properties": {
        "@id": "way/1503061138",
        "electrified": "contact_line",
        "frequency": "50",
        "gauge": "1435",
        "highspeed": "yes",
        "maxspeed": "250",
        "name": "Ankara - İstanbul yüksek hızlı demiryolu",
        "name:en": "Ankara - İstanbul high-speed railway",
        "operator": "TCDD",
        "passenger_lines": "1",
        "railway": "rail",
        "railway:etcs": "1",
        "usage": "main",
        "voltage": "25000",
        "wikidata": "Q513146",
        "wikipedia": "en:Ankara–Istanbul high-speed railway"
      },
      "geometry": {
        "type": "LineString",
        "coordinates": [
          [
            30.506537,
            39.7799534
          ],
          [
            30.5066635,
            39.7799744
          ],
          [
            30.5070047,
            39.7800309
          ],
          [
            30.5074067,
            39.7800847
          ],
          [
            30.5085027,
            39.7802232
          ],
          [
            30.5090664,
            39.7802861
          ],
          [
            30.5105324,
            39.7804652
          ],
          [
            30.510792,
            39.7805049
          ]
        ]
      },
      "id": "way/1503061138"
    },
    {
      "type": "Feature",
      "properties": {
        "@id": "way/1503061139",
        "electrified": "contact_line",
        "frequency": "50",
        "gauge": "1435",
        "highspeed": "yes",
        "maxspeed": "250",
        "name": "Ankara - İstanbul yüksek hızlı demiryolu",
        "name:en": "Ankara - İstanbul high-speed railway",
        "operator": "TCDD",
        "passenger_lines": "1",
        "railway": "rail",
        "railway:etcs": "1",
        "usage": "main",
        "voltage": "25000",
        "wikidata": "Q513146",
        "wikipedia": "en:Ankara–Istanbul high-speed railway"
      },
      "geometry": {
        "type": "LineString",
        "coordinates": [
          [
            30.5065236,
            39.7799912
          ],
          [
            30.5069965,
            39.7800687
          ],
          [
            30.5073978,
            39.7801225
          ],
          [
            30.5096032,
            39.780392
          ],
          [
            30.5105562,
            39.7805093
          ],
          [
            30.5107851,
            39.7805408
          ]
        ]
      },
      "id": "way/1503061139"
    },
    {
      "type": "Feature",
      "properties": {
        "@id": "way/1503061140",
        "electrified": "contact_line",
        "frequency": "50",
        "gauge": "1435",
        "highspeed": "yes",
        "railway": "rail",
        "railway:etcs": "2",
        "usage": "main",
        "voltage": "25000"
      },
      "geometry": {
        "type": "LineString",
        "coordinates": [
          [
            30.5065504,
            39.7799117
          ],
          [
            30.507021,
            39.7799914
          ],
          [
            30.5074172,
            39.7800447
          ],
          [
            30.5090879,
            39.7802381
          ],
          [
            30.5093686,
            39.7802712
          ],
          [
            30.5095645,
            39.7802981
          ],
          [
            30.5097849,
            39.7803376
          ],
          [
            30.5100886,
            39.7803943
          ],
          [
            30.5102889,
            39.7804286
          ],
          [
            30.5105324,
            39.7804652
          ]
        ]
      },
      "id": "way/1503061140"
    },
    {
      "type": "Feature",
      "properties": {
        "@id": "way/1503061141",
        "electrified": "contact_line",
        "frequency": "50",
        "gauge": "1435",
        "highspeed": "yes",
        "railway": "rail",
        "railway:etcs": "2",
        "usage": "main",
        "voltage": "25000"
      },
      "geometry": {
        "type": "LineString",
        "coordinates": [
          [
            30.5065117,
            39.7800313
          ],
          [
            30.5069824,
            39.7801092
          ],
          [
            30.5073882,
            39.7801658
          ],
          [
            30.5078923,
            39.7802299
          ],
          [
            30.5084782,
            39.7803077
          ],
          [
            30.5091223,
            39.7803878
          ],
          [
            30.5093866,
            39.7804193
          ],
          [
            30.5096033,
            39.7804399
          ],
          [
            30.5098319,
            39.7804565
          ],
          [
            30.5101766,
            39.7804765
          ],
          [
            30.5105562,
            39.7805093
          ]
        ]
      },
      "id": "way/1503061141"
    },
    {
      "type": "Feature",
      "properties": {
        "@id": "way/1503061142",
        "electrified": "contact_line",
        "frequency": "50",
        "gauge": "1435",
        "highspeed": "yes",
        "railway": "rail",
        "railway:etcs": "2",
        "usage": "main",
        "voltage": "25000"
      },
      "geometry": {
        "type": "LineString",
        "coordinates": [
          [
            30.5064766,
            39.7801474
          ],
          [
            30.5065262,
            39.7801558
          ],
          [
            30.5069176,
            39.7802222
          ],
          [
            30.5072296,
            39.7802657
          ],
          [
            30.507572,
            39.7803052
          ],
          [
            30.5079138,
            39.7803275
          ],
          [
            30.5083159,
            39.7803446
          ],
          [
            30.5086554,
            39.780359
          ],
          [
            30.5088378,
            39.7803647
          ],
          [
            30.5091223,
            39.7803878
          ]
        ]
      },
      "id": "way/1503061142"
    },
    {
      "type": "Feature",
      "properties": {
        "@id": "way/1503061143",
        "electrified": "contact_line",
        "frequency": "50",
        "gauge": "1435",
        "highspeed": "yes",
        "railway": "rail",
        "railway:etcs": "2",
        "usage": "main",
        "voltage": "25000"
      },
      "geometry": {
        "type": "LineString",
        "coordinates": [
          [
            30.5064639,
            39.7801864
          ],
          [
            30.5072206,
            39.7803103
          ],
          [
            30.5075601,
            39.7803527
          ],
          [
            30.5078989,
            39.7803687
          ],
          [
            30.5083129,
            39.7803561
          ],
          [
            30.5086554,
            39.780359
          ]
        ]
      },
      "id": "way/1503061143"
    }
  ]
}