{
  "type": "FeatureCollection",
  "generator": "overpass-turbo",
  "copyright": "The data included in this document is from www.openstreetmap.org. The data is made available under ODbL.",
  "timestamp": "2026-05-13T12:29:51Z",
  "features": [
    {
      "type": "Feature",
      "properties": {
        "@id": "way/16352725",
        "axle_load": "22.5",
        "electrified": "contact_line",
        "frequency": "50",
        "gauge": "1435",
        "name": "İzmir-Afyonkarahisar demiryolu",
        "operator": "TCDD",
        "railway": "rail",
        "railway:etcs": "no",
        "usage": "main",
        "voltage": "25000"
      },
      "geometry": {
        "type": "LineString",
        "coordinates": [
          [
            27.0818123,
            38.6065245
          ],
          [
            27.0833927,
            38.6075358
          ],
          [
            27.0839091,
            38.607895
          ],
          [
            27.0850003,
            38.6085928
          ],
          [
            27.086094,
            38.6092856
          ],
          [
            27.087217,
            38.6099619
          ],
          [
            27.0890089,
            38.6111479
          ],
          [
            27.090936,
            38.6122677
          ],
          [
            27.0920603,
            38.6128178
          ],
          [
            27.0932835,
            38.6133094
          ],
          [
            27.0955891,
            38.6142252
          ],
          [
            27.0981452,
            38.6152167
          ],
          [
            27.0999815,
            38.6158636
          ],
          [
            27.1018945,
            38.6163955
          ],
          [
            27.1039317,
            38.6167953
          ],
          [
            27.1059494,
            38.6171404
          ],
          [
            27.107233,
            38.6173546
          ],
          [
            27.1094917,
            38.6177775
          ],
          [
            27.1131244,
            38.6184296
          ],
          [
            27.1136361,
            38.6185187
          ],
          [
            27.1195037,
            38.6195401
          ],
          [
            27.1228874,
            38.6201457
          ],
          [
            27.126392,
            38.6207507
          ],
          [
            27.1310312,
            38.6215781
          ],
          [
            27.135886,
            38.622434
          ],
          [
            27.1363752,
            38.6225195
          ],
          [
            27.1399667,
            38.6231565
          ],
          [
            27.1415492,
            38.6234515
          ],
          [
            27.1450956,
            38.6240738
          ],
          [
            27.1461634,
            38.6242664
          ],
          [
            27.1472693,
            38.6244681
          ],
          [
            27.148254,
            38.6246357
          ],
          [
            27.1514497,
            38.6252066
          ],
          [
            27.1541826,
            38.625679
          ],
          [
            27.1567097,
            38.6261549
          ],
          [
            27.1591842,
            38.6266944
          ],
          [
            27.1614102,
            38.6273078
          ]
        ]
      },
      "id": "way/16352725"
    },
    {
      "type": "Feature",
      "properties": {
        "@id": "way/16353091",
        "axle_load": "22.5",
        "electrified": "contact_line",
        "frequency": "50",
        "gauge": "1435",
        "maxspeed": "140",
        "operator": "TCDD",
        "railway": "rail",
        "railway:etcs": "no",
        "usage": "main",
        "voltage": "25000"
      },
      "geometry": {
        "type": "LineString",
        "coordinates": [
          [
            27.074348,
            38.5975381
          ],
          [
            27.0742956,
            38.5980791
          ],
          [
            27.0741599,
            38.5993996
          ],
          [
            27.0742,
            38.6000316
          ],
          [
            27.0742733,
            38.6003806
          ],
          [
            27.0743529,
            38.6006077
          ],
          [
            27.0745544,
            38.6010728
          ]
        ]
      },
      "id": "way/16353091"
    },
    {
      "type": "Feature",
      "properties": {
        "@id": "way/16353137",
        "electrified": "contact_line",
        "frequency": "50",
        "gauge": "1435",
        "name": "Menemen-Aliağa demiryolu",
        "operator": "TCDD",
        "railway": "rail",
        "usage": "main",
        "voltage": "25000"
      },
      "geometry": {
        "type": "LineString",
        "coordinates": [
          [
            27.0932835,
            38.6133094
          ],
          [
            27.0916336,
            38.6128234
          ],
          [
            27.0900095,
            38.6123494
          ],
          [
            27.0874209,
            38.6115979
          ],
          [
            27.0869184,
            38.6114897
          ],
          [
            27.0865275,
            38.6114587
          ],
          [
            27.0861255,
            38.6114809
          ],
          [
            27.0857155,
            38.611561
          ],
          [
            27.0854043,
            38.6116583
          ],
          [
            27.0852209,
            38.6117369
          ],
          [
            27.0850761,
            38.6118123
          ],
          [
            27.0847212,
            38.6120369
          ],
          [
            27.0843911,
            38.6123598
          ],
          [
            27.083769,
            38.6131334
          ],
          [
            27.0834159,
            38.6135575
          ],
          [
            27.0830658,
            38.6139985
          ]
        ]
      },
      "id": "way/16353137"
    },
    {
      "type": "Feature",
      "properties": {
        "@id": "way/24727211",
        "axle_load": "22.5",
        "bridge": "yes",
        "electrified": "contact_line",
        "frequency": "50",
        "gauge": "1435",
        "layer": "1",
        "maxspeed": "140",
        "operator": "TCDD",
        "railway": "rail",
        "railway:etcs": "no",
        "usage": "main",
        "voltage": "25000"
      },
      "geometry": {
        "type": "LineString",
        "coordinates": [
          [
            27.0612029,
            38.4930951
          ],
          [
            27.0613303,
            38.4930203
          ]
        ]
      },
      "id": "way/24727211"
    },
    {
      "type": "Feature",
      "properties": {
        "@id": "way/24727258",
        "axle_load": "22.5",
        "electrified": "contact_line",
        "frequency": "50",
        "gauge": "1435",
        "layer": "-1",
        "maxspeed": "140",
        "name": "İzmir-Afyonkarahisar demiryolu",
        "operator": "TCDD",
        "railway": "rail",
        "railway:etcs": "no",
        "usage": "main",
        "voltage": "25000"
      },
      "geometry": {
        "type": "LineString",
        "coordinates": [
          [
            27.1228504,
            38.4614371
          ],
          [
            27.1273661,
            38.4640465
          ],
          [
            27.1276654,
            38.4642041
          ],
          [
            27.1281459,
            38.4644317
          ],
          [
            27.1285297,
            38.4645817
          ],
          [
            27.1286572,
            38.464633
          ],
          [
            27.1299452,
            38.4650491
          ],
          [
            27.1305956,
            38.4651569
          ]
        ]
      },
      "id": "way/24727258"
    },
    {
      "type": "Feature",
      "properties": {
        "@id": "way/24727278",
        "axle_load": "22.5",
        "electrified": "contact_line",
        "frequency": "50",
        "gauge": "1435",
        "maxspeed": "140",
        "name": "İzmir-Afyonkarahisar demiryolu",
        "operator": "TCDD",
        "railway": "rail",
        "railway:etcs": "no",
        "usage": "main",
        "voltage": "25000"
      },
      "geometry": {
        "type": "LineString",
        "coordinates": [
          [
            27.1670007,
            38.459837
          ],
          [
            27.1674054,
            38.4591987
          ],
          [
            27.167549,
            38.4589723
          ],
          [
            27.1706918,
            38.4540176
          ],
          [
            27.1710096,
            38.4534876
          ],
          [
            27.1712705,
            38.4529427
          ],
          [
            27.1715562,
            38.4522247
          ],
          [
            27.1717641,
            38.4516764
          ],
          [
            27.1721816,
            38.4505569
          ],
          [
            27.1725113,
            38.4497094
          ],
          [
            27.1726945,
            38.4492276
          ],
          [
            27.1727736,
            38.4488837
          ],
          [
            27.1729128,
            38.4481091
          ]
        ]
      },
      "id": "way/24727278"
    },
    {
      "type": "Feature",
      "properties": {
        "@id": "way/24728072",
        "axle_load": "22.5",
        "bridge": "yes",
        "electrified": "contact_line",
        "frequency": "50",
        "gauge": "1435",
        "layer": "1",
        "maxspeed": "140",
        "operator": "TCDD",
        "railway": "rail",
        "railway:etcs": "no",
        "usage": "main",
        "voltage": "25000"
      },
      "geometry": {
        "type": "LineString",
        "coordinates": [
          [
            27.1729128,
            38.4481091
          ],
          [
            27.172966,
            38.4477654
          ]
        ]
      },
      "id": "way/24728072"
    },
    {
      "type": "Feature",
      "properties": {
        "@id": "way/24728078",
        "axle_load": "22.5",
        "electrified": "contact_line",
        "frequency": "50",
        "gauge": "1435",
        "maxspeed": "45",
        "name": "İzmir-Afyonkarahisar demiryolu",
        "operator": "TCDD",
        "railway": "rail",
        "railway:etcs": "no",
        "usage": "main",
        "voltage": "25000"
      },
      "geometry": {
        "type": "LineString",
        "coordinates": [
          [
            27.172966,
            38.4477654
          ],
          [
            27.173034,
            38.4473006
          ],
          [
            27.1732213,
            38.4459342
          ],
          [
            27.1735808,
            38.4432846
          ],
          [
            27.1736342,
            38.4426686
          ],
          [
            27.1736393,
            38.4420664
          ],
          [
            27.173592,
            38.4414657
          ],
          [
            27.1735043,
            38.4409795
          ],
          [
            27.1734856,
            38.4408402
          ],
          [
            27.1733464,
            38.4402283
          ],
          [
            27.1732196,
            38.4397555
          ],
          [
            27.1730846,
            38.4394063
          ],
          [
            27.1729075,
            38.4390906
          ],
          [
            27.1727113,
            38.4387411
          ],
          [
            27.1725804,
            38.4384832
          ],
          [
            27.1724448,
            38.4382119
          ],
          [
            27.172039,
            38.4375885
          ],
          [
            27.1716275,
            38.4371209
          ],
          [
            27.1710742,
            38.4366725
          ],
          [
            27.1707467,
            38.4364172
          ],
          [
            27.1704118,
            38.4361667
          ],
          [
            27.1700135,
            38.4358837
          ],
          [
            27.1693177,
            38.4354692
          ],
          [
            27.1688366,
            38.4351898
          ]
        ]
      },
      "id": "way/24728078"
    },
    {
      "type": "Feature",
      "properties": {
        "@id": "way/35807045",
        "axle_load": "22.5",
        "electrified": "contact_line",
        "frequency": "50",
        "gauge": "1435",
        "maxspeed": "140",
        "name": "Menemen-Aliağa demiryolu",
        "operator": "TCDD",
        "railway": "rail",
        "usage": "main",
        "voltage": "25000"
      },
      "geometry": {
        "type": "LineString",
        "coordinates": [
          [
            27.0673117,
            38.6420034
          ],
          [
            27.0674023,
            38.6409834
          ],
          [
            27.0675464,
            38.6400129
          ],
          [
            27.0677335,
            38.6390799
          ],
          [
            27.0680642,
            38.6380072
          ],
          [
            27.0682695,
            38.6374459
          ],
          [
            27.0685259,
            38.6368711
          ],
          [
            27.0690189,
            38.6359296
          ],
          [
            27.069643,
            38.6349302
          ],
          [
            27.0705583,
            38.6334582
          ],
          [
            27.0715092,
            38.6319981
          ],
          [
            27.0733644,
            38.6291011
          ],
          [
            27.0821101,
            38.6155034
          ],
          [
            27.0828764,
            38.6142882
          ],
          [
            27.0830317,
            38.6140507
          ],
          [
            27.0830658,
            38.6139985
          ],
          [
            27.0836689,
            38.6130761
          ],
          [
            27.0839968,
            38.6125604
          ],
          [
            27.0842809,
            38.6120224
          ],
          [
            27.0844718,
            38.6114768
          ]
        ]
      },
      "id": "way/35807045"
    },
    {
      "type": "Feature",
      "properties": {
        "@id": "way/35807046",
        "axle_load": "22.5",
        "bridge": "yes",
        "electrified": "contact_line",
        "frequency": "50",
        "gauge": "1435",
        "layer": "1",
        "maxspeed": "140",
        "name": "Menemen-Aliağa demiryolu",
        "operator": "TCDD",
        "railway": "rail",
        "usage": "main",
        "voltage": "25000"
      },
      "geometry": {
        "type": "LineString",
        "coordinates": [
          [
            27.0671097,
            38.6439867
          ],
          [
            27.0673117,
            38.6420034
          ]
        ]
      },
      "id": "way/35807046"
    },
    {
      "type": "Feature",
      "properties": {
        "@id": "way/48662541",
        "electrified": "contact_line",
        "frequency": "50",
        "gauge": "1435",
        "maxspeed": "100",
        "name": "İzmir-Alsancak-Eğirdir demiryolu",
        "operator": "TCDD",
        "railway": "rail",
        "usage": "main",
        "voltage": "25000"
      },
      "geometry": {
        "type": "LineString",
        "coordinates": [
          [
            27.1552144,
            38.4238755
          ],
          [
            27.1551583,
            38.4239387
          ],
          [
            27.1551054,
            38.4240068
          ],
          [
            27.1550769,
            38.4240447
          ],
          [
            27.1550499,
            38.4240875
          ],
          [
            27.1550355,
            38.4241166
          ],
          [
            27.1545993,
            38.4250723
          ],
          [
            27.1543592,
            38.4256123
          ],
          [
            27.154119,
            38.4261412
          ],
          [
            27.1541013,
            38.4261786
          ],
          [
            27.1536731,
            38.4271091
          ],
          [
            27.1536464,
            38.4271682
          ]
        ]
      },
      "id": "way/48662541"
    },
    {
      "type": "Feature",
      "properties": {
        "@id": "way/52049018",
        "axle_load": "22.5",
        "electrified": "contact_line",
        "frequency": "50",
        "gauge": "1435",
        "layer": "-1",
        "maxspeed": "140",
        "operator": "TCDD",
        "railway": "rail",
        "railway:etcs": "no",
        "tunnel": "yes",
        "usage": "main",
        "voltage": "25000",
        "wikidata": "Q6068265",
        "wikipedia": "tr:Karşıyaka Demiryolu Tüneli"
      },
      "geometry": {
        "type": "LineString",
        "coordinates": [
          [
            27.1033832,
            38.460681
          ],
          [
            27.1037319,
            38.4603411
          ],
          [
            27.1042911,
            38.459875
          ],
          [
            27.1047025,
            38.4595421
          ],
          [
            27.1050754,
            38.4592935
          ],
          [
            27.1055468,
            38.459025
          ],
          [
            27.1062123,
            38.4586968
          ],
          [
            27.1071777,
            38.4582844
          ],
          [
            27.1083632,
            38.457914
          ],
          [
            27.1095866,
            38.4576312
          ],
          [
            27.1103789,
            38.4575295
          ],
          [
            27.1111352,
            38.4574851
          ],
          [
            27.1124894,
            38.4574885
          ],
          [
            27.1136317,
            38.4576236
          ],
          [
            27.1146989,
            38.4577792
          ],
          [
            27.1151355,
            38.4578524
          ],
          [
            27.1155911,
            38.457942
          ],
          [
            27.1165578,
            38.458145
          ],
          [
            27.117438,
            38.4584156
          ],
          [
            27.1179461,
            38.4586146
          ],
          [
            27.118312,
            38.4587865
          ],
          [
            27.1187735,
            38.4590332
          ],
          [
            27.1192125,
            38.4592767
          ],
          [
            27.1214723,
            38.4606192
          ],
          [
            27.1228504,
            38.4614371
          ]
        ]
      },
      "id": "way/52049018"
    },
    {
      "type": "Feature",
      "properties": {
        "@id": "way/168268915",
        "axle_load": "22.5",
        "electrified": "contact_line",
        "frequency": "50",
        "gauge": "1435",
        "maxspeed": "40",
        "name": "Birinci Hilal",
        "operator": "TCDD",
        "railway": "rail",
        "usage": "main",
        "voltage": "25000"
      },
      "geometry": {
        "type": "LineString",
        "coordinates": [
          [
            27.1481916,
            38.422976
          ],
          [
            27.1484676,
            38.4230254
          ],
          [
            27.1486034,
            38.4230497
          ],
          [
            27.1490202,
            38.423172
          ],
          [
            27.1496006,
            38.4233869
          ],
          [
            27.1499416,
            38.4235496
          ],
          [
            27.1502526,
            38.4237169
          ],
          [
            27.1511478,
            38.4242292
          ],
          [
            27.151306,
            38.4242996
          ],
          [
            27.1515032,
            38.4243707
          ]
        ]
      },
      "id": "way/168268915"
    },
    {
      "type": "Feature",
      "properties": {
        "@id": "way/168268918",
        "axle_load": "22.5",
        "electrified": "contact_line",
        "frequency": "50",
        "gauge": "1435",
        "maxspeed": "45",
        "name": "İzmir-Afyonkarahisar demiryolu",
        "operator": "TCDD",
        "railway": "rail",
        "railway:etcs": "no",
        "usage": "main",
        "voltage": "25000"
      },
      "geometry": {
        "type": "LineString",
        "coordinates": [
          [
            27.1688366,
            38.4351898
          ],
          [
            27.1680224,
            38.4347259
          ],
          [
            27.1672269,
            38.4342573
          ],
          [
            27.1666519,
            38.4339068
          ],
          [
            27.1660788,
            38.4335542
          ],
          [
            27.1658515,
            38.4334144
          ],
          [
            27.1654254,
            38.4331503
          ],
          [
            27.1638909,
            38.432121
          ],
          [
            27.1622196,
            38.4311179
          ],
          [
            27.1613332,
            38.4305798
          ],
          [
            27.1600247,
            38.4297937
          ],
          [
            27.1595746,
            38.4295293
          ],
          [
            27.1589842,
            38.4291668
          ],
          [
            27.158501,
            38.4288734
          ],
          [
            27.1579777,
            38.4285576
          ]
        ]
      },
      "id": "way/168268918"
    },
    {
      "type": "Feature",
      "properties": {
        "@id": "way/171066070",
        "electrified": "contact_line",
        "frequency": "50",
        "gauge": "1435",
        "maxspeed": "25",
        "name": "Üçüncü Hilal",
        "operator": "TCDD",
        "railway": "rail",
        "usage": "main",
        "voltage": "25000"
      },
      "geometry": {
        "type": "LineString",
        "coordinates": [
          [
            27.1560684,
            38.4273347
          ],
          [
            27.1557826,
            38.4271217
          ],
          [
            27.1554837,
            38.4268781
          ],
          [
            27.1551957,
            38.4266228
          ],
          [
            27.1550579,
            38.4264459
          ],
          [
            27.154916,
            38.4262097
          ],
          [
            27.1548497,
            38.4260363
          ],
          [
            27.1547911,
            38.4258458
          ],
          [
            27.1547576,
            38.4256434
          ],
          [
            27.1547517,
            38.4253867
          ],
          [
            27.1547612,
            38.4252536
          ],
          [
            27.1548041,
            38.4250967
          ],
          [
            27.1548604,
            38.4249249
          ],
          [
            27.15498,
            38.4244781
          ]
        ]
      },
      "id": "way/171066070"
    },
    {
      "type": "Feature",
      "properties": {
        "@id": "way/171237079",
        "axle_load": "22.5",
        "electrified": "contact_line",
        "frequency": "50",
        "gauge": "1435",
        "name": "İzmir-Afyonkarahisar demiryolu",
        "operator": "TCDD",
        "railway": "rail",
        "railway:etcs": "no",
        "usage": "main",
        "voltage": "25000"
      },
      "geometry": {
        "type": "LineString",
        "coordinates": [
          [
            27.0667165,
            38.4898502
          ],
          [
            27.0660052,
            38.4901739
          ],
          [
            27.0655424,
            38.4903903
          ],
          [
            27.0651648,
            38.4905591
          ],
          [
            27.0634226,
            38.491608
          ],
          [
            27.0621162,
            38.4924698
          ],
          [
            27.0619648,
            38.4925849
          ],
          [
            27.0615574,
            38.492878
          ],
          [
            27.0613303,
            38.4930203
          ]
        ]
      },
      "id": "way/171237079"
    },
    {
      "type": "Feature",
      "properties": {
        "@id": "way/175275538",
        "axle_load": "22.5",
        "bridge": "yes",
        "electrified": "contact_line",
        "frequency": "50",
        "gauge": "1435",
        "layer": "1",
        "maxspeed": "140",
        "name": "Menemen-Aliağa demiryolu",
        "operator": "TCDD",
        "railway": "rail",
        "usage": "main",
        "voltage": "25000"
      },
      "geometry": {
        "type": "LineString",
        "coordinates": [
          [
            27.067072,
            38.6439858
          ],
          [
            27.0672677,
            38.6419971
          ]
        ]
      },
      "id": "way/175275538"
    },
    {
      "type": "Feature",
      "properties": {
        "@id": "way/175275541",
        "axle_load": "22.5",
        "electrified": "contact_line",
        "frequency": "50",
        "gauge": "1435",
        "maxspeed": "140",
        "name": "Menemen-Aliağa demiryolu",
        "operator": "TCDD",
        "railway": "rail",
        "usage": "main",
        "voltage": "25000"
      },
      "geometry": {
        "type": "LineString",
        "coordinates": [
          [
            27.0672677,
            38.6419971
          ],
          [
            27.0673669,
            38.6409794
          ],
          [
            27.0675035,
            38.6400112
          ],
          [
            27.0676936,
            38.6390722
          ],
          [
            27.0680201,
            38.6380003
          ],
          [
            27.0682319,
            38.6374339
          ],
          [
            27.0684903,
            38.6368522
          ],
          [
            27.0689803,
            38.6359161
          ],
          [
            27.0696023,
            38.6349119
          ],
          [
            27.0705292,
            38.6334451
          ],
          [
            27.0714772,
            38.6319801
          ],
          [
            27.0733308,
            38.6290825
          ],
          [
            27.082076,
            38.6154834
          ],
          [
            27.082848,
            38.6142898
          ],
          [
            27.0836415,
            38.6130629
          ],
          [
            27.0839676,
            38.6125439
          ],
          [
            27.0842405,
            38.6120186
          ],
          [
            27.0844314,
            38.6114717
          ]
        ]
      },
      "id": "way/175275541"
    },
    {
      "type": "Feature",
      "properties": {
        "@id": "way/179935607",
        "axle_load": "22.5",
        "bridge": "yes",
        "electrified": "contact_line",
        "frequency": "50",
        "gauge": "1435",
        "layer": "1",
        "maxspeed": "140",
        "name": "İzmir-Afyonkarahisar demiryolu",
        "operator": "TCDD",
        "railway": "rail",
        "railway:etcs": "no",
        "usage": "main",
        "voltage": "25000"
      },
      "geometry": {
        "type": "LineString",
        "coordinates": [
          [
            27.0737481,
            38.5927873
          ],
          [
            27.073435,
            38.5923482
          ]
        ]
      },
      "id": "way/179935607"
    },
    {
      "type": "Feature",
      "properties": {
        "@id": "way/179935608",
        "axle_load": "22.5",
        "electrified": "contact_line",
        "frequency": "50",
        "gauge": "1435",
        "maxspeed": "140",
        "name": "İzmir-Afyonkarahisar demiryolu",
        "operator": "TCDD",
        "railway": "rail",
        "railway:etcs": "no",
        "usage": "main",
        "voltage": "25000"
      },
      "geometry": {
        "type": "LineString",
        "coordinates": [
          [
            27.073435,
            38.5923482
          ],
          [
            27.073188,
            38.5920661
          ],
          [
            27.0722513,
            38.5910685
          ],
          [
            27.0713915,
            38.590104
          ],
          [
            27.0673983,
            38.5857735
          ],
          [
            27.0626399,
            38.5805661
          ],
          [
            27.0600449,
            38.577747
          ],
          [
            27.0546807,
            38.5719196
          ],
          [
            27.0504574,
            38.5673282
          ],
          [
            27.0472327,
            38.563778
          ],
          [
            27.0457437,
            38.5621799
          ],
          [
            27.0447632,
            38.5611151
          ],
          [
            27.0442524,
            38.5605584
          ],
          [
            27.0442415,
            38.5605465
          ],
          [
            27.0438944,
            38.5601759
          ],
          [
            27.0426552,
            38.5588107
          ],
          [
            27.0411497,
            38.5571032
          ],
          [
            27.0395671,
            38.5550855
          ],
          [
            27.0387662,
            38.5539212
          ],
          [
            27.0379642,
            38.5526971
          ],
          [
            27.0372702,
            38.5514766
          ],
          [
            27.0369499,
            38.5508841
          ],
          [
            27.0366219,
            38.5502774
          ],
          [
            27.0362924,
            38.549639
          ],
          [
            27.0354509,
            38.5477824
          ],
          [
            27.0350105,
            38.54665
          ],
          [
            27.0348596,
            38.5461289
          ],
          [
            27.0346724,
            38.5454823
          ],
          [
            27.0344907,
            38.5448579
          ],
          [
            27.0344097,
            38.5445795
          ],
          [
            27.0338839,
            38.5428219
          ],
          [
            27.0325993,
            38.5384223
          ],
          [
            27.0313508,
            38.5340167
          ],
          [
            27.0307541,
            38.5319577
          ],
          [
            27.0301851,
            38.5299115
          ],
          [
            27.0300511,
            38.5291685
          ],
          [
            27.0300199,
            38.5286887
          ],
          [
            27.0300123,
            38.5281997
          ],
          [
            27.0300673,
            38.5276598
          ],
          [
            27.0301603,
            38.5271225
          ],
          [
            27.0303096,
            38.5265738
          ],
          [
            27.0304945,
            38.5260396
          ],
          [
            27.0308087,
            38.5253781
          ],
          [
            27.0311756,
            38.5247396
          ],
          [
            27.0316339,
            38.5241226
          ],
          [
            27.0321219,
            38.5235394
          ],
          [
            27.033053,
            38.5224423
          ],
          [
            27.0340058,
            38.5213163
          ],
          [
            27.0358595,
            38.5190857
          ],
          [
            27.0362686,
            38.5186146
          ],
          [
            27.0374635,
            38.5172106
          ],
          [
            27.03905,
            38.5153459
          ],
          [
            27.0395087,
            38.5148097
          ],
          [
            27.0399445,
            38.514354
          ],
          [
            27.0406138,
            38.5135285
          ],
          [
            27.0422626,
            38.5115934
          ],
          [
            27.0425797,
            38.511234
          ],
          [
            27.0428348,
            38.5109312
          ],
          [
            27.0459121,
            38.5073305
          ],
          [
            27.0463239,
            38.5068816
          ],
          [
            27.0467023,
            38.5063889
          ],
          [
            27.0474297,
            38.5055191
          ],
          [
            27.0482704,
            38.5044898
          ],
          [
            27.0487853,
            38.5038601
          ],
          [
            27.0501749,
            38.5022853
          ]
        ]
      },
      "id": "way/179935608"
    },
    {
      "type": "Feature",
      "properties": {
        "@id": "way/182446718",
        "axle_load": "22.5",
        "electrified": "contact_line",
        "frequency": "50",
        "gauge": "1435",
        "maxspeed": "100",
        "name": "İzmir-Alsancak-Eğirdir demiryolu",
        "operator": "TCDD",
        "railway": "rail",
        "usage": "main",
        "voltage": "25000"
      },
      "geometry": {
        "type": "LineString",
        "coordinates": [
          [
            27.1496486,
            38.4078308
          ],
          [
            27.1506761,
            38.4076315
          ],
          [
            27.1513202,
            38.4075475
          ],
          [
            27.1518261,
            38.4075115
          ],
          [
            27.152331,
            38.4075071
          ],
          [
            27.1527471,
            38.4075337
          ],
          [
            27.1531882,
            38.4075679
          ],
          [
            27.153619,
            38.4076185
          ],
          [
            27.1540693,
            38.4076958
          ],
          [
            27.1546692,
            38.4078994
          ],
          [
            27.1551823,
            38.4081945
          ],
          [
            27.1555491,
            38.4084323
          ],
          [
            27.1561894,
            38.4088921
          ],
          [
            27.1568178,
            38.4093756
          ],
          [
            27.1573875,
            38.4099041
          ],
          [
            27.1582113,
            38.4108865
          ],
          [
            27.1584616,
            38.4113196
          ],
          [
            27.1586404,
            38.4117615
          ],
          [
            27.1588936,
            38.4126509
          ],
          [
            27.1590144,
            38.4133627
          ],
          [
            27.1590606,
            38.4140751
          ],
          [
            27.1590258,
            38.4147243
          ],
          [
            27.1589221,
            38.4153615
          ],
          [
            27.1587929,
            38.4159108
          ],
          [
            27.1585885,
            38.4164625
          ],
          [
            27.1584837,
            38.4167021
          ],
          [
            27.1580132,
            38.4177783
          ]
        ]
      },
      "id": "way/182446718"
    },
    {
      "type": "Feature",
      "properties": {
        "@id": "way/182446730",
        "axle_load": "22.5",
        "electrified": "contact_line",
        "frequency": "50",
        "gauge": "1435",
        "maxspeed": "100",
        "name": "İzmir-Alsancak-Eğirdir demiryolu",
        "operator": "TCDD",
        "railway": "rail",
        "usage": "main",
        "voltage": "25000"
      },
      "geometry": {
        "type": "LineString",
        "coordinates": [
          [
            27.1552144,
            38.4238755
          ],
          [
            27.1557024,
            38.422856
          ],
          [
            27.1561038,
            38.4219448
          ]
        ]
      },
      "id": "way/182446730"
    },
    {
      "type": "Feature",
      "properties": {
        "@id": "way/182446731",
        "axle_load": "22.5",
        "cutting": "right",
        "electrified": "contact_line",
        "embankment": "yes",
        "frequency": "50",
        "gauge": "1435",
        "maxspeed": "100",
        "name": "İzmir-Alsancak-Eğirdir demiryolu",
        "operator": "TCDD",
        "railway": "rail",
        "usage": "main",
        "voltage": "25000"
      },
      "geometry": {
        "type": "LineString",
        "coordinates": [
          [
            27.1458578,
            38.4000921
          ],
          [
            27.1453384,
            38.4032047
          ],
          [
            27.1451995,
            38.4042008
          ],
          [
            27.1451809,
            38.4044237
          ],
          [
            27.1451809,
            38.4046685
          ],
          [
            27.1451898,
            38.4049652
          ],
          [
            27.1452388,
            38.4052644
          ],
          [
            27.1453007,
            38.4055147
          ],
          [
            27.1453865,
            38.4057675
          ],
          [
            27.1454971,
            38.4059922
          ],
          [
            27.1456322,
            38.4062141
          ],
          [
            27.145837,
            38.4064844
          ],
          [
            27.1460926,
            38.4067548
          ],
          [
            27.1462748,
            38.4069303
          ],
          [
            27.146523,
            38.4070986
          ],
          [
            27.1468051,
            38.407266
          ],
          [
            27.1471233,
            38.4074256
          ],
          [
            27.1476134,
            38.4076257
          ],
          [
            27.147917,
            38.4077096
          ],
          [
            27.1482325,
            38.407782
          ],
          [
            27.1485403,
            38.4078266
          ],
          [
            27.148818,
            38.4078497
          ],
          [
            27.1490533,
            38.4078544
          ]
        ]
      },
      "id": "way/182446731"
    },
    {
      "type": "Feature",
      "properties": {
        "@id": "way/182446732",
        "axle_load": "22.5",
        "electrified": "contact_line",
        "embankment": "yes",
        "frequency": "50",
        "gauge": "1435",
        "maxspeed": "100",
        "name": "İzmir-Alsancak-Eğirdir demiryolu",
        "operator": "TCDD",
        "railway": "rail",
        "usage": "main",
        "voltage": "25000"
      },
      "geometry": {
        "type": "LineString",
        "coordinates": [
          [
            27.1490394,
            38.4078842
          ],
          [
            27.1485598,
            38.4078595
          ],
          [
            27.1482194,
            38.4078092
          ],
          [
            27.1478978,
            38.4077305
          ],
          [
            27.1475922,
            38.4076417
          ],
          [
            27.1471018,
            38.4074457
          ],
          [
            27.1467924,
            38.407292
          ],
          [
            27.1465069,
            38.407127
          ],
          [
            27.1462311,
            38.406935
          ],
          [
            27.1460169,
            38.4067292
          ],
          [
            27.1457954,
            38.4065059
          ],
          [
            27.1455928,
            38.4062294
          ],
          [
            27.1454537,
            38.4060102
          ],
          [
            27.1453371,
            38.4057797
          ],
          [
            27.1452523,
            38.4055257
          ],
          [
            27.1451877,
            38.4052708
          ],
          [
            27.145149,
            38.4049642
          ],
          [
            27.1451331,
            38.4046682
          ],
          [
            27.1451388,
            38.4044227
          ],
          [
            27.1451581,
            38.4041942
          ],
          [
            27.1452949,
            38.4031994
          ],
          [
            27.1458073,
            38.4000794
          ]
        ]
      },
      "id": "way/182446732"
    },
    {
      "type": "Feature",
      "properties": {
        "@id": "way/182609089",
        "axle_load": "22.5",
        "bridge": "yes",
        "electrified": "contact_line",
        "frequency": "50",
        "gauge": "1435",
        "layer": "1",
        "maxspeed": "45",
        "name": "İzmir-Alsancak-Eğirdir demiryolu",
        "operator": "TCDD",
        "railway": "rail",
        "usage": "main",
        "voltage": "25000"
      },
      "geometry": {
        "type": "LineString",
        "coordinates": [
          [
            27.1535527,
            38.4274801
          ],
          [
            27.1536883,
            38.4271968
          ]
        ]
      },
      "id": "way/182609089"
    },
    {
      "type": "Feature",
      "properties": {
        "@id": "way/182609090",
        "bridge": "yes",
        "electrified": "contact_line",
        "frequency": "50",
        "gauge": "1435",
        "layer": "1",
        "maxspeed": "45",
        "name": "İzmir-Alsancak-Eğirdir demiryolu",
        "operator": "TCDD",
        "railway": "rail",
        "usage": "main",
        "voltage": "25000"
      },
      "geometry": {
        "type": "LineString",
        "coordinates": [
          [
            27.1536464,
            38.4271682
          ],
          [
            27.153513,
            38.4274552
          ]
        ]
      },
      "id": "way/182609090"
    },
    {
      "type": "Feature",
      "properties": {
        "@id": "way/182609092",
        "axle_load": "22.5",
        "bridge": "yes",
        "electrified": "contact_line",
        "frequency": "50",
        "gauge": "1435",
        "layer": "1",
        "maxspeed": "45",
        "name": "İzmir-Alsancak-Eğirdir demiryolu",
        "operator": "TCDD",
        "railway": "rail",
        "usage": "main",
        "voltage": "25000"
      },
      "geometry": {
        "type": "LineString",
        "coordinates": [
          [
            27.1535979,
            38.4274923
          ],
          [
            27.1537323,
            38.4272133
          ]
        ]
      },
      "id": "way/182609092"
    },
    {
      "type": "Feature",
      "properties": {
        "@id": "way/182609094",
        "axle_load": "22.5",
        "electrified": "contact_line",
        "frequency": "50",
        "gauge": "1435",
        "maxspeed": "40",
        "name": "Birinci Hilal",
        "operator": "TCDD",
        "railway": "rail",
        "usage": "main",
        "voltage": "25000"
      },
      "geometry": {
        "type": "LineString",
        "coordinates": [
          [
            27.1517239,
            38.4244723
          ],
          [
            27.152114,
            38.4246354
          ],
          [
            27.1522481,
            38.4246687
          ],
          [
            27.1523943,
            38.4247079
          ],
          [
            27.1525392,
            38.4247346
          ],
          [
            27.1526819,
            38.4247597
          ],
          [
            27.1528086,
            38.4247723
          ],
          [
            27.1529384,
            38.4247849
          ],
          [
            27.1530226,
            38.4247908
          ],
          [
            27.1531074,
            38.4247858
          ],
          [
            27.1532304,
            38.4247813
          ],
          [
            27.1533845,
            38.4247613
          ],
          [
            27.1535178,
            38.424743
          ],
          [
            27.1536976,
            38.4247158
          ],
          [
            27.1538164,
            38.4246809
          ],
          [
            27.153963,
            38.4246388
          ],
          [
            27.1540717,
            38.4245932
          ],
          [
            27.1542316,
            38.4245338
          ],
          [
            27.1543275,
            38.4244883
          ],
          [
            27.1544073,
            38.4244458
          ],
          [
            27.1544968,
            38.4244014
          ],
          [
            27.1545666,
            38.4243629
          ],
          [
            27.1546606,
            38.4243035
          ],
          [
            27.1547139,
            38.4242639
          ],
          [
            27.1547826,
            38.4242098
          ],
          [
            27.1548552,
            38.4241456
          ],
          [
            27.1549063,
            38.4241017
          ],
          [
            27.1549579,
            38.4240546
          ],
          [
            27.1549999,
            38.4240114
          ],
          [
            27.1550302,
            38.4239695
          ],
          [
            27.1550795,
            38.4238944
          ],
          [
            27.1551309,
            38.4238054
          ],
          [
            27.1551702,
            38.4237323
          ],
          [
            27.1552334,
            38.423599
          ],
          [
            27.1552768,
            38.4235001
          ],
          [
            27.1552989,
            38.4234422
          ],
          [
            27.1553247,
            38.4233577
          ],
          [
            27.1553675,
            38.4231633
          ],
          [
            27.1554145,
            38.4228254
          ],
          [
            27.1554244,
            38.4227463
          ],
          [
            27.15544,
            38.4226767
          ],
          [
            27.1555177,
            38.4224545
          ],
          [
            27.1556158,
            38.4222272
          ],
          [
            27.1557428,
            38.421942
          ],
          [
            27.1558385,
            38.4217665
          ],
          [
            27.1559148,
            38.4216602
          ],
          [
            27.1559773,
            38.4215729
          ],
          [
            27.1562143,
            38.4212608
          ],
          [
            27.1563582,
            38.4210511
          ],
          [
            27.1565795,
            38.4207243
          ],
          [
            27.1567211,
            38.4204293
          ],
          [
            27.1570218,
            38.4197711
          ],
          [
            27.157366,
            38.4190024
          ],
          [
            27.1574858,
            38.4187348
          ],
          [
            27.1576252,
            38.4185289
          ]
        ]
      },
      "id": "way/182609094"
    },
    {
      "type": "Feature",
      "properties": {
        "@id": "way/182609095",
        "axle_load": "22.5",
        "electrified": "contact_line",
        "frequency": "50",
        "gauge": "1435",
        "maxspeed": "100",
        "name": "İzmir-Alsancak-Eğirdir demiryolu",
        "operator": "TCDD",
        "railway": "rail",
        "usage": "main",
        "voltage": "25000"
      },
      "geometry": {
        "type": "LineString",
        "coordinates": [
          [
            27.1536883,
            38.4271968
          ],
          [
            27.1541401,
            38.4262003
          ],
          [
            27.1541558,
            38.4261636
          ],
          [
            27.1546388,
            38.4250862
          ],
          [
            27.154935,
            38.4244621
          ],
          [
            27.1552144,
            38.4238755
          ]
        ]
      },
      "id": "way/182609095"
    },
    {
      "type": "Feature",
      "properties": {
        "@id": "way/182609097",
        "axle_load": "22.5",
        "electrified": "contact_line",
        "frequency": "50",
        "gauge": "1435",
        "maxspeed": "100",
        "name": "İzmir-Alsancak-Eğirdir demiryolu",
        "operator": "TCDD",
        "railway": "rail",
        "usage": "main",
        "voltage": "25000"
      },
      "geometry": {
        "type": "LineString",
        "coordinates": [
          [
            27.1537323,
            38.4272133
          ],
          [
            27.1540622,
            38.4264705
          ],
          [
            27.1541812,
            38.4262247
          ],
          [
            27.1541975,
            38.426189
          ],
          [
            27.1546959,
            38.4251
          ],
          [
            27.1548562,
            38.4247491
          ],
          [
            27.15498,
            38.4244781
          ],
          [
            27.1551465,
            38.4241136
          ],
          [
            27.1557547,
            38.4228689
          ],
          [
            27.1561543,
            38.4219606
          ]
        ]
      },
      "id": "way/182609097"
    },
    {
      "type": "Feature",
      "properties": {
        "@id": "way/182777334",
        "axle_load": "22.5",
        "electrified": "contact_line",
        "frequency": "50",
        "gauge": "1435",
        "maxspeed": "45",
        "name": "İzmir-Afyonkarahisar demiryolu",
        "operator": "TCDD",
        "railway": "rail",
        "usage": "main",
        "voltage": "25000"
      },
      "geometry": {
        "type": "LineString",
        "coordinates": [
          [
            27.1650613,
            38.432984
          ],
          [
            27.163833,
            38.432153
          ],
          [
            27.1589572,
            38.4291892
          ],
          [
            27.1584747,
            38.4289005
          ],
          [
            27.1564878,
            38.4277135
          ]
        ]
      },
      "id": "way/182777334"
    },
    {
      "type": "Feature",
      "properties": {
        "@id": "way/183076840",
        "axle_load": "22.5",
        "electrified": "contact_line",
        "frequency": "50",
        "gauge": "1435",
        "maxspeed": "45",
        "name": "İzmir-Afyonkarahisar demiryolu",
        "operator": "TCDD",
        "railway": "rail",
        "railway:etcs": "no",
        "usage": "main",
        "voltage": "25000"
      },
      "geometry": {
        "type": "LineString",
        "coordinates": [
          [
            27.1569595,
            38.4278902
          ],
          [
            27.1571802,
            38.4280099
          ],
          [
            27.1576112,
            38.4282745
          ],
          [
            27.1586527,
            38.428914
          ],
          [
            27.1600394,
            38.4297581
          ],
          [
            27.1602666,
            38.4298803
          ],
          [
            27.1617235,
            38.4307712
          ],
          [
            27.1622483,
            38.4310902
          ],
          [
            27.1639191,
            38.43209
          ],
          [
            27.1654603,
            38.4331196
          ],
          [
            27.1658835,
            38.4333794
          ],
          [
            27.1666966,
            38.4338761
          ],
          [
            27.167256,
            38.4342206
          ],
          [
            27.1680887,
            38.4346474
          ],
          [
            27.1689134,
            38.4351057
          ],
          [
            27.1693933,
            38.4353725
          ],
          [
            27.1701022,
            38.4357969
          ],
          [
            27.1703651,
            38.4359778
          ],
          [
            27.1705046,
            38.4360871
          ],
          [
            27.1709939,
            38.4364954
          ],
          [
            27.1716696,
            38.4371074
          ],
          [
            27.1720933,
            38.4375667
          ],
          [
            27.172492,
            38.4381955
          ],
          [
            27.172741,
            38.4386937
          ],
          [
            27.1727621,
            38.4387312
          ],
          [
            27.172955,
            38.4390749
          ],
          [
            27.1731331,
            38.4393922
          ],
          [
            27.1732697,
            38.4397457
          ],
          [
            27.1733908,
            38.440221
          ],
          [
            27.1735313,
            38.4408267
          ],
          [
            27.1736406,
            38.4414625
          ],
          [
            27.1736924,
            38.4420653
          ],
          [
            27.1736875,
            38.4426729
          ],
          [
            27.1736326,
            38.4432919
          ],
          [
            27.17327,
            38.445938
          ],
          [
            27.1730867,
            38.4473059
          ],
          [
            27.1730349,
            38.4477711
          ]
        ]
      },
      "id": "way/183076840"
    },
    {
      "type": "Feature",
      "properties": {
        "@id": "way/183076841",
        "electrified": "contact_line",
        "frequency": "50",
        "gauge": "1435",
        "maxspeed": "25",
        "name": "Üçüncü Hilal",
        "operator": "TCDD",
        "railway": "rail",
        "usage": "main",
        "voltage": "25000"
      },
      "geometry": {
        "type": "LineString",
        "coordinates": [
          [
            27.1560302,
            38.427365
          ],
          [
            27.1558484,
            38.4272251
          ],
          [
            27.1556679,
            38.4270919
          ],
          [
            27.1553925,
            38.4268729
          ],
          [
            27.1551583,
            38.4266554
          ],
          [
            27.1549846,
            38.4264555
          ],
          [
            27.154852,
            38.4262356
          ],
          [
            27.1547806,
            38.4260597
          ],
          [
            27.154722,
            38.4258571
          ],
          [
            27.1546933,
            38.4256573
          ],
          [
            27.1546904,
            38.4253863
          ],
          [
            27.1547041,
            38.4252408
          ],
          [
            27.1547516,
            38.4250985
          ],
          [
            27.1548118,
            38.4249108
          ],
          [
            27.1548562,
            38.4247491
          ],
          [
            27.154935,
            38.4244621
          ]
        ]
      },
      "id": "way/183076841"
    },
    {
      "type": "Feature",
      "properties": {
        "@id": "way/183076842",
        "axle_load": "22.5",
        "bridge": "yes",
        "electrified": "contact_line",
        "frequency": "50",
        "gauge": "1435",
        "layer": "1",
        "maxspeed": "40",
        "operator": "TCDD",
        "railway": "rail",
        "usage": "main",
        "voltage": "25000"
      },
      "geometry": {
        "type": "LineString",
        "coordinates": [
          [
            27.1515032,
            38.4243707
          ],
          [
            27.1517239,
            38.4244723
          ]
        ]
      },
      "id": "way/183076842"
    },
    {
      "type": "Feature",
      "properties": {
        "@id": "way/183076843",
        "axle_load": "22.5",
        "bridge": "yes",
        "electrified": "contact_line",
        "frequency": "50",
        "gauge": "1435",
        "layer": "1",
        "maxspeed": "40",
        "operator": "TCDD",
        "railway": "rail",
        "railway:etcs": "no",
        "usage": "main",
        "voltage": "25000"
      },
      "geometry": {
        "type": "LineString",
        "coordinates": [
          [
            27.1516571,
            38.4245999
          ],
          [
            27.1514602,
            38.4244764
          ]
        ]
      },
      "id": "way/183076843"
    },
    {
      "type": "Feature",
      "properties": {
        "@id": "way/183076844",
        "axle_load": "22.5",
        "bridge": "yes",
        "electrified": "contact_line",
        "frequency": "50",
        "gauge": "1435",
        "layer": "1",
        "maxspeed": "40",
        "operator": "TCDD",
        "railway": "rail",
        "railway:etcs": "no",
        "usage": "main",
        "voltage": "25000"
      },
      "geometry": {
        "type": "LineString",
        "coordinates": [
          [
            27.1516998,
            38.4245078
          ],
          [
            27.1516295,
            38.4244741
          ],
          [
            27.1514892,
            38.4244069
          ]
        ]
      },
      "id": "way/183076844"
    },
    {
      "type": "Feature",
      "properties": {
        "@id": "way/183076846",
        "axle_load": "22.5",
        "electrified": "contact_line",
        "frequency": "50",
        "gauge": "1435",
        "maxspeed": "40",
        "name": "İzmir-Afyonkarahisar demiryolu",
        "operator": "TCDD",
        "railway": "rail",
        "railway:etcs": "no",
        "usage": "main",
        "voltage": "25000"
      },
      "geometry": {
        "type": "LineString",
        "coordinates": [
          [
            27.1481916,
            38.422976
          ],
          [
            27.1485989,
            38.4230734
          ],
          [
            27.1490066,
            38.4232029
          ],
          [
            27.1495749,
            38.423419
          ],
          [
            27.1499174,
            38.423584
          ],
          [
            27.1502264,
            38.4237475
          ],
          [
            27.1504117,
            38.4238561
          ],
          [
            27.1506727,
            38.424009
          ],
          [
            27.1511259,
            38.4242603
          ],
          [
            27.1512753,
            38.4243347
          ],
          [
            27.1514892,
            38.4244069
          ]
        ]
      },
      "id": "way/183076846"
    },
    {
      "type": "Feature",
      "properties": {
        "@id": "way/183076848",
        "axle_load": "22.5",
        "electrified": "contact_line",
        "frequency": "50",
        "gauge": "1435",
        "maxspeed": "45",
        "name": "İkinci Hilal",
        "operator": "TCDD",
        "railway": "rail",
        "usage": "main",
        "voltage": "25000"
      },
      "geometry": {
        "type": "LineString",
        "coordinates": [
          [
            27.1540154,
            38.4276689
          ],
          [
            27.1543268,
            38.4275339
          ],
          [
            27.1546129,
            38.4274519
          ],
          [
            27.1548526,
            38.427409
          ],
          [
            27.1551488,
            38.4273816
          ],
          [
            27.1553736,
            38.427382
          ],
          [
            27.1555952,
            38.4274047
          ],
          [
            27.1557672,
            38.4274328
          ],
          [
            27.1559551,
            38.4274684
          ],
          [
            27.1561749,
            38.4275313
          ],
          [
            27.1563477,
            38.4275966
          ],
          [
            27.1565305,
            38.4276769
          ],
          [
            27.1569595,
            38.4278902
          ]
        ]
      },
      "id": "way/183076848"
    },
    {
      "type": "Feature",
      "properties": {
        "@id": "way/183076849",
        "axle_load": "22.5",
        "electrified": "contact_line",
        "frequency": "50",
        "gauge": "1435",
        "maxspeed": "40",
        "name": "İzmir-Afyonkarahisar demiryolu",
        "operator": "TCDD",
        "railway": "rail",
        "railway:etcs": "no",
        "usage": "main",
        "voltage": "25000"
      },
      "geometry": {
        "type": "LineString",
        "coordinates": [
          [
            27.1514602,
            38.4244764
          ],
          [
            27.1511112,
            38.424298
          ],
          [
            27.1506521,
            38.424036
          ],
          [
            27.1502027,
            38.4237788
          ],
          [
            27.1498931,
            38.4236149
          ],
          [
            27.1495521,
            38.4234498
          ],
          [
            27.1491981,
            38.4233148
          ],
          [
            27.1489883,
            38.4232347
          ],
          [
            27.1485837,
            38.4231019
          ],
          [
            27.1481838,
            38.4230092
          ],
          [
            27.1478053,
            38.4229422
          ],
          [
            27.1475153,
            38.4228953
          ],
          [
            27.1472234,
            38.4228507
          ]
        ]
      },
      "id": "way/183076849"
    },
    {
      "type": "Feature",
      "properties": {
        "@id": "way/183360022",
        "axle_load": "22.5",
        "electrified": "contact_line",
        "frequency": "50",
        "gauge": "1435",
        "operator": "TCDD",
        "railway": "rail",
        "usage": "main",
        "voltage": "25000"
      },
      "geometry": {
        "type": "LineString",
        "coordinates": [
          [
            27.1472234,
            38.4228507
          ],
          [
            27.1478169,
            38.4229084
          ]
        ]
      },
      "id": "way/183360022"
    },
    {
      "type": "Feature",
      "properties": {
        "@id": "way/183360026",
        "electrified": "contact_line",
        "frequency": "50",
        "gauge": "1435",
        "name": "İzmir-Afyonkarahisar demiryolu",
        "operator": "TCDD",
        "railway": "rail",
        "railway:track_ref": "1",
        "usage": "main",
        "voltage": "25000"
      },
      "geometry": {
        "type": "LineString",
        "coordinates": [
          [
            27.1440889,
            38.4222931
          ],
          [
            27.145057,
            38.4224329
          ],
          [
            27.1460816,
            38.4225985
          ],
          [
            27.1466999,
            38.4226982
          ],
          [
            27.1471773,
            38.4227778
          ],
          [
            27.1474281,
            38.4228451
          ]
        ]
      },
      "id": "way/183360026"
    },
    {
      "type": "Feature",
      "properties": {
        "@id": "way/183360027",
        "axle_load": "22.5",
        "electrified": "contact_line",
        "frequency": "50",
        "gauge": "1435",
        "maxspeed": "40",
        "name": "İzmir-Afyonkarahisar demiryolu",
        "operator": "TCDD",
        "railway": "rail",
        "railway:etcs": "no",
        "railway:track_ref": "2",
        "usage": "main",
        "voltage": "25000"
      },
      "geometry": {
        "type": "LineString",
        "coordinates": [
          [
            27.1440692,
            38.4223647
          ],
          [
            27.1450282,
            38.4225108
          ],
          [
            27.1460604,
            38.4226674
          ],
          [
            27.1466939,
            38.4227612
          ],
          [
            27.1472334,
            38.4228134
          ],
          [
            27.1474281,
            38.4228451
          ]
        ]
      },
      "id": "way/183360027"
    },
    {
      "type": "Feature",
      "properties": {
        "@id": "way/183360028",
        "electrified": "contact_line",
        "frequency": "50",
        "gauge": "1435",
        "railway": "rail",
        "railway:track_ref": "4",
        "usage": "main",
        "voltage": "25000"
      },
      "geometry": {
        "type": "LineString",
        "coordinates": [
          [
            27.1440397,
            38.4224984
          ],
          [
            27.1449703,
            38.4226462
          ],
          [
            27.1456384,
            38.4227445
          ],
          [
            27.1460346,
            38.422792
          ],
          [
            27.1466423,
            38.4228455
          ],
          [
            27.1472107,
            38.422887
          ],
          [
            27.147562,
            38.4229196
          ],
          [
            27.1478053,
            38.4229422
          ]
        ]
      },
      "id": "way/183360028"
    },
    {
      "type": "Feature",
      "properties": {
        "@id": "way/183360029",
        "electrified": "contact_line",
        "frequency": "50",
        "gauge": "1435",
        "railway": "rail",
        "railway:track_ref": "5",
        "usage": "main",
        "voltage": "25000"
      },
      "geometry": {
        "type": "LineString",
        "coordinates": [
          [
            27.1440265,
            38.4225415
          ],
          [
            27.1449658,
            38.4226865
          ],
          [
            27.1456166,
            38.422785
          ],
          [
            27.1460316,
            38.4228372
          ],
          [
            27.1463423,
            38.4228668
          ],
          [
            27.1473486,
            38.4229143
          ],
          [
            27.147562,
            38.4229196
          ]
        ]
      },
      "id": "way/183360029"
    },
    {
      "type": "Feature",
      "properties": {
        "@id": "way/183360030",
        "electrified": "contact_line",
        "frequency": "50",
        "gauge": "1435",
        "railway": "rail",
        "railway:track_ref": "6",
        "usage": "main",
        "voltage": "25000"
      },
      "geometry": {
        "type": "LineString",
        "coordinates": [
          [
            27.143923,
            38.422621
          ],
          [
            27.1452749,
            38.4228122
          ],
          [
            27.1455346,
            38.4228318
          ],
          [
            27.1458696,
            38.4228461
          ],
          [
            27.1463423,
            38.4228668
          ]
        ]
      },
      "id": "way/183360030"
    },
    {
      "type": "Feature",
      "properties": {
        "@id": "way/185632858",
        "axle_load": "22.5",
        "electrified": "contact_line",
        "frequency": "50",
        "gauge": "1435",
        "maxspeed": "40",
        "name": "İzmir-Afyonkarahisar demiryolu",
        "operator": "TCDD",
        "railway": "rail",
        "railway:etcs": "no",
        "usage": "main",
        "voltage": "25000"
      },
      "geometry": {
        "type": "LineString",
        "coordinates": [
          [
            27.1579777,
            38.4285576
          ],
          [
            27.1565305,
            38.4276769
          ],
          [
            27.1560302,
            38.427365
          ],
          [
            27.155742,
            38.4271851
          ],
          [
            27.1541812,
            38.4262247
          ],
          [
            27.1541401,
            38.4262003
          ],
          [
            27.1541013,
            38.4261786
          ],
          [
            27.1535895,
            38.4258666
          ],
          [
            27.1530873,
            38.4255537
          ],
          [
            27.1521011,
            38.4249159
          ],
          [
            27.1516571,
            38.4245999
          ]
        ]
      },
      "id": "way/185632858"
    },
    {
      "type": "Feature",
      "properties": {
        "@id": "way/185632859",
        "axle_load": "22.5",
        "electrified": "contact_line",
        "frequency": "50",
        "gauge": "1435",
        "maxspeed": "40",
        "name": "İzmir-Afyonkarahisar demiryolu",
        "operator": "TCDD",
        "railway": "rail",
        "railway:etcs": "no",
        "usage": "main",
        "voltage": "25000"
      },
      "geometry": {
        "type": "LineString",
        "coordinates": [
          [
            27.1569595,
            38.4278902
          ],
          [
            27.1560684,
            38.4273347
          ],
          [
            27.1556679,
            38.4270919
          ],
          [
            27.1553286,
            38.4268894
          ],
          [
            27.1541975,
            38.426189
          ],
          [
            27.1541558,
            38.4261636
          ],
          [
            27.154119,
            38.4261412
          ],
          [
            27.1536174,
            38.4258359
          ],
          [
            27.1531107,
            38.4255252
          ],
          [
            27.1528514,
            38.4253605
          ],
          [
            27.1525975,
            38.4251991
          ],
          [
            27.1521736,
            38.4248715
          ],
          [
            27.1520711,
            38.4247921
          ],
          [
            27.1518421,
            38.4246046
          ],
          [
            27.1516998,
            38.4245078
          ]
        ]
      },
      "id": "way/185632859"
    },
    {
      "type": "Feature",
      "properties": {
        "@id": "way/186046892",
        "axle_load": "22.5",
        "electrified": "contact_line",
        "frequency": "50",
        "gauge": "1435",
        "maxspeed": "140",
        "name": "İzmir-Afyonkarahisar demiryolu",
        "operator": "TCDD",
        "railway": "rail",
        "railway:etcs": "no",
        "usage": "main",
        "voltage": "25000"
      },
      "geometry": {
        "type": "LineString",
        "coordinates": [
          [
            27.1729859,
            38.4481173
          ],
          [
            27.172848,
            38.4489066
          ],
          [
            27.1727915,
            38.4492177
          ],
          [
            27.1726585,
            38.4497432
          ],
          [
            27.1723557,
            38.4505837
          ],
          [
            27.1719102,
            38.4517174
          ],
          [
            27.1716776,
            38.4522446
          ],
          [
            27.1713259,
            38.4529709
          ],
          [
            27.1710602,
            38.4535074
          ],
          [
            27.1707445,
            38.4540438
          ],
          [
            27.1671359,
            38.4597443
          ],
          [
            27.167056,
            38.4598704
          ]
        ]
      },
      "id": "way/186046892"
    },
    {
      "type": "Feature",
      "properties": {
        "@id": "way/186046900",
        "axle_load": "22.5",
        "bridge": "yes",
        "electrified": "contact_line",
        "frequency": "50",
        "gauge": "1435",
        "layer": "1",
        "maxspeed": "140",
        "operator": "TCDD",
        "railway": "rail",
        "railway:etcs": "no",
        "usage": "main",
        "voltage": "25000"
      },
      "geometry": {
        "type": "LineString",
        "coordinates": [
          [
            27.1730349,
            38.4477711
          ],
          [
            27.1730039,
            38.4479904
          ],
          [
            27.1729859,
            38.4481173
          ]
        ]
      },
      "id": "way/186046900"
    },
    {
      "type": "Feature",
      "properties": {
        "@id": "way/186046906",
        "electrified": "contact_line",
        "frequency": "50",
        "gauge": "1435",
        "operator": "TCDD",
        "railway": "rail",
        "usage": "main",
        "voltage": "25000"
      },
      "geometry": {
        "type": "LineString",
        "coordinates": [
          [
            27.1729028,
            38.447754
          ],
          [
            27.1729812,
            38.4472953
          ],
          [
            27.1731726,
            38.4459303
          ],
          [
            27.1735289,
            38.4432773
          ],
          [
            27.173581,
            38.4426643
          ],
          [
            27.1735861,
            38.4420674
          ],
          [
            27.1735435,
            38.4414689
          ],
          [
            27.1734398,
            38.4408536
          ],
          [
            27.1733019,
            38.4402355
          ],
          [
            27.1732199,
            38.4399985
          ],
          [
            27.1731446,
            38.4397973
          ],
          [
            27.1730007,
            38.4394642
          ],
          [
            27.1727743,
            38.4390108
          ],
          [
            27.1725593,
            38.4386537
          ],
          [
            27.1722441,
            38.4381979
          ]
        ]
      },
      "id": "way/186046906"
    },
    {
      "type": "Feature",
      "properties": {
        "@id": "way/186046908",
        "electrified": "no",
        "gauge": "1435",
        "operator": "TCDD",
        "railway": "rail",
        "usage": "main"
      },
      "geometry": {
        "type": "LineString",
        "coordinates": [
          [
            27.1710873,
            38.4370475
          ],
          [
            27.1704905,
            38.4366782
          ],
          [
            27.1701358,
            38.4364308
          ],
          [
            27.169837,
            38.4362249
          ],
          [
            27.1693158,
            38.4358633
          ],
          [
            27.168568,
            38.4354153
          ],
          [
            27.168468,
            38.4353176
          ]
        ]
      },
      "id": "way/186046908"
    },
    {
      "type": "Feature",
      "properties": {
        "@id": "way/186937633",
        "axle_load": "22.5",
        "electrified": "contact_line",
        "frequency": "50",
        "gauge": "1435",
        "maxspeed": "140",
        "name": "İzmir-Afyonkarahisar demiryolu",
        "operator": "TCDD",
        "railway": "rail",
        "railway:etcs": "no",
        "usage": "main",
        "voltage": "25000"
      },
      "geometry": {
        "type": "LineString",
        "coordinates": [
          [
            27.1668659,
            38.4601786
          ],
          [
            27.1653999,
            38.4623992
          ],
          [
            27.1650655,
            38.4629231
          ],
          [
            27.1648108,
            38.463328
          ],
          [
            27.1645804,
            38.4636703
          ],
          [
            27.1644481,
            38.4638622
          ],
          [
            27.1641983,
            38.4641919
          ],
          [
            27.1637784,
            38.4647109
          ],
          [
            27.1635592,
            38.464973
          ],
          [
            27.163141,
            38.4654074
          ],
          [
            27.1626786,
            38.465863
          ],
          [
            27.1620865,
            38.4663458
          ],
          [
            27.1615033,
            38.4667928
          ],
          [
            27.160953,
            38.4671723
          ],
          [
            27.1603364,
            38.4675385
          ],
          [
            27.1599397,
            38.4677193
          ],
          [
            27.1594626,
            38.4679214
          ],
          [
            27.158773,
            38.4681428
          ],
          [
            27.158228,
            38.4682629
          ],
          [
            27.1574025,
            38.4684029
          ],
          [
            27.1570189,
            38.4684319
          ],
          [
            27.1565898,
            38.4684593
          ],
          [
            27.1561163,
            38.4684684
          ],
          [
            27.1555224,
            38.4684117
          ],
          [
            27.1547811,
            38.4682972
          ],
          [
            27.1541322,
            38.468149
          ]
        ]
      },
      "id": "way/186937633"
    },
    {
      "type": "Feature",
      "properties": {
        "@id": "way/186943054",
        "axle_load": "22.5",
        "electrified": "contact_line",
        "frequency": "50",
        "gauge": "1435",
        "maxspeed": "140",
        "name": "İzmir-Afyonkarahisar demiryolu",
        "operator": "TCDD",
        "railway": "rail",
        "railway:etcs": "no",
        "usage": "main",
        "voltage": "25000"
      },
      "geometry": {
        "type": "LineString",
        "coordinates": [
          [
            27.1541537,
            38.4681117
          ],
          [
            27.154798,
            38.4682552
          ],
          [
            27.155526,
            38.4683729
          ],
          [
            27.1561243,
            38.4684241
          ],
          [
            27.1565835,
            38.4684176
          ],
          [
            27.1570067,
            38.4683887
          ],
          [
            27.1574002,
            38.4683605
          ],
          [
            27.1582035,
            38.4682206
          ],
          [
            27.158745,
            38.4681022
          ],
          [
            27.1594224,
            38.4678913
          ],
          [
            27.159941,
            38.4676801
          ],
          [
            27.160358,
            38.467482
          ],
          [
            27.1609086,
            38.4671545
          ],
          [
            27.1614783,
            38.4667655
          ],
          [
            27.1620511,
            38.4663316
          ],
          [
            27.1626199,
            38.4658544
          ],
          [
            27.1630999,
            38.4653909
          ],
          [
            27.1635193,
            38.4649495
          ],
          [
            27.1637442,
            38.4646924
          ],
          [
            27.1641783,
            38.4641538
          ],
          [
            27.1643028,
            38.4640021
          ],
          [
            27.1644177,
            38.4638433
          ],
          [
            27.1645355,
            38.463684
          ],
          [
            27.1647645,
            38.4633282
          ],
          [
            27.1650224,
            38.4629163
          ],
          [
            27.1653437,
            38.4623972
          ],
          [
            27.1667994,
            38.4601523
          ]
        ]
      },
      "id": "way/186943054"
    },
    {
      "type": "Feature",
      "properties": {
        "@id": "way/186945599",
        "axle_load": "22.5",
        "electrified": "contact_line",
        "frequency": "50",
        "gauge": "1435",
        "maxspeed": "140",
        "name": "İzmir-Afyonkarahisar demiryolu",
        "operator": "TCDD",
        "railway": "rail",
        "railway:etcs": "no",
        "usage": "main",
        "voltage": "25000"
      },
      "geometry": {
        "type": "LineString",
        "coordinates": [
          [
            27.130586,
            38.4651921
          ],
          [
            27.1299375,
            38.4650817
          ],
          [
            27.1286311,
            38.4646608
          ],
          [
            27.128512,
            38.464614
          ],
          [
            27.1281222,
            38.4644534
          ],
          [
            27.1276511,
            38.4642286
          ],
          [
            27.1273554,
            38.4640706
          ],
          [
            27.1228247,
            38.4614663
          ]
        ]
      },
      "id": "way/186945599"
    },
    {
      "type": "Feature",
      "properties": {
        "@id": "way/186945600",
        "axle_load": "22.5",
        "electrified": "contact_line",
        "frequency": "50",
        "gauge": "1435",
        "maxspeed": "140",
        "name": "İzmir-Afyonkarahisar demiryolu",
        "operator": "TCDD",
        "railway": "rail",
        "railway:etcs": "no",
        "usage": "main",
        "voltage": "25000"
      },
      "geometry": {
        "type": "LineString",
        "coordinates": [
          [
            27.1540542,
            38.4681301
          ],
          [
            27.1530378,
            38.4678666
          ],
          [
            27.1490401,
            38.466806
          ],
          [
            27.1439635,
            38.4653793
          ],
          [
            27.1434873,
            38.4652279
          ],
          [
            27.1427507,
            38.4650105
          ],
          [
            27.1423303,
            38.4649023
          ],
          [
            27.1416514,
            38.4647978
          ],
          [
            27.1409987,
            38.4647403
          ],
          [
            27.1402684,
            38.4647368
          ],
          [
            27.1335046,
            38.4652941
          ]
        ]
      },
      "id": "way/186945600"
    },
    {
      "type": "Feature",
      "properties": {
        "@id": "way/186945601",
        "axle_load": "22.5",
        "electrified": "contact_line",
        "frequency": "50",
        "gauge": "1435",
        "layer": "-1",
        "maxspeed": "140",
        "name": "İzmir-Afyonkarahisar demiryolu",
        "operator": "TCDD",
        "railway": "rail",
        "railway:etcs": "no",
        "usage": "main",
        "voltage": "25000"
      },
      "geometry": {
        "type": "LineString",
        "coordinates": [
          [
            27.1335011,
            38.4652583
          ],
          [
            27.1402661,
            38.4647009
          ],
          [
            27.1410014,
            38.4647044
          ],
          [
            27.1416584,
            38.4647623
          ],
          [
            27.1423419,
            38.4648675
          ],
          [
            27.1427659,
            38.4649766
          ],
          [
            27.1435038,
            38.4651944
          ],
          [
            27.1445052,
            38.4655035
          ],
          [
            27.1449597,
            38.46563
          ],
          [
            27.149061,
            38.4667651
          ],
          [
            27.153057,
            38.4678208
          ],
          [
            27.1540705,
            38.4680914
          ]
        ]
      },
      "id": "way/186945601"
    },
    {
      "type": "Feature",
      "properties": {
        "@id": "way/186945602",
        "axle_load": "22.5",
        "bridge": "yes",
        "electrified": "contact_line",
        "frequency": "50",
        "gauge": "1435",
        "layer": "1",
        "maxspeed": "140",
        "operator": "TCDD",
        "railway": "rail",
        "railway:etcs": "no",
        "usage": "main",
        "voltage": "25000"
      },
      "geometry": {
        "type": "LineString",
        "coordinates": [
          [
            27.1335046,
            38.4652941
          ],
          [
            27.1334465,
            38.4652971
          ]
        ]
      },
      "id": "way/186945602"
    },
    {
      "type": "Feature",
      "properties": {
        "@id": "way/186945604",
        "axle_load": "22.5",
        "bridge": "yes",
        "electrified": "contact_line",
        "frequency": "50",
        "gauge": "1435",
        "layer": "1",
        "maxspeed": "140",
        "operator": "TCDD",
        "railway": "rail",
        "railway:etcs": "no",
        "usage": "main",
        "voltage": "25000"
      },
      "geometry": {
        "type": "LineString",
        "coordinates": [
          [
            27.1540705,
            38.4680914
          ],
          [
            27.1541537,
            38.4681117
          ]
        ]
      },
      "id": "way/186945604"
    },
    {
      "type": "Feature",
      "properties": {
        "@id": "way/186945606",
        "axle_load": "22.5",
        "bridge": "yes",
        "electrified": "contact_line",
        "frequency": "50",
        "gauge": "1435",
        "layer": "1",
        "maxspeed": "140",
        "operator": "TCDD",
        "railway": "rail",
        "railway:etcs": "no",
        "usage": "main",
        "voltage": "25000"
      },
      "geometry": {
        "type": "LineString",
        "coordinates": [
          [
            27.1334433,
            38.4652613
          ],
          [
            27.1335011,
            38.4652583
          ]
        ]
      },
      "id": "way/186945606"
    },
    {
      "type": "Feature",
      "properties": {
        "@id": "way/186945611",
        "axle_load": "22.5",
        "bridge": "yes",
        "electrified": "contact_line",
        "frequency": "50",
        "gauge": "1435",
        "layer": "1",
        "maxspeed": "140",
        "operator": "TCDD",
        "railway": "rail",
        "railway:etcs": "no",
        "usage": "main",
        "voltage": "25000"
      },
      "geometry": {
        "type": "LineString",
        "coordinates": [
          [
            27.1541322,
            38.468149
          ],
          [
            27.1540542,
            38.4681301
          ]
        ]
      },
      "id": "way/186945611"
    },
    {
      "type": "Feature",
      "properties": {
        "@id": "way/186945612",
        "axle_load": "22.5",
        "electrified": "contact_line",
        "frequency": "50",
        "gauge": "1435",
        "layer": "-1",
        "maxspeed": "140",
        "operator": "TCDD",
        "railway": "rail",
        "railway:etcs": "no",
        "tunnel": "yes",
        "usage": "main",
        "voltage": "25000",
        "wikidata": "Q6068265",
        "wikipedia": "tr:Karşıyaka Demiryolu Tüneli"
      },
      "geometry": {
        "type": "LineString",
        "coordinates": [
          [
            27.1228247,
            38.4614663
          ],
          [
            27.1214519,
            38.4606457
          ],
          [
            27.1191963,
            38.4592958
          ],
          [
            27.118747,
            38.4590532
          ],
          [
            27.1183097,
            38.458814
          ],
          [
            27.1179316,
            38.458635
          ],
          [
            27.1174197,
            38.4584299
          ],
          [
            27.1165456,
            38.4581657
          ],
          [
            27.1161113,
            38.4580713
          ],
          [
            27.1151258,
            38.4578724
          ],
          [
            27.1146603,
            38.4577987
          ],
          [
            27.1136213,
            38.4576397
          ],
          [
            27.112484,
            38.4575095
          ],
          [
            27.1111193,
            38.4575217
          ],
          [
            27.110359,
            38.4575631
          ],
          [
            27.1095866,
            38.4576586
          ],
          [
            27.108371,
            38.457942
          ],
          [
            27.1071717,
            38.4583112
          ],
          [
            27.1062763,
            38.4586973
          ],
          [
            27.1057186,
            38.4589658
          ],
          [
            27.1050771,
            38.4593224
          ],
          [
            27.1047784,
            38.4595435
          ],
          [
            27.1043435,
            38.4598764
          ],
          [
            27.1037674,
            38.4603585
          ],
          [
            27.1034177,
            38.4606918
          ]
        ]
      },
      "id": "way/186945612"
    },
    {
      "type": "Feature",
      "properties": {
        "@id": "way/186945613",
        "axle_load": "22.5",
        "electrified": "contact_line",
        "frequency": "50",
        "gauge": "1435",
        "maxspeed": "140",
        "operator": "TCDD",
        "railway": "rail",
        "railway:etcs": "no",
        "usage": "main",
        "voltage": "25000"
      },
      "geometry": {
        "type": "LineString",
        "coordinates": [
          [
            27.1334465,
            38.4652971
          ],
          [
            27.1325665,
            38.4653494
          ],
          [
            27.1320378,
            38.4653464
          ],
          [
            27.1315038,
            38.4653184
          ],
          [
            27.1310017,
            38.4652556
          ]
        ]
      },
      "id": "way/186945613"
    },
    {
      "type": "Feature",
      "properties": {
        "@id": "way/186945614",
        "axle_load": "22.5",
        "electrified": "contact_line",
        "frequency": "50",
        "gauge": "1435",
        "layer": "-1",
        "maxspeed": "140",
        "operator": "TCDD",
        "railway": "rail",
        "railway:etcs": "no",
        "usage": "main",
        "voltage": "25000"
      },
      "geometry": {
        "type": "LineString",
        "coordinates": [
          [
            27.1310098,
            38.4652202
          ],
          [
            27.1315089,
            38.4652827
          ],
          [
            27.1320395,
            38.4653105
          ],
          [
            27.1325649,
            38.4653134
          ],
          [
            27.1334433,
            38.4652613
          ]
        ]
      },
      "id": "way/186945614"
    },
    {
      "type": "Feature",
      "properties": {
        "@id": "way/186945616",
        "axle_load": "22.5",
        "bridge": "yes",
        "electrified": "contact_line",
        "frequency": "50",
        "gauge": "1435",
        "layer": "1",
        "maxspeed": "140",
        "operator": "TCDD",
        "railway": "rail",
        "railway:etcs": "no",
        "usage": "main",
        "voltage": "25000"
      },
      "geometry": {
        "type": "LineString",
        "coordinates": [
          [
            27.1305956,
            38.4651569
          ],
          [
            27.1310098,
            38.4652202
          ]
        ]
      },
      "id": "way/186945616"
    },
    {
      "type": "Feature",
      "properties": {
        "@id": "way/186945619",
        "axle_load": "22.5",
        "bridge": "yes",
        "electrified": "contact_line",
        "frequency": "50",
        "gauge": "1435",
        "layer": "1",
        "maxspeed": "140",
        "operator": "TCDD",
        "railway": "rail",
        "railway:etcs": "no",
        "usage": "main",
        "voltage": "25000"
      },
      "geometry": {
        "type": "LineString",
        "coordinates": [
          [
            27.1310017,
            38.4652556
          ],
          [
            27.130586,
            38.4651921
          ]
        ]
      },
      "id": "way/186945619"
    },
    {
      "type": "Feature",
      "properties": {
        "@id": "way/187274610",
        "axle_load": "22.5",
        "electrified": "contact_line",
        "frequency": "50",
        "gauge": "1435",
        "maxspeed": "140",
        "name": "İzmir-Afyonkarahisar demiryolu",
        "operator": "TCDD",
        "railway": "rail",
        "railway:etcs": "no",
        "usage": "main",
        "voltage": "25000"
      },
      "geometry": {
        "type": "LineString",
        "coordinates": [
          [
            27.0600491,
            38.4938541
          ],
          [
            27.0596952,
            38.4940757
          ],
          [
            27.0589873,
            38.4945217
          ],
          [
            27.0582158,
            38.4950064
          ],
          [
            27.0567116,
            38.4960507
          ],
          [
            27.0562742,
            38.4963665
          ],
          [
            27.0557815,
            38.4967556
          ],
          [
            27.0550929,
            38.4973047
          ],
          [
            27.0545227,
            38.4977764
          ],
          [
            27.0539607,
            38.4982775
          ],
          [
            27.0532153,
            38.499011
          ],
          [
            27.0531669,
            38.4990586
          ],
          [
            27.0524332,
            38.4997837
          ],
          [
            27.0518804,
            38.500423
          ],
          [
            27.0504966,
            38.5020088
          ],
          [
            27.0502948,
            38.5022408
          ]
        ]
      },
      "id": "way/187274610"
    },
    {
      "type": "Feature",
      "properties": {
        "@id": "way/187274612",
        "axle_load": "22.5",
        "electrified": "contact_line",
        "frequency": "50",
        "gauge": "1435",
        "maxspeed": "140",
        "name": "İzmir-Afyonkarahisar demiryolu",
        "operator": "TCDD",
        "railway": "rail",
        "railway:etcs": "no",
        "usage": "main",
        "voltage": "25000"
      },
      "geometry": {
        "type": "LineString",
        "coordinates": [
          [
            27.0502318,
            38.5022138
          ],
          [
            27.0502493,
            38.5021933
          ],
          [
            27.0503786,
            38.5020424
          ],
          [
            27.0518588,
            38.5003453
          ],
          [
            27.0523864,
            38.4997797
          ],
          [
            27.0525055,
            38.4996564
          ],
          [
            27.053146,
            38.4990236
          ],
          [
            27.0531766,
            38.4989933
          ],
          [
            27.0539251,
            38.498252
          ],
          [
            27.0544871,
            38.4977485
          ],
          [
            27.0551341,
            38.4972198
          ],
          [
            27.0558018,
            38.4966749
          ],
          [
            27.0566656,
            38.496023
          ],
          [
            27.0581698,
            38.4949677
          ],
          [
            27.0589059,
            38.4945161
          ],
          [
            27.0596386,
            38.4940452
          ],
          [
            27.0600102,
            38.4938181
          ]
        ]
      },
      "id": "way/187274612"
    },
    {
      "type": "Feature",
      "properties": {
        "@id": "way/187274632",
        "bridge": "yes",
        "electrified": "contact_line",
        "frequency": "50",
        "gauge": "1435",
        "layer": "1",
        "maxspeed": "140",
        "operator": "TCDD",
        "railway": "rail",
        "usage": "main",
        "voltage": "25000"
      },
      "geometry": {
        "type": "LineString",
        "coordinates": [
          [
            27.0805304,
            38.4839608
          ],
          [
            27.0806415,
            38.4838786
          ]
        ]
      },
      "id": "way/187274632"
    },
    {
      "type": "Feature",
      "properties": {
        "@id": "way/187274635",
        "electrified": "contact_line",
        "frequency": "50",
        "gauge": "1435",
        "maxspeed": "140",
        "operator": "TCDD",
        "railway": "rail",
        "usage": "main",
        "voltage": "25000"
      },
      "geometry": {
        "type": "LineString",
        "coordinates": [
          [
            27.0806415,
            38.4838786
          ],
          [
            27.0818417,
            38.48299
          ]
        ]
      },
      "id": "way/187274635"
    },
    {
      "type": "Feature",
      "properties": {
        "@id": "way/187274641",
        "axle_load": "22.5",
        "electrified": "contact_line",
        "frequency": "50",
        "gauge": "1435",
        "maxspeed": "140",
        "operator": "TCDD",
        "railway": "rail",
        "railway:etcs": "no",
        "usage": "main",
        "voltage": "25000"
      },
      "geometry": {
        "type": "LineString",
        "coordinates": [
          [
            27.0603004,
            38.4936934
          ],
          [
            27.0600491,
            38.4938541
          ]
        ]
      },
      "id": "way/187274641"
    },
    {
      "type": "Feature",
      "properties": {
        "@id": "way/187274649",
        "axle_load": "22.5",
        "bridge": "yes",
        "electrified": "contact_line",
        "frequency": "50",
        "gauge": "1435",
        "layer": "1",
        "maxspeed": "140",
        "operator": "TCDD",
        "railway": "rail",
        "railway:etcs": "no",
        "usage": "main",
        "voltage": "25000"
      },
      "geometry": {
        "type": "LineString",
        "coordinates": [
          [
            27.0501749,
            38.5022853
          ],
          [
            27.0502318,
            38.5022138
          ]
        ]
      },
      "id": "way/187274649"
    },
    {
      "type": "Feature",
      "properties": {
        "@id": "way/187274654",
        "axle_load": "22.5",
        "bridge": "yes",
        "electrified": "contact_line",
        "frequency": "50",
        "gauge": "1435",
        "layer": "1",
        "maxspeed": "140",
        "operator": "TCDD",
        "railway": "rail",
        "railway:etcs": "no",
        "usage": "main",
        "voltage": "25000"
      },
      "geometry": {
        "type": "LineString",
        "coordinates": [
          [
            27.0766394,
            38.4859667
          ],
          [
            27.0768855,
            38.4858679
          ]
        ]
      },
      "id": "way/187274654"
    },
    {
      "type": "Feature",
      "properties": {
        "@id": "way/187274658",
        "axle_load": "22.5",
        "bridge": "yes",
        "electrified": "contact_line",
        "frequency": "50",
        "gauge": "1435",
        "layer": "1",
        "maxspeed": "140",
        "operator": "TCDD",
        "railway": "rail",
        "railway:etcs": "no",
        "usage": "main",
        "voltage": "25000"
      },
      "geometry": {
        "type": "LineString",
        "coordinates": [
          [
            27.0805937,
            38.4840396
          ],
          [
            27.0807193,
            38.4839586
          ]
        ]
      },
      "id": "way/187274658"
    },
    {
      "type": "Feature",
      "properties": {
        "@id": "way/187274672",
        "axle_load": "22.5",
        "bridge": "yes",
        "electrified": "contact_line",
        "frequency": "50",
        "gauge": "1435",
        "layer": "1",
        "maxspeed": "140",
        "operator": "TCDD",
        "railway": "rail",
        "railway:etcs": "no",
        "usage": "main",
        "voltage": "25000"
      },
      "geometry": {
        "type": "LineString",
        "coordinates": [
          [
            27.0768876,
            38.4859247
          ],
          [
            27.0766525,
            38.4860169
          ]
        ]
      },
      "id": "way/187274672"
    },
    {
      "type": "Feature",
      "properties": {
        "@id": "way/187274674",
        "axle_load": "22.5",
        "electrified": "contact_line",
        "frequency": "50",
        "gauge": "1435",
        "maxspeed": "140",
        "name": "İzmir-Afyonkarahisar demiryolu",
        "operator": "TCDD",
        "railway": "rail",
        "railway:etcs": "no",
        "usage": "main",
        "voltage": "25000"
      },
      "geometry": {
        "type": "LineString",
        "coordinates": [
          [
            27.060265,
            38.4936685
          ],
          [
            27.0605994,
            38.4934641
          ],
          [
            27.0611673,
            38.4931169
          ],
          [
            27.0612029,
            38.4930951
          ]
        ]
      },
      "id": "way/187274674"
    },
    {
      "type": "Feature",
      "properties": {
        "@id": "way/187274675",
        "bridge": "yes",
        "electrified": "contact_line",
        "frequency": "50",
        "gauge": "1435",
        "layer": "1",
        "maxspeed": "140",
        "operator": "TCDD",
        "railway": "rail",
        "usage": "main",
        "voltage": "25000"
      },
      "geometry": {
        "type": "LineString",
        "coordinates": [
          [
            27.0766359,
            38.4859076
          ],
          [
            27.076872,
            38.4858143
          ]
        ]
      },
      "id": "way/187274675"
    },
    {
      "type": "Feature",
      "properties": {
        "@id": "way/187274684",
        "bridge": "yes",
        "electrified": "contact_line",
        "frequency": "50",
        "gauge": "1435",
        "layer": "1",
        "maxspeed": "140",
        "operator": "TCDD",
        "railway": "rail",
        "usage": "main",
        "voltage": "25000"
      },
      "geometry": {
        "type": "LineString",
        "coordinates": [
          [
            27.0818417,
            38.48299
          ],
          [
            27.0819564,
            38.4828931
          ]
        ]
      },
      "id": "way/187274684"
    },
    {
      "type": "Feature",
      "properties": {
        "@id": "way/187274693",
        "axle_load": "22.5",
        "bridge": "yes",
        "electrified": "contact_line",
        "frequency": "50",
        "gauge": "1435",
        "layer": "1",
        "maxspeed": "140",
        "operator": "TCDD",
        "railway": "rail",
        "railway:etcs": "no",
        "usage": "main",
        "voltage": "25000"
      },
      "geometry": {
        "type": "LineString",
        "coordinates": [
          [
            27.0989424,
            38.4654127
          ],
          [
            27.0986081,
            38.4657772
          ]
        ]
      },
      "id": "way/187274693"
    },
    {
      "type": "Feature",
      "properties": {
        "@id": "way/187274702",
        "axle_load": "22.5",
        "bridge": "yes",
        "electrified": "contact_line",
        "frequency": "50",
        "gauge": "1435",
        "layer": "1",
        "maxspeed": "140",
        "operator": "TCDD",
        "railway": "rail",
        "railway:etcs": "no",
        "usage": "main",
        "voltage": "25000"
      },
      "geometry": {
        "type": "LineString",
        "coordinates": [
          [
            27.0502948,
            38.5022408
          ],
          [
            27.0502379,
            38.5023092
          ]
        ]
      },
      "id": "way/187274702"
    },
    {
      "type": "Feature",
      "properties": {
        "@id": "way/187274704",
        "axle_load": "22.5",
        "electrified": "contact_line",
        "frequency": "50",
        "gauge": "1435",
        "maxspeed": "140",
        "operator": "TCDD",
        "railway": "rail",
        "railway:etcs": "no",
        "usage": "main",
        "voltage": "25000"
      },
      "geometry": {
        "type": "LineString",
        "coordinates": [
          [
            27.0600102,
            38.4938181
          ],
          [
            27.060265,
            38.4936685
          ]
        ]
      },
      "id": "way/187274704"
    },
    {
      "type": "Feature",
      "properties": {
        "@id": "way/187274707",
        "axle_load": "22.5",
        "electrified": "contact_line",
        "frequency": "50",
        "gauge": "1435",
        "maxspeed": "140",
        "name": "İzmir-Afyonkarahisar demiryolu",
        "operator": "TCDD",
        "railway": "rail",
        "railway:etcs": "no",
        "usage": "main",
        "voltage": "25000"
      },
      "geometry": {
        "type": "LineString",
        "coordinates": [
          [
            27.0612347,
            38.4931228
          ],
          [
            27.061197,
            38.4931458
          ],
          [
            27.0606287,
            38.4934929
          ],
          [
            27.0603004,
            38.4936934
          ]
        ]
      },
      "id": "way/187274707"
    },
    {
      "type": "Feature",
      "properties": {
        "@id": "way/187274723",
        "axle_load": "22.5",
        "bridge": "yes",
        "electrified": "contact_line",
        "frequency": "50",
        "gauge": "1435",
        "layer": "1",
        "maxspeed": "140",
        "operator": "TCDD",
        "railway": "rail",
        "railway:etcs": "no",
        "usage": "main",
        "voltage": "25000"
      },
      "geometry": {
        "type": "LineString",
        "coordinates": [
          [
            27.0807594,
            38.4839936
          ],
          [
            27.0806372,
            38.4840663
          ]
        ]
      },
      "id": "way/187274723"
    },
    {
      "type": "Feature",
      "properties": {
        "@id": "way/187274725",
        "axle_load": "22.5",
        "bridge": "yes",
        "cutting": "yes",
        "electrified": "contact_line",
        "frequency": "50",
        "gauge": "1435",
        "layer": "1",
        "maxspeed": "140",
        "operator": "TCDD",
        "railway": "rail",
        "railway:etcs": "no",
        "usage": "main",
        "voltage": "25000"
      },
      "geometry": {
        "type": "LineString",
        "coordinates": [
          [
            27.08207,
            38.4830674
          ],
          [
            27.0819438,
            38.4831637
          ]
        ]
      },
      "id": "way/187274725"
    },
    {
      "type": "Feature",
      "properties": {
        "@id": "way/187274735",
        "axle_load": "22.5",
        "bridge": "yes",
        "cutting": "yes",
        "electrified": "contact_line",
        "frequency": "50",
        "gauge": "1435",
        "layer": "1",
        "maxspeed": "140",
        "operator": "TCDD",
        "railway": "rail",
        "railway:etcs": "no",
        "usage": "main",
        "voltage": "25000"
      },
      "geometry": {
        "type": "LineString",
        "coordinates": [
          [
            27.0819219,
            38.4831062
          ],
          [
            27.0820449,
            38.4830192
          ]
        ]
      },
      "id": "way/187274735"
    },
    {
      "type": "Feature",
      "properties": {
        "@id": "way/187274739",
        "axle_load": "22.5",
        "bridge": "yes",
        "electrified": "contact_line",
        "frequency": "50",
        "gauge": "1435",
        "layer": "1",
        "maxspeed": "140",
        "operator": "TCDD",
        "railway": "rail",
        "railway:etcs": "no",
        "usage": "main",
        "voltage": "25000"
      },
      "geometry": {
        "type": "LineString",
        "coordinates": [
          [
            27.0985633,
            38.4657613
          ],
          [
            27.0988997,
            38.4653921
          ]
        ]
      },
      "id": "way/187274739"
    },
    {
      "type": "Feature",
      "properties": {
        "@id": "way/187274742",
        "axle_load": "22.5",
        "electrified": "contact_line",
        "frequency": "50",
        "gauge": "1435",
        "maxspeed": "140",
        "name": "İzmir-Afyonkarahisar demiryolu",
        "operator": "TCDD",
        "railway": "rail",
        "railway:etcs": "no",
        "usage": "main",
        "voltage": "25000"
      },
      "geometry": {
        "type": "LineString",
        "coordinates": [
          [
            27.0766525,
            38.4860169
          ],
          [
            27.0718641,
            38.4878948
          ],
          [
            27.0713227,
            38.4880935
          ],
          [
            27.06972,
            38.4886817
          ],
          [
            27.0694825,
            38.4887689
          ]
        ]
      },
      "id": "way/187274742"
    },
    {
      "type": "Feature",
      "properties": {
        "@id": "way/187274751",
        "axle_load": "22.5",
        "electrified": "contact_line",
        "frequency": "50",
        "gauge": "1435",
        "maxspeed": "140",
        "name": "İzmir-Afyonkarahisar demiryolu",
        "operator": "TCDD",
        "railway": "rail",
        "railway:etcs": "no",
        "usage": "main",
        "voltage": "25000"
      },
      "geometry": {
        "type": "LineString",
        "coordinates": [
          [
            27.0986081,
            38.4657772
          ],
          [
            27.0976339,
            38.4667897
          ],
          [
            27.0966746,
            38.4678253
          ],
          [
            27.0963892,
            38.4681303
          ],
          [
            27.0963433,
            38.4681792
          ],
          [
            27.0958793,
            38.4686748
          ],
          [
            27.0954569,
            38.4691116
          ],
          [
            27.0951427,
            38.4694132
          ],
          [
            27.0918716,
            38.472922
          ],
          [
            27.0914943,
            38.4733241
          ],
          [
            27.0912353,
            38.473599
          ],
          [
            27.0906319,
            38.4741908
          ],
          [
            27.0898864,
            38.4749771
          ],
          [
            27.0884855,
            38.4764874
          ],
          [
            27.087392,
            38.4776694
          ],
          [
            27.086975,
            38.4781132
          ],
          [
            27.0868731,
            38.4782219
          ],
          [
            27.0838658,
            38.4813929
          ],
          [
            27.0831782,
            38.4820898
          ],
          [
            27.0830362,
            38.4822198
          ],
          [
            27.0826419,
            38.4825809
          ],
          [
            27.08207,
            38.4830674
          ]
        ]
      },
      "id": "way/187274751"
    },
    {
      "type": "Feature",
      "properties": {
        "@id": "way/187274755",
        "axle_load": "22.5",
        "electrified": "contact_line",
        "frequency": "50",
        "gauge": "1435",
        "maxspeed": "140",
        "name": "İzmir-Afyonkarahisar demiryolu",
        "operator": "TCDD",
        "railway": "rail",
        "railway:etcs": "no",
        "usage": "main",
        "voltage": "25000"
      },
      "geometry": {
        "type": "LineString",
        "coordinates": [
          [
            27.0820449,
            38.4830192
          ],
          [
            27.0826085,
            38.4825426
          ],
          [
            27.0829951,
            38.4821841
          ],
          [
            27.0831372,
            38.4820523
          ],
          [
            27.0838168,
            38.4813586
          ],
          [
            27.0864263,
            38.4785974
          ],
          [
            27.0865136,
            38.4785105
          ],
          [
            27.0873365,
            38.4776414
          ],
          [
            27.0884421,
            38.4764592
          ],
          [
            27.0893573,
            38.4754587
          ],
          [
            27.0898417,
            38.4749549
          ],
          [
            27.0905782,
            38.4741692
          ],
          [
            27.0911962,
            38.4735782
          ],
          [
            27.0914513,
            38.4733078
          ],
          [
            27.0918308,
            38.4729038
          ],
          [
            27.0951186,
            38.4693807
          ],
          [
            27.0953955,
            38.4690473
          ],
          [
            27.0959132,
            38.4684551
          ],
          [
            27.0962351,
            38.4680939
          ],
          [
            27.0975967,
            38.4667702
          ],
          [
            27.0985633,
            38.4657613
          ]
        ]
      },
      "id": "way/187274755"
    },
    {
      "type": "Feature",
      "properties": {
        "@id": "way/187274768",
        "axle_load": "22.5",
        "bridge": "yes",
        "electrified": "contact_line",
        "frequency": "50",
        "gauge": "1435",
        "layer": "1",
        "maxspeed": "140",
        "operator": "TCDD",
        "railway": "rail",
        "railway:etcs": "no",
        "usage": "main",
        "voltage": "25000"
      },
      "geometry": {
        "type": "LineString",
        "coordinates": [
          [
            27.0613551,
            38.493048
          ],
          [
            27.0612347,
            38.4931228
          ]
        ]
      },
      "id": "way/187274768"
    },
    {
      "type": "Feature",
      "properties": {
        "@id": "way/187274770",
        "axle_load": "22.5",
        "electrified": "contact_line",
        "frequency": "50",
        "gauge": "1435",
        "maxspeed": "140",
        "name": "İzmir-Afyonkarahisar demiryolu",
        "operator": "TCDD",
        "railway": "rail",
        "railway:etcs": "no",
        "usage": "main",
        "voltage": "25000"
      },
      "geometry": {
        "type": "LineString",
        "coordinates": [
          [
            27.0807193,
            38.4839586
          ],
          [
            27.0819219,
            38.4831062
          ]
        ]
      },
      "id": "way/187274770"
    },
    {
      "type": "Feature",
      "properties": {
        "@id": "way/187274771",
        "electrified": "contact_line",
        "frequency": "50",
        "gauge": "1435",
        "maxspeed": "140",
        "operator": "TCDD",
        "railway": "rail",
        "usage": "main",
        "voltage": "25000"
      },
      "geometry": {
        "type": "LineString",
        "coordinates": [
          [
            27.076872,
            38.4858143
          ],
          [
            27.077999,
            38.4853407
          ],
          [
            27.078568,
            38.4850909
          ],
          [
            27.0791081,
            38.4848091
          ],
          [
            27.0796339,
            38.4845257
          ],
          [
            27.0805304,
            38.4839608
          ]
        ]
      },
      "id": "way/187274771"
    },
    {
      "type": "Feature",
      "properties": {
        "@id": "way/187274784",
        "axle_load": "22.5",
        "electrified": "contact_line",
        "frequency": "50",
        "gauge": "1435",
        "maxspeed": "140",
        "name": "İzmir-Afyonkarahisar demiryolu",
        "operator": "TCDD",
        "railway": "rail",
        "railway:etcs": "no",
        "usage": "main",
        "voltage": "25000"
      },
      "geometry": {
        "type": "LineString",
        "coordinates": [
          [
            27.0806372,
            38.4840663
          ],
          [
            27.0797428,
            38.4846048
          ],
          [
            27.0791928,
            38.4848945
          ],
          [
            27.0786123,
            38.4851889
          ],
          [
            27.0780769,
            38.4854338
          ],
          [
            27.0768876,
            38.4859247
          ]
        ]
      },
      "id": "way/187274784"
    },
    {
      "type": "Feature",
      "properties": {
        "@id": "way/187274790",
        "axle_load": "22.5",
        "electrified": "contact_line",
        "frequency": "50",
        "gauge": "1435",
        "maxspeed": "140",
        "name": "İzmir-Afyonkarahisar demiryolu",
        "operator": "TCDD",
        "railway": "rail",
        "railway:etcs": "no",
        "usage": "main",
        "voltage": "25000"
      },
      "geometry": {
        "type": "LineString",
        "coordinates": [
          [
            27.0819438,
            38.4831637
          ],
          [
            27.0807594,
            38.4839936
          ]
        ]
      },
      "id": "way/187274790"
    },
    {
      "type": "Feature",
      "properties": {
        "@id": "way/187274799",
        "axle_load": "22.5",
        "electrified": "contact_line",
        "frequency": "50",
        "gauge": "1435",
        "maxspeed": "140",
        "name": "İzmir-Afyonkarahisar demiryolu",
        "operator": "TCDD",
        "railway": "rail",
        "railway:etcs": "no",
        "usage": "main",
        "voltage": "25000"
      },
      "geometry": {
        "type": "LineString",
        "coordinates": [
          [
            27.0768855,
            38.4858679
          ],
          [
            27.078048,
            38.4853867
          ],
          [
            27.0785883,
            38.4851458
          ],
          [
            27.0791598,
            38.4848554
          ],
          [
            27.0796987,
            38.4845682
          ],
          [
            27.0805937,
            38.4840396
          ]
        ]
      },
      "id": "way/187274799"
    },
    {
      "type": "Feature",
      "properties": {
        "@id": "way/187274815",
        "electrified": "contact_line",
        "frequency": "50",
        "gauge": "1435",
        "maxspeed": "140",
        "operator": "TCDD",
        "railway": "rail",
        "usage": "main",
        "voltage": "25000"
      },
      "geometry": {
        "type": "LineString",
        "coordinates": [
          [
            27.0703301,
            38.4883774
          ],
          [
            27.0708197,
            38.4881901
          ],
          [
            27.0711435,
            38.4880663
          ],
          [
            27.0717869,
            38.4878202
          ],
          [
            27.0766359,
            38.4859076
          ]
        ]
      },
      "id": "way/187274815"
    },
    {
      "type": "Feature",
      "properties": {
        "@id": "way/187274821",
        "axle_load": "22.5",
        "electrified": "contact_line",
        "frequency": "50",
        "gauge": "1435",
        "maxspeed": "140",
        "name": "İzmir-Afyonkarahisar demiryolu",
        "operator": "TCDD",
        "railway": "rail",
        "railway:etcs": "no",
        "usage": "main",
        "voltage": "25000"
      },
      "geometry": {
        "type": "LineString",
        "coordinates": [
          [
            27.0988997,
            38.4653921
          ],
          [
            27.1033832,
            38.460681
          ]
        ]
      },
      "id": "way/187274821"
    },
    {
      "type": "Feature",
      "properties": {
        "@id": "way/187274847",
        "axle_load": "22.5",
        "electrified": "contact_line",
        "frequency": "50",
        "gauge": "1435",
        "maxspeed": "140",
        "name": "İzmir-Afyonkarahisar demiryolu",
        "operator": "TCDD",
        "railway": "rail",
        "railway:etcs": "no",
        "usage": "main",
        "voltage": "25000"
      },
      "geometry": {
        "type": "LineString",
        "coordinates": [
          [
            27.1034177,
            38.4606918
          ],
          [
            27.0989424,
            38.4654127
          ]
        ]
      },
      "id": "way/187274847"
    },
    {
      "type": "Feature",
      "properties": {
        "@id": "way/187274851",
        "axle_load": "22.5",
        "electrified": "contact_line",
        "frequency": "50",
        "gauge": "1435",
        "maxspeed": "140",
        "operator": "TCDD",
        "railway": "rail",
        "railway:etcs": "no",
        "usage": "main",
        "voltage": "25000"
      },
      "geometry": {
        "type": "LineString",
        "coordinates": [
          [
            27.0620031,
            38.4926253
          ],
          [
            27.0623631,
            38.4923812
          ],
          [
            27.0634996,
            38.4916866
          ],
          [
            27.0653697,
            38.490554
          ]
        ]
      },
      "id": "way/187274851"
    },
    {
      "type": "Feature",
      "properties": {
        "@id": "way/187274868",
        "electrified": "contact_line",
        "frequency": "50",
        "gauge": "1435",
        "maxspeed": "140",
        "operator": "TCDD",
        "railway": "rail",
        "usage": "main",
        "voltage": "25000"
      },
      "geometry": {
        "type": "LineString",
        "coordinates": [
          [
            27.0819564,
            38.4828931
          ],
          [
            27.0825148,
            38.4824239
          ],
          [
            27.0830224,
            38.4819455
          ],
          [
            27.0836765,
            38.4813002
          ],
          [
            27.0860443,
            38.4788395
          ],
          [
            27.0864263,
            38.4785974
          ]
        ]
      },
      "id": "way/187274868"
    },
    {
      "type": "Feature",
      "properties": {
        "@id": "way/187700881",
        "axle_load": "22.5",
        "electrified": "contact_line",
        "frequency": "50",
        "gauge": "1435",
        "maxspeed": "140",
        "name": "İzmir-Afyonkarahisar demiryolu",
        "operator": "TCDD",
        "railway": "rail",
        "railway:etcs": "no",
        "usage": "main",
        "voltage": "25000"
      },
      "geometry": {
        "type": "LineString",
        "coordinates": [
          [
            27.0765728,
            38.6031754
          ],
          [
            27.075949,
            38.6027743
          ],
          [
            27.0756017,
            38.6025344
          ],
          [
            27.0752302,
            38.602174
          ],
          [
            27.0749818,
            38.6018939
          ],
          [
            27.074783,
            38.6015955
          ],
          [
            27.0744655,
            38.601105
          ],
          [
            27.0742606,
            38.6006189
          ],
          [
            27.0741887,
            38.6003884
          ],
          [
            27.0741248,
            38.6000423
          ],
          [
            27.0741059,
            38.5993855
          ],
          [
            27.074223,
            38.5983115
          ],
          [
            27.074245,
            38.5980742
          ],
          [
            27.0742964,
            38.5975348
          ],
          [
            27.0743583,
            38.596906
          ],
          [
            27.0744709,
            38.5960363
          ],
          [
            27.0745173,
            38.595605
          ],
          [
            27.0745246,
            38.5951741
          ],
          [
            27.0744744,
            38.5946473
          ],
          [
            27.0743611,
            38.5941113
          ],
          [
            27.0742137,
            38.5936799
          ],
          [
            27.0740145,
            38.5932452
          ],
          [
            27.0737481,
            38.5927873
          ]
        ]
      },
      "id": "way/187700881"
    },
    {
      "type": "Feature",
      "properties": {
        "@id": "way/187700885",
        "axle_load": "22.5",
        "bridge": "yes",
        "electrified": "contact_line",
        "frequency": "50",
        "gauge": "1435",
        "layer": "1",
        "maxspeed": "140",
        "operator": "TCDD",
        "railway": "rail",
        "usage": "main",
        "voltage": "25000"
      },
      "geometry": {
        "type": "LineString",
        "coordinates": [
          [
            27.0844718,
            38.6114768
          ],
          [
            27.0845207,
            38.6112547
          ]
        ]
      },
      "id": "way/187700885"
    },
    {
      "type": "Feature",
      "properties": {
        "@id": "way/187700889",
        "axle_load": "22.5",
        "bridge": "yes",
        "electrified": "contact_line",
        "frequency": "50",
        "gauge": "1435",
        "layer": "1",
        "maxspeed": "140",
        "operator": "TCDD",
        "railway": "rail",
        "usage": "main",
        "voltage": "25000"
      },
      "geometry": {
        "type": "LineString",
        "coordinates": [
          [
            27.0844314,
            38.6114717
          ],
          [
            27.0844812,
            38.6112475
          ]
        ]
      },
      "id": "way/187700889"
    },
    {
      "type": "Feature",
      "properties": {
        "@id": "way/187700890",
        "axle_load": "22.5",
        "electrified": "contact_line",
        "frequency": "50",
        "gauge": "1435",
        "maxspeed": "140",
        "name": "Menemen-Aliağa demiryolu",
        "operator": "TCDD",
        "railway": "rail",
        "usage": "main",
        "voltage": "25000"
      },
      "geometry": {
        "type": "LineString",
        "coordinates": [
          [
            27.0844812,
            38.6112475
          ],
          [
            27.0845109,
            38.6110626
          ],
          [
            27.0845473,
            38.6106462
          ],
          [
            27.0845351,
            38.610181
          ],
          [
            27.084464,
            38.6097443
          ],
          [
            27.0842949,
            38.609216
          ],
          [
            27.0841398,
            38.6088517
          ],
          [
            27.0838841,
            38.608412
          ],
          [
            27.0836587,
            38.6081049
          ],
          [
            27.0832408,
            38.6076366
          ],
          [
            27.0827577,
            38.6072451
          ],
          [
            27.0822657,
            38.6068989
          ],
          [
            27.0812389,
            38.6062479
          ],
          [
            27.0804063,
            38.6057165
          ]
        ]
      },
      "id": "way/187700890"
    },
    {
      "type": "Feature",
      "properties": {
        "@id": "way/188233175",
        "axle_load": "22.5",
        "bridge": "yes",
        "electrified": "contact_line",
        "frequency": "50",
        "gauge": "1435",
        "layer": "1",
        "maxspeed": "140",
        "name": "İzmir-Afyonkarahisar demiryolu",
        "operator": "TCDD",
        "railway": "rail",
        "railway:etcs": "no",
        "usage": "main",
        "voltage": "25000"
      },
      "geometry": {
        "type": "LineString",
        "coordinates": [
          [
            27.0734802,
            38.5923285
          ],
          [
            27.0737952,
            38.5927706
          ]
        ]
      },
      "id": "way/188233175"
    },
    {
      "type": "Feature",
      "properties": {
        "@id": "way/188233181",
        "axle_load": "22.5",
        "electrified": "contact_line",
        "frequency": "50",
        "gauge": "1435",
        "railway": "rail",
        "usage": "main",
        "voltage": "25000"
      },
      "geometry": {
        "type": "LineString",
        "coordinates": [
          [
            27.0808406,
            38.6059457
          ],
          [
            27.0804063,
            38.6057165
          ]
        ]
      },
      "id": "way/188233181"
    },
    {
      "type": "Feature",
      "properties": {
        "@id": "way/188233182",
        "axle_load": "22.5",
        "electrified": "contact_line",
        "frequency": "50",
        "gauge": "1435",
        "railway": "rail",
        "railway:etcs": "no",
        "usage": "main",
        "voltage": "25000"
      },
      "geometry": {
        "type": "LineString",
        "coordinates": [
          [
            27.080999,
            38.6060478
          ],
          [
            27.0814056,
            38.6062861
          ],
          [
            27.0818123,
            38.6065245
          ]
        ]
      },
      "id": "way/188233182"
    },
    {
      "type": "Feature",
      "properties": {
        "@id": "way/188233183",
        "axle_load": "22.5",
        "electrified": "contact_line",
        "frequency": "50",
        "gauge": "1435",
        "maxspeed": "140",
        "name": "İzmir-Afyonkarahisar demiryolu",
        "operator": "TCDD",
        "railway": "rail",
        "railway:etcs": "no",
        "usage": "main",
        "voltage": "25000"
      },
      "geometry": {
        "type": "LineString",
        "coordinates": [
          [
            27.0502379,
            38.5023092
          ],
          [
            27.0488497,
            38.5039021
          ],
          [
            27.0483455,
            38.504515
          ],
          [
            27.0474624,
            38.5055539
          ],
          [
            27.0467607,
            38.5064337
          ],
          [
            27.0463982,
            38.5069291
          ],
          [
            27.0460174,
            38.5073789
          ],
          [
            27.0452806,
            38.5082213
          ],
          [
            27.0445196,
            38.5090571
          ],
          [
            27.0428815,
            38.510955
          ],
          [
            27.0426163,
            38.5112753
          ],
          [
            27.0406633,
            38.5135547
          ],
          [
            27.0399869,
            38.5143935
          ],
          [
            27.0375037,
            38.5172263
          ],
          [
            27.0363034,
            38.5186219
          ],
          [
            27.0359024,
            38.5191046
          ],
          [
            27.0340404,
            38.5213434
          ],
          [
            27.0330949,
            38.5224736
          ],
          [
            27.0321675,
            38.5235623
          ],
          [
            27.0316722,
            38.5241539
          ],
          [
            27.0312255,
            38.5247707
          ],
          [
            27.0308543,
            38.5253924
          ],
          [
            27.0305509,
            38.5260538
          ],
          [
            27.0303642,
            38.5265866
          ],
          [
            27.0302203,
            38.5271257
          ],
          [
            27.0301201,
            38.5276697
          ],
          [
            27.0300696,
            38.5282011
          ],
          [
            27.0300691,
            38.5286873
          ],
          [
            27.0301098,
            38.5291675
          ],
          [
            27.0302287,
            38.5299072
          ],
          [
            27.0308051,
            38.5319492
          ],
          [
            27.0314085,
            38.5340036
          ],
          [
            27.0326576,
            38.538418
          ],
          [
            27.0339343,
            38.5428129
          ],
          [
            27.0344598,
            38.5445697
          ],
          [
            27.0344949,
            38.5446901
          ],
          [
            27.0347234,
            38.5454723
          ],
          [
            27.0351093,
            38.546616
          ],
          [
            27.0355582,
            38.5477407
          ],
          [
            27.0356806,
            38.5480553
          ],
          [
            27.0363903,
            38.5496511
          ],
          [
            27.0366666,
            38.5502657
          ],
          [
            27.0373354,
            38.5514591
          ],
          [
            27.03753,
            38.5517915
          ],
          [
            27.0380297,
            38.5526453
          ],
          [
            27.0388123,
            38.5539029
          ],
          [
            27.039612,
            38.5550655
          ],
          [
            27.041193,
            38.5570813
          ],
          [
            27.0427151,
            38.5588001
          ],
          [
            27.0439756,
            38.5600846
          ],
          [
            27.0443543,
            38.5604988
          ],
          [
            27.0448633,
            38.5610556
          ],
          [
            27.0457791,
            38.5621437
          ],
          [
            27.0472745,
            38.5637543
          ],
          [
            27.0505023,
            38.5673079
          ],
          [
            27.0547226,
            38.571896
          ],
          [
            27.0601041,
            38.5777423
          ],
          [
            27.0626821,
            38.5805429
          ],
          [
            27.0674402,
            38.58575
          ],
          [
            27.0714335,
            38.5900805
          ],
          [
            27.0723068,
            38.5910527
          ],
          [
            27.07323,
            38.5920343
          ],
          [
            27.0734802,
            38.5923285
          ]
        ]
      },
      "id": "way/188233183"
    },
    {
      "type": "Feature",
      "properties": {
        "@id": "way/188346549",
        "axle_load": "22.5",
        "bridge": "yes",
        "electrified": "contact_line",
        "frequency": "50",
        "gauge": "1435",
        "layer": "1",
        "maxspeed": "140",
        "operator": "TCDD",
        "railway": "rail",
        "railway:etcs": "no",
        "usage": "main",
        "voltage": "25000"
      },
      "geometry": {
        "type": "LineString",
        "coordinates": [
          [
            27.167056,
            38.4598704
          ],
          [
            27.1668659,
            38.4601786
          ]
        ]
      },
      "id": "way/188346549"
    },
    {
      "type": "Feature",
      "properties": {
        "@id": "way/188346550",
        "axle_load": "22.5",
        "bridge": "yes",
        "electrified": "contact_line",
        "frequency": "50",
        "gauge": "1435",
        "layer": "1",
        "maxspeed": "140",
        "operator": "TCDD",
        "railway": "rail",
        "railway:etcs": "no",
        "usage": "main",
        "voltage": "25000"
      },
      "geometry": {
        "type": "LineString",
        "coordinates": [
          [
            27.1667994,
            38.4601523
          ],
          [
            27.1670007,
            38.459837
          ]
        ]
      },
      "id": "way/188346550"
    },
    {
      "type": "Feature",
      "properties": {
        "@id": "way/188350599",
        "axle_load": "22.5",
        "electrified": "contact_line",
        "frequency": "50",
        "gauge": "1435",
        "maxspeed": "140",
        "name": "Menemen-Aliağa demiryolu",
        "operator": "TCDD",
        "railway": "rail",
        "usage": "main",
        "voltage": "25000"
      },
      "geometry": {
        "type": "LineString",
        "coordinates": [
          [
            27.0817845,
            38.606551
          ],
          [
            27.0818688,
            38.6066048
          ],
          [
            27.082296,
            38.6068776
          ],
          [
            27.0827845,
            38.6072092
          ],
          [
            27.083283,
            38.607613
          ],
          [
            27.0836975,
            38.6080728
          ],
          [
            27.0839236,
            38.6083885
          ],
          [
            27.0841965,
            38.6088351
          ],
          [
            27.0843522,
            38.6092079
          ],
          [
            27.0845197,
            38.6097328
          ],
          [
            27.0845969,
            38.6101724
          ],
          [
            27.0845946,
            38.610638
          ],
          [
            27.0845589,
            38.6110749
          ],
          [
            27.0845207,
            38.6112547
          ]
        ]
      },
      "id": "way/188350599"
    },
    {
      "type": "Feature",
      "properties": {
        "@id": "way/188350602",
        "electrified": "contact_line",
        "frequency": "50",
        "gauge": "1435",
        "maxspeed": "140",
        "railway": "rail",
        "usage": "main",
        "voltage": "25000"
      },
      "geometry": {
        "type": "LineString",
        "coordinates": [
          [
            27.0817845,
            38.606551
          ],
          [
            27.0814056,
            38.6062861
          ],
          [
            27.0810258,
            38.6060206
          ]
        ]
      },
      "id": "way/188350602"
    },
    {
      "type": "Feature",
      "properties": {
        "@id": "way/188350605",
        "electrified": "contact_line",
        "frequency": "50",
        "gauge": "1435",
        "operator": "TCDD",
        "railway": "rail",
        "usage": "main",
        "voltage": "25000"
      },
      "geometry": {
        "type": "LineString",
        "coordinates": [
          [
            27.0810258,
            38.6060206
          ],
          [
            27.0813033,
            38.6061986
          ],
          [
            27.0818123,
            38.6065245
          ]
        ]
      },
      "id": "way/188350605"
    },
    {
      "type": "Feature",
      "properties": {
        "@id": "way/276033660",
        "axle_load": "22.5",
        "electrified": "contact_line",
        "frequency": "50",
        "gauge": "1435",
        "maxspeed": "140",
        "railway": "rail",
        "railway:etcs": "no",
        "usage": "main",
        "voltage": "25000"
      },
      "geometry": {
        "type": "LineString",
        "coordinates": [
          [
            27.0765144,
            38.6032211
          ],
          [
            27.0758984,
            38.6028277
          ],
          [
            27.0755338,
            38.6025819
          ],
          [
            27.0751453,
            38.6022245
          ],
          [
            27.0749282,
            38.6019373
          ]
        ]
      },
      "id": "way/276033660"
    },
    {
      "type": "Feature",
      "properties": {
        "@id": "way/276035450",
        "electrified": "contact_line",
        "frequency": "50",
        "gauge": "1435",
        "maxspeed": "140",
        "operator": "TCDD",
        "railway": "rail",
        "usage": "main",
        "voltage": "25000"
      },
      "geometry": {
        "type": "LineString",
        "coordinates": [
          [
            27.080608,
            38.6057387
          ],
          [
            27.0792075,
            38.604849
          ]
        ]
      },
      "id": "way/276035450"
    },
    {
      "type": "Feature",
      "properties": {
        "@id": "way/392528153",
        "axle_load": "22.5",
        "electrified": "contact_line",
        "frequency": "50",
        "gauge": "1435",
        "maxspeed": "140",
        "name": "İzmir-Afyonkarahisar demiryolu",
        "operator": "TCDD",
        "railway": "rail",
        "railway:etcs": "no",
        "usage": "main",
        "voltage": "25000"
      },
      "geometry": {
        "type": "LineString",
        "coordinates": [
          [
            27.0766394,
            38.4859667
          ],
          [
            27.0718255,
            38.4878575
          ],
          [
            27.0708455,
            38.4882271
          ],
          [
            27.0703376,
            38.4884187
          ]
        ]
      },
      "id": "way/392528153"
    },
    {
      "type": "Feature",
      "properties": {
        "@id": "way/497855065",
        "axle_load": "22.5",
        "electrified": "contact_line",
        "frequency": "50",
        "gauge": "1435",
        "name": "İzmir-Afyonkarahisar demiryolu",
        "operator": "TCDD",
        "railway": "rail",
        "railway:etcs": "no",
        "usage": "main",
        "voltage": "25000"
      },
      "geometry": {
        "type": "LineString",
        "coordinates": [
          [
            27.1620072,
            38.62749
          ],
          [
            27.1638444,
            38.6280364
          ],
          [
            27.165834,
            38.6285439
          ],
          [
            27.166025,
            38.6285774
          ],
          [
            27.1667317,
            38.6287013
          ],
          [
            27.1676161,
            38.6287944
          ],
          [
            27.1686596,
            38.6288216
          ],
          [
            27.1696494,
            38.6287802
          ],
          [
            27.1707399,
            38.6286535
          ],
          [
            27.1719193,
            38.6283809
          ],
          [
            27.1730917,
            38.6280181
          ],
          [
            27.1740959,
            38.6276103
          ],
          [
            27.1753178,
            38.6269158
          ],
          [
            27.176293,
            38.6261748
          ],
          [
            27.1781217,
            38.624556
          ],
          [
            27.1801833,
            38.6227161
          ],
          [
            27.1808088,
            38.6219917
          ],
          [
            27.1813037,
            38.6210261
          ],
          [
            27.1815447,
            38.620541
          ],
          [
            27.181878,
            38.6201003
          ],
          [
            27.1822034,
            38.6198094
          ],
          [
            27.1825386,
            38.6195493
          ],
          [
            27.1830693,
            38.6192839
          ],
          [
            27.1835905,
            38.619109
          ],
          [
            27.1840323,
            38.6190136
          ],
          [
            27.1844493,
            38.6189765
          ],
          [
            27.1849611,
            38.6189726
          ],
          [
            27.1853891,
            38.6190296
          ],
          [
            27.1858859,
            38.6191344
          ],
          [
            27.1863631,
            38.6193057
          ],
          [
            27.1883774,
            38.620081
          ],
          [
            27.1897752,
            38.6206274
          ],
          [
            27.1911485,
            38.6211623
          ],
          [
            27.1922269,
            38.6216101
          ],
          [
            27.1930107,
            38.6219927
          ],
          [
            27.1935984,
            38.6223322
          ],
          [
            27.1941533,
            38.6226948
          ],
          [
            27.1946034,
            38.6230529
          ],
          [
            27.1947818,
            38.6231948
          ],
          [
            27.1960671,
            38.6242909
          ],
          [
            27.1973407,
            38.6253721
          ],
          [
            27.2002261,
            38.6277985
          ],
          [
            27.2011843,
            38.6286063
          ],
          [
            27.201666,
            38.6289398
          ],
          [
            27.2023778,
            38.6293728
          ],
          [
            27.2037352,
            38.6300544
          ],
          [
            27.204423,
            38.6303928
          ],
          [
            27.2050819,
            38.6307693
          ],
          [
            27.2057607,
            38.6312613
          ],
          [
            27.2065451,
            38.6320121
          ],
          [
            27.2080672,
            38.6335653
          ],
          [
            27.2084623,
            38.6338785
          ],
          [
            27.2088628,
            38.6341701
          ],
          [
            27.2095186,
            38.6345523
          ],
          [
            27.214954,
            38.6377427
          ],
          [
            27.2155536,
            38.6380884
          ],
          [
            27.2160633,
            38.6382956
          ],
          [
            27.2165844,
            38.6384764
          ],
          [
            27.2172029,
            38.6386146
          ],
          [
            27.2180914,
            38.6387017
          ],
          [
            27.2193084,
            38.6386963
          ],
          [
            27.2230559,
            38.6385652
          ],
          [
            27.2240866,
            38.6385476
          ],
          [
            27.224945,
            38.6385795
          ],
          [
            27.2256696,
            38.6386661
          ],
          [
            27.2264092,
            38.6388292
          ],
          [
            27.2270832,
            38.6390365
          ],
          [
            27.2277213,
            38.6392954
          ],
          [
            27.2282634,
            38.6395468
          ],
          [
            27.2289844,
            38.6399978
          ],
          [
            27.2297325,
            38.640596
          ],
          [
            27.231004,
            38.6416663
          ],
          [
            27.2333209,
            38.6435873
          ],
          [
            27.2344514,
            38.6445214
          ],
          [
            27.2350195,
            38.6449533
          ],
          [
            27.2357568,
            38.6454361
          ],
          [
            27.2367322,
            38.6460326
          ],
          [
            27.2380745,
            38.6467429
          ],
          [
            27.2392572,
            38.6472695
          ],
          [
            27.2401685,
            38.6476191
          ],
          [
            27.2412511,
            38.6479687
          ],
          [
            27.2422571,
            38.6482166
          ],
          [
            27.2442517,
            38.6487217
          ],
          [
            27.2453278,
            38.6489577
          ],
          [
            27.2464064,
            38.6490896
          ],
          [
            27.2471573,
            38.6490999
          ],
          [
            27.2477881,
            38.6490632
          ],
          [
            27.2484171,
            38.6489648
          ],
          [
            27.2493928,
            38.6487498
          ],
          [
            27.251004,
            38.6483269
          ],
          [
            27.2518854,
            38.6480023
          ],
          [
            27.2529069,
            38.6474508
          ],
          [
            27.2538893,
            38.646945
          ],
          [
            27.2547026,
            38.646693
          ],
          [
            27.2555047,
            38.646535
          ],
          [
            27.2563449,
            38.6464258
          ],
          [
            27.2568178,
            38.6463808
          ],
          [
            27.2573096,
            38.6463631
          ],
          [
            27.2576892,
            38.6463792
          ],
          [
            27.2581424,
            38.6464202
          ],
          [
            27.2585914,
            38.6465053
          ],
          [
            27.2599547,
            38.6467952
          ],
          [
            27.2606126,
            38.6469087
          ],
          [
            27.2614326,
            38.6470045
          ],
          [
            27.2621001,
            38.6470494
          ],
          [
            27.2627071,
            38.6470554
          ],
          [
            27.2633229,
            38.6470385
          ],
          [
            27.265709,
            38.6468605
          ],
          [
            27.2664817,
            38.6468255
          ],
          [
            27.2672302,
            38.6468572
          ],
          [
            27.2678888,
            38.646943
          ],
          [
            27.2683504,
            38.647037
          ],
          [
            27.2691489,
            38.6472091
          ],
          [
            27.2696198,
            38.6473183
          ],
          [
            27.2700851,
            38.6474242
          ],
          [
            27.2705902,
            38.6475375
          ],
          [
            27.2710839,
            38.6476192
          ],
          [
            27.2715861,
            38.6476746
          ],
          [
            27.2731237,
            38.6477677
          ],
          [
            27.2786678,
            38.6481126
          ]
        ]
      },
      "id": "way/497855065"
    },
    {
      "type": "Feature",
      "properties": {
        "@id": "way/754390418",
        "axle_load": "22.5",
        "electrified": "contact_line",
        "frequency": "50",
        "gauge": "1435",
        "maxspeed": "100",
        "name": "İzmir-Alsancak-Eğirdir demiryolu",
        "operator": "TCDD",
        "railway": "rail",
        "usage": "main",
        "voltage": "25000"
      },
      "geometry": {
        "type": "LineString",
        "coordinates": [
          [
            27.1561038,
            38.4219448
          ],
          [
            27.1561844,
            38.4217797
          ],
          [
            27.1562447,
            38.4216563
          ]
        ]
      },
      "id": "way/754390418"
    },
    {
      "type": "Feature",
      "properties": {
        "@id": "way/754390419",
        "axle_load": "22.5",
        "electrified": "contact_line",
        "frequency": "50",
        "gauge": "1435",
        "maxspeed": "100",
        "name": "İzmir-Alsancak-Eğirdir demiryolu",
        "operator": "TCDD",
        "railway": "rail",
        "usage": "main",
        "voltage": "25000"
      },
      "geometry": {
        "type": "LineString",
        "coordinates": [
          [
            27.1561543,
            38.4219606
          ],
          [
            27.1562316,
            38.4217904
          ],
          [
            27.1562867,
            38.4216691
          ]
        ]
      },
      "id": "way/754390419"
    },
    {
      "type": "Feature",
      "properties": {
        "@id": "way/754390420",
        "axle_load": "22.5",
        "electrified": "contact_line",
        "frequency": "50",
        "gauge": "1435",
        "maxspeed": "100",
        "name": "İzmir-Alsancak-Eğirdir demiryolu",
        "operator": "TCDD",
        "railway": "rail",
        "usage": "main",
        "voltage": "25000"
      },
      "geometry": {
        "type": "LineString",
        "coordinates": [
          [
            27.1577927,
            38.4181578
          ],
          [
            27.1579645,
            38.4177649
          ],
          [
            27.1584353,
            38.4166881
          ],
          [
            27.1585391,
            38.4164508
          ],
          [
            27.158751,
            38.4159056
          ],
          [
            27.1588737,
            38.415355
          ],
          [
            27.1589736,
            38.4147193
          ],
          [
            27.1589854,
            38.4145041
          ],
          [
            27.1590089,
            38.4140752
          ],
          [
            27.1589557,
            38.4133607
          ],
          [
            27.1588424,
            38.412657
          ],
          [
            27.158591,
            38.4117734
          ],
          [
            27.1584213,
            38.411338
          ],
          [
            27.1581687,
            38.4109026
          ],
          [
            27.1573581,
            38.4099201
          ],
          [
            27.1567872,
            38.4093916
          ],
          [
            27.1561528,
            38.4089206
          ],
          [
            27.1555263,
            38.4084533
          ],
          [
            27.1551688,
            38.4082189
          ],
          [
            27.1546488,
            38.4079333
          ],
          [
            27.154051,
            38.4077341
          ],
          [
            27.1535986,
            38.4076634
          ],
          [
            27.1531801,
            38.4076079
          ],
          [
            27.1527343,
            38.4075716
          ],
          [
            27.1523301,
            38.4075477
          ],
          [
            27.1518338,
            38.4075574
          ],
          [
            27.1513275,
            38.4075877
          ],
          [
            27.1507105,
            38.4076725
          ],
          [
            27.1496472,
            38.407855
          ],
          [
            27.1493103,
            38.4078823
          ],
          [
            27.1490394,
            38.4078842
          ]
        ]
      },
      "id": "way/754390420"
    },
    {
      "type": "Feature",
      "properties": {
        "@id": "way/769274548",
        "axle_load": "22.5",
        "bridge": "yes",
        "electrified": "contact_line",
        "frequency": "50",
        "gauge": "1435",
        "layer": "1",
        "operator": "TCDD",
        "railway": "rail",
        "railway:etcs": "no",
        "usage": "main",
        "voltage": "25000"
      },
      "geometry": {
        "type": "LineString",
        "coordinates": [
          [
            27.1614102,
            38.6273078
          ],
          [
            27.1620072,
            38.62749
          ]
        ]
      },
      "id": "way/769274548"
    },
    {
      "type": "Feature",
      "properties": {
        "@id": "way/866035283",
        "axle_load": "22.5",
        "cutting": "yes",
        "electrified": "contact_line",
        "frequency": "50",
        "gauge": "1435",
        "maxspeed": "100",
        "name": "İzmir-Alsancak-Eğirdir demiryolu",
        "operator": "TCDD",
        "railway": "rail",
        "usage": "main",
        "voltage": "25000"
      },
      "geometry": {
        "type": "LineString",
        "coordinates": [
          [
            27.1458073,
            38.4000794
          ],
          [
            27.1463528,
            38.3969667
          ]
        ]
      },
      "id": "way/866035283"
    },
    {
      "type": "Feature",
      "properties": {
        "@id": "way/866035284",
        "axle_load": "22.5",
        "cutting": "yes",
        "electrified": "contact_line",
        "frequency": "50",
        "gauge": "1435",
        "maxspeed": "100",
        "name": "İzmir-Alsancak-Eğirdir demiryolu",
        "operator": "TCDD",
        "railway": "rail",
        "usage": "main",
        "voltage": "25000"
      },
      "geometry": {
        "type": "LineString",
        "coordinates": [
          [
            27.146404,
            38.3969721
          ],
          [
            27.1458578,
            38.4000921
          ]
        ]
      },
      "id": "way/866035284"
    },
    {
      "type": "Feature",
      "properties": {
        "@id": "way/1006608562",
        "axle_load": "22.5",
        "electrified": "contact_line",
        "frequency": "50",
        "gauge": "1435",
        "maxspeed": "140",
        "name": "İzmir-Afyonkarahisar demiryolu",
        "operator": "TCDD",
        "railway": "rail",
        "railway:etcs": "no",
        "usage": "main",
        "voltage": "25000"
      },
      "geometry": {
        "type": "LineString",
        "coordinates": [
          [
            27.0694566,
            38.4887278
          ],
          [
            27.0684382,
            38.4891249
          ],
          [
            27.0675773,
            38.4894594
          ],
          [
            27.0667165,
            38.4898502
          ]
        ]
      },
      "id": "way/1006608562"
    },
    {
      "type": "Feature",
      "properties": {
        "@id": "way/1066458942",
        "axle_load": "22.5",
        "electrified": "contact_line",
        "frequency": "50",
        "gauge": "1435",
        "maxspeed": "140",
        "name": "Menemen-Aliağa demiryolu",
        "operator": "TCDD",
        "railway": "rail",
        "usage": "main",
        "voltage": "25000"
      },
      "geometry": {
        "type": "LineString",
        "coordinates": [
          [
            27.0671097,
            38.6439867
          ],
          [
            27.0670412,
            38.6449738
          ],
          [
            27.0669086,
            38.6460643
          ],
          [
            27.0666441,
            38.6473413
          ],
          [
            27.0662374,
            38.6485473
          ],
          [
            27.0657193,
            38.6497155
          ],
          [
            27.0645597,
            38.6516561
          ],
          [
            27.0639386,
            38.6525655
          ],
          [
            27.0610259,
            38.6568303
          ],
          [
            27.060498,
            38.6574339
          ]
        ]
      },
      "id": "way/1066458942"
    },
    {
      "type": "Feature",
      "properties": {
        "@id": "way/1066458944",
        "axle_load": "22.5",
        "electrified": "contact_line",
        "frequency": "50",
        "gauge": "1435",
        "maxspeed": "140",
        "name": "Menemen-Aliağa demiryolu",
        "operator": "TCDD",
        "railway": "rail",
        "usage": "main",
        "voltage": "25000"
      },
      "geometry": {
        "type": "LineString",
        "coordinates": [
          [
            27.0603902,
            38.6574788
          ],
          [
            27.0609764,
            38.6567985
          ],
          [
            27.0638879,
            38.6525457
          ],
          [
            27.064508,
            38.6516399
          ],
          [
            27.065665,
            38.6497017
          ],
          [
            27.0661953,
            38.6485341
          ],
          [
            27.0665864,
            38.6473318
          ],
          [
            27.0668476,
            38.6460643
          ],
          [
            27.0669843,
            38.6449682
          ],
          [
            27.067072,
            38.6439858
          ]
        ]
      },
      "id": "way/1066458944"
    },
    {
      "type": "Feature",
      "properties": {
        "@id": "way/1070818746",
        "axle_load": "22.5",
        "electrified": "contact_line",
        "frequency": "50",
        "gauge": "1435",
        "maxspeed": "40",
        "operator": "TCDD",
        "railway": "rail",
        "railway:etcs": "no",
        "usage": "main",
        "voltage": "25000"
      },
      "geometry": {
        "type": "LineString",
        "coordinates": [
          [
            27.1478169,
            38.4229084
          ],
          [
            27.1481916,
            38.422976
          ]
        ]
      },
      "id": "way/1070818746"
    },
    {
      "type": "Feature",
      "properties": {
        "@id": "way/1137369284",
        "axle_load": "22.5",
        "electrified": "contact_line",
        "frequency": "50",
        "gauge": "1435",
        "maxspeed": "140",
        "operator": "TCDD",
        "railway": "rail",
        "railway:etcs": "no",
        "usage": "main",
        "voltage": "25000"
      },
      "geometry": {
        "type": "LineString",
        "coordinates": [
          [
            27.0703376,
            38.4884187
          ],
          [
            27.0702288,
            38.4884597
          ],
          [
            27.0694566,
            38.4887278
          ]
        ]
      },
      "id": "way/1137369284"
    },
    {
      "type": "Feature",
      "properties": {
        "@id": "way/1191645565",
        "axle_load": "22.5",
        "electrified": "contact_line",
        "frequency": "50",
        "gauge": "1435",
        "maxspeed": "140",
        "operator": "TCDD",
        "railway": "rail",
        "usage": "main",
        "voltage": "25000"
      },
      "geometry": {
        "type": "LineString",
        "coordinates": [
          [
            27.0808406,
            38.6059457
          ],
          [
            27.080999,
            38.6060478
          ]
        ]
      },
      "id": "way/1191645565"
    },
    {
      "type": "Feature",
      "properties": {
        "@id": "way/1191645566",
        "axle_load": "22.5",
        "electrified": "contact_line",
        "frequency": "50",
        "gauge": "1435",
        "maxspeed": "140",
        "operator": "TCDD",
        "railway": "rail",
        "usage": "main",
        "voltage": "25000"
      },
      "geometry": {
        "type": "LineString",
        "coordinates": [
          [
            27.0804063,
            38.6057165
          ],
          [
            27.0799528,
            38.6054257
          ]
        ]
      },
      "id": "way/1191645566"
    },
    {
      "type": "Feature",
      "properties": {
        "@id": "way/1191645567",
        "axle_load": "22.5",
        "electrified": "contact_line",
        "frequency": "50",
        "gauge": "1435",
        "maxspeed": "140",
        "railway": "rail",
        "railway:etcs": "no",
        "usage": "main",
        "voltage": "25000"
      },
      "geometry": {
        "type": "LineString",
        "coordinates": [
          [
            27.0749282,
            38.6019373
          ],
          [
            27.0746928,
            38.6016382
          ],
          [
            27.0743765,
            38.6011372
          ],
          [
            27.0741684,
            38.6006302
          ],
          [
            27.0741041,
            38.6003962
          ],
          [
            27.0740496,
            38.6000531
          ],
          [
            27.0740519,
            38.5993713
          ],
          [
            27.0741209,
            38.5987841
          ],
          [
            27.074223,
            38.5983115
          ]
        ]
      },
      "id": "way/1191645567"
    },
    {
      "type": "Feature",
      "properties": {
        "@id": "way/1191645571",
        "axle_load": "22.5",
        "electrified": "contact_line",
        "frequency": "50",
        "gauge": "1435",
        "maxspeed": "140",
        "name": "İzmir-Afyonkarahisar demiryolu",
        "operator": "TCDD",
        "railway": "rail",
        "railway:etcs": "no",
        "usage": "main",
        "voltage": "25000"
      },
      "geometry": {
        "type": "LineString",
        "coordinates": [
          [
            27.0737952,
            38.5927706
          ],
          [
            27.0740625,
            38.59323
          ],
          [
            27.0742631,
            38.5936679
          ],
          [
            27.0744117,
            38.5941028
          ],
          [
            27.0745258,
            38.5946425
          ],
          [
            27.0745764,
            38.5951729
          ],
          [
            27.074569,
            38.5956069
          ],
          [
            27.0745224,
            38.5960401
          ],
          [
            27.0744099,
            38.5969096
          ],
          [
            27.074348,
            38.5975381
          ]
        ]
      },
      "id": "way/1191645571"
    },
    {
      "type": "Feature",
      "properties": {
        "@id": "way/1299575096",
        "electrified": "contact_line",
        "frequency": "50",
        "gauge": "1435",
        "operator": "TCDD",
        "railway": "rail",
        "usage": "main",
        "voltage": "25000"
      },
      "geometry": {
        "type": "LineString",
        "coordinates": [
          [
            27.167549,
            38.4589723
          ],
          [
            27.1676803,
            38.4586391
          ],
          [
            27.1706391,
            38.4539915
          ],
          [
            27.170959,
            38.4534678
          ],
          [
            27.171215,
            38.4529144
          ],
          [
            27.1714854,
            38.4522108
          ],
          [
            27.1716981,
            38.4516606
          ],
          [
            27.1721939,
            38.4503493
          ],
          [
            27.1724463,
            38.4496849
          ],
          [
            27.1726157,
            38.4492122
          ],
          [
            27.1726992,
            38.4488607
          ],
          [
            27.1728398,
            38.4480983
          ]
        ]
      },
      "id": "way/1299575096"
    },
    {
      "type": "Feature",
      "properties": {
        "@id": "way/1299575097",
        "bridge": "yes",
        "electrified": "contact_line",
        "frequency": "50",
        "gauge": "1435",
        "layer": "1",
        "operator": "TCDD",
        "railway": "rail",
        "usage": "main",
        "voltage": "25000"
      },
      "geometry": {
        "type": "LineString",
        "coordinates": [
          [
            27.1728398,
            38.4480983
          ],
          [
            27.1729028,
            38.447754
          ]
        ]
      },
      "id": "way/1299575097"
    },
    {
      "type": "Feature",
      "properties": {
        "@id": "way/1303967736",
        "electrified": "contact_line",
        "frequency": "50",
        "gauge": "1435",
        "maxspeed": "140",
        "operator": "TCDD",
        "railway": "rail",
        "usage": "main",
        "voltage": "25000"
      },
      "geometry": {
        "type": "LineString",
        "coordinates": [
          [
            27.0745544,
            38.6010728
          ],
          [
            27.0747317,
            38.6013688
          ],
          [
            27.0749447,
            38.601719
          ],
          [
            27.0752026,
            38.6020105
          ],
          [
            27.0754393,
            38.6022108
          ],
          [
            27.075821,
            38.6024828
          ],
          [
            27.0761062,
            38.6026788
          ],
          [
            27.0767098,
            38.603068
          ],
          [
            27.0784224,
            38.6041692
          ],
          [
            27.0795474,
            38.6049259
          ],
          [
            27.080608,
            38.6057387
          ]
        ]
      },
      "id": "way/1303967736"
    },
    {
      "type": "Feature",
      "properties": {
        "@id": "way/1334339051",
        "axle_load": "22.5",
        "electrified": "contact_line",
        "frequency": "50",
        "gauge": "1435",
        "operator": "TCDD",
        "railway": "rail",
        "railway:etcs": "no",
        "usage": "main",
        "voltage": "25000"
      },
      "geometry": {
        "type": "LineString",
        "coordinates": [
          [
            27.0689849,
            38.4888578
          ],
          [
            27.0684148,
            38.4890919
          ],
          [
            27.0675533,
            38.4894232
          ],
          [
            27.0666942,
            38.489819
          ],
          [
            27.0665541,
            38.4898802
          ]
        ]
      },
      "id": "way/1334339051"
    },
    {
      "type": "Feature",
      "properties": {
        "@id": "way/1334339053",
        "axle_load": "22.5",
        "electrified": "contact_line",
        "frequency": "50",
        "gauge": "1435",
        "maxspeed": "140",
        "name": "İzmir-Afyonkarahisar demiryolu",
        "operator": "TCDD",
        "railway": "rail",
        "railway:etcs": "no",
        "usage": "main",
        "voltage": "25000"
      },
      "geometry": {
        "type": "LineString",
        "coordinates": [
          [
            27.0694825,
            38.4887689
          ],
          [
            27.0692016,
            38.4889075
          ],
          [
            27.0684848,
            38.4891908
          ],
          [
            27.0676252,
            38.4895319
          ],
          [
            27.0667612,
            38.4899125
          ],
          [
            27.0653907,
            38.4905752
          ],
          [
            27.0623748,
            38.4924098
          ],
          [
            27.0621814,
            38.4925367
          ],
          [
            27.0620031,
            38.4926253
          ]
        ]
      },
      "id": "way/1334339053"
    },
    {
      "type": "Feature",
      "properties": {
        "@id": "way/1334339054",
        "axle_load": "22.5",
        "electrified": "contact_line",
        "frequency": "50",
        "gauge": "1435",
        "maxspeed": "140",
        "name": "İzmir-Afyonkarahisar demiryolu",
        "operator": "TCDD",
        "railway": "rail",
        "railway:etcs": "no",
        "usage": "main",
        "voltage": "25000"
      },
      "geometry": {
        "type": "LineString",
        "coordinates": [
          [
            27.0694825,
            38.4887689
          ],
          [
            27.0684615,
            38.4891578
          ],
          [
            27.0676012,
            38.4894957
          ],
          [
            27.0667388,
            38.4898813
          ],
          [
            27.0653697,
            38.490554
          ]
        ]
      },
      "id": "way/1334339054"
    },
    {
      "type": "Feature",
      "properties": {
        "@id": "way/1334339055",
        "axle_load": "22.5",
        "electrified": "contact_line",
        "frequency": "50",
        "gauge": "1435",
        "maxspeed": "140",
        "name": "İzmir-Afyonkarahisar demiryolu",
        "operator": "TCDD",
        "railway": "rail",
        "railway:etcs": "no",
        "usage": "main",
        "voltage": "25000"
      },
      "geometry": {
        "type": "LineString",
        "coordinates": [
          [
            27.0620031,
            38.4926253
          ],
          [
            27.0615851,
            38.4929095
          ],
          [
            27.0613551,
            38.493048
          ]
        ]
      },
      "id": "way/1334339055"
    },
    {
      "type": "Feature",
      "properties": {
        "@id": "way/1334702084",
        "axle_load": "22.5",
        "electrified": "contact_line",
        "frequency": "50",
        "gauge": "1435",
        "maxspeed": "40",
        "name": "İzmir-Afyonkarahisar demiryolu",
        "operator": "TCDD",
        "railway": "rail",
        "railway:etcs": "no",
        "usage": "main",
        "voltage": "25000"
      },
      "geometry": {
        "type": "LineString",
        "coordinates": [
          [
            27.1472234,
            38.4228507
          ],
          [
            27.1466772,
            38.4228051
          ],
          [
            27.1460422,
            38.4227089
          ],
          [
            27.1450145,
            38.4225487
          ],
          [
            27.14406,
            38.422401
          ]
        ]
      },
      "id": "way/1334702084"
    },
    {
      "type": "Feature",
      "properties": {
        "@id": "way/1337095989",
        "axle_load": "22.5",
        "electrified": "contact_line",
        "frequency": "50",
        "gauge": "1435",
        "maxspeed": "40",
        "operator": "TCDD",
        "railway": "rail",
        "railway:etcs": "no",
        "usage": "main",
        "voltage": "25000"
      },
      "geometry": {
        "type": "LineString",
        "coordinates": [
          [
            27.1474281,
            38.4228451
          ],
          [
            27.1478169,
            38.4229084
          ]
        ]
      },
      "id": "way/1337095989"
    },
    {
      "type": "Feature",
      "properties": {
        "@id": "way/1337095990",
        "axle_load": "22.5",
        "electrified": "contact_line",
        "frequency": "50",
        "gauge": "1435",
        "maxspeed": "100",
        "operator": "TCDD",
        "railway": "rail",
        "usage": "main",
        "voltage": "25000"
      },
      "geometry": {
        "type": "LineString",
        "coordinates": [
          [
            27.1562447,
            38.4216563
          ],
          [
            27.1566611,
            38.4207424
          ],
          [
            27.1570573,
            38.4197722
          ],
          [
            27.1574073,
            38.419006
          ],
          [
            27.1576252,
            38.4185289
          ]
        ]
      },
      "id": "way/1337095990"
    },
    {
      "type": "Feature",
      "properties": {
        "@id": "way/1337095991",
        "axle_load": "22.5",
        "electrified": "contact_line",
        "frequency": "50",
        "gauge": "1435",
        "maxspeed": "100",
        "name": "İzmir-Alsancak-Eğirdir demiryolu",
        "operator": "TCDD",
        "railway": "rail",
        "usage": "main",
        "voltage": "25000"
      },
      "geometry": {
        "type": "LineString",
        "coordinates": [
          [
            27.1562867,
            38.4216691
          ],
          [
            27.1567074,
            38.4207573
          ],
          [
            27.1571059,
            38.4197858
          ],
          [
            27.15746,
            38.4190106
          ],
          [
            27.1577946,
            38.4182782
          ],
          [
            27.1578439,
            38.4181655
          ],
          [
            27.1580132,
            38.4177783
          ]
        ]
      },
      "id": "way/1337095991"
    },
    {
      "type": "Feature",
      "properties": {
        "@id": "way/1337095992",
        "axle_load": "22.5",
        "electrified": "contact_line",
        "frequency": "50",
        "gauge": "1435",
        "maxspeed": "100",
        "operator": "TCDD",
        "railway": "rail",
        "usage": "main",
        "voltage": "25000"
      },
      "geometry": {
        "type": "LineString",
        "coordinates": [
          [
            27.1576252,
            38.4185289
          ],
          [
            27.1577459,
            38.4182648
          ],
          [
            27.1577927,
            38.4181578
          ]
        ]
      },
      "id": "way/1337095992"
    },
    {
      "type": "Feature",
      "properties": {
        "@id": "way/1393017366",
        "axle_load": "22.5",
        "cutting": "right",
        "electrified": "contact_line",
        "frequency": "50",
        "gauge": "1435",
        "maxspeed": "100",
        "name": "İzmir-Alsancak-Eğirdir demiryolu",
        "operator": "TCDD",
        "railway": "rail",
        "usage": "main",
        "voltage": "25000"
      },
      "geometry": {
        "type": "LineString",
        "coordinates": [
          [
            27.1490533,
            38.4078544
          ],
          [
            27.1493482,
            38.4078543
          ],
          [
            27.1496486,
            38.4078308
          ]
        ]
      },
      "id": "way/1393017366"
    },
    {
      "type": "Feature",
      "properties": {
        "@id": "way/1415909688",
        "electrified": "contact_line",
        "frequency": "50",
        "gauge": "1435",
        "operator": "TCDD",
        "railway": "rail",
        "usage": "main",
        "voltage": "25000"
      },
      "geometry": {
        "type": "LineString",
        "coordinates": [
          [
            27.1722441,
            38.4381979
          ],
          [
            27.1718045,
            38.4376808
          ],
          [
            27.1710873,
            38.4370475
          ]
        ]
      },
      "id": "way/1415909688"
    },
    {
      "type": "Feature",
      "properties": {
        "@id": "way/1416257150",
        "axle_load": "22.5",
        "electrified": "contact_line",
        "frequency": "50",
        "gauge": "1435",
        "operator": "TCDD",
        "railway": "rail",
        "railway:etcs": "no",
        "usage": "main",
        "voltage": "25000"
      },
      "geometry": {
        "type": "LineString",
        "coordinates": [
          [
            27.0703301,
            38.4883774
          ],
          [
            27.0689849,
            38.4888578
          ]
        ]
      },
      "id": "way/1416257150"
    },
    {
      "type": "Feature",
      "properties": {
        "@id": "way/1417827647",
        "axle_load": "22.5",
        "electrified": "contact_line",
        "frequency": "50",
        "gauge": "1435",
        "maxspeed": "140",
        "railway": "rail",
        "usage": "main",
        "voltage": "25000"
      },
      "geometry": {
        "type": "LineString",
        "coordinates": [
          [
            27.0799528,
            38.6054257
          ],
          [
            27.0765144,
            38.6032211
          ]
        ]
      },
      "id": "way/1417827647"
    },
    {
      "type": "Feature",
      "properties": {
        "@id": "way/1417827649",
        "axle_load": "22.5",
        "electrified": "contact_line",
        "frequency": "50",
        "gauge": "1435",
        "maxspeed": "140",
        "operator": "TCDD",
        "railway": "rail",
        "usage": "main",
        "voltage": "25000"
      },
      "geometry": {
        "type": "LineString",
        "coordinates": [
          [
            27.0792075,
            38.604849
          ],
          [
            27.0795498,
            38.6051204
          ],
          [
            27.0796081,
            38.6051577
          ]
        ]
      },
      "id": "way/1417827649"
    },
    {
      "type": "Feature",
      "properties": {
        "@id": "way/1419243654",
        "axle_load": "22.5",
        "electrified": "contact_line",
        "frequency": "50",
        "gauge": "1435",
        "maxspeed": "140",
        "operator": "TCDD",
        "railway": "rail",
        "usage": "main",
        "voltage": "25000"
      },
      "geometry": {
        "type": "LineString",
        "coordinates": [
          [
            27.0796081,
            38.6051577
          ],
          [
            27.0799528,
            38.6054257
          ]
        ]
      },
      "id": "way/1419243654"
    },
    {
      "type": "Feature",
      "properties": {
        "@id": "way/1419243658",
        "electrified": "contact_line",
        "frequency": "50",
        "gauge": "1435",
        "maxspeed": "140",
        "operator": "TCDD",
        "railway": "rail",
        "usage": "main",
        "voltage": "25000"
      },
      "geometry": {
        "type": "LineString",
        "coordinates": [
          [
            27.080608,
            38.6057387
          ],
          [
            27.0810258,
            38.6060206
          ]
        ]
      },
      "id": "way/1419243658"
    },
    {
      "type": "Feature",
      "properties": {
        "@id": "way/1419243659",
        "electrified": "contact_line",
        "frequency": "50",
        "gauge": "1435",
        "maxspeed": "140",
        "operator": "TCDD",
        "railway": "rail",
        "usage": "main",
        "voltage": "25000"
      },
      "geometry": {
        "type": "LineString",
        "coordinates": [
          [
            27.0792075,
            38.604849
          ],
          [
            27.0765728,
            38.6031754
          ]
        ]
      },
      "id": "way/1419243659"
    },
    {
      "type": "Feature",
      "properties": {
        "@id": "way/1500754351",
        "electrified": "contact_line",
        "frequency": "50",
        "gauge": "1435",
        "maxspeed": "45",
        "name": "İkinci Hilal",
        "operator": "TCDD",
        "railway": "rail",
        "usage": "main",
        "voltage": "25000"
      },
      "geometry": {
        "type": "LineString",
        "coordinates": [
          [
            27.1540517,
            38.4277076
          ],
          [
            27.1543405,
            38.4275759
          ],
          [
            27.1546083,
            38.4274931
          ],
          [
            27.1548754,
            38.4274436
          ],
          [
            27.1551412,
            38.4274197
          ],
          [
            27.1553605,
            38.4274202
          ],
          [
            27.1555829,
            38.4274493
          ],
          [
            27.1557725,
            38.4274785
          ],
          [
            27.1561619,
            38.4275628
          ],
          [
            27.1564878,
            38.4277135
          ]
        ]
      },
      "id": "way/1500754351"
    },
    {
      "type": "Feature",
      "properties": {
        "@id": "way/1503353574",
        "axle_load": "22.5",
        "electrified": "contact_line",
        "frequency": "50",
        "gauge": "1435",
        "maxspeed": "100",
        "name": "İzmir – Eğirdir demiryolu",
        "operator": "TCDD",
        "railway": "rail",
        "usage": "main",
        "voltage": "25000"
      },
      "geometry": {
        "type": "LineString",
        "coordinates": [
          [
            27.1535979,
            38.4274923
          ],
          [
            27.1532421,
            38.4282609
          ],
          [
            27.1530586,
            38.4286655
          ],
          [
            27.1527334,
            38.4293842
          ],
          [
            27.1523333,
            38.4302678
          ],
          [
            27.1519908,
            38.4310221
          ],
          [
            27.1519413,
            38.431131
          ],
          [
            27.1514637,
            38.4321827
          ],
          [
            27.1510306,
            38.4331276
          ],
          [
            27.1508515,
            38.4335076
          ],
          [
            27.1508167,
            38.4335812
          ],
          [
            27.1506645,
            38.4338966
          ],
          [
            27.1503315,
            38.4345867
          ],
          [
            27.1499619,
            38.4353517
          ],
          [
            27.1498549,
            38.4355737
          ],
          [
            27.1497801,
            38.4357556
          ],
          [
            27.149734,
            38.4358986
          ],
          [
            27.1496297,
            38.4362181
          ],
          [
            27.1495653,
            38.4364129
          ],
          [
            27.1494279,
            38.4368155
          ],
          [
            27.1493375,
            38.4370287
          ]
        ]
      },
      "id": "way/1503353574"
    },
    {
      "type": "Feature",
      "properties": {
        "@id": "way/1503353575",
        "axle_load": "22.5",
        "electrified": "contact_line",
        "frequency": "50",
        "gauge": "1435",
        "maxspeed": "100",
        "name": "İzmir – Eğirdir demiryolu",
        "operator": "TCDD",
        "railway": "rail",
        "railway:track_ref": "6",
        "usage": "main",
        "voltage": "25000"
      },
      "geometry": {
        "type": "LineString",
        "coordinates": [
          [
            27.1493375,
            38.4370287
          ],
          [
            27.1486223,
            38.4385581
          ],
          [
            27.1485131,
            38.4387915
          ]
        ]
      },
      "id": "way/1503353575"
    },
    {
      "type": "Feature",
      "properties": {
        "@id": "way/1503353576",
        "axle_load": "22.5",
        "electrified": "contact_line",
        "frequency": "50",
        "gauge": "1435",
        "maxspeed": "100",
        "name": "İzmir – Eğirdir demiryolu",
        "operator": "TCDD",
        "railway": "rail",
        "usage": "main",
        "voltage": "25000"
      },
      "geometry": {
        "type": "LineString",
        "coordinates": [
          [
            27.1535527,
            38.4274801
          ],
          [
            27.1532002,
            38.4282464
          ],
          [
            27.1525021,
            38.4297964
          ],
          [
            27.1521391,
            38.430584
          ],
          [
            27.1516885,
            38.4315755
          ],
          [
            27.1516503,
            38.4316596
          ],
          [
            27.1515793,
            38.4318157
          ],
          [
            27.1514218,
            38.4321688
          ],
          [
            27.1513762,
            38.4322711
          ],
          [
            27.1511396,
            38.4327809
          ],
          [
            27.1510227,
            38.4330255
          ],
          [
            27.1508105,
            38.4334699
          ],
          [
            27.15061,
            38.433875
          ],
          [
            27.1502433,
            38.4345969
          ],
          [
            27.1501899,
            38.434702
          ],
          [
            27.1500258,
            38.4350317
          ],
          [
            27.1499078,
            38.4352688
          ],
          [
            27.1497134,
            38.4356595
          ],
          [
            27.1493254,
            38.4364573
          ],
          [
            27.1490868,
            38.436965
          ]
        ]
      },
      "id": "way/1503353576"
    },
    {
      "type": "Feature",
      "properties": {
        "@id": "way/1503353577",
        "axle_load": "22.5",
        "electrified": "contact_line",
        "frequency": "50",
        "gauge": "1435",
        "maxspeed": "100",
        "name": "İzmir – Eğirdir demiryolu",
        "operator": "TCDD",
        "railway": "rail",
        "railway:track_ref": "4",
        "usage": "main",
        "voltage": "25000"
      },
      "geometry": {
        "type": "LineString",
        "coordinates": [
          [
            27.1490868,
            38.436965
          ],
          [
            27.148824,
            38.4375241
          ],
          [
            27.148083,
            38.4391522
          ]
        ]
      },
      "id": "way/1503353577"
    },
    {
      "type": "Feature",
      "properties": {
        "@id": "way/1503353578",
        "axle_load": "22.5",
        "electrified": "contact_line",
        "frequency": "50",
        "gauge": "1435",
        "maxspeed": "100",
        "name": "İzmir – Eğirdir demiryolu",
        "operator": "TCDD",
        "railway": "rail",
        "usage": "main",
        "voltage": "25000"
      },
      "geometry": {
        "type": "LineString",
        "coordinates": [
          [
            27.153513,
            38.4274552
          ],
          [
            27.1532801,
            38.4279483
          ],
          [
            27.1531556,
            38.4282343
          ],
          [
            27.1528043,
            38.4290188
          ],
          [
            27.1524543,
            38.4297833
          ],
          [
            27.1522452,
            38.4302428
          ],
          [
            27.1516586,
            38.4315279
          ],
          [
            27.151606,
            38.4316449
          ],
          [
            27.1513695,
            38.4321701
          ],
          [
            27.1512366,
            38.4324654
          ],
          [
            27.151093,
            38.4327673
          ],
          [
            27.1509806,
            38.4329887
          ],
          [
            27.150561,
            38.4338625
          ],
          [
            27.1501994,
            38.4345801
          ],
          [
            27.1499293,
            38.4351161
          ],
          [
            27.149923,
            38.4351286
          ],
          [
            27.149799,
            38.4353507
          ],
          [
            27.1496677,
            38.4355523
          ],
          [
            27.1495626,
            38.4357324
          ],
          [
            27.1490956,
            38.4366974
          ],
          [
            27.1489973,
            38.4368919
          ],
          [
            27.1488746,
            38.4370802
          ],
          [
            27.1487567,
            38.4373014
          ]
        ]
      },
      "id": "way/1503353578"
    },
    {
      "type": "Feature",
      "properties": {
        "@id": "way/1503353579",
        "axle_load": "22.5",
        "electrified": "contact_line",
        "frequency": "50",
        "gauge": "1435",
        "maxspeed": "100",
        "name": "İzmir – Eğirdir demiryolu",
        "operator": "TCDD",
        "railway": "rail",
        "railway:track_ref": "1",
        "usage": "main",
        "voltage": "25000"
      },
      "geometry": {
        "type": "LineString",
        "coordinates": [
          [
            27.1487567,
            38.4373014
          ],
          [
            27.1479335,
            38.4391173
          ]
        ]
      },
      "id": "way/1503353579"
    },
    {
      "type": "Feature",
      "properties": {
        "@id": "way/1503353580",
        "axle_load": "22.5",
        "electrified": "contact_line",
        "frequency": "50",
        "gauge": "1435",
        "maxspeed": "100",
        "name": "İzmir – Eğirdir demiryolu",
        "operator": "TCDD",
        "railway": "rail",
        "usage": "main",
        "voltage": "25000"
      },
      "geometry": {
        "type": "LineString",
        "coordinates": [
          [
            27.1531506,
            38.428583
          ],
          [
            27.1530532,
            38.4287888
          ],
          [
            27.1529365,
            38.4290507
          ],
          [
            27.1525829,
            38.4298166
          ],
          [
            27.152446,
            38.4301194
          ],
          [
            27.1522868,
            38.4304719
          ],
          [
            27.152057,
            38.4309803
          ],
          [
            27.1513658,
            38.4325034
          ],
          [
            27.150909,
            38.4335015
          ],
          [
            27.1505113,
            38.4343254
          ],
          [
            27.1500175,
            38.4353651
          ],
          [
            27.1498602,
            38.4357032
          ],
          [
            27.1497631,
            38.4360046
          ],
          [
            27.149722,
            38.4362478
          ],
          [
            27.1496899,
            38.4365201
          ],
          [
            27.1496277,
            38.4368256
          ],
          [
            27.1495898,
            38.4369579
          ]
        ]
      },
      "id": "way/1503353580"
    },
    {
      "type": "Feature",
      "properties": {
        "@id": "way/1503353581",
        "axle_load": "22.5",
        "electrified": "contact_line",
        "frequency": "50",
        "gauge": "1435",
        "maxspeed": "100",
        "name": "İzmir – Eğirdir demiryolu",
        "operator": "TCDD",
        "railway": "rail",
        "railway:track_ref": "9",
        "usage": "main",
        "voltage": "25000"
      },
      "geometry": {
        "type": "LineString",
        "coordinates": [
          [
            27.1495898,
            38.4369579
          ],
          [
            27.1494935,
            38.4372225
          ],
          [
            27.1493892,
            38.4374759
          ],
          [
            27.1492257,
            38.4378165
          ],
          [
            27.1488577,
            38.4386057
          ],
          [
            27.1487439,
            38.4388498
          ]
        ]
      },
      "id": "way/1503353581"
    },
    {
      "type": "Feature",
      "properties": {
        "@id": "way/1503353582",
        "axle_load": "22.5",
        "electrified": "contact_line",
        "frequency": "50",
        "gauge": "1435",
        "maxspeed": "100",
        "name": "İzmir – Eğirdir demiryolu",
        "operator": "TCDD",
        "railway": "rail",
        "railway:track_ref": "8",
        "usage": "main",
        "voltage": "25000"
      },
      "geometry": {
        "type": "LineString",
        "coordinates": [
          [
            27.1486526,
            38.4388301
          ],
          [
            27.148762,
            38.4385967
          ],
          [
            27.1493613,
            38.4373179
          ],
          [
            27.1494353,
            38.437164
          ],
          [
            27.149517,
            38.4369262
          ]
        ]
      },
      "id": "way/1503353582"
    },
    {
      "type": "Feature",
      "properties": {
        "@id": "way/1503353583",
        "axle_load": "22.5",
        "electrified": "contact_line",
        "frequency": "50",
        "gauge": "1435",
        "maxspeed": "100",
        "name": "İzmir – Eğirdir demiryolu",
        "operator": "TCDD",
        "railway": "rail",
        "usage": "main",
        "voltage": "25000"
      },
      "geometry": {
        "type": "LineString",
        "coordinates": [
          [
            27.149517,
            38.4369262
          ],
          [
            27.1495753,
            38.4367083
          ],
          [
            27.1496631,
            38.4362328
          ],
          [
            27.1496918,
            38.4360748
          ],
          [
            27.149734,
            38.4358986
          ]
        ]
      },
      "id": "way/1503353583"
    },
    {
      "type": "Feature",
      "properties": {
        "@id": "way/1503353584",
        "axle_load": "22.5",
        "electrified": "contact_line",
        "frequency": "50",
        "gauge": "1435",
        "maxspeed": "100",
        "name": "İzmir – Eğirdir demiryolu",
        "operator": "TCDD",
        "railway": "rail",
        "railway:track_ref": "7",
        "usage": "main",
        "voltage": "25000"
      },
      "geometry": {
        "type": "LineString",
        "coordinates": [
          [
            27.1495653,
            38.4364129
          ],
          [
            27.149517,
            38.4366054
          ],
          [
            27.1494735,
            38.4368281
          ],
          [
            27.1494213,
            38.4370216
          ],
          [
            27.1493674,
            38.4371749
          ],
          [
            27.14925,
            38.437431
          ],
          [
            27.1487119,
            38.4385822
          ],
          [
            27.1486022,
            38.4388171
          ]
        ]
      },
      "id": "way/1503353584"
    },
    {
      "type": "Feature",
      "properties": {
        "@id": "way/1503353631",
        "axle_load": "22.5",
        "electrified": "contact_line",
        "frequency": "50",
        "gauge": "1435",
        "maxspeed": "100",
        "name": "İkinci Hilal",
        "operator": "TCDD",
        "railway": "rail",
        "usage": "main",
        "voltage": "25000"
      },
      "geometry": {
        "type": "LineString",
        "coordinates": [
          [
            27.1537784,
            38.4277815
          ],
          [
            27.1536025,
            38.4279152
          ],
          [
            27.1534349,
            38.4280902
          ],
          [
            27.1532885,
            38.4282748
          ],
          [
            27.1531865,
            38.4284256
          ],
          [
            27.1530586,
            38.4286655
          ]
        ]
      },
      "id": "way/1503353631"
    },
    {
      "type": "Feature",
      "properties": {
        "@id": "way/1503353632",
        "axle_load": "22.5",
        "electrified": "contact_line",
        "frequency": "50",
        "gauge": "1435",
        "maxspeed": "100",
        "name": "İkinci Hilal",
        "operator": "TCDD",
        "railway": "rail",
        "usage": "main",
        "voltage": "25000"
      },
      "geometry": {
        "type": "LineString",
        "coordinates": [
          [
            27.1537931,
            38.4278449
          ],
          [
            27.1536315,
            38.427962
          ],
          [
            27.1534692,
            38.4281129
          ],
          [
            27.1533318,
            38.4282861
          ],
          [
            27.1532307,
            38.4284435
          ],
          [
            27.1531506,
            38.428583
          ]
        ]
      },
      "id": "way/1503353632"
    },
    {
      "type": "Feature",
      "properties": {
        "@id": "way/1503353633",
        "bridge": "yes",
        "electrified": "contact_line",
        "frequency": "50",
        "gauge": "1435",
        "layer": "1",
        "maxspeed": "45",
        "name": "İkinci Hilal",
        "operator": "TCDD",
        "railway": "rail",
        "usage": "main",
        "voltage": "25000"
      },
      "geometry": {
        "type": "LineString",
        "coordinates": [
          [
            27.1540517,
            38.4277076
          ],
          [
            27.1537931,
            38.4278449
          ]
        ]
      },
      "id": "way/1503353633"
    },
    {
      "type": "Feature",
      "properties": {
        "@id": "way/1503353634",
        "bridge": "yes",
        "electrified": "contact_line",
        "frequency": "50",
        "gauge": "1435",
        "layer": "1",
        "maxspeed": "45",
        "name": "İkinci Hilal",
        "operator": "TCDD",
        "railway": "rail",
        "usage": "main",
        "voltage": "25000"
      },
      "geometry": {
        "type": "LineString",
        "coordinates": [
          [
            27.1540154,
            38.4276689
          ],
          [
            27.1537784,
            38.4277815
          ]
        ]
      },
      "id": "way/1503353634"
    }
  ]
}