{
  "type": "FeatureCollection",
  "generator": "overpass-turbo",
  "copyright": "The data included in this document is from www.openstreetmap.org. The data is made available under ODbL.",
  "timestamp": "2026-05-25T19:07:30Z",
  "features": [
    {
      "type": "Feature",
      "properties": {
        "@id": "way/18862215",
        "electrified": "contact_line",
        "frequency": "50",
        "gauge": "1435",
        "name": "İstanbul - Ankara demiryolu",
        "operator": "TCDD",
        "railway": "rail",
        "railway:etcs": "yes",
        "usage": "main",
        "voltage": "25000"
      },
      "geometry": {
        "type": "LineString",
        "coordinates": [
          [
            30.0095405,
            40.1581332
          ],
          [
            30.0094435,
            40.1579972
          ],
          [
            30.0093161,
            40.1577538
          ],
          [
            30.0091887,
            40.1575157
          ],
          [
            30.0091108,
            40.1571965
          ],
          [
            30.0089769,
            40.156117
          ],
          [
            30.0089338,
            40.1557954
          ],
          [
            30.0088631,
            40.1555573
          ],
          [
            30.0087427,
            40.1552706
          ],
          [
            30.0086719,
            40.1551029
          ],
          [
            30.0085799,
            40.154919
          ],
          [
            30.0083183,
            40.1546292
          ],
          [
            30.0072282,
            40.1536956
          ],
          [
            30.0070347,
            40.153513
          ],
          [
            30.006874,
            40.1533338
          ],
          [
            30.0066334,
            40.1530146
          ],
          [
            30.0063998,
            40.15269
          ],
          [
            30.0062299,
            40.152268
          ],
          [
            30.0061662,
            40.1517865
          ],
          [
            30.0062864,
            40.1506356
          ],
          [
            30.0062443,
            40.1501259
          ],
          [
            30.0058399,
            40.1485727
          ],
          [
            30.0058211,
            40.1482689
          ],
          [
            30.0058746,
            40.1479114
          ],
          [
            30.0060012,
            40.1475602
          ],
          [
            30.006237,
            40.1470631
          ],
          [
            30.0064847,
            40.1467493
          ],
          [
            30.0067679,
            40.1464409
          ],
          [
            30.0070368,
            40.1462401
          ],
          [
            30.0072636,
            40.1461263
          ],
          [
            30.0077332,
            40.1459061
          ],
          [
            30.0083025,
            40.1457336
          ],
          [
            30.0089544,
            40.1456079
          ],
          [
            30.0093124,
            40.1455558
          ],
          [
            30.00964,
            40.1454736
          ],
          [
            30.0100524,
            40.1453221
          ],
          [
            30.0104185,
            40.145154
          ],
          [
            30.0107326,
            40.1449831
          ],
          [
            30.0110174,
            40.1448108
          ],
          [
            30.0112612,
            40.1446052
          ],
          [
            30.0114832,
            40.1443408
          ],
          [
            30.0116877,
            40.1440981
          ],
          [
            30.0118707,
            40.1436374
          ],
          [
            30.0119779,
            40.1432987
          ],
          [
            30.0120913,
            40.1428024
          ],
          [
            30.0121029,
            40.1425209
          ],
          [
            30.0120752,
            40.1421154
          ],
          [
            30.0119353,
            40.1416094
          ],
          [
            30.0117732,
            40.141286
          ],
          [
            30.0114485,
            40.1406502
          ],
          [
            30.0106351,
            40.1391339
          ],
          [
            30.0093615,
            40.1367304
          ],
          [
            30.0088344,
            40.1357175
          ],
          [
            30.0084859,
            40.1350767
          ],
          [
            30.0082975,
            40.1347098
          ],
          [
            30.0079155,
            40.1339659
          ],
          [
            30.0075835,
            40.1333042
          ],
          [
            30.0073904,
            40.1328099
          ],
          [
            30.0068686,
            40.131401
          ],
          [
            30.0065699,
            40.1305921
          ],
          [
            30.0060214,
            40.129469
          ],
          [
            30.0037641,
            40.1249035
          ],
          [
            30.0029272,
            40.1228306
          ],
          [
            30.002747,
            40.122279
          ],
          [
            30.0025919,
            40.1216943
          ],
          [
            30.0024795,
            40.1211429
          ],
          [
            30.002164,
            40.1197256
          ],
          [
            30.0018828,
            40.1186964
          ]
        ]
      },
      "id": "way/18862215"
    },
    {
      "type": "Feature",
      "properties": {
        "@id": "way/25927768",
        "electrified": "contact_line",
        "frequency": "50",
        "gauge": "1435",
        "name": "İstanbul - Ankara demiryolu",
        "operator": "TCDD",
        "railway": "rail",
        "railway:etcs": "yes",
        "usage": "main",
        "voltage": "25000"
      },
      "geometry": {
        "type": "LineString",
        "coordinates": [
          [
            30.0119173,
            40.1670668
          ],
          [
            30.0108782,
            40.1675961
          ],
          [
            30.0105351,
            40.1677855
          ],
          [
            30.0102824,
            40.1678987
          ],
          [
            30.00799,
            40.1689175
          ],
          [
            30.0075636,
            40.1691024
          ],
          [
            30.0071397,
            40.1693156
          ],
          [
            30.0068509,
            40.1695176
          ]
        ]
      },
      "id": "way/25927768"
    },
    {
      "type": "Feature",
      "properties": {
        "@id": "way/84057010",
        "electrified": "contact_line",
        "frequency": "50",
        "gauge": "1435",
        "highspeed": "yes",
        "maxspeed": "250",
        "name": "Ankara - İstanbul yüksek hızlı demiryolu",
        "name:en": "Ankara - İstanbul high-speed railway",
        "operator": "TCDD",
        "passenger_lines": "1",
        "railway": "rail",
        "railway:bidirectional": "possible",
        "railway:etcs": "1",
        "railway:preferred_direction": "forward",
        "usage": "main",
        "voltage": "25000",
        "wikidata": "Q513146",
        "wikipedia": "en:Ankara–Istanbul high-speed railway"
      },
      "geometry": {
        "type": "LineString",
        "coordinates": [
          [
            30.5266041,
            39.783115
          ],
          [
            30.5345271,
            39.7844696
          ],
          [
            30.5369733,
            39.7848756
          ],
          [
            30.5392291,
            39.7852095
          ],
          [
            30.5406466,
            39.785396
          ],
          [
            30.5430152,
            39.7856641
          ],
          [
            30.5453338,
            39.7859273
          ],
          [
            30.5517916,
            39.7866573
          ],
          [
            30.5523631,
            39.786728
          ],
          [
            30.55284,
            39.786787
          ],
          [
            30.5635693,
            39.7880197
          ],
          [
            30.6030834,
            39.7924615
          ],
          [
            30.6277903,
            39.7951774
          ],
          [
            30.6516393,
            39.797704
          ]
        ]
      },
      "id": "way/84057010"
    },
    {
      "type": "Feature",
      "properties": {
        "@id": "way/89785293",
        "electrified": "contact_line",
        "frequency": "50",
        "gauge": "1435",
        "name": "İstanbul - Ankara demiryolu",
        "operator": "TCDD",
        "railway": "rail",
        "railway:etcs": "yes",
        "source": "bing",
        "usage": "main",
        "voltage": "25000"
      },
      "geometry": {
        "type": "LineString",
        "coordinates": [
          [
            29.998878,
            40.0911126
          ],
          [
            29.9996327,
            40.0909211
          ],
          [
            30.0003235,
            40.090614
          ],
          [
            30.0009172,
            40.0902147
          ],
          [
            30.0023077,
            40.0889868
          ],
          [
            30.0027883,
            40.0885271
          ],
          [
            30.0032776,
            40.0881594
          ],
          [
            30.0039385,
            40.0878836
          ],
          [
            30.0045908,
            40.0876997
          ],
          [
            30.0052875,
            40.087498
          ],
          [
            30.0062781,
            40.0870959
          ],
          [
            30.007529,
            40.0863969
          ],
          [
            30.0078911,
            40.0861561
          ],
          [
            30.0082184,
            40.0858578
          ],
          [
            30.0084117,
            40.0855516
          ],
          [
            30.0087215,
            40.0851598
          ],
          [
            30.0089324,
            40.0846894
          ],
          [
            30.0090272,
            40.0840795
          ]
        ]
      },
      "id": "way/89785293"
    },
    {
      "type": "Feature",
      "properties": {
        "@id": "way/89785309",
        "electrified": "contact_line",
        "frequency": "50",
        "gauge": "1435",
        "operator": "TCDD",
        "railway": "rail",
        "railway:etcs": "yes",
        "usage": "main",
        "voltage": "25000"
      },
      "geometry": {
        "type": "LineString",
        "coordinates": [
          [
            30.0265889,
            40.0245105
          ],
          [
            30.0269029,
            40.0231433
          ],
          [
            30.0269242,
            40.0230295
          ],
          [
            30.0269671,
            40.0227618
          ],
          [
            30.026975,
            40.0224919
          ],
          [
            30.0269134,
            40.0220825
          ],
          [
            30.0268096,
            40.0217802
          ],
          [
            30.0266374,
            40.0214314
          ],
          [
            30.0264638,
            40.0211625
          ],
          [
            30.0245888,
            40.0184606
          ]
        ]
      },
      "id": "way/89785309"
    },
    {
      "type": "Feature",
      "properties": {
        "@id": "way/96178556",
        "axle_load": "22.5",
        "electrified": "contact_line",
        "frequency": "50",
        "gauge": "1435",
        "name": "İstanbul - Ankara demiryolu",
        "name:en": "İstanbul - Ankara railway",
        "operator": "TCDD",
        "passenger_lines": "1",
        "railway": "rail",
        "railway:bidirectional": "regular",
        "railway:preferred_direction": "both",
        "source": "bing",
        "usage": "main",
        "voltage": "25000",
        "wikidata": "Q15103266",
        "wikipedia": "en:Istanbul–Ankara railway"
      },
      "geometry": {
        "type": "LineString",
        "coordinates": [
          [
            30.5266228,
            39.7830686
          ],
          [
            30.5345409,
            39.7844249
          ],
          [
            30.5369736,
            39.7848393
          ],
          [
            30.5392375,
            39.785167
          ],
          [
            30.5406644,
            39.7853525
          ],
          [
            30.5453368,
            39.7858832
          ],
          [
            30.5509009,
            39.7865091
          ],
          [
            30.5528484,
            39.7867465
          ],
          [
            30.563569,
            39.7879663
          ],
          [
            30.6030805,
            39.792418
          ],
          [
            30.6049186,
            39.7926206
          ],
          [
            30.6089889,
            39.793057
          ],
          [
            30.6204506,
            39.7943205
          ],
          [
            30.6250859,
            39.7948324
          ],
          [
            30.6277964,
            39.7951323
          ],
          [
            30.6308003,
            39.7954601
          ],
          [
            30.6312481,
            39.7955055
          ],
          [
            30.6317246,
            39.7955436
          ],
          [
            30.6323771,
            39.7955795
          ],
          [
            30.633075,
            39.795588
          ],
          [
            30.6381834,
            39.7955633
          ],
          [
            30.6388129,
            39.7955928
          ],
          [
            30.6394208,
            39.7956758
          ],
          [
            30.640106,
            39.795816
          ],
          [
            30.6407288,
            39.7960195
          ],
          [
            30.6413675,
            39.7962837
          ],
          [
            30.6421106,
            39.796621
          ]
        ]
      },
      "id": "way/96178556"
    },
    {
      "type": "Feature",
      "properties": {
        "@id": "way/97551985",
        "electrified": "contact_line",
        "embankment": "yes",
        "frequency": "50",
        "gauge": "1435",
        "name": "İstanbul - Ankara demiryolu",
        "operator": "TCDD",
        "railway": "rail",
        "railway:etcs": "yes",
        "usage": "main",
        "voltage": "25000"
      },
      "geometry": {
        "type": "LineString",
        "coordinates": [
          [
            30.0168319,
            40.1595902
          ],
          [
            30.0172422,
            40.1596402
          ],
          [
            30.0177465,
            40.1597538
          ],
          [
            30.0182516,
            40.1599058
          ],
          [
            30.0186547,
            40.1601262
          ],
          [
            30.0190061,
            40.1603619
          ],
          [
            30.0192881,
            40.1605998
          ],
          [
            30.0195821,
            40.1608815
          ],
          [
            30.0198573,
            40.1612397
          ],
          [
            30.020067,
            40.1615332
          ],
          [
            30.0203653,
            40.1620153
          ],
          [
            30.0204822,
            40.1622251
          ],
          [
            30.0206013,
            40.1625377
          ],
          [
            30.0206453,
            40.1627411
          ],
          [
            30.0207027,
            40.1629896
          ],
          [
            30.0207038,
            40.1633007
          ],
          [
            30.0206661,
            40.163576
          ],
          [
            30.0205811,
            40.1638138
          ],
          [
            30.0204791,
            40.1640848
          ],
          [
            30.0203212,
            40.1643755
          ],
          [
            30.0201613,
            40.164602
          ],
          [
            30.0198884,
            40.1648839
          ]
        ]
      },
      "id": "way/97551985"
    },
    {
      "type": "Feature",
      "properties": {
        "@id": "way/97551986",
        "electrified": "contact_line",
        "frequency": "50",
        "gauge": "1435",
        "layer": "-1",
        "operator": "TCDD",
        "railway": "rail",
        "railway:etcs": "yes",
        "tunnel": "yes",
        "usage": "main",
        "voltage": "25000"
      },
      "geometry": {
        "type": "LineString",
        "coordinates": [
          [
            30.0098177,
            40.177601
          ],
          [
            30.009923,
            40.1778728
          ],
          [
            30.0100002,
            40.1781497
          ]
        ]
      },
      "id": "way/97551986"
    },
    {
      "type": "Feature",
      "properties": {
        "@id": "way/97552042",
        "electrified": "contact_line",
        "frequency": "50",
        "gauge": "1435",
        "operator": "TCDD",
        "railway": "rail",
        "railway:etcs": "yes",
        "usage": "main",
        "voltage": "25000"
      },
      "geometry": {
        "type": "LineString",
        "coordinates": [
          [
            30.0100002,
            40.1781497
          ],
          [
            30.0100331,
            40.1784666
          ],
          [
            30.0100137,
            40.1786929
          ]
        ]
      },
      "id": "way/97552042"
    },
    {
      "type": "Feature",
      "properties": {
        "@id": "way/97552100",
        "bridge": "yes",
        "electrified": "contact_line",
        "frequency": "50",
        "gauge": "1435",
        "layer": "1",
        "operator": "TCDD",
        "railway": "rail",
        "railway:etcs": "yes",
        "usage": "main",
        "voltage": "25000"
      },
      "geometry": {
        "type": "LineString",
        "coordinates": [
          [
            30.0164249,
            40.1595649
          ],
          [
            30.0168319,
            40.1595902
          ]
        ]
      },
      "id": "way/97552100"
    },
    {
      "type": "Feature",
      "properties": {
        "@id": "way/123063298",
        "bridge": "yes",
        "electrified": "contact_line",
        "frequency": "50",
        "gauge": "1435",
        "layer": "1",
        "operator": "TCDD",
        "railway": "rail",
        "railway:etcs": "yes",
        "usage": "main",
        "voltage": "25000"
      },
      "geometry": {
        "type": "LineString",
        "coordinates": [
          [
            30.0100137,
            40.1786929
          ],
          [
            30.0099624,
            40.1790205
          ]
        ]
      },
      "id": "way/123063298"
    },
    {
      "type": "Feature",
      "properties": {
        "@id": "way/123063300",
        "bridge": "yes",
        "electrified": "contact_line",
        "frequency": "50",
        "gauge": "1435",
        "layer": "1",
        "operator": "TCDD",
        "railway": "rail",
        "railway:etcs": "yes",
        "usage": "main",
        "voltage": "25000"
      },
      "geometry": {
        "type": "LineString",
        "coordinates": [
          [
            30.0122453,
            40.166904
          ],
          [
            30.0119173,
            40.1670668
          ]
        ]
      },
      "id": "way/123063300"
    },
    {
      "type": "Feature",
      "properties": {
        "@id": "way/123063304",
        "electrified": "contact_line",
        "frequency": "50",
        "gauge": "1435",
        "name": "İstanbul - Ankara demiryolu",
        "operator": "TCDD",
        "railway": "rail",
        "railway:etcs": "yes",
        "usage": "main",
        "voltage": "25000"
      },
      "geometry": {
        "type": "LineString",
        "coordinates": [
          [
            30.0094758,
            40.1770854
          ],
          [
            30.0096597,
            40.1773271
          ],
          [
            30.0098177,
            40.177601
          ]
        ]
      },
      "id": "way/123063304"
    },
    {
      "type": "Feature",
      "properties": {
        "@id": "way/123063306",
        "bridge": "yes",
        "electrified": "contact_line",
        "frequency": "50",
        "gauge": "1435",
        "layer": "1",
        "operator": "TCDD",
        "railway": "rail",
        "railway:etcs": "yes",
        "usage": "main",
        "voltage": "25000"
      },
      "geometry": {
        "type": "LineString",
        "coordinates": [
          [
            30.0091836,
            40.1767843
          ],
          [
            30.0094758,
            40.1770854
          ]
        ]
      },
      "id": "way/123063306"
    },
    {
      "type": "Feature",
      "properties": {
        "@id": "way/123063307",
        "bridge": "yes",
        "electrified": "contact_line",
        "frequency": "50",
        "gauge": "1435",
        "layer": "1",
        "name": "İstanbul - Ankara demiryolu",
        "operator": "TCDD",
        "railway": "rail",
        "railway:etcs": "yes",
        "usage": "main",
        "voltage": "25000"
      },
      "geometry": {
        "type": "LineString",
        "coordinates": [
          [
            30.0134276,
            40.1663169
          ],
          [
            30.0130624,
            40.1664982
          ]
        ]
      },
      "id": "way/123063307"
    },
    {
      "type": "Feature",
      "properties": {
        "@id": "way/123063308",
        "electrified": "contact_line",
        "frequency": "50",
        "gauge": "1435",
        "name": "İstanbul - Ankara demiryolu",
        "operator": "TCDD",
        "railway": "rail",
        "railway:etcs": "yes",
        "usage": "main",
        "voltage": "25000"
      },
      "geometry": {
        "type": "LineString",
        "coordinates": [
          [
            30.0130624,
            40.1664982
          ],
          [
            30.0122453,
            40.166904
          ]
        ]
      },
      "id": "way/123063308"
    },
    {
      "type": "Feature",
      "properties": {
        "@id": "way/123065990",
        "electrified": "contact_line",
        "frequency": "50",
        "gauge": "1435",
        "name": "İstanbul - Ankara demiryolu",
        "operator": "TCDD",
        "railway": "rail",
        "railway:etcs": "yes",
        "source": "bing",
        "usage": "main",
        "voltage": "25000"
      },
      "geometry": {
        "type": "LineString",
        "coordinates": [
          [
            30.0110645,
            40.078875
          ],
          [
            30.0119576,
            40.0773138
          ],
          [
            30.0122673,
            40.0766066
          ],
          [
            30.0125323,
            40.0759128
          ],
          [
            30.0129827,
            40.0751873
          ],
          [
            30.0136582,
            40.0744426
          ],
          [
            30.014036,
            40.074044
          ],
          [
            30.0142325,
            40.0737629
          ],
          [
            30.0143892,
            40.0735016
          ],
          [
            30.0145217,
            40.0731417
          ],
          [
            30.0145824,
            40.0728746
          ],
          [
            30.0146012,
            40.0723861
          ],
          [
            30.0146576,
            40.0717684
          ],
          [
            30.0144431,
            40.0700155
          ],
          [
            30.0144198,
            40.0693594
          ],
          [
            30.0142207,
            40.0668782
          ],
          [
            30.0141956,
            40.0666766
          ],
          [
            30.0142286,
            40.0663767
          ],
          [
            30.0143576,
            40.0659389
          ]
        ]
      },
      "id": "way/123065990"
    },
    {
      "type": "Feature",
      "properties": {
        "@id": "way/123065991",
        "electrified": "contact_line",
        "frequency": "50",
        "gauge": "1435",
        "name": "İstanbul - Ankara demiryolu",
        "operator": "TCDD",
        "railway": "rail",
        "railway:etcs": "yes",
        "usage": "main",
        "voltage": "25000"
      },
      "geometry": {
        "type": "LineString",
        "coordinates": [
          [
            30.019069,
            40.0509248
          ],
          [
            30.0189428,
            40.0506221
          ],
          [
            30.0188518,
            40.0502749
          ],
          [
            30.0187769,
            40.0498907
          ]
        ]
      },
      "id": "way/123065991"
    },
    {
      "type": "Feature",
      "properties": {
        "@id": "way/123065992",
        "electrified": "contact_line",
        "frequency": "50",
        "gauge": "1435",
        "layer": "-1",
        "name": "İstanbul - Ankara demiryolu",
        "operator": "TCDD",
        "railway": "rail",
        "railway:etcs": "yes",
        "source": "bing",
        "tunnel": "yes",
        "usage": "main",
        "voltage": "25000"
      },
      "geometry": {
        "type": "LineString",
        "coordinates": [
          [
            30.0168258,
            40.0597757
          ],
          [
            30.0173507,
            40.059063
          ]
        ]
      },
      "id": "way/123065992"
    },
    {
      "type": "Feature",
      "properties": {
        "@id": "way/123065993",
        "electrified": "contact_line",
        "frequency": "50",
        "gauge": "1435",
        "layer": "-1",
        "name": "İstanbul - Ankara demiryolu",
        "operator": "TCDD",
        "railway": "rail",
        "railway:etcs": "yes",
        "tunnel": "yes",
        "usage": "main",
        "voltage": "25000"
      },
      "geometry": {
        "type": "LineString",
        "coordinates": [
          [
            30.0193853,
            40.0516512
          ],
          [
            30.019069,
            40.0509248
          ]
        ]
      },
      "id": "way/123065993"
    },
    {
      "type": "Feature",
      "properties": {
        "@id": "way/123065994",
        "electrified": "contact_line",
        "frequency": "50",
        "gauge": "1435",
        "name": "İstanbul - Ankara demiryolu",
        "operator": "TCDD",
        "railway": "rail",
        "railway:etcs": "yes",
        "source": "bing",
        "usage": "main",
        "voltage": "25000"
      },
      "geometry": {
        "type": "LineString",
        "coordinates": [
          [
            30.0166518,
            40.0601201
          ],
          [
            30.0168258,
            40.0597757
          ]
        ]
      },
      "id": "way/123065994"
    },
    {
      "type": "Feature",
      "properties": {
        "@id": "way/123065995",
        "electrified": "contact_line",
        "frequency": "50",
        "gauge": "1435",
        "layer": "-1",
        "name": "İstanbul - Ankara demiryolu",
        "operator": "TCDD",
        "railway": "rail",
        "railway:etcs": "yes",
        "source": "bing",
        "tunnel": "yes",
        "usage": "main",
        "voltage": "25000"
      },
      "geometry": {
        "type": "LineString",
        "coordinates": [
          [
            30.0204938,
            40.054587
          ],
          [
            30.0201617,
            40.0537299
          ]
        ]
      },
      "id": "way/123065995"
    },
    {
      "type": "Feature",
      "properties": {
        "@id": "way/123065996",
        "bridge": "yes",
        "electrified": "contact_line",
        "frequency": "50",
        "gauge": "1435",
        "layer": "1",
        "name": "İstanbul - Ankara demiryolu",
        "operator": "TCDD",
        "railway": "rail",
        "railway:etcs": "yes",
        "source": "bing",
        "usage": "main",
        "voltage": "25000"
      },
      "geometry": {
        "type": "LineString",
        "coordinates": [
          [
            30.0092335,
            40.0832129
          ],
          [
            30.009369,
            40.0829584
          ],
          [
            30.0095489,
            40.0825794
          ],
          [
            30.0096973,
            40.0820536
          ]
        ]
      },
      "id": "way/123065996"
    },
    {
      "type": "Feature",
      "properties": {
        "@id": "way/123065997",
        "electrified": "contact_line",
        "frequency": "50",
        "gauge": "1435",
        "name": "İstanbul - Ankara demiryolu",
        "operator": "TCDD",
        "railway": "rail",
        "railway:etcs": "yes",
        "source": "bing",
        "usage": "main",
        "voltage": "25000"
      },
      "geometry": {
        "type": "LineString",
        "coordinates": [
          [
            30.0173507,
            40.059063
          ],
          [
            30.0179335,
            40.0584625
          ]
        ]
      },
      "id": "way/123065997"
    },
    {
      "type": "Feature",
      "properties": {
        "@id": "way/123065998",
        "electrified": "contact_line",
        "frequency": "50",
        "gauge": "1435",
        "layer": "-1",
        "operator": "TCDD",
        "railway": "rail",
        "railway:etcs": "yes",
        "source": "bing",
        "tunnel": "yes",
        "usage": "main",
        "voltage": "25000"
      },
      "geometry": {
        "type": "LineString",
        "coordinates": [
          [
            30.0106701,
            40.0797393
          ],
          [
            30.0110645,
            40.078875
          ]
        ]
      },
      "id": "way/123065998"
    },
    {
      "type": "Feature",
      "properties": {
        "@id": "way/123065999",
        "electrified": "contact_line",
        "frequency": "50",
        "gauge": "1435",
        "name": "İstanbul - Ankara demiryolu",
        "operator": "TCDD",
        "railway": "rail",
        "railway:etcs": "yes",
        "source": "bing",
        "usage": "main",
        "voltage": "25000"
      },
      "geometry": {
        "type": "LineString",
        "coordinates": [
          [
            30.0201617,
            40.0537299
          ],
          [
            30.0199144,
            40.0528108
          ],
          [
            30.0196414,
            40.052224
          ]
        ]
      },
      "id": "way/123065999"
    },
    {
      "type": "Feature",
      "properties": {
        "@id": "way/123066000",
        "electrified": "contact_line",
        "frequency": "50",
        "gauge": "1435",
        "layer": "-1",
        "name": "İstanbul - Ankara demiryolu",
        "operator": "TCDD",
        "railway": "rail",
        "railway:etcs": "yes",
        "source": "bing",
        "tunnel": "yes",
        "usage": "main",
        "voltage": "25000"
      },
      "geometry": {
        "type": "LineString",
        "coordinates": [
          [
            30.0164034,
            40.0626485
          ],
          [
            30.01655,
            40.0619742
          ],
          [
            30.0164655,
            40.060746
          ],
          [
            30.0166518,
            40.0601201
          ]
        ]
      },
      "id": "way/123066000"
    },
    {
      "type": "Feature",
      "properties": {
        "@id": "way/123066001",
        "bridge": "yes",
        "electrified": "contact_line",
        "frequency": "50",
        "gauge": "1435",
        "layer": "1",
        "name": "İstanbul-Ankara demiryolu",
        "operator": "TCDD",
        "railway": "rail",
        "railway:etcs": "yes",
        "source": "bing",
        "usage": "main",
        "voltage": "25000"
      },
      "geometry": {
        "type": "LineString",
        "coordinates": [
          [
            30.0143576,
            40.0659389
          ],
          [
            30.0149375,
            40.0649884
          ]
        ]
      },
      "id": "way/123066001"
    },
    {
      "type": "Feature",
      "properties": {
        "@id": "way/123066002",
        "electrified": "contact_line",
        "frequency": "50",
        "gauge": "1435",
        "name": "İstanbul - Ankara demiryolu",
        "operator": "TCDD",
        "railway": "rail",
        "railway:etcs": "yes",
        "source": "bing",
        "usage": "main",
        "voltage": "25000"
      },
      "geometry": {
        "type": "LineString",
        "coordinates": [
          [
            30.0096973,
            40.0820536
          ],
          [
            30.0098223,
            40.0813969
          ],
          [
            30.0100972,
            40.0808523
          ],
          [
            30.0106701,
            40.0797393
          ]
        ]
      },
      "id": "way/123066002"
    },
    {
      "type": "Feature",
      "properties": {
        "@id": "way/123066003",
        "cutting": "yes",
        "electrified": "contact_line",
        "frequency": "50",
        "gauge": "1435",
        "name": "İstanbul - Ankara demiryolu",
        "operator": "TCDD",
        "railway": "rail",
        "railway:etcs": "yes",
        "source": "bing",
        "usage": "main",
        "voltage": "25000"
      },
      "geometry": {
        "type": "LineString",
        "coordinates": [
          [
            30.0205002,
            40.0555127
          ],
          [
            30.0205921,
            40.055261
          ],
          [
            30.0205961,
            40.0550169
          ]
        ]
      },
      "id": "way/123066003"
    },
    {
      "type": "Feature",
      "properties": {
        "@id": "way/123066004",
        "electrified": "contact_line",
        "frequency": "50",
        "gauge": "1435",
        "name": "İstanbul - Ankara demiryolu",
        "operator": "TCDD",
        "railway": "rail",
        "railway:etcs": "yes",
        "source": "bing",
        "usage": "main",
        "voltage": "25000"
      },
      "geometry": {
        "type": "LineString",
        "coordinates": [
          [
            30.0149375,
            40.0649884
          ],
          [
            30.0158635,
            40.0636899
          ],
          [
            30.0162123,
            40.0631544
          ],
          [
            30.0164034,
            40.0626485
          ]
        ]
      },
      "id": "way/123066004"
    },
    {
      "type": "Feature",
      "properties": {
        "@id": "way/123066005",
        "electrified": "contact_line",
        "frequency": "50",
        "gauge": "1435",
        "layer": "-1",
        "name": "İstanbul - Ankara demiryolu",
        "operator": "TCDD",
        "railway": "rail",
        "railway:etcs": "yes",
        "source": "bing",
        "tunnel": "yes",
        "usage": "main",
        "voltage": "25000"
      },
      "geometry": {
        "type": "LineString",
        "coordinates": [
          [
            30.0179335,
            40.0584625
          ],
          [
            30.0203391,
            40.0557758
          ],
          [
            30.0205002,
            40.0555127
          ]
        ]
      },
      "id": "way/123066005"
    },
    {
      "type": "Feature",
      "properties": {
        "@id": "way/150494041",
        "electrified": "contact_line",
        "frequency": "50",
        "gauge": "1435",
        "name": "İstanbul - Ankara demiryolu",
        "operator": "TCDD",
        "railway": "rail",
        "railway:etcs": "yes",
        "source": "Bing",
        "usage": "main",
        "voltage": "25000"
      },
      "geometry": {
        "type": "LineString",
        "coordinates": [
          [
            29.9807915,
            39.9398744
          ],
          [
            29.9806869,
            39.9395984
          ],
          [
            29.9788185,
            39.9342427
          ],
          [
            29.9786769,
            39.9338248
          ],
          [
            29.9786196,
            39.9335427
          ],
          [
            29.9786049,
            39.9332417
          ],
          [
            29.9786342,
            39.9329379
          ],
          [
            29.9787523,
            39.9325426
          ],
          [
            29.9789434,
            39.9321681
          ],
          [
            29.9790934,
            39.9319409
          ],
          [
            29.9794317,
            39.931489
          ],
          [
            29.9799985,
            39.930718
          ],
          [
            29.9802921,
            39.9303034
          ],
          [
            29.9805417,
            39.9298371
          ],
          [
            29.980762,
            39.9293442
          ],
          [
            29.9813307,
            39.9279256
          ],
          [
            29.981487,
            39.9275462
          ],
          [
            29.9817169,
            39.9271753
          ],
          [
            29.9819527,
            39.9268832
          ],
          [
            29.9821289,
            39.9267145
          ],
          [
            29.9826785,
            39.9263518
          ],
          [
            29.9830906,
            39.9261389
          ],
          [
            29.983458,
            39.9260042
          ],
          [
            29.9838027,
            39.925919
          ],
          [
            29.9841062,
            39.9258587
          ],
          [
            29.9845743,
            39.9258161
          ],
          [
            29.984977,
            39.9258178
          ],
          [
            29.9875169,
            39.9259204
          ],
          [
            29.9883323,
            39.9259091
          ],
          [
            29.9887591,
            39.9258533
          ],
          [
            29.9892945,
            39.9257726
          ],
          [
            29.9902022,
            39.9255267
          ],
          [
            29.9945111,
            39.9242085
          ],
          [
            29.9951749,
            39.9239745
          ],
          [
            29.9955668,
            39.9238112
          ],
          [
            29.9960614,
            39.9236034
          ],
          [
            29.9966055,
            39.9232933
          ],
          [
            29.9987028,
            39.9218897
          ],
          [
            29.9996126,
            39.9213756
          ],
          [
            30.0002992,
            39.9211287
          ],
          [
            30.000996,
            39.9209938
          ],
          [
            30.0016288,
            39.9209298
          ],
          [
            30.0024092,
            39.9209337
          ],
          [
            30.0030423,
            39.9209928
          ],
          [
            30.0077973,
            39.9215498
          ],
          [
            30.0083364,
            39.9215722
          ],
          [
            30.0088501,
            39.9215758
          ],
          [
            30.0092146,
            39.9215444
          ],
          [
            30.0095051,
            39.921515
          ],
          [
            30.0097462,
            39.9214589
          ],
          [
            30.0100524,
            39.9213873
          ],
          [
            30.0105091,
            39.9212357
          ],
          [
            30.0109399,
            39.9210626
          ],
          [
            30.0113508,
            39.9208523
          ],
          [
            30.0118434,
            39.920529
          ],
          [
            30.0315454,
            39.9061459
          ],
          [
            30.0319303,
            39.9058907
          ],
          [
            30.0323812,
            39.9055971
          ],
          [
            30.0330762,
            39.9052611
          ],
          [
            30.0336148,
            39.9050557
          ],
          [
            30.0339785,
            39.9049447
          ],
          [
            30.034414,
            39.9048355
          ],
          [
            30.0348631,
            39.9047418
          ],
          [
            30.0354152,
            39.9046267
          ],
          [
            30.0464157,
            39.9026053
          ],
          [
            30.0473613,
            39.9024486
          ],
          [
            30.04903,
            39.9023048
          ],
          [
            30.0495945,
            39.90227
          ],
          [
            30.0503652,
            39.9022093
          ],
          [
            30.053002,
            39.9019766
          ],
          [
            30.0545824,
            39.9017728
          ],
          [
            30.0556095,
            39.9015475
          ],
          [
            30.0653222,
            39.8991961
          ],
          [
            30.0668289,
            39.8988313
          ],
          [
            30.070486,
            39.897956
          ],
          [
            30.0719162,
            39.8975613
          ],
          [
            30.0732927,
            39.8970643
          ],
          [
            30.0758809,
            39.8958502
          ],
          [
            30.0792536,
            39.8942168
          ],
          [
            30.080488,
            39.893687
          ],
          [
            30.0817966,
            39.8932385
          ],
          [
            30.082516,
            39.8930553
          ],
          [
            30.0832517,
            39.8929032
          ]
        ]
      },
      "id": "way/150494041"
    },
    {
      "type": "Feature",
      "properties": {
        "@id": "way/150494043",
        "electrified": "contact_line",
        "frequency": "50",
        "gauge": "1435",
        "highspeed": "yes",
        "maxspeed": "250",
        "name": "Ankara - İstanbul yüksek hızlı demiryolu",
        "name:en": "Ankara - İstanbul high-speed railway",
        "operator": "TCDD",
        "passenger_lines": "1",
        "railway": "rail",
        "railway:etcs": "1",
        "usage": "main",
        "voltage": "25000",
        "wikidata": "Q513146",
        "wikipedia": "en:Ankara–Istanbul high-speed railway"
      },
      "geometry": {
        "type": "LineString",
        "coordinates": [
          [
            29.9887487,
            39.9576317
          ],
          [
            29.9872906,
            39.951675
          ]
        ]
      },
      "id": "way/150494043"
    },
    {
      "type": "Feature",
      "properties": {
        "@id": "way/150494045",
        "electrified": "contact_line",
        "frequency": "50",
        "gauge": "1435",
        "highspeed": "yes",
        "maxspeed": "250",
        "name": "Ankara - İstanbul yüksek hızlı demiryolu",
        "name:en": "Ankara - İstanbul high-speed railway",
        "operator": "TCDD",
        "passenger_lines": "1",
        "railway": "rail",
        "railway:etcs": "1",
        "usage": "main",
        "voltage": "25000",
        "wikidata": "Q513146",
        "wikipedia": "en:Ankara–Istanbul high-speed railway"
      },
      "geometry": {
        "type": "LineString",
        "coordinates": [
          [
            29.9924428,
            39.9272041
          ],
          [
            29.9932538,
            39.9261068
          ]
        ]
      },
      "id": "way/150494045"
    },
    {
      "type": "Feature",
      "properties": {
        "@id": "way/150494046",
        "electrified": "contact_line",
        "frequency": "50",
        "gauge": "1435",
        "name": "İstanbul - Ankara demiryolu",
        "operator": "TCDD",
        "railway": "rail",
        "railway:etcs": "yes",
        "usage": "main",
        "voltage": "25000"
      },
      "geometry": {
        "type": "LineString",
        "coordinates": [
          [
            29.9905303,
            39.969713
          ],
          [
            29.9902252,
            39.9691951
          ],
          [
            29.989982,
            39.9686613
          ],
          [
            29.9890421,
            39.9657515
          ],
          [
            29.9889173,
            39.9653276
          ],
          [
            29.9889184,
            39.9648568
          ],
          [
            29.9889741,
            39.9645469
          ],
          [
            29.9890793,
            39.9642206
          ],
          [
            29.9894319,
            39.9634329
          ],
          [
            29.9895348,
            39.9631914
          ],
          [
            29.9896237,
            39.9627551
          ],
          [
            29.9895939,
            39.962276
          ],
          [
            29.9894938,
            39.9619535
          ],
          [
            29.989288,
            39.961529
          ],
          [
            29.9890536,
            39.9611298
          ],
          [
            29.988223,
            39.9602715
          ],
          [
            29.9879286,
            39.9599394
          ],
          [
            29.9877776,
            39.9596298
          ],
          [
            29.9876784,
            39.9593144
          ],
          [
            29.9876089,
            39.9589816
          ],
          [
            29.9876246,
            39.9585944
          ],
          [
            29.9877061,
            39.9581722
          ],
          [
            29.9879579,
            39.9574005
          ],
          [
            29.9880339,
            39.957098
          ],
          [
            29.9880876,
            39.9568104
          ],
          [
            29.9881019,
            39.9566339
          ],
          [
            29.9881043,
            39.9562951
          ],
          [
            29.9880618,
            39.9560695
          ],
          [
            29.9879508,
            39.9558064
          ],
          [
            29.9878189,
            39.9555448
          ],
          [
            29.9867639,
            39.9535022
          ],
          [
            29.9865147,
            39.9528846
          ],
          [
            29.9864164,
            39.9526622
          ],
          [
            29.9862937,
            39.9521797
          ],
          [
            29.9862387,
            39.9517051
          ],
          [
            29.98613,
            39.9505035
          ],
          [
            29.9859804,
            39.9490468
          ],
          [
            29.9858974,
            39.9485932
          ],
          [
            29.9858413,
            39.9483769
          ],
          [
            29.9856118,
            39.9478501
          ],
          [
            29.985478,
            39.9476169
          ],
          [
            29.9852465,
            39.9472739
          ],
          [
            29.9850183,
            39.9469756
          ],
          [
            29.984578,
            39.9465751
          ],
          [
            29.9835697,
            39.945613
          ],
          [
            29.9831779,
            39.9452332
          ],
          [
            29.9829287,
            39.9449498
          ],
          [
            29.9825677,
            39.9444643
          ]
        ]
      },
      "id": "way/150494046"
    },
    {
      "type": "Feature",
      "properties": {
        "@id": "way/150494047",
        "electrified": "contact_line",
        "frequency": "50",
        "gauge": "1435",
        "highspeed": "yes",
        "layer": "-1",
        "maxspeed": "250",
        "name": "Ankara - İstanbul yüksek hızlı demiryolu",
        "name:en": "Ankara - İstanbul high-speed railway",
        "operator": "TCDD",
        "passenger_lines": "1",
        "railway": "rail",
        "railway:etcs": "1",
        "tunnel": "yes",
        "usage": "main",
        "voltage": "25000",
        "wikidata": "Q513146",
        "wikipedia": "en:Ankara–Istanbul high-speed railway"
      },
      "geometry": {
        "type": "LineString",
        "coordinates": [
          [
            29.9965209,
            39.9795729
          ],
          [
            29.9951059,
            39.9772599
          ],
          [
            29.9937888,
            39.974932
          ]
        ]
      },
      "id": "way/150494047"
    },
    {
      "type": "Feature",
      "properties": {
        "@id": "way/150494048",
        "electrified": "contact_line",
        "frequency": "50",
        "gauge": "1435",
        "highspeed": "yes",
        "layer": "-1",
        "maxspeed": "250",
        "name": "Ankara - İstanbul yüksek hızlı demiryolu",
        "name:en": "Ankara - İstanbul high-speed railway",
        "operator": "TCDD",
        "passenger_lines": "1",
        "railway": "rail",
        "railway:etcs": "1",
        "tunnel": "yes",
        "usage": "main",
        "voltage": "25000",
        "wikidata": "Q513146",
        "wikipedia": "en:Ankara–Istanbul high-speed railway"
      },
      "geometry": {
        "type": "LineString",
        "coordinates": [
          [
            29.9898152,
            39.9617963
          ],
          [
            29.9887487,
            39.9576317
          ]
        ]
      },
      "id": "way/150494048"
    },
    {
      "type": "Feature",
      "properties": {
        "@id": "way/150494049",
        "cutting": "yes",
        "electrified": "contact_line",
        "frequency": "50",
        "gauge": "1435",
        "highspeed": "yes",
        "maxspeed": "250",
        "name": "Ankara - İstanbul yüksek hızlı demiryolu",
        "name:en": "Ankara - İstanbul high-speed railway",
        "operator": "TCDD",
        "passenger_lines": "1",
        "railway": "rail",
        "railway:etcs": "1",
        "usage": "main",
        "voltage": "25000",
        "wikidata": "Q513146",
        "wikipedia": "en:Ankara–Istanbul high-speed railway"
      },
      "geometry": {
        "type": "LineString",
        "coordinates": [
          [
            30.0225862,
            39.892086
          ],
          [
            30.0241291,
            39.8908925
          ],
          [
            30.025516,
            39.8898632
          ],
          [
            30.027106,
            39.8887371
          ],
          [
            30.0285958,
            39.8877294
          ]
        ]
      },
      "id": "way/150494049"
    },
    {
      "type": "Feature",
      "properties": {
        "@id": "way/150494050",
        "electrified": "contact_line",
        "embankment": "yes",
        "frequency": "50",
        "gauge": "1435",
        "highspeed": "yes",
        "maxspeed": "250",
        "name": "Ankara - İstanbul yüksek hızlı demiryolu",
        "name:en": "Ankara - İstanbul high-speed railway",
        "operator": "TCDD",
        "passenger_lines": "1",
        "railway": "rail",
        "railway:etcs": "1",
        "usage": "main",
        "voltage": "25000",
        "wikidata": "Q513146",
        "wikipedia": "en:Ankara–Istanbul high-speed railway"
      },
      "geometry": {
        "type": "LineString",
        "coordinates": [
          [
            30.000885,
            39.9868311
          ],
          [
            29.9965209,
            39.9795729
          ]
        ]
      },
      "id": "way/150494050"
    },
    {
      "type": "Feature",
      "properties": {
        "@id": "way/150494055",
        "bridge": "viaduct",
        "electrified": "contact_line",
        "frequency": "50",
        "gauge": "1435",
        "highspeed": "yes",
        "layer": "1",
        "maxspeed": "250",
        "name": "Ankara - İstanbul yüksek hızlı demiryolu",
        "name:en": "Ankara - İstanbul high-speed railway",
        "operator": "TCDD",
        "passenger_lines": "1",
        "railway": "rail",
        "railway:etcs": "1",
        "usage": "main",
        "voltage": "25000",
        "wikidata": "Q513146",
        "wikipedia": "en:Ankara–Istanbul high-speed railway"
      },
      "geometry": {
        "type": "LineString",
        "coordinates": [
          [
            29.9932538,
            39.9261068
          ],
          [
            29.9994912,
            39.918567
          ]
        ]
      },
      "id": "way/150494055"
    },
    {
      "type": "Feature",
      "properties": {
        "@id": "way/150494056",
        "electrified": "contact_line",
        "frequency": "50",
        "gauge": "1435",
        "highspeed": "yes",
        "layer": "-1",
        "maxspeed": "250",
        "name": "Ankara - İstanbul yüksek hızlı demiryolu",
        "name:en": "Ankara - İstanbul high-speed railway",
        "operator": "TCDD",
        "passenger_lines": "1",
        "railway": "rail",
        "railway:etcs": "1",
        "tunnel": "yes",
        "usage": "main",
        "voltage": "25000",
        "wikidata": "Q513146",
        "wikipedia": "en:Ankara–Istanbul high-speed railway"
      },
      "geometry": {
        "type": "LineString",
        "coordinates": [
          [
            29.9872906,
            39.951675
          ],
          [
            29.9868074,
            39.948642
          ],
          [
            29.9867264,
            39.9456599
          ],
          [
            29.9870505,
            39.9431125
          ],
          [
            29.9896058,
            39.9342784
          ],
          [
            29.9902921,
            39.931928
          ],
          [
            29.9917246,
            39.9284698
          ],
          [
            29.9924428,
            39.9272041
          ]
        ]
      },
      "id": "way/150494056"
    },
    {
      "type": "Feature",
      "properties": {
        "@id": "way/150507845",
        "electrified": "contact_line",
        "frequency": "50",
        "gauge": "1435",
        "highspeed": "yes",
        "layer": "-1",
        "maxspeed": "250",
        "name": "Ankara - İstanbul yüksek hızlı demiryolu",
        "name:en": "Ankara - İstanbul high-speed railway",
        "operator": "TCDD",
        "passenger_lines": "1",
        "railway": "rail",
        "railway:etcs": "1",
        "tunnel": "yes",
        "usage": "main",
        "voltage": "25000",
        "wikidata": "Q513146",
        "wikipedia": "en:Ankara–Istanbul high-speed railway"
      },
      "geometry": {
        "type": "LineString",
        "coordinates": [
          [
            29.9997117,
            39.9183043
          ],
          [
            30.0208788,
            39.8935661
          ]
        ]
      },
      "id": "way/150507845"
    },
    {
      "type": "Feature",
      "properties": {
        "@id": "way/150507846",
        "electrified": "contact_line",
        "frequency": "50",
        "gauge": "1435",
        "highspeed": "yes",
        "maxspeed": "250",
        "name": "Ankara - İstanbul yüksek hızlı demiryolu",
        "name:en": "Ankara - İstanbul high-speed railway",
        "operator": "TCDD",
        "passenger_lines": "1",
        "railway": "rail",
        "railway:etcs": "1",
        "usage": "main",
        "voltage": "25000",
        "wikidata": "Q513146",
        "wikipedia": "en:Ankara–Istanbul high-speed railway"
      },
      "geometry": {
        "type": "LineString",
        "coordinates": [
          [
            30.0208788,
            39.8935661
          ],
          [
            30.0211213,
            39.8933391
          ]
        ]
      },
      "id": "way/150507846"
    },
    {
      "type": "Feature",
      "properties": {
        "@id": "way/150507847",
        "electrified": "contact_line",
        "frequency": "50",
        "gauge": "1435",
        "highspeed": "yes",
        "layer": "-1",
        "maxspeed": "250",
        "name": "Ankara - İstanbul yüksek hızlı demiryolu",
        "name:en": "Ankara - İstanbul high-speed railway",
        "operator": "TCDD",
        "passenger_lines": "1",
        "railway": "rail",
        "railway:etcs": "1",
        "tunnel": "yes",
        "usage": "main",
        "voltage": "25000",
        "wikidata": "Q513146",
        "wikipedia": "en:Ankara–Istanbul high-speed railway"
      },
      "geometry": {
        "type": "LineString",
        "coordinates": [
          [
            30.0033429,
            39.9906918
          ],
          [
            30.0019797,
            39.9885791
          ]
        ]
      },
      "id": "way/150507847"
    },
    {
      "type": "Feature",
      "properties": {
        "@id": "way/150507849",
        "electrified": "contact_line",
        "frequency": "50",
        "gauge": "1435",
        "highspeed": "yes",
        "maxspeed": "250",
        "name": "Ankara - İstanbul yüksek hızlı demiryolu",
        "name:en": "Ankara - İstanbul high-speed railway",
        "operator": "TCDD",
        "passenger_lines": "1",
        "railway": "rail",
        "railway:etcs": "1",
        "usage": "main",
        "voltage": "25000",
        "wikidata": "Q513146",
        "wikipedia": "en:Ankara–Istanbul high-speed railway"
      },
      "geometry": {
        "type": "LineString",
        "coordinates": [
          [
            29.9994912,
            39.918567
          ],
          [
            29.9997117,
            39.9183043
          ]
        ]
      },
      "id": "way/150507849"
    },
    {
      "type": "Feature",
      "properties": {
        "@id": "way/150507850",
        "electrified": "contact_line",
        "embankment": "yes",
        "frequency": "50",
        "gauge": "1435",
        "maxspeed": "65",
        "name": "Konvansiyonel ile yüksek hızlı demiryolu bağlantı kolu",
        "operator": "TCDD",
        "railway": "rail",
        "source": "bing",
        "usage": "main",
        "voltage": "25000"
      },
      "geometry": {
        "type": "LineString",
        "coordinates": [
          [
            30.006267,
            39.9977633
          ],
          [
            30.006178,
            39.9974869
          ],
          [
            30.0061217,
            39.9972167
          ],
          [
            30.0060734,
            39.9968201
          ],
          [
            30.0061163,
            39.9964708
          ],
          [
            30.0061861,
            39.9961565
          ],
          [
            30.0063577,
            39.9954763
          ],
          [
            30.006408,
            39.9950697
          ],
          [
            30.0063958,
            39.9948433
          ],
          [
            30.0063563,
            39.9946141
          ],
          [
            30.0063066,
            39.9944293
          ],
          [
            30.0062126,
            39.99419
          ],
          [
            30.0061115,
            39.993993
          ],
          [
            30.0059735,
            39.9937866
          ],
          [
            30.0056834,
            39.9934152
          ]
        ]
      },
      "id": "way/150507850"
    },
    {
      "type": "Feature",
      "properties": {
        "@id": "way/181551098",
        "axle_load": "22.5",
        "bridge": "yes",
        "electrified": "contact_line",
        "frequency": "50",
        "gauge": "1435",
        "layer": "1",
        "maxspeed": "120",
        "name": "Eskişehir-Konya demiryolu",
        "operator": "TCDD",
        "railway": "rail",
        "railway:etcs": "2",
        "usage": "main",
        "voltage": "25000"
      },
      "geometry": {
        "type": "LineString",
        "coordinates": [
          [
            30.4810788,
            39.7684525
          ],
          [
            30.4809757,
            39.7683181
          ]
        ]
      },
      "id": "way/181551098"
    },
    {
      "type": "Feature",
      "properties": {
        "@id": "way/181551099",
        "axle_load": "22.5",
        "electrified": "contact_line",
        "frequency": "50",
        "gauge": "1435",
        "maxspeed": "120",
        "name": "Eskişehir-Konya demiryolu",
        "operator": "TCDD",
        "railway": "rail",
        "railway:etcs": "2",
        "usage": "main",
        "voltage": "25000"
      },
      "geometry": {
        "type": "LineString",
        "coordinates": [
          [
            30.4809757,
            39.7683181
          ],
          [
            30.480712,
            39.7678273
          ],
          [
            30.4786848,
            39.7632955
          ],
          [
            30.4761238,
            39.7575766
          ],
          [
            30.4758981,
            39.7571229
          ],
          [
            30.4756793,
            39.7567781
          ],
          [
            30.4753867,
            39.7563986
          ],
          [
            30.4751082,
            39.7561051
          ],
          [
            30.4747845,
            39.7558171
          ],
          [
            30.4744421,
            39.7555478
          ],
          [
            30.4740731,
            39.7553194
          ],
          [
            30.4736893,
            39.755108
          ],
          [
            30.4725355,
            39.7546042
          ],
          [
            30.4720118,
            39.7543134
          ],
          [
            30.4716414,
            39.7540964
          ],
          [
            30.4713376,
            39.7538782
          ],
          [
            30.4702683,
            39.7528185
          ],
          [
            30.4696644,
            39.7521931
          ],
          [
            30.4694469,
            39.7519186
          ],
          [
            30.4691844,
            39.7515368
          ],
          [
            30.4690301,
            39.7512096
          ],
          [
            30.468908,
            39.7508661
          ],
          [
            30.468709,
            39.7501536
          ],
          [
            30.4685336,
            39.7497499
          ],
          [
            30.4684142,
            39.7495282
          ],
          [
            30.4681917,
            39.7491977
          ],
          [
            30.4680124,
            39.7489737
          ],
          [
            30.4678217,
            39.7487854
          ],
          [
            30.467625,
            39.7485916
          ],
          [
            30.4671119,
            39.7482325
          ],
          [
            30.4668289,
            39.7480788
          ],
          [
            30.4664212,
            39.7478687
          ],
          [
            30.4657335,
            39.7475705
          ],
          [
            30.4649102,
            39.7471984
          ],
          [
            30.4625402,
            39.7461533
          ],
          [
            30.4617845,
            39.7458237
          ],
          [
            30.4610037,
            39.745506
          ],
          [
            30.460537,
            39.7453282
          ],
          [
            30.4598749,
            39.7451149
          ],
          [
            30.4593475,
            39.7449736
          ],
          [
            30.4581799,
            39.7447227
          ],
          [
            30.4566241,
            39.7444194
          ],
          [
            30.4461845,
            39.7422529
          ]
        ]
      },
      "id": "way/181551099"
    },
    {
      "type": "Feature",
      "properties": {
        "@id": "way/202872298",
        "electrified": "contact_line",
        "frequency": "50",
        "gauge": "1435",
        "highspeed": "yes",
        "layer": "-1",
        "maxspeed": "250",
        "name": "Ankara - İstanbul yüksek hızlı demiryolu",
        "name:en": "Ankara - İstanbul high-speed railway",
        "operator": "TCDD",
        "passenger_lines": "1",
        "railway": "rail",
        "railway:etcs": "1",
        "tunnel": "yes",
        "usage": "main",
        "voltage": "25000",
        "wikidata": "Q513146",
        "wikipedia": "en:Ankara–Istanbul high-speed railway"
      },
      "geometry": {
        "type": "LineString",
        "coordinates": [
          [
            30.0574911,
            39.8732504
          ],
          [
            30.0630904,
            39.8707801
          ],
          [
            30.0990109,
            39.8544641
          ]
        ]
      },
      "id": "way/202872298"
    },
    {
      "type": "Feature",
      "properties": {
        "@id": "way/218465923",
        "electrified": "contact_line",
        "frequency": "50",
        "gauge": "1435",
        "highspeed": "yes",
        "maxspeed": "250",
        "name": "Ankara - İstanbul yüksek hızlı demiryolu",
        "name:en": "Ankara - İstanbul high-speed railway",
        "operator": "TCDD",
        "passenger_lines": "1",
        "railway": "rail",
        "railway:etcs": "1",
        "usage": "main",
        "voltage": "25000",
        "wikidata": "Q513146",
        "wikipedia": "en:Ankara–Istanbul high-speed railway"
      },
      "geometry": {
        "type": "LineString",
        "coordinates": [
          [
            30.4033212,
            39.7877561
          ],
          [
            30.4014198,
            39.7888436
          ],
          [
            30.399535,
            39.7898543
          ],
          [
            30.397471,
            39.7908712
          ],
          [
            30.3949197,
            39.791951
          ],
          [
            30.3924311,
            39.7929
          ],
          [
            30.3898055,
            39.7938763
          ],
          [
            30.3873295,
            39.7946927
          ],
          [
            30.3793484,
            39.7972678
          ],
          [
            30.3719389,
            39.7997021
          ],
          [
            30.3681277,
            39.800829
          ],
          [
            30.3646146,
            39.801769
          ],
          [
            30.3625315,
            39.8022608
          ],
          [
            30.3592078,
            39.8031022
          ],
          [
            30.3567413,
            39.8037238
          ],
          [
            30.3551288,
            39.8041813
          ],
          [
            30.3530411,
            39.8048349
          ],
          [
            30.3512174,
            39.8054544
          ],
          [
            30.3490527,
            39.8062859
          ],
          [
            30.3453964,
            39.8077351
          ],
          [
            30.340824,
            39.809571
          ],
          [
            30.3063387,
            39.8233222
          ],
          [
            30.3047428,
            39.8239093
          ],
          [
            30.3034097,
            39.8243625
          ],
          [
            30.302479,
            39.824655
          ],
          [
            30.3018418,
            39.8248348
          ],
          [
            30.3009382,
            39.8250764
          ],
          [
            30.2999396,
            39.8253341
          ],
          [
            30.2992546,
            39.8254909
          ],
          [
            30.2984141,
            39.8256765
          ],
          [
            30.2972049,
            39.8259103
          ],
          [
            30.2961019,
            39.8261044
          ],
          [
            30.2946331,
            39.8263284
          ],
          [
            30.2931944,
            39.8265029
          ],
          [
            30.2821844,
            39.8275739
          ],
          [
            30.2614233,
            39.829514
          ],
          [
            30.2442194,
            39.8311393
          ],
          [
            30.2432323,
            39.8312415
          ],
          [
            30.2419512,
            39.8313873
          ],
          [
            30.240828,
            39.8315324
          ],
          [
            30.2399724,
            39.8316633
          ],
          [
            30.2389093,
            39.8318403
          ],
          [
            30.2377495,
            39.8320646
          ],
          [
            30.2369249,
            39.8322332
          ],
          [
            30.2356792,
            39.8325036
          ],
          [
            30.2337226,
            39.8329852
          ],
          [
            30.2294139,
            39.8341071
          ],
          [
            30.220827,
            39.8362911
          ],
          [
            30.2195101,
            39.8365859
          ],
          [
            30.2183552,
            39.8368301
          ],
          [
            30.2173815,
            39.837018
          ],
          [
            30.2160734,
            39.8372414
          ],
          [
            30.2144879,
            39.8374684
          ],
          [
            30.2125485,
            39.837692
          ],
          [
            30.2051884,
            39.8383651
          ],
          [
            30.18162,
            39.8404726
          ],
          [
            30.1741353,
            39.841144
          ],
          [
            30.1671682,
            39.8417699
          ],
          [
            30.1494964,
            39.8433595
          ]
        ]
      },
      "id": "way/218465923"
    },
    {
      "type": "Feature",
      "properties": {
        "@id": "way/218465928",
        "electrified": "contact_line",
        "frequency": "50",
        "gauge": "1435",
        "highspeed": "yes",
        "layer": "-1",
        "maxspeed": "250",
        "name": "Ankara - İstanbul yüksek hızlı demiryolu",
        "name:en": "Ankara - İstanbul high-speed railway",
        "operator": "TCDD",
        "passenger_lines": "1",
        "railway": "rail",
        "railway:etcs": "1",
        "tunnel": "yes",
        "usage": "main",
        "voltage": "25000",
        "wikidata": "Q513146",
        "wikipedia": "en:Ankara–Istanbul high-speed railway"
      },
      "geometry": {
        "type": "LineString",
        "coordinates": [
          [
            30.0990464,
            39.8545067
          ],
          [
            30.0865566,
            39.8601924
          ],
          [
            30.0632092,
            39.8708079
          ],
          [
            30.0575198,
            39.8732965
          ]
        ]
      },
      "id": "way/218465928"
    },
    {
      "type": "Feature",
      "properties": {
        "@id": "way/218465934",
        "electrified": "contact_line",
        "frequency": "50",
        "gauge": "1435",
        "name": "İstanbul - Ankara demiryolu",
        "operator": "TCDD",
        "railway": "rail",
        "railway:etcs": "yes",
        "source": "Bing",
        "usage": "main",
        "voltage": "25000"
      },
      "geometry": {
        "type": "LineString",
        "coordinates": [
          [
            30.4805055,
            39.7752409
          ],
          [
            30.4793342,
            39.7750333
          ],
          [
            30.4782277,
            39.7748372
          ],
          [
            30.4751942,
            39.7743166
          ],
          [
            30.4745963,
            39.7741985
          ],
          [
            30.4733327,
            39.7739698
          ],
          [
            30.4719813,
            39.7736893
          ],
          [
            30.462521,
            39.7714968
          ],
          [
            30.4612165,
            39.771226
          ],
          [
            30.4598913,
            39.7709734
          ],
          [
            30.4586892,
            39.7707548
          ],
          [
            30.4569134,
            39.7704916
          ],
          [
            30.455903,
            39.770366
          ],
          [
            30.4541115,
            39.7702003
          ],
          [
            30.4528294,
            39.7701039
          ],
          [
            30.4510011,
            39.7700227
          ],
          [
            30.4488337,
            39.7699764
          ],
          [
            30.446669,
            39.7700381
          ],
          [
            30.4458041,
            39.7700856
          ],
          [
            30.4443881,
            39.7701645
          ],
          [
            30.4429758,
            39.7703063
          ],
          [
            30.4415788,
            39.7704655
          ],
          [
            30.4399459,
            39.7706966
          ],
          [
            30.4382873,
            39.77098
          ],
          [
            30.4369085,
            39.771262
          ],
          [
            30.4349873,
            39.7716875
          ],
          [
            30.4333708,
            39.7721184
          ],
          [
            30.4317773,
            39.7725698
          ],
          [
            30.4301155,
            39.773113
          ],
          [
            30.4281905,
            39.7738121
          ],
          [
            30.4268691,
            39.7743572
          ],
          [
            30.425573,
            39.7749157
          ],
          [
            30.4235433,
            39.775862
          ],
          [
            30.4224541,
            39.7764208
          ],
          [
            30.4211482,
            39.7771
          ],
          [
            30.4204546,
            39.7774653
          ],
          [
            30.4196633,
            39.7778884
          ],
          [
            30.4184409,
            39.7784971
          ],
          [
            30.4174381,
            39.7790155
          ],
          [
            30.4168164,
            39.7793253
          ],
          [
            30.4161165,
            39.7795922
          ],
          [
            30.4150987,
            39.7798991
          ],
          [
            30.4146222,
            39.7800095
          ],
          [
            30.4140972,
            39.78011
          ]
        ]
      },
      "id": "way/218465934"
    },
    {
      "type": "Feature",
      "properties": {
        "@id": "way/218465939",
        "electrified": "contact_line",
        "frequency": "50",
        "gauge": "1435",
        "highspeed": "yes",
        "maxspeed": "250",
        "name": "Ankara - İstanbul yüksek hızlı demiryolu",
        "name:en": "Ankara - İstanbul high-speed railway",
        "operator": "TCDD",
        "passenger_lines": "1",
        "railway": "rail",
        "railway:etcs": "1",
        "usage": "main",
        "voltage": "25000",
        "wikidata": "Q513146",
        "wikipedia": "en:Ankara–Istanbul high-speed railway"
      },
      "geometry": {
        "type": "LineString",
        "coordinates": [
          [
            30.0575198,
            39.8732965
          ],
          [
            30.0545276,
            39.8747674
          ],
          [
            30.0468457,
            39.8785079
          ],
          [
            30.0427164,
            39.8805313
          ],
          [
            30.0385458,
            39.8825521
          ]
        ]
      },
      "id": "way/218465939"
    },
    {
      "type": "Feature",
      "properties": {
        "@id": "way/219397371",
        "electrified": "contact_line",
        "frequency": "50",
        "gauge": "1435",
        "name": "İstanbul - Ankara demiryolu",
        "operator": "TCDD",
        "railway": "rail",
        "railway:etcs": "yes",
        "usage": "main",
        "voltage": "25000"
      },
      "geometry": {
        "type": "LineString",
        "coordinates": [
          [
            29.9914073,
            40.0870057
          ],
          [
            29.9916414,
            40.0870874
          ],
          [
            29.9919596,
            40.0872636
          ]
        ]
      },
      "id": "way/219397371"
    },
    {
      "type": "Feature",
      "properties": {
        "@id": "way/219397372",
        "bridge": "yes",
        "electrified": "contact_line",
        "frequency": "50",
        "gauge": "1435",
        "layer": "1",
        "operator": "TCDD",
        "railway": "rail",
        "railway:etcs": "yes",
        "usage": "main",
        "voltage": "25000"
      },
      "geometry": {
        "type": "LineString",
        "coordinates": [
          [
            29.991208,
            40.086935
          ],
          [
            29.9914073,
            40.0870057
          ]
        ]
      },
      "id": "way/219397372"
    },
    {
      "type": "Feature",
      "properties": {
        "@id": "way/219397374",
        "electrified": "contact_line",
        "frequency": "50",
        "gauge": "1435",
        "layer": "-1",
        "operator": "TCDD",
        "railway": "rail",
        "railway:etcs": "yes",
        "tunnel": "yes",
        "usage": "main",
        "voltage": "25000"
      },
      "geometry": {
        "type": "LineString",
        "coordinates": [
          [
            29.9919596,
            40.0872636
          ],
          [
            29.9924103,
            40.0875828
          ]
        ]
      },
      "id": "way/219397374"
    },
    {
      "type": "Feature",
      "properties": {
        "@id": "way/219397375",
        "bridge": "yes",
        "electrified": "contact_line",
        "frequency": "50",
        "gauge": "1435",
        "layer": "1",
        "name": "İstanbul - Ankara demiryolu",
        "operator": "TCDD",
        "railway": "rail",
        "railway:etcs": "yes",
        "usage": "main",
        "voltage": "25000"
      },
      "geometry": {
        "type": "LineString",
        "coordinates": [
          [
            29.9869037,
            40.0880522
          ],
          [
            29.9871039,
            40.0878278
          ],
          [
            29.987308,
            40.0876202
          ],
          [
            29.9875942,
            40.0873908
          ],
          [
            29.9878087,
            40.0872331
          ],
          [
            29.9881861,
            40.0870586
          ],
          [
            29.9884815,
            40.0869418
          ]
        ]
      },
      "id": "way/219397375"
    },
    {
      "type": "Feature",
      "properties": {
        "@id": "way/219397376",
        "electrified": "contact_line",
        "frequency": "50",
        "gauge": "1435",
        "name": "İstanbul - Ankara demiryolu",
        "operator": "TCDD",
        "railway": "rail",
        "railway:etcs": "yes",
        "usage": "main",
        "voltage": "25000"
      },
      "geometry": {
        "type": "LineString",
        "coordinates": [
          [
            29.9884815,
            40.0869418
          ],
          [
            29.9888176,
            40.0868389
          ],
          [
            29.9891926,
            40.0867631
          ],
          [
            29.9895753,
            40.0867308
          ],
          [
            29.9898579,
            40.0867234
          ],
          [
            29.9900703,
            40.0867312
          ],
          [
            29.9903736,
            40.0867533
          ],
          [
            29.9908164,
            40.086822
          ],
          [
            29.991208,
            40.086935
          ]
        ]
      },
      "id": "way/219397376"
    },
    {
      "type": "Feature",
      "properties": {
        "@id": "way/233517543",
        "electrified": "contact_line",
        "frequency": "50",
        "gauge": "1435",
        "name": "İstanbul - Ankara demiryolu",
        "operator": "TCDD",
        "railway": "rail",
        "railway:etcs": "yes",
        "usage": "main",
        "voltage": "25000"
      },
      "geometry": {
        "type": "LineString",
        "coordinates": [
          [
            30.1377404,
            39.8441344
          ],
          [
            30.1382515,
            39.8441312
          ],
          [
            30.1521385,
            39.8428822
          ],
          [
            30.1525197,
            39.8428496
          ],
          [
            30.2137648,
            39.83736
          ],
          [
            30.2144058,
            39.8372959
          ],
          [
            30.2150603,
            39.8372053
          ],
          [
            30.2157255,
            39.83709
          ],
          [
            30.2164738,
            39.8369396
          ],
          [
            30.2171953,
            39.8367728
          ],
          [
            30.217941,
            39.8365627
          ],
          [
            30.2186617,
            39.8363377
          ],
          [
            30.2194342,
            39.8360596
          ],
          [
            30.2267447,
            39.8332633
          ],
          [
            30.2274226,
            39.8330222
          ],
          [
            30.2282299,
            39.8327729
          ],
          [
            30.2290131,
            39.832567
          ],
          [
            30.2299385,
            39.832361
          ],
          [
            30.2306557,
            39.8322262
          ],
          [
            30.2314907,
            39.8321112
          ],
          [
            30.2323713,
            39.8320129
          ],
          [
            30.2822173,
            39.8273536
          ],
          [
            30.2946717,
            39.8261535
          ],
          [
            30.2957664,
            39.8260135
          ],
          [
            30.2968673,
            39.8258451
          ],
          [
            30.2977611,
            39.825668
          ],
          [
            30.2985522,
            39.8254979
          ],
          [
            30.2990086,
            39.8253938
          ],
          [
            30.3000303,
            39.8251691
          ],
          [
            30.3006931,
            39.825017
          ],
          [
            30.3015116,
            39.8248051
          ],
          [
            30.3021105,
            39.8246338
          ],
          [
            30.3026819,
            39.8244628
          ],
          [
            30.3032111,
            39.8242981
          ],
          [
            30.3037501,
            39.8241228
          ],
          [
            30.3042085,
            39.8239487
          ],
          [
            30.3140273,
            39.820044
          ],
          [
            30.3149103,
            39.8196919
          ],
          [
            30.3153776,
            39.8195056
          ],
          [
            30.343796,
            39.8082069
          ],
          [
            30.3444012,
            39.8079393
          ],
          [
            30.3451167,
            39.8076013
          ],
          [
            30.3459322,
            39.8072094
          ],
          [
            30.3541509,
            39.8029665
          ],
          [
            30.3546701,
            39.8027182
          ],
          [
            30.3549927,
            39.8025794
          ],
          [
            30.3552846,
            39.8024659
          ],
          [
            30.3558712,
            39.8022566
          ],
          [
            30.3564778,
            39.8020633
          ],
          [
            30.3572074,
            39.8018764
          ],
          [
            30.3577502,
            39.8017596
          ],
          [
            30.3582194,
            39.8016765
          ],
          [
            30.3589793,
            39.8015712
          ],
          [
            30.3646405,
            39.8011533
          ],
          [
            30.3653445,
            39.8011
          ],
          [
            30.3659476,
            39.8010251
          ],
          [
            30.366379,
            39.8009594
          ],
          [
            30.366817,
            39.8008768
          ],
          [
            30.3672585,
            39.8007847
          ],
          [
            30.3678353,
            39.8006446
          ],
          [
            30.3684025,
            39.8004718
          ],
          [
            30.3688494,
            39.8003114
          ],
          [
            30.369457,
            39.8000838
          ],
          [
            30.3700913,
            39.7997928
          ],
          [
            30.370583,
            39.7995571
          ],
          [
            30.3797222,
            39.7949726
          ],
          [
            30.3806774,
            39.7944687
          ],
          [
            30.3812693,
            39.7941053
          ],
          [
            30.3817093,
            39.7937984
          ],
          [
            30.3821309,
            39.7934659
          ],
          [
            30.3825278,
            39.7931202
          ],
          [
            30.3828928,
            39.7927911
          ],
          [
            30.3832599,
            39.7923988
          ],
          [
            30.3835899,
            39.7920093
          ],
          [
            30.3838938,
            39.7916134
          ],
          [
            30.3843447,
            39.7908746
          ],
          [
            30.3850336,
            39.7895035
          ],
          [
            30.3853028,
            39.7889758
          ],
          [
            30.3855105,
            39.7886313
          ],
          [
            30.3857868,
            39.7882184
          ],
          [
            30.3860974,
            39.787814
          ],
          [
            30.3863495,
            39.7875106
          ],
          [
            30.3867022,
            39.7871332
          ],
          [
            30.3874882,
            39.7863953
          ],
          [
            30.3877897,
            39.7861538
          ],
          [
            30.3881015,
            39.7859292
          ],
          [
            30.3884061,
            39.7857152
          ],
          [
            30.3888787,
            39.7854182
          ],
          [
            30.3894974,
            39.7850861
          ],
          [
            30.3898722,
            39.7848956
          ],
          [
            30.3904408,
            39.7846482
          ],
          [
            30.3906803,
            39.7845467
          ],
          [
            30.3910085,
            39.7844221
          ],
          [
            30.3915756,
            39.7842295
          ],
          [
            30.392179,
            39.7840609
          ],
          [
            30.3930862,
            39.7838469
          ],
          [
            30.395366,
            39.7834431
          ],
          [
            30.4066243,
            39.7814492
          ],
          [
            30.4070454,
            39.7813317
          ]
        ]
      },
      "id": "way/233517543"
    },
    {
      "type": "Feature",
      "properties": {
        "@id": "way/233518973",
        "electrified": "contact_line",
        "frequency": "50",
        "gauge": "1435",
        "name": "İstanbul - Ankara demiryolu",
        "operator": "TCDD",
        "railway": "rail",
        "railway:etcs": "yes",
        "usage": "main",
        "voltage": "25000"
      },
      "geometry": {
        "type": "LineString",
        "coordinates": [
          [
            30.4140972,
            39.78011
          ],
          [
            30.4070454,
            39.7813317
          ],
          [
            30.3946195,
            39.7835404
          ],
          [
            30.3930747,
            39.783815
          ],
          [
            30.3921824,
            39.7840234
          ],
          [
            30.3915601,
            39.7841987
          ],
          [
            30.3909692,
            39.7844001
          ],
          [
            30.3906699,
            39.7845152
          ],
          [
            30.390418,
            39.7846147
          ],
          [
            30.3898576,
            39.7848692
          ],
          [
            30.3894739,
            39.7850565
          ],
          [
            30.3888516,
            39.7853909
          ],
          [
            30.3883641,
            39.7856936
          ],
          [
            30.3880643,
            39.7859135
          ],
          [
            30.3877663,
            39.7861183
          ],
          [
            30.3874341,
            39.7863869
          ],
          [
            30.3866624,
            39.7871151
          ],
          [
            30.3863091,
            39.787487
          ],
          [
            30.3860605,
            39.7877805
          ],
          [
            30.3857419,
            39.7882027
          ],
          [
            30.3854801,
            39.7886059
          ],
          [
            30.3852713,
            39.7889518
          ],
          [
            30.3849821,
            39.7895046
          ],
          [
            30.3843033,
            39.7908605
          ],
          [
            30.3838505,
            39.7915915
          ],
          [
            30.3835477,
            39.791993
          ],
          [
            30.3832129,
            39.7923843
          ],
          [
            30.3828574,
            39.7927633
          ],
          [
            30.3824976,
            39.7930869
          ],
          [
            30.3821122,
            39.7934339
          ],
          [
            30.3816822,
            39.7937641
          ],
          [
            30.3812336,
            39.7940865
          ],
          [
            30.3806217,
            39.7944501
          ],
          [
            30.3797037,
            39.7949445
          ],
          [
            30.3705545,
            39.7995278
          ],
          [
            30.3700637,
            39.7997673
          ],
          [
            30.3694367,
            39.8000546
          ],
          [
            30.3688443,
            39.8002775
          ],
          [
            30.368379,
            39.8004364
          ],
          [
            30.3678205,
            39.8006112
          ],
          [
            30.3672409,
            39.8007575
          ],
          [
            30.3668,
            39.800852
          ],
          [
            30.3663873,
            39.8009275
          ],
          [
            30.3659422,
            39.8009945
          ],
          [
            30.3653392,
            39.801064
          ],
          [
            30.3646356,
            39.8011205
          ],
          [
            30.3589745,
            39.8015401
          ],
          [
            30.3582252,
            39.8016435
          ],
          [
            30.357727,
            39.8017228
          ],
          [
            30.3571936,
            39.8018404
          ],
          [
            30.3564012,
            39.802046
          ],
          [
            30.3558497,
            39.8022216
          ],
          [
            30.3552552,
            39.8024344
          ],
          [
            30.3549771,
            39.8025431
          ],
          [
            30.3546556,
            39.8026869
          ],
          [
            30.3541311,
            39.802934
          ],
          [
            30.3459164,
            39.8071711
          ],
          [
            30.3450809,
            39.8075691
          ],
          [
            30.3443728,
            39.8079058
          ],
          [
            30.3437886,
            39.8081751
          ],
          [
            30.3153589,
            39.8194618
          ],
          [
            30.3148994,
            39.8196417
          ],
          [
            30.3140034,
            39.8200069
          ],
          [
            30.3041877,
            39.8239195
          ],
          [
            30.3037242,
            39.8240901
          ],
          [
            30.3031812,
            39.8242667
          ],
          [
            30.3026511,
            39.8244352
          ],
          [
            30.3020903,
            39.8246078
          ],
          [
            30.3015012,
            39.8247739
          ],
          [
            30.3006803,
            39.8249813
          ],
          [
            30.3000202,
            39.8251341
          ],
          [
            30.2990049,
            39.8253569
          ],
          [
            30.2979513,
            39.8255881
          ],
          [
            30.2977431,
            39.8256337
          ],
          [
            30.2968715,
            39.8257945
          ],
          [
            30.2957616,
            39.8259689
          ],
          [
            30.2946886,
            39.8261102
          ],
          [
            30.2822109,
            39.827314
          ],
          [
            30.2315193,
            39.8320584
          ],
          [
            30.2306796,
            39.8321778
          ],
          [
            30.2298928,
            39.8323314
          ],
          [
            30.2291153,
            39.8325051
          ],
          [
            30.2282318,
            39.832741
          ],
          [
            30.2274151,
            39.8329914
          ],
          [
            30.2267245,
            39.8332277
          ],
          [
            30.2194059,
            39.8360298
          ],
          [
            30.2186375,
            39.8362964
          ],
          [
            30.2178946,
            39.8365333
          ],
          [
            30.2171758,
            39.8367362
          ],
          [
            30.216446,
            39.8369065
          ],
          [
            30.2157114,
            39.837057
          ],
          [
            30.2150534,
            39.8371736
          ],
          [
            30.2144039,
            39.8372561
          ],
          [
            30.2137856,
            39.837317
          ],
          [
            30.1941479,
            39.839075
          ],
          [
            30.1525055,
            39.8428147
          ],
          [
            30.1521367,
            39.8428409
          ],
          [
            30.1512597,
            39.8429164
          ],
          [
            30.1377404,
            39.8441344
          ],
          [
            30.1371701,
            39.8441842
          ],
          [
            30.1359095,
            39.844295
          ],
          [
            30.1310801,
            39.8447195
          ],
          [
            30.1298758,
            39.844856
          ],
          [
            30.1293796,
            39.8449293
          ],
          [
            30.1289977,
            39.8449958
          ],
          [
            30.1283799,
            39.8451373
          ],
          [
            30.1280228,
            39.8452278
          ],
          [
            30.1271467,
            39.8454917
          ],
          [
            30.1269188,
            39.8455714
          ],
          [
            30.1265533,
            39.8457208
          ],
          [
            30.1258397,
            39.846042
          ],
          [
            30.1251776,
            39.8463716
          ],
          [
            30.1243432,
            39.8468622
          ],
          [
            30.1234374,
            39.847521
          ],
          [
            30.1087228,
            39.858815
          ],
          [
            30.1083566,
            39.8591214
          ],
          [
            30.1080533,
            39.8594203
          ],
          [
            30.107736,
            39.8597318
          ],
          [
            30.1074321,
            39.8600709
          ],
          [
            30.1068873,
            39.8607514
          ],
          [
            30.1064622,
            39.8614405
          ],
          [
            30.1062936,
            39.861764
          ],
          [
            30.1061071,
            39.8621522
          ],
          [
            30.1058204,
            39.8629051
          ],
          [
            30.1055873,
            39.8637653
          ],
          [
            30.1054281,
            39.8648097
          ],
          [
            30.104812,
            39.8692325
          ],
          [
            30.1044313,
            39.8719654
          ],
          [
            30.1044113,
            39.8721093
          ],
          [
            30.1043006,
            39.8727822
          ],
          [
            30.1041968,
            39.8732932
          ],
          [
            30.1041389,
            39.873578
          ],
          [
            30.1039384,
            39.8742216
          ],
          [
            30.1037432,
            39.8746908
          ],
          [
            30.1028688,
            39.8767071
          ],
          [
            30.1026352,
            39.8773711
          ],
          [
            30.1025359,
            39.87778
          ],
          [
            30.10243,
            39.8783325
          ],
          [
            30.102109,
            39.8803433
          ],
          [
            30.1018126,
            39.881436
          ],
          [
            30.1016244,
            39.8819243
          ],
          [
            30.1014211,
            39.8823394
          ],
          [
            30.1011164,
            39.8829203
          ],
          [
            30.100795,
            39.8834484
          ],
          [
            30.0984154,
            39.887249
          ],
          [
            30.0979316,
            39.8879252
          ],
          [
            30.0976315,
            39.8882973
          ],
          [
            30.0969207,
            39.889022
          ],
          [
            30.0961502,
            39.889649
          ],
          [
            30.0954133,
            39.8901876
          ],
          [
            30.0941981,
            39.8909077
          ],
          [
            30.0929189,
            39.8914919
          ],
          [
            30.0916594,
            39.8919214
          ],
          [
            30.0902583,
            39.8922735
          ],
          [
            30.0889624,
            39.8924718
          ],
          [
            30.0876283,
            39.8925845
          ],
          [
            30.0855868,
            39.8926706
          ],
          [
            30.0844439,
            39.892742
          ]
        ]
      },
      "id": "way/233518973"
    },
    {
      "type": "Feature",
      "properties": {
        "@id": "way/233519257",
        "electrified": "contact_line",
        "frequency": "50",
        "gauge": "1435",
        "highspeed": "yes",
        "maxspeed": "250",
        "name": "Ankara - İstanbul yüksek hızlı demiryolu",
        "name:en": "Ankara - İstanbul high-speed railway",
        "operator": "TCDD",
        "passenger_lines": "1",
        "railway": "rail",
        "railway:etcs": "1",
        "usage": "main",
        "voltage": "25000",
        "wikidata": "Q513146",
        "wikipedia": "en:Ankara–Istanbul high-speed railway"
      },
      "geometry": {
        "type": "LineString",
        "coordinates": [
          [
            30.1494978,
            39.8433104
          ],
          [
            30.1671573,
            39.8417339
          ],
          [
            30.1741254,
            39.8411042
          ],
          [
            30.1816309,
            39.8404281
          ],
          [
            30.1915812,
            39.8395357
          ],
          [
            30.2052236,
            39.8383219
          ],
          [
            30.2125101,
            39.8376488
          ],
          [
            30.2145121,
            39.837416
          ],
          [
            30.2160607,
            39.8371946
          ],
          [
            30.2173546,
            39.8369815
          ],
          [
            30.2183451,
            39.836788
          ],
          [
            30.2194787,
            39.8365527
          ],
          [
            30.2208218,
            39.8362438
          ],
          [
            30.2293898,
            39.8340677
          ],
          [
            30.2337166,
            39.8329419
          ],
          [
            30.2356854,
            39.8324547
          ],
          [
            30.2369519,
            39.8321875
          ],
          [
            30.2377451,
            39.8320226
          ],
          [
            30.2389199,
            39.8317931
          ],
          [
            30.2399763,
            39.831625
          ],
          [
            30.2408299,
            39.8314914
          ],
          [
            30.2419588,
            39.8313457
          ],
          [
            30.2432613,
            39.8311977
          ],
          [
            30.2442138,
            39.8310985
          ],
          [
            30.26143,
            39.8294682
          ],
          [
            30.2822,
            39.827523
          ],
          [
            30.2931778,
            39.8264667
          ],
          [
            30.2946152,
            39.8262889
          ],
          [
            30.2960841,
            39.8260736
          ],
          [
            30.2971939,
            39.8258754
          ],
          [
            30.2984019,
            39.8256418
          ],
          [
            30.2992414,
            39.8254565
          ],
          [
            30.2999254,
            39.8252998
          ],
          [
            30.3009232,
            39.8250424
          ],
          [
            30.3018217,
            39.8247977
          ],
          [
            30.3024763,
            39.8246097
          ],
          [
            30.3033963,
            39.8243255
          ],
          [
            30.3047213,
            39.8238764
          ],
          [
            30.3063118,
            39.8232934
          ],
          [
            30.3407691,
            39.8095211
          ],
          [
            30.3453306,
            39.8077023
          ],
          [
            30.3490009,
            39.8062463
          ],
          [
            30.3511514,
            39.8054247
          ],
          [
            30.3528849,
            39.8048382
          ],
          [
            30.3541041,
            39.8044465
          ],
          [
            30.3555533,
            39.8040091
          ],
          [
            30.357241,
            39.8035355
          ],
          [
            30.3591719,
            39.8030435
          ],
          [
            30.3625136,
            39.8022155
          ],
          [
            30.3645689,
            39.8017333
          ],
          [
            30.3680599,
            39.8007986
          ],
          [
            30.3718885,
            39.7996696
          ],
          [
            30.3793479,
            39.7972006
          ],
          [
            30.3872977,
            39.7946367
          ],
          [
            30.3897342,
            39.7938322
          ],
          [
            30.3923979,
            39.792858
          ],
          [
            30.3948535,
            39.7919141
          ],
          [
            30.3974627,
            39.790816
          ],
          [
            30.399487,
            39.7898154
          ],
          [
            30.4014047,
            39.788788
          ],
          [
            30.403267,
            39.7877158
          ]
        ]
      },
      "id": "way/233519257"
    },
    {
      "type": "Feature",
      "properties": {
        "@id": "way/233519258",
        "electrified": "contact_line",
        "embankment": "yes",
        "frequency": "50",
        "gauge": "1435",
        "highspeed": "yes",
        "maxspeed": "250",
        "name": "Ankara - İstanbul yüksek hızlı demiryolu",
        "name:en": "Ankara - İstanbul high-speed railway",
        "operator": "TCDD",
        "passenger_lines": "1",
        "railway": "rail",
        "railway:etcs": "1",
        "usage": "main",
        "voltage": "25000",
        "wikidata": "Q513146",
        "wikipedia": "en:Ankara–Istanbul high-speed railway"
      },
      "geometry": {
        "type": "LineString",
        "coordinates": [
          [
            30.1133188,
            39.8486919
          ],
          [
            30.1156465,
            39.8478482
          ],
          [
            30.1180827,
            39.8471254
          ]
        ]
      },
      "id": "way/233519258"
    },
    {
      "type": "Feature",
      "properties": {
        "@id": "way/264808575",
        "bridge": "yes",
        "electrified": "contact_line",
        "frequency": "50",
        "gauge": "1435",
        "layer": "1",
        "operator": "TCDD",
        "railway": "rail",
        "railway:etcs": "yes",
        "source": "Bing",
        "usage": "main",
        "voltage": "25000"
      },
      "geometry": {
        "type": "LineString",
        "coordinates": [
          [
            30.0068509,
            40.1695176
          ],
          [
            30.0065004,
            40.1698775
          ]
        ]
      },
      "id": "way/264808575"
    },
    {
      "type": "Feature",
      "properties": {
        "@id": "way/264808576",
        "electrified": "contact_line",
        "frequency": "50",
        "gauge": "1435",
        "name": "İstanbul - Ankara demiryolu",
        "operator": "TCDD",
        "railway": "rail",
        "railway:etcs": "yes",
        "usage": "main",
        "voltage": "25000"
      },
      "geometry": {
        "type": "LineString",
        "coordinates": [
          [
            30.0065004,
            40.1698775
          ],
          [
            30.0063135,
            40.1701213
          ],
          [
            30.0060895,
            40.1704898
          ],
          [
            30.0060193,
            40.1707667
          ],
          [
            30.00592,
            40.1711574
          ],
          [
            30.0059,
            40.1717617
          ],
          [
            30.0059711,
            40.1735821
          ],
          [
            30.0060474,
            40.1741088
          ]
        ]
      },
      "id": "way/264808576"
    },
    {
      "type": "Feature",
      "properties": {
        "@id": "way/264808577",
        "electrified": "contact_line",
        "frequency": "50",
        "gauge": "1435",
        "name": "İstanbul - Ankara demiryolu",
        "operator": "TCDD",
        "railway": "rail",
        "railway:etcs": "yes",
        "usage": "main",
        "voltage": "25000"
      },
      "geometry": {
        "type": "LineString",
        "coordinates": [
          [
            30.0061442,
            40.1744405
          ],
          [
            30.0062353,
            40.1746314
          ],
          [
            30.0064318,
            40.1749577
          ],
          [
            30.0066429,
            40.1752317
          ],
          [
            30.0068231,
            40.1754243
          ],
          [
            30.007056,
            40.1755961
          ],
          [
            30.0086523,
            40.1764159
          ],
          [
            30.008974,
            40.1766073
          ],
          [
            30.0091836,
            40.1767843
          ]
        ]
      },
      "id": "way/264808577"
    },
    {
      "type": "Feature",
      "properties": {
        "@id": "way/264808578",
        "bridge": "yes",
        "electrified": "contact_line",
        "frequency": "50",
        "gauge": "1435",
        "layer": "1",
        "operator": "TCDD",
        "railway": "rail",
        "railway:etcs": "yes",
        "source": "Bing",
        "usage": "main",
        "voltage": "25000"
      },
      "geometry": {
        "type": "LineString",
        "coordinates": [
          [
            30.0060474,
            40.1741088
          ],
          [
            30.0061442,
            40.1744405
          ]
        ]
      },
      "id": "way/264808578"
    },
    {
      "type": "Feature",
      "properties": {
        "@id": "way/264811556",
        "bridge": "yes",
        "electrified": "contact_line",
        "frequency": "50",
        "gauge": "1435",
        "layer": "1",
        "operator": "TCDD",
        "railway": "rail",
        "railway:etcs": "yes",
        "source": "Bing",
        "usage": "main",
        "voltage": "25000"
      },
      "geometry": {
        "type": "LineString",
        "coordinates": [
          [
            30.0095405,
            40.1581332
          ],
          [
            30.0096269,
            40.1582348
          ]
        ]
      },
      "id": "way/264811556"
    },
    {
      "type": "Feature",
      "properties": {
        "@id": "way/264811557",
        "electrified": "contact_line",
        "frequency": "50",
        "gauge": "1435",
        "name": "İstanbul - Ankara demiryolu",
        "operator": "TCDD",
        "railway": "rail",
        "railway:etcs": "yes",
        "usage": "main",
        "voltage": "25000"
      },
      "geometry": {
        "type": "LineString",
        "coordinates": [
          [
            30.0096269,
            40.1582348
          ],
          [
            30.0099773,
            40.1585921
          ],
          [
            30.0103589,
            40.1588601
          ],
          [
            30.0107608,
            40.1590912
          ],
          [
            30.0112768,
            40.1593361
          ],
          [
            30.011928,
            40.159612
          ],
          [
            30.0123704,
            40.1597554
          ],
          [
            30.0127137,
            40.1598203
          ],
          [
            30.0131066,
            40.1598554
          ],
          [
            30.0134038,
            40.1598717
          ],
          [
            30.0137118,
            40.1598635
          ],
          [
            30.0141365,
            40.1598203
          ],
          [
            30.0144231,
            40.1597851
          ],
          [
            30.0149777,
            40.1596921
          ],
          [
            30.0156576,
            40.159599
          ],
          [
            30.0164249,
            40.1595649
          ]
        ]
      },
      "id": "way/264811557"
    },
    {
      "type": "Feature",
      "properties": {
        "@id": "way/264812765",
        "electrified": "contact_line",
        "frequency": "50",
        "gauge": "1435",
        "name": "İstanbul - Ankara demiryolu",
        "operator": "TCDD",
        "railway": "rail",
        "railway:etcs": "yes",
        "source": "bing",
        "usage": "main",
        "voltage": "25000"
      },
      "geometry": {
        "type": "LineString",
        "coordinates": [
          [
            30.0091377,
            40.0834688
          ],
          [
            30.0092335,
            40.0832129
          ]
        ]
      },
      "id": "way/264812765"
    },
    {
      "type": "Feature",
      "properties": {
        "@id": "way/264812766",
        "description": "snow shed",
        "electrified": "contact_line",
        "frequency": "50",
        "gauge": "1435",
        "layer": "-1",
        "operator": "TCDD",
        "railway": "rail",
        "railway:etcs": "yes",
        "source": "Bing",
        "tunnel": "yes",
        "usage": "main",
        "voltage": "25000"
      },
      "geometry": {
        "type": "LineString",
        "coordinates": [
          [
            30.0090272,
            40.0840795
          ],
          [
            30.0091377,
            40.0834688
          ]
        ]
      },
      "id": "way/264812766"
    },
    {
      "type": "Feature",
      "properties": {
        "@id": "way/264815857",
        "electrified": "contact_line",
        "frequency": "50",
        "gauge": "1435",
        "name": "İstanbul - Ankara demiryolu",
        "operator": "TCDD",
        "railway": "rail",
        "railway:etcs": "yes",
        "source": "bing",
        "usage": "main",
        "voltage": "25000"
      },
      "geometry": {
        "type": "LineString",
        "coordinates": [
          [
            30.0205961,
            40.0550169
          ],
          [
            30.0205567,
            40.0548225
          ]
        ]
      },
      "id": "way/264815857"
    },
    {
      "type": "Feature",
      "properties": {
        "@id": "way/264815858",
        "cutting": "yes",
        "electrified": "contact_line",
        "frequency": "50",
        "gauge": "1435",
        "name": "İstanbul - Ankara demiryolu",
        "operator": "TCDD",
        "railway": "rail",
        "railway:etcs": "yes",
        "source": "bing",
        "usage": "main",
        "voltage": "25000"
      },
      "geometry": {
        "type": "LineString",
        "coordinates": [
          [
            30.0205567,
            40.0548225
          ],
          [
            30.0204938,
            40.054587
          ]
        ]
      },
      "id": "way/264815858"
    },
    {
      "type": "Feature",
      "properties": {
        "@id": "way/264815860",
        "cutting": "yes",
        "electrified": "contact_line",
        "frequency": "50",
        "gauge": "1435",
        "name": "İstanbul - Ankara demiryolu",
        "operator": "TCDD",
        "railway": "rail",
        "railway:etcs": "yes",
        "source": "bing",
        "usage": "main",
        "voltage": "25000"
      },
      "geometry": {
        "type": "LineString",
        "coordinates": [
          [
            30.0196414,
            40.052224
          ],
          [
            30.0193853,
            40.0516512
          ]
        ]
      },
      "id": "way/264815860"
    },
    {
      "type": "Feature",
      "properties": {
        "@id": "way/264815960",
        "cutting": "yes",
        "electrified": "contact_line",
        "frequency": "50",
        "gauge": "1435",
        "name": "İstanbul - Ankara demiryolu",
        "operator": "TCDD",
        "railway": "rail",
        "railway:etcs": "yes",
        "source": "Bing",
        "usage": "main",
        "voltage": "25000"
      },
      "geometry": {
        "type": "LineString",
        "coordinates": [
          [
            30.0179865,
            40.0485148
          ],
          [
            30.0176396,
            40.0481419
          ]
        ]
      },
      "id": "way/264815960"
    },
    {
      "type": "Feature",
      "properties": {
        "@id": "way/264815961",
        "electrified": "contact_line",
        "frequency": "50",
        "gauge": "1435",
        "layer": "-1",
        "name": "İstanbul - Ankara demiryolu",
        "operator": "TCDD",
        "railway": "rail",
        "railway:etcs": "yes",
        "source": "Bing",
        "tunnel": "yes",
        "usage": "main",
        "voltage": "25000"
      },
      "geometry": {
        "type": "LineString",
        "coordinates": [
          [
            30.0186123,
            40.0493444
          ],
          [
            30.0184902,
            40.0491217
          ],
          [
            30.018246,
            40.0488001
          ],
          [
            30.0179865,
            40.0485148
          ]
        ]
      },
      "id": "way/264815961"
    },
    {
      "type": "Feature",
      "properties": {
        "@id": "way/264816593",
        "electrified": "contact_line",
        "frequency": "50",
        "gauge": "1435",
        "name": "İstanbul - Ankara demiryolu",
        "operator": "TCDD",
        "railway": "rail",
        "railway:etcs": "yes",
        "usage": "main",
        "voltage": "25000"
      },
      "geometry": {
        "type": "LineString",
        "coordinates": [
          [
            30.0190291,
            40.0404789
          ],
          [
            30.018942,
            40.0398129
          ],
          [
            30.0188751,
            40.0391242
          ],
          [
            30.0188748,
            40.0387909
          ],
          [
            30.0189417,
            40.0383342
          ],
          [
            30.0191992,
            40.0375325
          ],
          [
            30.0194138,
            40.0368884
          ],
          [
            30.0195207,
            40.0366344
          ],
          [
            30.0197051,
            40.0363223
          ],
          [
            30.0198979,
            40.0360824
          ],
          [
            30.0215772,
            40.0342923
          ],
          [
            30.0218233,
            40.0340489
          ],
          [
            30.0220815,
            40.0338415
          ],
          [
            30.0223466,
            40.0336515
          ],
          [
            30.0236583,
            40.0328717
          ],
          [
            30.0239988,
            40.0326431
          ],
          [
            30.0242118,
            40.0324854
          ],
          [
            30.0244412,
            40.0322694
          ],
          [
            30.0246109,
            40.0321012
          ],
          [
            30.0248204,
            40.0318251
          ],
          [
            30.0249581,
            40.03161
          ],
          [
            30.025083,
            40.0313654
          ],
          [
            30.0251685,
            40.0311387
          ],
          [
            30.0252435,
            40.0309056
          ],
          [
            30.0252844,
            40.0306595
          ],
          [
            30.025382,
            40.0299384
          ],
          [
            30.0254269,
            40.0296241
          ],
          [
            30.0254659,
            40.0294232
          ],
          [
            30.0265358,
            40.0247535
          ]
        ]
      },
      "id": "way/264816593"
    },
    {
      "type": "Feature",
      "properties": {
        "@id": "way/264816650",
        "bridge": "yes",
        "electrified": "contact_line",
        "frequency": "50",
        "gauge": "1435",
        "layer": "1",
        "operator": "TCDD",
        "railway": "rail",
        "railway:etcs": "yes",
        "usage": "main",
        "voltage": "25000"
      },
      "geometry": {
        "type": "LineString",
        "coordinates": [
          [
            30.0265358,
            40.0247535
          ],
          [
            30.0265889,
            40.0245105
          ]
        ]
      },
      "id": "way/264816650"
    },
    {
      "type": "Feature",
      "properties": {
        "@id": "way/264816888",
        "electrified": "contact_line",
        "frequency": "50",
        "gauge": "1435",
        "name": "İstanbul - Ankara demiryolu",
        "operator": "TCDD",
        "railway": "rail",
        "railway:etcs": "yes",
        "usage": "main",
        "voltage": "25000"
      },
      "geometry": {
        "type": "LineString",
        "coordinates": [
          [
            30.0171761,
            40.0451827
          ],
          [
            30.0172422,
            40.0443335
          ],
          [
            30.0173092,
            40.0438623
          ],
          [
            30.0173538,
            40.0437115
          ],
          [
            30.0174877,
            40.0433664
          ],
          [
            30.01769,
            40.0430389
          ],
          [
            30.018116,
            40.0425841
          ],
          [
            30.0184144,
            40.0422568
          ],
          [
            30.0185987,
            40.0420327
          ],
          [
            30.0187831,
            40.041736
          ],
          [
            30.0188648,
            40.0415672
          ],
          [
            30.0189705,
            40.0412676
          ],
          [
            30.01901,
            40.0410938
          ],
          [
            30.019047,
            40.0407674
          ],
          [
            30.0190291,
            40.0404789
          ]
        ]
      },
      "id": "way/264816888"
    },
    {
      "type": "Feature",
      "properties": {
        "@id": "way/264816889",
        "electrified": "contact_line",
        "frequency": "50",
        "gauge": "1435",
        "layer": "-1",
        "name": "İstanbul - Ankara demiryolu",
        "operator": "TCDD",
        "railway": "rail",
        "railway:etcs": "yes",
        "source": "Bing",
        "tunnel": "yes",
        "usage": "main",
        "voltage": "25000"
      },
      "geometry": {
        "type": "LineString",
        "coordinates": [
          [
            30.0170967,
            40.0465308
          ],
          [
            30.0171761,
            40.0451827
          ]
        ]
      },
      "id": "way/264816889"
    },
    {
      "type": "Feature",
      "properties": {
        "@id": "way/264816890",
        "cutting": "yes",
        "electrified": "contact_line",
        "frequency": "50",
        "gauge": "1435",
        "name": "İstanbul - Ankara demiryolu",
        "operator": "TCDD",
        "railway": "rail",
        "railway:etcs": "yes",
        "source": "Bing",
        "usage": "main",
        "voltage": "25000"
      },
      "geometry": {
        "type": "LineString",
        "coordinates": [
          [
            30.0187769,
            40.0498907
          ],
          [
            30.0186123,
            40.0493444
          ]
        ]
      },
      "id": "way/264816890"
    },
    {
      "type": "Feature",
      "properties": {
        "@id": "way/264816957",
        "electrified": "contact_line",
        "frequency": "50",
        "gauge": "1435",
        "name": "İstanbul - Ankara demiryolu",
        "operator": "TCDD",
        "railway": "rail",
        "railway:etcs": "yes",
        "usage": "main",
        "voltage": "25000"
      },
      "geometry": {
        "type": "LineString",
        "coordinates": [
          [
            30.0176396,
            40.0481419
          ],
          [
            30.017545,
            40.0480153
          ],
          [
            30.0174242,
            40.047829
          ],
          [
            30.0172669,
            40.0474994
          ],
          [
            30.0171295,
            40.0470748
          ],
          [
            30.0170935,
            40.0468219
          ]
        ]
      },
      "id": "way/264816957"
    },
    {
      "type": "Feature",
      "properties": {
        "@id": "way/264816978",
        "cutting": "yes",
        "electrified": "contact_line",
        "frequency": "50",
        "gauge": "1435",
        "name": "İstanbul - Ankara demiryolu",
        "operator": "TCDD",
        "railway": "rail",
        "railway:etcs": "yes",
        "source": "Bing",
        "usage": "main",
        "voltage": "25000"
      },
      "geometry": {
        "type": "LineString",
        "coordinates": [
          [
            30.0170967,
            40.0465308
          ],
          [
            30.0170935,
            40.0468219
          ]
        ]
      },
      "id": "way/264816978"
    },
    {
      "type": "Feature",
      "properties": {
        "@id": "way/264828893",
        "electrified": "contact_line",
        "frequency": "50",
        "gauge": "1435",
        "name": "İstanbul - Ankara demiryolu",
        "operator": "TCDD",
        "railway": "rail",
        "railway:etcs": "yes",
        "source": "Bing",
        "usage": "main",
        "voltage": "25000"
      },
      "geometry": {
        "type": "LineString",
        "coordinates": [
          [
            30.0091815,
            40.0021871
          ],
          [
            30.0091305,
            40.0021212
          ],
          [
            30.0090045,
            40.0019435
          ],
          [
            30.0069706,
            39.9992025
          ],
          [
            30.006579,
            39.998703
          ],
          [
            30.006331,
            39.9983276
          ],
          [
            30.006103,
            39.9978755
          ],
          [
            30.0059413,
            39.9974077
          ],
          [
            30.0058584,
            39.9970869
          ],
          [
            30.0058,
            39.9967
          ],
          [
            30.0056682,
            39.9957575
          ],
          [
            30.0055932,
            39.9950999
          ],
          [
            30.0054723,
            39.9936462
          ],
          [
            30.005434,
            39.9932904
          ],
          [
            30.0052175,
            39.9920207
          ],
          [
            30.0050212,
            39.9908694
          ],
          [
            30.0049117,
            39.9904253
          ],
          [
            30.0046657,
            39.9898468
          ],
          [
            30.0015587,
            39.9833748
          ],
          [
            30.0011314,
            39.9825367
          ]
        ]
      },
      "id": "way/264828893"
    },
    {
      "type": "Feature",
      "properties": {
        "@id": "way/264829108",
        "bridge": "yes",
        "electrified": "contact_line",
        "frequency": "50",
        "gauge": "1435",
        "layer": "1",
        "operator": "TCDD",
        "railway": "rail",
        "railway:etcs": "yes",
        "usage": "main",
        "voltage": "25000"
      },
      "geometry": {
        "type": "LineString",
        "coordinates": [
          [
            29.9808532,
            39.9400535
          ],
          [
            29.9807915,
            39.9398744
          ]
        ]
      },
      "id": "way/264829108"
    },
    {
      "type": "Feature",
      "properties": {
        "@id": "way/264835462",
        "electrified": "contact_line",
        "frequency": "50",
        "gauge": "1435",
        "maxspeed": "65",
        "name": "İstanbul - Ankara demiryolu",
        "operator": "TCDD",
        "railway": "rail",
        "railway:etcs": "yes",
        "usage": "main",
        "voltage": "25000"
      },
      "geometry": {
        "type": "LineString",
        "coordinates": [
          [
            30.006267,
            39.9977633
          ],
          [
            30.0063872,
            39.9980057
          ],
          [
            30.0065059,
            39.9982163
          ],
          [
            30.0066555,
            39.998431
          ],
          [
            30.0068493,
            39.9987025
          ],
          [
            30.0093696,
            40.0021188
          ],
          [
            30.009691,
            40.0025255
          ],
          [
            30.0098956,
            40.0027603
          ],
          [
            30.010104,
            40.0029609
          ],
          [
            30.0104,
            40.0031638
          ],
          [
            30.0106466,
            40.0033047
          ],
          [
            30.0109121,
            40.0034331
          ],
          [
            30.0112541,
            40.0035688
          ],
          [
            30.0135986,
            40.0043387
          ],
          [
            30.0142368,
            40.0045474
          ]
        ]
      },
      "id": "way/264835462"
    },
    {
      "type": "Feature",
      "properties": {
        "@id": "way/264835463",
        "bridge": "yes",
        "electrified": "contact_line",
        "frequency": "50",
        "gauge": "1435",
        "layer": "1",
        "operator": "TCDD",
        "railway": "rail",
        "railway:etcs": "yes",
        "usage": "main",
        "voltage": "25000"
      },
      "geometry": {
        "type": "LineString",
        "coordinates": [
          [
            30.0245888,
            40.0184606
          ],
          [
            30.0244044,
            40.0182114
          ]
        ]
      },
      "id": "way/264835463"
    },
    {
      "type": "Feature",
      "properties": {
        "@id": "way/264836244",
        "bridge": "yes",
        "electrified": "contact_line",
        "frequency": "50",
        "gauge": "1435",
        "layer": "1",
        "operator": "TCDD",
        "railway": "rail",
        "railway:etcs": "yes",
        "source": "Bing",
        "usage": "main",
        "voltage": "25000"
      },
      "geometry": {
        "type": "LineString",
        "coordinates": [
          [
            29.9825677,
            39.9444643
          ],
          [
            29.9824755,
            39.9443259
          ]
        ]
      },
      "id": "way/264836244"
    },
    {
      "type": "Feature",
      "properties": {
        "@id": "way/264836245",
        "electrified": "contact_line",
        "frequency": "50",
        "gauge": "1435",
        "name": "İstanbul - Ankara demiryolu",
        "operator": "TCDD",
        "railway": "rail",
        "railway:etcs": "yes",
        "usage": "main",
        "voltage": "25000"
      },
      "geometry": {
        "type": "LineString",
        "coordinates": [
          [
            29.9824755,
            39.9443259
          ],
          [
            29.9823315,
            39.9440647
          ],
          [
            29.982168,
            39.9437033
          ],
          [
            29.9808532,
            39.9400535
          ]
        ]
      },
      "id": "way/264836245"
    },
    {
      "type": "Feature",
      "properties": {
        "@id": "way/265023238",
        "electrified": "contact_line",
        "frequency": "50",
        "gauge": "1435",
        "highspeed": "yes",
        "maxspeed": "250",
        "name": "Ankara - İstanbul yüksek hızlı demiryolu",
        "name:en": "Ankara - İstanbul high-speed railway",
        "operator": "TCDD",
        "passenger_lines": "1",
        "railway": "rail",
        "railway:etcs": "1",
        "usage": "main",
        "voltage": "25000",
        "wikidata": "Q513146",
        "wikipedia": "en:Ankara–Istanbul high-speed railway"
      },
      "geometry": {
        "type": "LineString",
        "coordinates": [
          [
            30.0990109,
            39.8544641
          ],
          [
            30.100316,
            39.8539212
          ]
        ]
      },
      "id": "way/265023238"
    },
    {
      "type": "Feature",
      "properties": {
        "@id": "way/265023239",
        "electrified": "contact_line",
        "frequency": "50",
        "gauge": "1435",
        "highspeed": "yes",
        "maxspeed": "250",
        "name": "Ankara - İstanbul yüksek hızlı demiryolu",
        "name:en": "Ankara - İstanbul high-speed railway",
        "operator": "TCDD",
        "passenger_lines": "1",
        "railway": "rail",
        "railway:etcs": "1",
        "usage": "main",
        "voltage": "25000",
        "wikidata": "Q513146",
        "wikipedia": "en:Ankara–Istanbul high-speed railway"
      },
      "geometry": {
        "type": "LineString",
        "coordinates": [
          [
            30.1003466,
            39.8539615
          ],
          [
            30.0990464,
            39.8545067
          ]
        ]
      },
      "id": "way/265023239"
    },
    {
      "type": "Feature",
      "properties": {
        "@id": "way/265023581",
        "electrified": "contact_line",
        "embankment": "yes",
        "frequency": "50",
        "gauge": "1435",
        "highspeed": "yes",
        "maxspeed": "250",
        "name": "Ankara - İstanbul yüksek hızlı demiryolu",
        "name:en": "Ankara - İstanbul high-speed railway",
        "operator": "TCDD",
        "passenger_lines": "1",
        "railway": "rail",
        "railway:etcs": "1",
        "usage": "main",
        "voltage": "25000",
        "wikidata": "Q513146",
        "wikipedia": "en:Ankara–Istanbul high-speed railway"
      },
      "geometry": {
        "type": "LineString",
        "coordinates": [
          [
            30.1180614,
            39.8471778
          ],
          [
            30.1156812,
            39.8479022
          ],
          [
            30.1133568,
            39.8487307
          ]
        ]
      },
      "id": "way/265023581"
    },
    {
      "type": "Feature",
      "properties": {
        "@id": "way/265023582",
        "bridge": "yes",
        "electrified": "contact_line",
        "frequency": "50",
        "gauge": "1435",
        "highspeed": "yes",
        "layer": "1",
        "maxspeed": "250",
        "name": "Ankara - İstanbul yüksek hızlı demiryolu",
        "name:en": "Ankara - İstanbul high-speed railway",
        "operator": "TCDD",
        "passenger_lines": "1",
        "railway": "rail",
        "railway:etcs": "1",
        "usage": "main",
        "voltage": "25000",
        "wikidata": "Q513146",
        "wikipedia": "en:Ankara–Istanbul high-speed railway"
      },
      "geometry": {
        "type": "LineString",
        "coordinates": [
          [
            30.1180827,
            39.8471254
          ],
          [
            30.1191266,
            39.8468383
          ]
        ]
      },
      "id": "way/265023582"
    },
    {
      "type": "Feature",
      "properties": {
        "@id": "way/265023584",
        "bridge": "yes",
        "electrified": "contact_line",
        "frequency": "50",
        "gauge": "1435",
        "highspeed": "yes",
        "layer": "1",
        "maxspeed": "250",
        "name": "Ankara - İstanbul yüksek hızlı demiryolu",
        "name:en": "Ankara - İstanbul high-speed railway",
        "operator": "TCDD",
        "passenger_lines": "1",
        "railway": "rail",
        "railway:etcs": "1",
        "usage": "main",
        "voltage": "25000",
        "wikidata": "Q513146",
        "wikipedia": "en:Ankara–Istanbul high-speed railway"
      },
      "geometry": {
        "type": "LineString",
        "coordinates": [
          [
            30.1191293,
            39.8468936
          ],
          [
            30.1180614,
            39.8471778
          ]
        ]
      },
      "id": "way/265023584"
    },
    {
      "type": "Feature",
      "properties": {
        "@id": "way/265023760",
        "electrified": "contact_line",
        "embankment": "yes",
        "frequency": "50",
        "gauge": "1435",
        "highspeed": "yes",
        "maxspeed": "250",
        "name": "Ankara - İstanbul yüksek hızlı demiryolu",
        "name:en": "Ankara - İstanbul high-speed railway",
        "operator": "TCDD",
        "passenger_lines": "1",
        "railway": "rail",
        "railway:etcs": "1",
        "usage": "main",
        "voltage": "25000",
        "wikidata": "Q513146",
        "wikipedia": "en:Ankara–Istanbul high-speed railway"
      },
      "geometry": {
        "type": "LineString",
        "coordinates": [
          [
            30.1494964,
            39.8433595
          ],
          [
            30.1284276,
            39.8452542
          ]
        ]
      },
      "id": "way/265023760"
    },
    {
      "type": "Feature",
      "properties": {
        "@id": "way/265023761",
        "electrified": "contact_line",
        "embankment": "yes",
        "frequency": "50",
        "gauge": "1435",
        "highspeed": "yes",
        "maxspeed": "250",
        "name": "Ankara - İstanbul yüksek hızlı demiryolu",
        "name:en": "Ankara - İstanbul high-speed railway",
        "operator": "TCDD",
        "passenger_lines": "1",
        "railway": "rail",
        "railway:etcs": "1",
        "usage": "main",
        "voltage": "25000",
        "wikidata": "Q513146",
        "wikipedia": "en:Ankara–Istanbul high-speed railway"
      },
      "geometry": {
        "type": "LineString",
        "coordinates": [
          [
            30.1287418,
            39.8451645
          ],
          [
            30.1494978,
            39.8433104
          ]
        ]
      },
      "id": "way/265023761"
    },
    {
      "type": "Feature",
      "properties": {
        "@id": "way/265055405",
        "electrified": "contact_line",
        "frequency": "50",
        "gauge": "1435",
        "highspeed": "yes",
        "maxspeed": "250",
        "name": "Ankara - İstanbul yüksek hızlı demiryolu",
        "name:en": "Ankara - İstanbul high-speed railway",
        "operator": "TCDD",
        "passenger_lines": "1",
        "railway": "rail",
        "railway:etcs": "1",
        "usage": "main",
        "voltage": "25000",
        "wikidata": "Q513146",
        "wikipedia": "en:Ankara–Istanbul high-speed railway"
      },
      "geometry": {
        "type": "LineString",
        "coordinates": [
          [
            30.4093556,
            39.7841186
          ],
          [
            30.4104064,
            39.783494
          ]
        ]
      },
      "id": "way/265055405"
    },
    {
      "type": "Feature",
      "properties": {
        "@id": "way/265055406",
        "electrified": "contact_line",
        "frequency": "50",
        "gauge": "1435",
        "highspeed": "yes",
        "maxspeed": "250",
        "name": "Ankara - İstanbul yüksek hızlı demiryolu",
        "name:en": "Ankara - İstanbul high-speed railway",
        "operator": "TCDD",
        "passenger_lines": "1",
        "railway": "rail",
        "railway:etcs": "1",
        "usage": "main",
        "voltage": "25000",
        "wikidata": "Q513146",
        "wikipedia": "en:Ankara–Istanbul high-speed railway"
      },
      "geometry": {
        "type": "LineString",
        "coordinates": [
          [
            30.4104638,
            39.7835413
          ],
          [
            30.4094144,
            39.7841649
          ]
        ]
      },
      "id": "way/265055406"
    },
    {
      "type": "Feature",
      "properties": {
        "@id": "way/265055407",
        "cutting": "yes",
        "electrified": "contact_line",
        "frequency": "50",
        "gauge": "1435",
        "highspeed": "yes",
        "maxspeed": "250",
        "name": "Ankara - İstanbul yüksek hızlı demiryolu",
        "name:en": "Ankara - İstanbul high-speed railway",
        "operator": "TCDD",
        "passenger_lines": "1",
        "railway": "rail",
        "railway:etcs": "1",
        "usage": "main",
        "voltage": "25000",
        "wikidata": "Q513146",
        "wikipedia": "en:Ankara–Istanbul high-speed railway"
      },
      "geometry": {
        "type": "LineString",
        "coordinates": [
          [
            30.403267,
            39.7877158
          ],
          [
            30.4093556,
            39.7841186
          ]
        ]
      },
      "id": "way/265055407"
    },
    {
      "type": "Feature",
      "properties": {
        "@id": "way/265055408",
        "cutting": "yes",
        "electrified": "contact_line",
        "frequency": "50",
        "gauge": "1435",
        "highspeed": "yes",
        "maxspeed": "250",
        "name": "Ankara - İstanbul yüksek hızlı demiryolu",
        "name:en": "Ankara - İstanbul high-speed railway",
        "operator": "TCDD",
        "passenger_lines": "1",
        "railway": "rail",
        "railway:etcs": "1",
        "usage": "main",
        "voltage": "25000",
        "wikidata": "Q513146",
        "wikipedia": "en:Ankara–Istanbul high-speed railway"
      },
      "geometry": {
        "type": "LineString",
        "coordinates": [
          [
            30.4094144,
            39.7841649
          ],
          [
            30.4033212,
            39.7877561
          ]
        ]
      },
      "id": "way/265055408"
    },
    {
      "type": "Feature",
      "properties": {
        "@id": "way/265056048",
        "electrified": "contact_line",
        "embankment": "yes",
        "frequency": "50",
        "gauge": "1435",
        "highspeed": "yes",
        "maxspeed": "250",
        "name": "Ankara - İstanbul yüksek hızlı demiryolu",
        "name:en": "Ankara - İstanbul high-speed railway",
        "operator": "TCDD",
        "passenger_lines": "1",
        "railway": "rail",
        "railway:etcs": "1",
        "usage": "main",
        "voltage": "25000",
        "wikidata": "Q513146",
        "wikipedia": "en:Ankara–Istanbul high-speed railway"
      },
      "geometry": {
        "type": "LineString",
        "coordinates": [
          [
            30.4165807,
            39.7799302
          ],
          [
            30.4153262,
            39.7806417
          ],
          [
            30.4110886,
            39.78317
          ],
          [
            30.4104638,
            39.7835413
          ]
        ]
      },
      "id": "way/265056048"
    },
    {
      "type": "Feature",
      "properties": {
        "@id": "way/265056050",
        "electrified": "contact_line",
        "embankment": "yes",
        "frequency": "50",
        "gauge": "1435",
        "highspeed": "yes",
        "maxspeed": "250",
        "name": "Ankara - İstanbul yüksek hızlı demiryolu",
        "name:en": "Ankara - İstanbul high-speed railway",
        "operator": "TCDD",
        "passenger_lines": "1",
        "railway": "rail",
        "railway:etcs": "1",
        "usage": "main",
        "voltage": "25000",
        "wikidata": "Q513146",
        "wikipedia": "en:Ankara–Istanbul high-speed railway"
      },
      "geometry": {
        "type": "LineString",
        "coordinates": [
          [
            30.4104064,
            39.783494
          ],
          [
            30.4110497,
            39.7831117
          ],
          [
            30.4152975,
            39.7805988
          ],
          [
            30.416553,
            39.7798956
          ]
        ]
      },
      "id": "way/265056050"
    },
    {
      "type": "Feature",
      "properties": {
        "@id": "way/265062402",
        "electrified": "contact_line",
        "frequency": "50",
        "gauge": "1435",
        "name": "Eskişehir-Konya demiryolu",
        "operator": "TCDD",
        "railway": "rail",
        "railway:etcs": "2",
        "source": "Bing",
        "usage": "main",
        "voltage": "25000"
      },
      "geometry": {
        "type": "LineString",
        "coordinates": [
          [
            30.483017,
            39.7703163
          ],
          [
            30.4837726,
            39.7708868
          ],
          [
            30.4840403,
            39.7711371
          ],
          [
            30.4843152,
            39.7714019
          ],
          [
            30.4844475,
            39.7715638
          ],
          [
            30.4845707,
            39.7717193
          ],
          [
            30.4846724,
            39.7718821
          ],
          [
            30.4847564,
            39.7720453
          ],
          [
            30.4848691,
            39.7723287
          ],
          [
            30.4848985,
            39.7724802
          ],
          [
            30.4849227,
            39.7726916
          ],
          [
            30.4849042,
            39.7730816
          ],
          [
            30.484856,
            39.7733362
          ],
          [
            30.4847618,
            39.7735832
          ],
          [
            30.4846515,
            39.7738083
          ],
          [
            30.4844604,
            39.7740841
          ],
          [
            30.4843138,
            39.7742573
          ],
          [
            30.4840416,
            39.7744974
          ],
          [
            30.4836567,
            39.7747685
          ],
          [
            30.483312,
            39.7749695
          ],
          [
            30.4831471,
            39.7750458
          ],
          [
            30.4827849,
            39.7751591
          ],
          [
            30.4823872,
            39.7752408
          ],
          [
            30.4821263,
            39.7752763
          ],
          [
            30.4819352,
            39.7752839
          ],
          [
            30.4815934,
            39.7752805
          ],
          [
            30.4810228,
            39.7752736
          ],
          [
            30.4805055,
            39.7752409
          ]
        ]
      },
      "id": "way/265062402"
    },
    {
      "type": "Feature",
      "properties": {
        "@id": "way/273505108",
        "axle_load": "22.5",
        "electrified": "contact_line",
        "frequency": "50",
        "gauge": "1435",
        "layer": "-1",
        "name": "İstanbul - Ankara demiryolu",
        "name:en": "İstanbul - Ankara railway",
        "operator": "TCDD",
        "passenger_lines": "1",
        "railway": "rail",
        "railway:bidirectional": "regular",
        "railway:preferred_direction": "both",
        "source": "bing",
        "tunnel": "yes",
        "usage": "main",
        "voltage": "25000",
        "wikidata": "Q15103266",
        "wikipedia": "en:Istanbul–Ankara railway"
      },
      "geometry": {
        "type": "LineString",
        "coordinates": [
          [
            30.5108001,
            39.7804586
          ],
          [
            30.5185217,
            39.781667
          ],
          [
            30.5266228,
            39.7830686
          ]
        ]
      },
      "id": "way/273505108"
    },
    {
      "type": "Feature",
      "properties": {
        "@id": "way/273505112",
        "electrified": "contact_line",
        "frequency": "50",
        "gauge": "1435",
        "highspeed": "yes",
        "layer": "-1",
        "maxspeed": "250",
        "name": "Ankara - İstanbul yüksek hızlı demiryolu",
        "name:en": "Ankara - İstanbul high-speed railway",
        "operator": "TCDD",
        "passenger_lines": "1",
        "railway": "rail",
        "railway:bidirectional": "possible",
        "railway:etcs": "1",
        "railway:preferred_direction": "forward",
        "tunnel": "yes",
        "usage": "main",
        "voltage": "25000",
        "wikidata": "Q513146",
        "wikipedia": "en:Ankara–Istanbul high-speed railway"
      },
      "geometry": {
        "type": "LineString",
        "coordinates": [
          [
            30.510792,
            39.7805049
          ],
          [
            30.5185051,
            39.7817132
          ],
          [
            30.5266041,
            39.783115
          ]
        ]
      },
      "id": "way/273505112"
    },
    {
      "type": "Feature",
      "properties": {
        "@id": "way/278704815",
        "electrified": "contact_line",
        "frequency": "50",
        "gauge": "1435",
        "highspeed": "yes",
        "maxspeed": "250",
        "name": "Ankara - İstanbul yüksek hızlı demiryolu",
        "name:en": "Ankara - İstanbul high-speed railway",
        "operator": "TCDD",
        "passenger_lines": "1",
        "railway": "rail",
        "railway:etcs": "1",
        "usage": "main",
        "voltage": "25000",
        "wikidata": "Q513146",
        "wikipedia": "en:Ankara–Istanbul high-speed railway"
      },
      "geometry": {
        "type": "LineString",
        "coordinates": [
          [
            29.9933018,
            39.9261274
          ],
          [
            29.9924801,
            39.9272267
          ]
        ]
      },
      "id": "way/278704815"
    },
    {
      "type": "Feature",
      "properties": {
        "@id": "way/278704817",
        "electrified": "contact_line",
        "frequency": "50",
        "gauge": "1435",
        "highspeed": "yes",
        "layer": "-1",
        "maxspeed": "250",
        "name": "Ankara - İstanbul yüksek hızlı demiryolu",
        "name:en": "Ankara - İstanbul high-speed railway",
        "operator": "TCDD",
        "passenger_lines": "1",
        "railway": "rail",
        "railway:etcs": "1",
        "tunnel": "yes",
        "usage": "main",
        "voltage": "25000",
        "wikidata": "Q513146",
        "wikipedia": "en:Ankara–Istanbul high-speed railway"
      },
      "geometry": {
        "type": "LineString",
        "coordinates": [
          [
            29.9938527,
            39.9749242
          ],
          [
            29.9951702,
            39.9772352
          ],
          [
            29.9965722,
            39.97956
          ]
        ]
      },
      "id": "way/278704817"
    },
    {
      "type": "Feature",
      "properties": {
        "@id": "way/278704825",
        "bridge": "yes",
        "electrified": "contact_line",
        "frequency": "50",
        "gauge": "1435",
        "highspeed": "yes",
        "layer": "1",
        "maxspeed": "250",
        "name": "Ankara - İstanbul yüksek hızlı demiryolu",
        "name:en": "Ankara - İstanbul high-speed railway",
        "operator": "TCDD",
        "passenger_lines": "1",
        "railway": "rail",
        "railway:etcs": "1",
        "usage": "main",
        "voltage": "25000",
        "wikidata": "Q513146",
        "wikipedia": "en:Ankara–Istanbul high-speed railway"
      },
      "geometry": {
        "type": "LineString",
        "coordinates": [
          [
            30.0211213,
            39.8933391
          ],
          [
            30.0225862,
            39.892086
          ]
        ]
      },
      "id": "way/278704825"
    },
    {
      "type": "Feature",
      "properties": {
        "@id": "way/278704829",
        "electrified": "contact_line",
        "frequency": "50",
        "gauge": "1435",
        "highspeed": "yes",
        "layer": "-1",
        "maxspeed": "250",
        "name": "Ankara - İstanbul yüksek hızlı demiryolu",
        "name:en": "Ankara - İstanbul high-speed railway",
        "operator": "TCDD",
        "passenger_lines": "1",
        "railway": "rail",
        "railway:etcs": "1",
        "tunnel": "yes",
        "usage": "main",
        "voltage": "25000",
        "wikidata": "Q513146",
        "wikipedia": "en:Ankara–Istanbul high-speed railway"
      },
      "geometry": {
        "type": "LineString",
        "coordinates": [
          [
            30.0020341,
            39.9885546
          ],
          [
            30.0034052,
            39.9906515
          ]
        ]
      },
      "id": "way/278704829"
    },
    {
      "type": "Feature",
      "properties": {
        "@id": "way/278704832",
        "electrified": "contact_line",
        "frequency": "50",
        "gauge": "1435",
        "highspeed": "yes",
        "maxspeed": "250",
        "name": "Ankara - İstanbul yüksek hızlı demiryolu",
        "name:en": "Ankara - İstanbul high-speed railway",
        "operator": "TCDD",
        "passenger_lines": "1",
        "railway": "rail",
        "railway:etcs": "1",
        "usage": "main",
        "voltage": "25000",
        "wikidata": "Q513146",
        "wikipedia": "en:Ankara–Istanbul high-speed railway"
      },
      "geometry": {
        "type": "LineString",
        "coordinates": [
          [
            29.9873629,
            39.9516721
          ],
          [
            29.9888038,
            39.9576282
          ]
        ]
      },
      "id": "way/278704832"
    },
    {
      "type": "Feature",
      "properties": {
        "@id": "way/278704834",
        "electrified": "contact_line",
        "frequency": "50",
        "gauge": "1435",
        "highspeed": "yes",
        "maxspeed": "250",
        "name": "Ankara - İstanbul yüksek hızlı demiryolu",
        "name:en": "Ankara - İstanbul high-speed railway",
        "operator": "TCDD",
        "passenger_lines": "1",
        "railway": "rail",
        "railway:etcs": "1",
        "usage": "main",
        "voltage": "25000",
        "wikidata": "Q513146",
        "wikipedia": "en:Ankara–Istanbul high-speed railway"
      },
      "geometry": {
        "type": "LineString",
        "coordinates": [
          [
            30.0211569,
            39.8933763
          ],
          [
            30.0209265,
            39.8935919
          ]
        ]
      },
      "id": "way/278704834"
    },
    {
      "type": "Feature",
      "properties": {
        "@id": "way/278704836",
        "bridge": "yes",
        "electrified": "contact_line",
        "frequency": "50",
        "gauge": "1435",
        "highspeed": "yes",
        "layer": "1",
        "maxspeed": "250",
        "name": "Ankara - İstanbul yüksek hızlı demiryolu",
        "name:en": "Ankara - İstanbul high-speed railway",
        "operator": "TCDD",
        "passenger_lines": "1",
        "railway": "rail",
        "railway:etcs": "1",
        "usage": "main",
        "voltage": "25000",
        "wikidata": "Q513146",
        "wikipedia": "en:Ankara–Istanbul high-speed railway"
      },
      "geometry": {
        "type": "LineString",
        "coordinates": [
          [
            30.0226307,
            39.8921171
          ],
          [
            30.0211569,
            39.8933763
          ]
        ]
      },
      "id": "way/278704836"
    },
    {
      "type": "Feature",
      "properties": {
        "@id": "way/278704839",
        "electrified": "contact_line",
        "frequency": "50",
        "gauge": "1435",
        "highspeed": "yes",
        "maxspeed": "250",
        "name": "Ankara - İstanbul yüksek hızlı demiryolu",
        "name:en": "Ankara - İstanbul high-speed railway",
        "operator": "TCDD",
        "passenger_lines": "1",
        "railway": "rail",
        "railway:etcs": "1",
        "usage": "main",
        "voltage": "25000",
        "wikidata": "Q513146",
        "wikipedia": "en:Ankara–Istanbul high-speed railway"
      },
      "geometry": {
        "type": "LineString",
        "coordinates": [
          [
            29.9997604,
            39.9183264
          ],
          [
            29.9995438,
            39.9185767
          ]
        ]
      },
      "id": "way/278704839"
    },
    {
      "type": "Feature",
      "properties": {
        "@id": "way/278704842",
        "electrified": "contact_line",
        "frequency": "50",
        "gauge": "1435",
        "highspeed": "yes",
        "layer": "-1",
        "maxspeed": "250",
        "name": "Ankara - İstanbul yüksek hızlı demiryolu",
        "name:en": "Ankara - İstanbul high-speed railway",
        "operator": "TCDD",
        "passenger_lines": "1",
        "railway": "rail",
        "railway:etcs": "1",
        "tunnel": "yes",
        "usage": "main",
        "voltage": "25000",
        "wikidata": "Q513146",
        "wikipedia": "en:Ankara–Istanbul high-speed railway"
      },
      "geometry": {
        "type": "LineString",
        "coordinates": [
          [
            30.0209265,
            39.8935919
          ],
          [
            29.9997604,
            39.9183264
          ]
        ]
      },
      "id": "way/278704842"
    },
    {
      "type": "Feature",
      "properties": {
        "@id": "way/278704845",
        "electrified": "contact_line",
        "embankment": "yes",
        "frequency": "50",
        "gauge": "1435",
        "highspeed": "yes",
        "maxspeed": "250",
        "name": "Ankara - İstanbul yüksek hızlı demiryolu",
        "name:en": "Ankara - İstanbul high-speed railway",
        "operator": "TCDD",
        "passenger_lines": "1",
        "railway": "rail",
        "railway:etcs": "1",
        "usage": "main",
        "voltage": "25000",
        "wikidata": "Q513146",
        "wikipedia": "en:Ankara–Istanbul high-speed railway"
      },
      "geometry": {
        "type": "LineString",
        "coordinates": [
          [
            29.9965722,
            39.97956
          ],
          [
            30.0009645,
            39.9868593
          ]
        ]
      },
      "id": "way/278704845"
    },
    {
      "type": "Feature",
      "properties": {
        "@id": "way/278704854",
        "bridge": "viaduct",
        "electrified": "contact_line",
        "frequency": "50",
        "gauge": "1435",
        "highspeed": "yes",
        "layer": "1",
        "maxspeed": "250",
        "name": "Ankara - İstanbul yüksek hızlı demiryolu",
        "name:en": "Ankara - İstanbul high-speed railway",
        "operator": "TCDD",
        "passenger_lines": "1",
        "railway": "rail",
        "railway:etcs": "1",
        "usage": "main",
        "voltage": "25000",
        "wikidata": "Q513146",
        "wikipedia": "en:Ankara–Istanbul high-speed railway"
      },
      "geometry": {
        "type": "LineString",
        "coordinates": [
          [
            29.9995438,
            39.9185767
          ],
          [
            29.9933018,
            39.9261274
          ]
        ]
      },
      "id": "way/278704854"
    },
    {
      "type": "Feature",
      "properties": {
        "@id": "way/278704860",
        "electrified": "contact_line",
        "frequency": "50",
        "gauge": "1435",
        "highspeed": "yes",
        "layer": "-1",
        "maxspeed": "250",
        "name": "Ankara - İstanbul yüksek hızlı demiryolu",
        "name:en": "Ankara - İstanbul high-speed railway",
        "operator": "TCDD",
        "passenger_lines": "1",
        "railway": "rail",
        "railway:etcs": "1",
        "tunnel": "yes",
        "usage": "main",
        "voltage": "25000",
        "wikidata": "Q513146",
        "wikipedia": "en:Ankara–Istanbul high-speed railway"
      },
      "geometry": {
        "type": "LineString",
        "coordinates": [
          [
            29.9888038,
            39.9576282
          ],
          [
            29.9898641,
            39.9617896
          ]
        ]
      },
      "id": "way/278704860"
    },
    {
      "type": "Feature",
      "properties": {
        "@id": "way/278704865",
        "electrified": "contact_line",
        "frequency": "50",
        "gauge": "1435",
        "highspeed": "yes",
        "layer": "-1",
        "maxspeed": "250",
        "name": "Ankara - İstanbul yüksek hızlı demiryolu",
        "name:en": "Ankara - İstanbul high-speed railway",
        "operator": "TCDD",
        "passenger_lines": "1",
        "railway": "rail",
        "railway:etcs": "1",
        "tunnel": "yes",
        "usage": "main",
        "voltage": "25000",
        "wikidata": "Q513146",
        "wikipedia": "en:Ankara–Istanbul high-speed railway"
      },
      "geometry": {
        "type": "LineString",
        "coordinates": [
          [
            29.9924801,
            39.9272267
          ],
          [
            29.9918002,
            39.928497
          ],
          [
            29.9903508,
            39.9319418
          ],
          [
            29.9871199,
            39.9431272
          ],
          [
            29.9868051,
            39.9456671
          ],
          [
            29.9868912,
            39.9486478
          ],
          [
            29.9873629,
            39.9516721
          ]
        ]
      },
      "id": "way/278704865"
    },
    {
      "type": "Feature",
      "properties": {
        "@id": "way/278827974",
        "bridge": "yes",
        "electrified": "contact_line",
        "frequency": "50",
        "gauge": "1435",
        "highspeed": "yes",
        "layer": "1",
        "maxspeed": "250",
        "name": "Ankara - İstanbul yüksek hızlı demiryolu",
        "name:en": "Ankara - İstanbul high-speed railway",
        "operator": "TCDD",
        "passenger_lines": "1",
        "railway": "rail",
        "railway:etcs": "1",
        "usage": "main",
        "voltage": "25000",
        "wikidata": "Q513146",
        "wikipedia": "en:Ankara–Istanbul high-speed railway"
      },
      "geometry": {
        "type": "LineString",
        "coordinates": [
          [
            30.0149366,
            40.0865503
          ],
          [
            30.0144243,
            40.0872388
          ]
        ]
      },
      "id": "way/278827974"
    },
    {
      "type": "Feature",
      "properties": {
        "@id": "way/278827981",
        "electrified": "contact_line",
        "frequency": "50",
        "gauge": "1435",
        "highspeed": "yes",
        "maxspeed": "250",
        "name": "Ankara - İstanbul yüksek hızlı demiryolu",
        "name:en": "Ankara - İstanbul high-speed railway",
        "operator": "TCDD",
        "passenger_lines": "1",
        "railway": "rail",
        "railway:etcs": "1",
        "usage": "main",
        "voltage": "25000",
        "wikidata": "Q513146",
        "wikipedia": "en:Ankara–Istanbul high-speed railway"
      },
      "geometry": {
        "type": "LineString",
        "coordinates": [
          [
            30.0025414,
            40.1069919
          ],
          [
            30.0024369,
            40.1075177
          ]
        ]
      },
      "id": "way/278827981"
    },
    {
      "type": "Feature",
      "properties": {
        "@id": "way/278827985",
        "electrified": "contact_line",
        "frequency": "50",
        "gauge": "1435",
        "highspeed": "yes",
        "maxspeed": "250",
        "name": "Ankara - İstanbul yüksek hızlı demiryolu",
        "name:en": "Ankara - İstanbul high-speed railway",
        "operator": "TCDD",
        "passenger_lines": "1",
        "railway": "rail",
        "railway:etcs": "1",
        "usage": "main",
        "voltage": "25000",
        "wikidata": "Q513146",
        "wikipedia": "en:Ankara–Istanbul high-speed railway"
      },
      "geometry": {
        "type": "LineString",
        "coordinates": [
          [
            30.0148288,
            40.156206
          ],
          [
            30.0148328,
            40.1563758
          ]
        ]
      },
      "id": "way/278827985"
    },
    {
      "type": "Feature",
      "properties": {
        "@id": "way/278827986",
        "bridge": "yes",
        "electrified": "contact_line",
        "frequency": "50",
        "gauge": "1435",
        "highspeed": "yes",
        "layer": "1",
        "maxspeed": "250",
        "name": "Ankara - İstanbul yüksek hızlı demiryolu",
        "name:en": "Ankara - İstanbul high-speed railway",
        "operator": "TCDD",
        "passenger_lines": "1",
        "railway": "rail",
        "railway:etcs": "1",
        "usage": "main",
        "voltage": "25000",
        "wikidata": "Q513146",
        "wikipedia": "en:Ankara–Istanbul high-speed railway"
      },
      "geometry": {
        "type": "LineString",
        "coordinates": [
          [
            30.0143715,
            40.0872223
          ],
          [
            30.0148921,
            40.0865257
          ]
        ]
      },
      "id": "way/278827986"
    },
    {
      "type": "Feature",
      "properties": {
        "@id": "way/278827989",
        "electrified": "contact_line",
        "frequency": "50",
        "gauge": "1435",
        "name": "İstanbul - Ankara Hızlı Tren hatti",
        "operator": "TCDD",
        "railway": "rail",
        "railway:etcs": "2",
        "usage": "main",
        "voltage": "25000"
      },
      "geometry": {
        "type": "LineString",
        "coordinates": [
          [
            30.0151436,
            40.1623388
          ],
          [
            30.0151318,
            40.1621994
          ]
        ]
      },
      "id": "way/278827989"
    },
    {
      "type": "Feature",
      "properties": {
        "@id": "way/278828002",
        "electrified": "contact_line",
        "frequency": "50",
        "gauge": "1435",
        "highspeed": "yes",
        "maxspeed": "250",
        "name": "Ankara - İstanbul yüksek hızlı demiryolu",
        "name:en": "Ankara - İstanbul high-speed railway",
        "operator": "TCDD",
        "passenger_lines": "1",
        "railway": "rail",
        "railway:etcs": "1",
        "usage": "main",
        "voltage": "25000",
        "wikidata": "Q513146",
        "wikipedia": "en:Ankara–Istanbul high-speed railway"
      },
      "geometry": {
        "type": "LineString",
        "coordinates": [
          [
            30.0151935,
            40.1622109
          ],
          [
            30.0152046,
            40.1623404
          ]
        ]
      },
      "id": "way/278828002"
    },
    {
      "type": "Feature",
      "properties": {
        "@id": "way/278828008",
        "electrified": "contact_line",
        "frequency": "50",
        "gauge": "1435",
        "highspeed": "yes",
        "maxspeed": "250",
        "name": "Ankara - İstanbul yüksek hızlı demiryolu",
        "name:en": "Ankara - İstanbul high-speed railway",
        "operator": "TCDD",
        "passenger_lines": "1",
        "railway": "rail",
        "railway:etcs": "1",
        "usage": "main",
        "voltage": "25000",
        "wikidata": "Q513146",
        "wikipedia": "en:Ankara–Istanbul high-speed railway"
      },
      "geometry": {
        "type": "LineString",
        "coordinates": [
          [
            30.0147796,
            40.1563762
          ],
          [
            30.0147726,
            40.1562068
          ]
        ]
      },
      "id": "way/278828008"
    },
    {
      "type": "Feature",
      "properties": {
        "@id": "way/278828010",
        "electrified": "contact_line",
        "frequency": "50",
        "gauge": "1435",
        "highspeed": "yes",
        "layer": "-1",
        "maxspeed": "250",
        "name": "Ankara - İstanbul yüksek hızlı demiryolu",
        "name:en": "Ankara - İstanbul high-speed railway",
        "operator": "TCDD",
        "passenger_lines": "1",
        "railway": "rail",
        "railway:etcs": "1",
        "tunnel": "yes",
        "usage": "main",
        "voltage": "25000",
        "wikidata": "Q513146",
        "wikipedia": "en:Ankara–Istanbul high-speed railway"
      },
      "geometry": {
        "type": "LineString",
        "coordinates": [
          [
            30.0100788,
            40.0930377
          ],
          [
            30.0081915,
            40.0955881
          ],
          [
            30.0065429,
            40.0980165
          ],
          [
            30.0063362,
            40.0983531
          ],
          [
            30.0048057,
            40.1012318
          ],
          [
            30.00354,
            40.1039017
          ],
          [
            30.003018,
            40.1053293
          ],
          [
            30.0025414,
            40.1069919
          ]
        ]
      },
      "id": "way/278828010"
    },
    {
      "type": "Feature",
      "properties": {
        "@id": "way/278828019",
        "electrified": "contact_line",
        "frequency": "50",
        "gauge": "1435",
        "highspeed": "yes",
        "maxspeed": "250",
        "name": "Ankara - İstanbul yüksek hızlı demiryolu",
        "name:en": "Ankara - İstanbul high-speed railway",
        "operator": "TCDD",
        "passenger_lines": "1",
        "railway": "rail",
        "railway:etcs": "1",
        "usage": "main",
        "voltage": "25000",
        "wikidata": "Q513146",
        "wikipedia": "en:Ankara–Istanbul high-speed railway"
      },
      "geometry": {
        "type": "LineString",
        "coordinates": [
          [
            30.002389,
            40.107508
          ],
          [
            30.0024871,
            40.1069878
          ]
        ]
      },
      "id": "way/278828019"
    },
    {
      "type": "Feature",
      "properties": {
        "@id": "way/278828024",
        "electrified": "contact_line",
        "frequency": "50",
        "gauge": "1435",
        "highspeed": "yes",
        "layer": "-1",
        "maxspeed": "250",
        "name": "Ankara - İstanbul yüksek hızlı demiryolu",
        "name:en": "Ankara - İstanbul high-speed railway",
        "operator": "TCDD",
        "passenger_lines": "1",
        "railway": "rail",
        "railway:etcs": "1",
        "tunnel": "yes",
        "usage": "main",
        "voltage": "25000",
        "wikidata": "Q513146",
        "wikipedia": "en:Ankara–Istanbul high-speed railway"
      },
      "geometry": {
        "type": "LineString",
        "coordinates": [
          [
            30.0024871,
            40.1069878
          ],
          [
            30.0029459,
            40.1053286
          ],
          [
            30.0034699,
            40.1038908
          ],
          [
            30.0047327,
            40.1012193
          ],
          [
            30.0062599,
            40.0983294
          ],
          [
            30.0064696,
            40.097988
          ],
          [
            30.0081293,
            40.0955654
          ],
          [
            30.0100138,
            40.0930179
          ]
        ]
      },
      "id": "way/278828024"
    },
    {
      "type": "Feature",
      "properties": {
        "@id": "way/278828025",
        "electrified": "contact_line",
        "frequency": "50",
        "gauge": "1435",
        "highspeed": "yes",
        "maxspeed": "250",
        "name": "Ankara - İstanbul yüksek hızlı demiryolu",
        "name:en": "Ankara - İstanbul high-speed railway",
        "operator": "TCDD",
        "passenger_lines": "1",
        "railway": "rail",
        "railway:etcs": "1",
        "usage": "main",
        "voltage": "25000",
        "wikidata": "Q513146",
        "wikipedia": "en:Ankara–Istanbul high-speed railway"
      },
      "geometry": {
        "type": "LineString",
        "coordinates": [
          [
            30.0100138,
            40.0930179
          ],
          [
            30.0105211,
            40.0923464
          ]
        ]
      },
      "id": "way/278828025"
    },
    {
      "type": "Feature",
      "properties": {
        "@id": "way/278828028",
        "bridge": "yes",
        "electrified": "contact_line",
        "frequency": "50",
        "gauge": "1435",
        "highspeed": "yes",
        "layer": "1",
        "maxspeed": "250",
        "name": "Ankara - İstanbul yüksek hızlı demiryolu",
        "name:en": "Ankara - İstanbul high-speed railway",
        "operator": "TCDD",
        "passenger_lines": "1",
        "railway": "rail",
        "railway:etcs": "1",
        "usage": "main",
        "voltage": "25000",
        "wikidata": "Q513146",
        "wikipedia": "en:Ankara–Istanbul high-speed railway"
      },
      "geometry": {
        "type": "LineString",
        "coordinates": [
          [
            30.0186612,
            40.0815739
          ],
          [
            30.0176578,
            40.0829482
          ]
        ]
      },
      "id": "way/278828028"
    },
    {
      "type": "Feature",
      "properties": {
        "@id": "way/278828033",
        "bridge": "yes",
        "electrified": "contact_line",
        "frequency": "50",
        "gauge": "1435",
        "highspeed": "yes",
        "layer": "1",
        "maxspeed": "250",
        "name": "Ankara - İstanbul yüksek hızlı demiryolu",
        "name:en": "Ankara - İstanbul high-speed railway",
        "operator": "TCDD",
        "passenger_lines": "1",
        "railway": "rail",
        "railway:etcs": "1",
        "usage": "main",
        "voltage": "25000",
        "wikidata": "Q513146",
        "wikipedia": "en:Ankara–Istanbul high-speed railway"
      },
      "geometry": {
        "type": "LineString",
        "coordinates": [
          [
            30.0153324,
            40.1644468
          ],
          [
            30.0154035,
            40.1659994
          ],
          [
            30.0155128,
            40.1673859
          ]
        ]
      },
      "id": "way/278828033"
    },
    {
      "type": "Feature",
      "properties": {
        "@id": "way/278828036",
        "bridge": "yes",
        "electrified": "contact_line",
        "frequency": "50",
        "gauge": "1435",
        "highspeed": "yes",
        "layer": "1",
        "maxspeed": "250",
        "name": "Ankara - İstanbul yüksek hızlı demiryolu",
        "name:en": "Ankara - İstanbul high-speed railway",
        "operator": "TCDD",
        "passenger_lines": "1",
        "railway": "rail",
        "railway:etcs": "1",
        "usage": "main",
        "voltage": "25000",
        "wikidata": "Q513146",
        "wikipedia": "en:Ankara–Istanbul high-speed railway"
      },
      "geometry": {
        "type": "LineString",
        "coordinates": [
          [
            30.0154435,
            40.1673941
          ],
          [
            30.0153391,
            40.1659379
          ],
          [
            30.0152546,
            40.164455
          ]
        ]
      },
      "id": "way/278828036"
    },
    {
      "type": "Feature",
      "properties": {
        "@id": "way/278828040",
        "bridge": "yes",
        "electrified": "contact_line",
        "frequency": "50",
        "gauge": "1435",
        "layer": "1",
        "name": "İstanbul - Ankara Hızlı Tren hatti",
        "operator": "TCDD",
        "railway": "rail",
        "railway:etcs": "2",
        "usage": "main",
        "voltage": "25000"
      },
      "geometry": {
        "type": "LineString",
        "coordinates": [
          [
            30.0175908,
            40.0829167
          ],
          [
            30.018621,
            40.0815783
          ]
        ]
      },
      "id": "way/278828040"
    },
    {
      "type": "Feature",
      "properties": {
        "@id": "way/278828043",
        "electrified": "contact_line",
        "frequency": "50",
        "gauge": "1435",
        "highspeed": "yes",
        "maxspeed": "250",
        "name": "Ankara - İstanbul yüksek hızlı demiryolu",
        "name:en": "Ankara - İstanbul high-speed railway",
        "operator": "TCDD",
        "passenger_lines": "1",
        "railway": "rail",
        "railway:etcs": "1",
        "usage": "main",
        "voltage": "25000",
        "wikidata": "Q513146",
        "wikipedia": "en:Ankara–Istanbul high-speed railway"
      },
      "geometry": {
        "type": "LineString",
        "coordinates": [
          [
            30.018621,
            40.0815783
          ],
          [
            30.0191802,
            40.0806189
          ]
        ]
      },
      "id": "way/278828043"
    },
    {
      "type": "Feature",
      "properties": {
        "@id": "way/278828045",
        "bridge": "yes",
        "electrified": "contact_line",
        "frequency": "50",
        "gauge": "1435",
        "highspeed": "yes",
        "layer": "1",
        "maxspeed": "250",
        "name": "Ankara - İstanbul yüksek hızlı demiryolu",
        "name:en": "Ankara - İstanbul high-speed railway",
        "operator": "TCDD",
        "passenger_lines": "1",
        "railway": "rail",
        "railway:etcs": "1",
        "usage": "main",
        "voltage": "25000",
        "wikidata": "Q513146",
        "wikipedia": "en:Ankara–Istanbul high-speed railway"
      },
      "geometry": {
        "type": "LineString",
        "coordinates": [
          [
            30.0024369,
            40.1075177
          ],
          [
            30.0019473,
            40.1131544
          ],
          [
            30.0019909,
            40.1142898
          ],
          [
            30.0021301,
            40.1172767
          ],
          [
            30.0023023,
            40.1186403
          ],
          [
            30.0026234,
            40.1202
          ],
          [
            30.0028396,
            40.1210752
          ],
          [
            30.0042092,
            40.1250686
          ]
        ]
      },
      "id": "way/278828045"
    },
    {
      "type": "Feature",
      "properties": {
        "@id": "way/278828051",
        "cutting": "yes",
        "electrified": "contact_line",
        "frequency": "50",
        "gauge": "1435",
        "highspeed": "yes",
        "maxspeed": "250",
        "name": "Ankara - İstanbul yüksek hızlı demiryolu",
        "name:en": "Ankara - İstanbul high-speed railway",
        "operator": "TCDD",
        "passenger_lines": "1",
        "railway": "rail",
        "railway:etcs": "1",
        "usage": "main",
        "voltage": "25000",
        "wikidata": "Q513146",
        "wikipedia": "en:Ankara–Istanbul high-speed railway"
      },
      "geometry": {
        "type": "LineString",
        "coordinates": [
          [
            30.0144243,
            40.0872388
          ],
          [
            30.0132295,
            40.0888296
          ]
        ]
      },
      "id": "way/278828051"
    },
    {
      "type": "Feature",
      "properties": {
        "@id": "way/278828055",
        "electrified": "contact_line",
        "frequency": "50",
        "gauge": "1435",
        "highspeed": "yes",
        "maxspeed": "250",
        "name": "Ankara - İstanbul yüksek hızlı demiryolu",
        "name:en": "Ankara - İstanbul high-speed railway",
        "operator": "TCDD",
        "passenger_lines": "1",
        "railway": "rail",
        "railway:etcs": "1",
        "usage": "main",
        "voltage": "25000",
        "wikidata": "Q513146",
        "wikipedia": "en:Ankara–Istanbul high-speed railway"
      },
      "geometry": {
        "type": "LineString",
        "coordinates": [
          [
            30.0176578,
            40.0829482
          ],
          [
            30.0149366,
            40.0865503
          ]
        ]
      },
      "id": "way/278828055"
    },
    {
      "type": "Feature",
      "properties": {
        "@id": "way/278828056",
        "electrified": "contact_line",
        "frequency": "50",
        "gauge": "1435",
        "highspeed": "yes",
        "maxspeed": "250",
        "name": "Ankara - İstanbul yüksek hızlı demiryolu",
        "name:en": "Ankara - İstanbul high-speed railway",
        "operator": "TCDD",
        "passenger_lines": "1",
        "railway": "rail",
        "railway:etcs": "1",
        "usage": "main",
        "voltage": "25000",
        "wikidata": "Q513146",
        "wikipedia": "en:Ankara–Istanbul high-speed railway"
      },
      "geometry": {
        "type": "LineString",
        "coordinates": [
          [
            30.0192093,
            40.0806341
          ],
          [
            30.0186612,
            40.0815739
          ]
        ]
      },
      "id": "way/278828056"
    },
    {
      "type": "Feature",
      "properties": {
        "@id": "way/278828058",
        "electrified": "contact_line",
        "frequency": "50",
        "gauge": "1435",
        "highspeed": "yes",
        "maxspeed": "250",
        "name": "Ankara - İstanbul yüksek hızlı demiryolu",
        "name:en": "Ankara - İstanbul high-speed railway",
        "operator": "TCDD",
        "passenger_lines": "1",
        "railway": "rail",
        "railway:etcs": "1",
        "usage": "main",
        "voltage": "25000",
        "wikidata": "Q513146",
        "wikipedia": "en:Ankara–Istanbul high-speed railway"
      },
      "geometry": {
        "type": "LineString",
        "coordinates": [
          [
            30.0148921,
            40.0865257
          ],
          [
            30.0175908,
            40.0829167
          ]
        ]
      },
      "id": "way/278828058"
    },
    {
      "type": "Feature",
      "properties": {
        "@id": "way/278828059",
        "electrified": "contact_line",
        "frequency": "50",
        "gauge": "1435",
        "highspeed": "yes",
        "maxspeed": "250",
        "name": "Ankara - İstanbul yüksek hızlı demiryolu",
        "name:en": "Ankara - İstanbul high-speed railway",
        "operator": "TCDD",
        "passenger_lines": "1",
        "railway": "rail",
        "railway:etcs": "1",
        "usage": "main",
        "voltage": "25000",
        "wikidata": "Q513146",
        "wikipedia": "en:Ankara–Istanbul high-speed railway"
      },
      "geometry": {
        "type": "LineString",
        "coordinates": [
          [
            30.4980709,
            39.7785529
          ],
          [
            30.4950453,
            39.7779828
          ],
          [
            30.493599,
            39.7776785
          ],
          [
            30.4918346,
            39.777283
          ],
          [
            30.4902099,
            39.7769735
          ],
          [
            30.4804655,
            39.7753168
          ],
          [
            30.4781916,
            39.7749155
          ],
          [
            30.4775936,
            39.7748101
          ],
          [
            30.4745679,
            39.7742826
          ],
          [
            30.4732965,
            39.7740394
          ],
          [
            30.4719757,
            39.7737724
          ],
          [
            30.4624895,
            39.7715939
          ],
          [
            30.461186,
            39.7713185
          ],
          [
            30.4598834,
            39.7710722
          ],
          [
            30.4586245,
            39.7708464
          ],
          [
            30.4568803,
            39.7706038
          ],
          [
            30.4558835,
            39.770472
          ],
          [
            30.4540663,
            39.7702874
          ],
          [
            30.4527559,
            39.7702052
          ],
          [
            30.4510036,
            39.7701218
          ],
          [
            30.448823,
            39.7700857
          ],
          [
            30.4467058,
            39.7701428
          ],
          [
            30.4458071,
            39.7701863
          ],
          [
            30.444381,
            39.770264
          ],
          [
            30.4430026,
            39.7704011
          ],
          [
            30.441629,
            39.7705548
          ],
          [
            30.4399873,
            39.7707958
          ],
          [
            30.4383437,
            39.7710639
          ],
          [
            30.4369604,
            39.7713485
          ],
          [
            30.4350481,
            39.7717774
          ],
          [
            30.4334378,
            39.7722029
          ],
          [
            30.4318214,
            39.7726723
          ],
          [
            30.4301392,
            39.7732141
          ],
          [
            30.4282807,
            39.7738929
          ],
          [
            30.4269496,
            39.7744273
          ],
          [
            30.4256371,
            39.7749869
          ],
          [
            30.4236639,
            39.7759288
          ],
          [
            30.4225215,
            39.7765143
          ],
          [
            30.4208639,
            39.7774269
          ],
          [
            30.4191062,
            39.7784656
          ],
          [
            30.4165807,
            39.7799302
          ]
        ]
      },
      "id": "way/278828059"
    },
    {
      "type": "Feature",
      "properties": {
        "@id": "way/278828067",
        "bridge": "yes",
        "electrified": "contact_line",
        "frequency": "50",
        "gauge": "1435",
        "highspeed": "yes",
        "layer": "1",
        "maxspeed": "250",
        "name": "Ankara - İstanbul yüksek hızlı demiryolu",
        "name:en": "Ankara - İstanbul high-speed railway",
        "operator": "TCDD",
        "passenger_lines": "1",
        "railway": "rail",
        "railway:etcs": "1",
        "usage": "main",
        "voltage": "25000",
        "wikidata": "Q513146",
        "wikipedia": "en:Ankara–Istanbul high-speed railway"
      },
      "geometry": {
        "type": "LineString",
        "coordinates": [
          [
            30.0148328,
            40.1563758
          ],
          [
            30.0148861,
            40.1574015
          ],
          [
            30.014999,
            40.1593011
          ],
          [
            30.0150422,
            40.1599355
          ],
          [
            30.0151358,
            40.1615685
          ],
          [
            30.0151935,
            40.1622109
          ]
        ]
      },
      "id": "way/278828067"
    },
    {
      "type": "Feature",
      "properties": {
        "@id": "way/278828070",
        "bridge": "yes",
        "electrified": "contact_line",
        "frequency": "50",
        "gauge": "1435",
        "highspeed": "yes",
        "layer": "1",
        "maxspeed": "250",
        "name": "Ankara - İstanbul yüksek hızlı demiryolu",
        "name:en": "Ankara - İstanbul high-speed railway",
        "operator": "TCDD",
        "passenger_lines": "1",
        "railway": "rail",
        "railway:etcs": "1",
        "usage": "main",
        "voltage": "25000",
        "wikidata": "Q513146",
        "wikipedia": "en:Ankara–Istanbul high-speed railway"
      },
      "geometry": {
        "type": "LineString",
        "coordinates": [
          [
            30.0151318,
            40.1621994
          ],
          [
            30.0150856,
            40.1615536
          ],
          [
            30.014981,
            40.159919
          ],
          [
            30.0149437,
            40.159292
          ],
          [
            30.0148217,
            40.1573539
          ],
          [
            30.0147796,
            40.1563762
          ]
        ]
      },
      "id": "way/278828070"
    },
    {
      "type": "Feature",
      "properties": {
        "@id": "way/278828072",
        "electrified": "contact_line",
        "frequency": "50",
        "gauge": "1435",
        "highspeed": "yes",
        "maxspeed": "250",
        "name": "Ankara - İstanbul yüksek hızlı demiryolu",
        "name:en": "Ankara - İstanbul high-speed railway",
        "operator": "TCDD",
        "passenger_lines": "1",
        "railway": "rail",
        "railway:etcs": "1",
        "usage": "main",
        "voltage": "25000",
        "wikidata": "Q513146",
        "wikipedia": "en:Ankara–Istanbul high-speed railway"
      },
      "geometry": {
        "type": "LineString",
        "coordinates": [
          [
            30.0119057,
            40.1408976
          ],
          [
            30.0114063,
            40.1398337
          ],
          [
            30.0107383,
            40.1384748
          ],
          [
            30.0077744,
            40.1325545
          ],
          [
            30.0071381,
            40.1312864
          ],
          [
            30.0060051,
            40.1290112
          ],
          [
            30.0047451,
            40.1264558
          ],
          [
            30.0041456,
            40.125077
          ]
        ]
      },
      "id": "way/278828072"
    },
    {
      "type": "Feature",
      "properties": {
        "@id": "way/278828073",
        "electrified": "contact_line",
        "frequency": "50",
        "gauge": "1435",
        "highspeed": "yes",
        "maxspeed": "250",
        "name": "Ankara - İstanbul yüksek hızlı demiryolu",
        "name:en": "Ankara - İstanbul high-speed railway",
        "operator": "TCDD",
        "passenger_lines": "1",
        "railway": "rail",
        "railway:etcs": "1",
        "usage": "main",
        "voltage": "25000",
        "wikidata": "Q513146",
        "wikipedia": "en:Ankara–Istanbul high-speed railway"
      },
      "geometry": {
        "type": "LineString",
        "coordinates": [
          [
            30.0042092,
            40.1250686
          ],
          [
            30.0048022,
            40.1264379
          ],
          [
            30.0060618,
            40.1290038
          ],
          [
            30.0071701,
            40.1312367
          ],
          [
            30.0078052,
            40.1325193
          ],
          [
            30.0107757,
            40.1384624
          ],
          [
            30.0114632,
            40.1398273
          ],
          [
            30.0119606,
            40.1408772
          ]
        ]
      },
      "id": "way/278828073"
    },
    {
      "type": "Feature",
      "properties": {
        "@id": "way/278828077",
        "bridge": "yes",
        "electrified": "contact_line",
        "frequency": "50",
        "gauge": "1435",
        "highspeed": "yes",
        "layer": "1",
        "maxspeed": "250",
        "name": "Ankara - İstanbul yüksek hızlı demiryolu",
        "name:en": "Ankara - İstanbul high-speed railway",
        "operator": "TCDD",
        "passenger_lines": "1",
        "railway": "rail",
        "railway:etcs": "1",
        "usage": "main",
        "voltage": "25000",
        "wikidata": "Q513146",
        "wikipedia": "en:Ankara–Istanbul high-speed railway"
      },
      "geometry": {
        "type": "LineString",
        "coordinates": [
          [
            30.0041456,
            40.125077
          ],
          [
            30.0027773,
            40.1210711
          ],
          [
            30.0025517,
            40.1201928
          ],
          [
            30.0022391,
            40.1186383
          ],
          [
            30.0020711,
            40.1172796
          ],
          [
            30.0018932,
            40.1142862
          ],
          [
            30.001868,
            40.1131439
          ],
          [
            30.002389,
            40.107508
          ]
        ]
      },
      "id": "way/278828077"
    },
    {
      "type": "Feature",
      "properties": {
        "@id": "way/280535002",
        "electrified": "contact_line",
        "frequency": "50",
        "gauge": "1435",
        "highspeed": "yes",
        "maxspeed": "250",
        "name": "Ankara - İstanbul yüksek hızlı demiryolu",
        "name:en": "Ankara - İstanbul high-speed railway",
        "operator": "TCDD",
        "passenger_lines": "1",
        "railway": "rail",
        "railway:etcs": "1",
        "usage": "main",
        "voltage": "25000",
        "wikidata": "Q513146",
        "wikipedia": "en:Ankara–Istanbul high-speed railway"
      },
      "geometry": {
        "type": "LineString",
        "coordinates": [
          [
            30.416553,
            39.7798956
          ],
          [
            30.4208376,
            39.7773913
          ],
          [
            30.4224882,
            39.7764681
          ],
          [
            30.4236036,
            39.7758954
          ],
          [
            30.425605,
            39.7749513
          ],
          [
            30.4269093,
            39.7743922
          ],
          [
            30.4282314,
            39.7738614
          ],
          [
            30.4301251,
            39.7731734
          ],
          [
            30.4317994,
            39.7726211
          ],
          [
            30.4334043,
            39.7721607
          ],
          [
            30.4350177,
            39.7717325
          ],
          [
            30.4369345,
            39.7713052
          ],
          [
            30.4383155,
            39.7710219
          ],
          [
            30.4399666,
            39.7707462
          ],
          [
            30.4416039,
            39.7705102
          ],
          [
            30.4429892,
            39.7703537
          ],
          [
            30.4443845,
            39.7702143
          ],
          [
            30.4458056,
            39.7701359
          ],
          [
            30.4466874,
            39.7700905
          ],
          [
            30.4488283,
            39.7700311
          ],
          [
            30.4509977,
            39.7700791
          ],
          [
            30.4527927,
            39.7701546
          ],
          [
            30.4540889,
            39.7702439
          ],
          [
            30.4558933,
            39.770419
          ],
          [
            30.4568969,
            39.7705477
          ],
          [
            30.4586568,
            39.7708006
          ],
          [
            30.4598874,
            39.7710228
          ],
          [
            30.4612012,
            39.7712722
          ],
          [
            30.4625052,
            39.7715453
          ],
          [
            30.4719785,
            39.7737309
          ],
          [
            30.4733146,
            39.7740046
          ],
          [
            30.4745821,
            39.7742405
          ],
          [
            30.4782096,
            39.7748763
          ],
          [
            30.4787372,
            39.7749696
          ],
          [
            30.4804855,
            39.7752788
          ],
          [
            30.490223,
            39.7769305
          ],
          [
            30.491855,
            39.7772327
          ],
          [
            30.4936156,
            39.7776334
          ],
          [
            30.4943286,
            39.7777857
          ],
          [
            30.4950591,
            39.7779418
          ],
          [
            30.4980791,
            39.7785107
          ]
        ]
      },
      "id": "way/280535002"
    },
    {
      "type": "Feature",
      "properties": {
        "@id": "way/301667083",
        "axle_load": "22.5",
        "electrified": "contact_line",
        "frequency": "50",
        "gauge": "1435",
        "maxspeed": "120",
        "name": "Eskişehir-Konya demiryolu",
        "operator": "TCDD",
        "railway": "rail",
        "railway:etcs": "2",
        "source": "Bing",
        "usage": "main",
        "voltage": "25000"
      },
      "geometry": {
        "type": "LineString",
        "coordinates": [
          [
            30.4902328,
            39.7768705
          ],
          [
            30.4896003,
            39.7767109
          ],
          [
            30.489375,
            39.776646
          ],
          [
            30.4891886,
            39.7765718
          ],
          [
            30.4889527,
            39.7764628
          ],
          [
            30.4887086,
            39.7763311
          ],
          [
            30.4884618,
            39.7761723
          ],
          [
            30.4882312,
            39.7759878
          ],
          [
            30.4879992,
            39.7757672
          ],
          [
            30.4878222,
            39.7755621
          ],
          [
            30.48768,
            39.7753715
          ],
          [
            30.487566,
            39.7751911
          ],
          [
            30.4874507,
            39.7749323
          ],
          [
            30.4873729,
            39.7746901
          ],
          [
            30.4870363,
            39.7734306
          ],
          [
            30.4869559,
            39.7731636
          ],
          [
            30.4868257,
            39.772911
          ],
          [
            30.4865897,
            39.7725853
          ],
          [
            30.4864301,
            39.7724026
          ],
          [
            30.4862384,
            39.7722132
          ],
          [
            30.4860465,
            39.7720751
          ],
          [
            30.4857396,
            39.7718896
          ],
          [
            30.4854123,
            39.771711
          ],
          [
            30.4851215,
            39.7715589
          ],
          [
            30.4841228,
            39.7710265
          ],
          [
            30.4838634,
            39.7708812
          ],
          [
            30.483017,
            39.7703163
          ],
          [
            30.4826656,
            39.7700383
          ],
          [
            30.4822248,
            39.7696752
          ],
          [
            30.4817836,
            39.7692284
          ],
          [
            30.4810788,
            39.7684525
          ]
        ]
      },
      "id": "way/301667083"
    },
    {
      "type": "Feature",
      "properties": {
        "@id": "way/309862326",
        "bridge": "yes",
        "electrified": "contact_line",
        "frequency": "50",
        "gauge": "1435",
        "layer": "1",
        "operator": "TCDD",
        "railway": "rail",
        "railway:etcs": "yes",
        "usage": "main",
        "voltage": "25000"
      },
      "geometry": {
        "type": "LineString",
        "coordinates": [
          [
            30.0018828,
            40.1186964
          ],
          [
            30.0018007,
            40.1184141
          ]
        ]
      },
      "id": "way/309862326"
    },
    {
      "type": "Feature",
      "properties": {
        "@id": "way/309862329",
        "electrified": "contact_line",
        "frequency": "50",
        "gauge": "1435",
        "name": "İstanbul - Ankara demiryolu",
        "operator": "TCDD",
        "railway": "rail",
        "railway:etcs": "yes",
        "usage": "main",
        "voltage": "25000"
      },
      "geometry": {
        "type": "LineString",
        "coordinates": [
          [
            30.0018007,
            40.1184141
          ],
          [
            30.0017513,
            40.1181908
          ],
          [
            30.0016451,
            40.1177357
          ],
          [
            30.0014858,
            40.1172951
          ],
          [
            30.0012226,
            40.1166065
          ],
          [
            29.9999087,
            40.1137558
          ],
          [
            29.9995878,
            40.1131533
          ],
          [
            29.9993438,
            40.1126651
          ],
          [
            29.9990505,
            40.1120556
          ],
          [
            29.9988214,
            40.1116339
          ],
          [
            29.9983701,
            40.1105625
          ],
          [
            29.9981019,
            40.109906
          ],
          [
            29.997955,
            40.1094751
          ],
          [
            29.9978203,
            40.1090178
          ],
          [
            29.9977227,
            40.1085671
          ],
          [
            29.9975403,
            40.1074667
          ],
          [
            29.9974186,
            40.1070101
          ],
          [
            29.9972999,
            40.1067571
          ],
          [
            29.9971889,
            40.1065383
          ],
          [
            29.9969834,
            40.1062627
          ],
          [
            29.9966085,
            40.1059064
          ],
          [
            29.995512,
            40.1051092
          ],
          [
            29.9953816,
            40.1049784
          ],
          [
            29.9952092,
            40.1048191
          ],
          [
            29.9950014,
            40.1045571
          ],
          [
            29.9948295,
            40.1042833
          ],
          [
            29.9947124,
            40.1040504
          ],
          [
            29.9946171,
            40.1036741
          ],
          [
            29.9946023,
            40.1034194
          ],
          [
            29.9946136,
            40.1031103
          ],
          [
            29.994655,
            40.1029005
          ],
          [
            29.9948034,
            40.1024244
          ],
          [
            29.9949288,
            40.1020893
          ],
          [
            29.9950854,
            40.1017147
          ],
          [
            29.9951409,
            40.1014848
          ],
          [
            29.9951438,
            40.101164
          ],
          [
            29.9950554,
            40.1008023
          ],
          [
            29.9950085,
            40.1003893
          ],
          [
            29.9948662,
            40.1000306
          ],
          [
            29.9947494,
            40.0998504
          ],
          [
            29.9945228,
            40.0995579
          ],
          [
            29.9942595,
            40.099311
          ],
          [
            29.9937869,
            40.0989451
          ],
          [
            29.9929796,
            40.0983724
          ],
          [
            29.9924028,
            40.0978968
          ],
          [
            29.9911459,
            40.0966074
          ],
          [
            29.9908822,
            40.0963249
          ],
          [
            29.9904631,
            40.0957958
          ],
          [
            29.9902816,
            40.0954413
          ],
          [
            29.9901483,
            40.0950819
          ],
          [
            29.9898761,
            40.0945865
          ],
          [
            29.9897365,
            40.0943552
          ],
          [
            29.9895185,
            40.0941484
          ],
          [
            29.989235,
            40.0939084
          ],
          [
            29.9882877,
            40.0932092
          ],
          [
            29.9880379,
            40.0929588
          ],
          [
            29.987853,
            40.0927376
          ],
          [
            29.9876072,
            40.0923803
          ],
          [
            29.9864963,
            40.0902635
          ],
          [
            29.9863874,
            40.0900059
          ],
          [
            29.9863192,
            40.0897251
          ],
          [
            29.9862782,
            40.0894653
          ],
          [
            29.9862576,
            40.0891221
          ],
          [
            29.9863634,
            40.0887812
          ],
          [
            29.9865647,
            40.0884682
          ],
          [
            29.9869037,
            40.0880522
          ]
        ]
      },
      "id": "way/309862329"
    },
    {
      "type": "Feature",
      "properties": {
        "@id": "way/351588409",
        "electrified": "contact_line",
        "frequency": "50",
        "gauge": "1435",
        "highspeed": "yes",
        "layer": "-1",
        "maxspeed": "250",
        "name": "Ankara - İstanbul yüksek hızlı demiryolu",
        "name:en": "Ankara - İstanbul high-speed railway",
        "operator": "TCDD",
        "passenger_lines": "1",
        "railway": "rail",
        "railway:etcs": "1",
        "tunnel": "yes",
        "usage": "main",
        "voltage": "25000",
        "wikidata": "Q513146",
        "wikipedia": "en:Ankara–Istanbul high-speed railway"
      },
      "geometry": {
        "type": "LineString",
        "coordinates": [
          [
            30.0134284,
            40.14467
          ],
          [
            30.0138775,
            40.1462614
          ],
          [
            30.014086,
            40.1471271
          ],
          [
            30.014425,
            40.1489773
          ],
          [
            30.0148288,
            40.156206
          ]
        ]
      },
      "id": "way/351588409"
    },
    {
      "type": "Feature",
      "properties": {
        "@id": "way/351588410",
        "electrified": "contact_line",
        "frequency": "50",
        "gauge": "1435",
        "highspeed": "yes",
        "layer": "-1",
        "maxspeed": "250",
        "name": "Ankara - İstanbul yüksek hızlı demiryolu",
        "name:en": "Ankara - İstanbul high-speed railway",
        "operator": "TCDD",
        "passenger_lines": "1",
        "railway": "rail",
        "railway:etcs": "1",
        "tunnel": "yes",
        "usage": "main",
        "voltage": "25000",
        "wikidata": "Q513146",
        "wikipedia": "en:Ankara–Istanbul high-speed railway"
      },
      "geometry": {
        "type": "LineString",
        "coordinates": [
          [
            30.0147726,
            40.1562068
          ],
          [
            30.0143651,
            40.1489739
          ],
          [
            30.0140297,
            40.1471443
          ],
          [
            30.0138187,
            40.1462711
          ],
          [
            30.0133732,
            40.1446772
          ]
        ]
      },
      "id": "way/351588410"
    },
    {
      "type": "Feature",
      "properties": {
        "@id": "way/433030161",
        "electrified": "contact_line",
        "frequency": "50",
        "gauge": "1435",
        "highspeed": "yes",
        "maxspeed": "250",
        "name": "Ankara - İstanbul yüksek hızlı demiryolu",
        "name:en": "Ankara - İstanbul high-speed railway",
        "operator": "TCDD",
        "passenger_lines": "1",
        "railway": "rail",
        "railway:bidirectional": "possible",
        "railway:etcs": "1",
        "railway:preferred_direction": "forward",
        "usage": "main",
        "voltage": "25000",
        "wikidata": "Q513146",
        "wikipedia": "en:Ankara–Istanbul high-speed railway"
      },
      "geometry": {
        "type": "LineString",
        "coordinates": [
          [
            30.6516354,
            39.7977535
          ],
          [
            30.6277842,
            39.7952225
          ],
          [
            30.6030863,
            39.792505
          ],
          [
            30.5635696,
            39.7880731
          ],
          [
            30.5528316,
            39.7868275
          ],
          [
            30.5453307,
            39.7859713
          ],
          [
            30.5424232,
            39.7856457
          ],
          [
            30.5406288,
            39.7854396
          ],
          [
            30.5392207,
            39.785252
          ],
          [
            30.536973,
            39.7849119
          ],
          [
            30.5345134,
            39.7845142
          ],
          [
            30.5265853,
            39.7831613
          ]
        ]
      },
      "id": "way/433030161"
    },
    {
      "type": "Feature",
      "properties": {
        "@id": "way/433030163",
        "axle_load": "22.5",
        "electrified": "contact_line",
        "frequency": "50",
        "gauge": "1435",
        "name": "İstanbul - Ankara demiryolu",
        "operator": "TCDD",
        "railway": "rail",
        "railway:etcs": "yes",
        "source": "Bing",
        "usage": "main",
        "voltage": "25000"
      },
      "geometry": {
        "type": "LineString",
        "coordinates": [
          [
            30.4902328,
            39.7768705
          ],
          [
            30.4916281,
            39.7771057
          ],
          [
            30.4931824,
            39.7773861
          ],
          [
            30.4937993,
            39.777485
          ],
          [
            30.4952316,
            39.777786
          ]
        ]
      },
      "id": "way/433030163"
    },
    {
      "type": "Feature",
      "properties": {
        "@id": "way/433030188",
        "electrified": "contact_line",
        "frequency": "50",
        "gauge": "1435",
        "highspeed": "yes",
        "layer": "-1",
        "maxspeed": "250",
        "name": "Ankara - İstanbul yüksek hızlı demiryolu",
        "name:en": "Ankara - İstanbul high-speed railway",
        "operator": "TCDD",
        "passenger_lines": "1",
        "railway": "rail",
        "railway:bidirectional": "possible",
        "railway:etcs": "1",
        "railway:preferred_direction": "forward",
        "tunnel": "yes",
        "usage": "main",
        "voltage": "25000",
        "wikidata": "Q513146",
        "wikipedia": "en:Ankara–Istanbul high-speed railway"
      },
      "geometry": {
        "type": "LineString",
        "coordinates": [
          [
            30.5265853,
            39.7831613
          ],
          [
            30.5184885,
            39.7817593
          ],
          [
            30.5107851,
            39.7805408
          ]
        ]
      },
      "id": "way/433030188"
    },
    {
      "type": "Feature",
      "properties": {
        "@id": "way/433030197",
        "electrified": "contact_line",
        "frequency": "50",
        "gauge": "1435",
        "name": "İstanbul - Ankara demiryolu",
        "operator": "TCDD",
        "railway": "rail",
        "railway:etcs": "yes",
        "source": "Bing",
        "usage": "main",
        "voltage": "25000"
      },
      "geometry": {
        "type": "LineString",
        "coordinates": [
          [
            30.4805055,
            39.7752409
          ],
          [
            30.4837504,
            39.7757287
          ],
          [
            30.4850674,
            39.7759513
          ],
          [
            30.4902328,
            39.7768705
          ]
        ]
      },
      "id": "way/433030197"
    },
    {
      "type": "Feature",
      "properties": {
        "@id": "way/444649193",
        "bridge": "yes",
        "electrified": "contact_line",
        "frequency": "50",
        "gauge": "1435",
        "highspeed": "yes",
        "layer": "1",
        "maxspeed": "250",
        "name": "Ankara - İstanbul yüksek hızlı demiryolu",
        "name:en": "Ankara - İstanbul high-speed railway",
        "operator": "TCDD",
        "passenger_lines": "1",
        "railway": "rail",
        "railway:etcs": "1",
        "usage": "main",
        "voltage": "25000",
        "wikidata": "Q513146",
        "wikipedia": "en:Ankara–Istanbul high-speed railway"
      },
      "geometry": {
        "type": "LineString",
        "coordinates": [
          [
            30.0133364,
            40.1445603
          ],
          [
            30.0132023,
            40.1441518
          ],
          [
            30.0129735,
            40.1435131
          ],
          [
            30.0126407,
            40.1426089
          ],
          [
            30.0121471,
            40.1414382
          ],
          [
            30.0119057,
            40.1408976
          ]
        ]
      },
      "id": "way/444649193"
    },
    {
      "type": "Feature",
      "properties": {
        "@id": "way/444649195",
        "bridge": "yes",
        "electrified": "contact_line",
        "frequency": "50",
        "gauge": "1435",
        "highspeed": "yes",
        "layer": "1",
        "maxspeed": "250",
        "name": "Ankara - İstanbul yüksek hızlı demiryolu",
        "name:en": "Ankara - İstanbul high-speed railway",
        "operator": "TCDD",
        "passenger_lines": "1",
        "railway": "rail",
        "railway:etcs": "1",
        "usage": "main",
        "voltage": "25000",
        "wikidata": "Q513146",
        "wikipedia": "en:Ankara–Istanbul high-speed railway"
      },
      "geometry": {
        "type": "LineString",
        "coordinates": [
          [
            30.0119606,
            40.1408772
          ],
          [
            30.0121972,
            40.1414183
          ],
          [
            30.0127091,
            40.1426056
          ],
          [
            30.0130253,
            40.143506
          ],
          [
            30.0132558,
            40.1441511
          ],
          [
            30.0133975,
            40.1445571
          ]
        ]
      },
      "id": "way/444649195"
    },
    {
      "type": "Feature",
      "properties": {
        "@id": "way/444649196",
        "bridge": "yes",
        "electrified": "contact_line",
        "frequency": "50",
        "gauge": "1435",
        "layer": "1",
        "operator": "TCDD",
        "railway": "rail",
        "railway:etcs": "yes",
        "source": "Bing",
        "usage": "main",
        "voltage": "25000"
      },
      "geometry": {
        "type": "LineString",
        "coordinates": [
          [
            30.0198884,
            40.1648839
          ],
          [
            30.0198101,
            40.1649592
          ]
        ]
      },
      "id": "way/444649196"
    },
    {
      "type": "Feature",
      "properties": {
        "@id": "way/444649197",
        "electrified": "contact_line",
        "frequency": "50",
        "gauge": "1435",
        "name": "İstanbul - Ankara demiryolu",
        "operator": "TCDD",
        "railway": "rail",
        "railway:etcs": "yes",
        "usage": "main",
        "voltage": "25000"
      },
      "geometry": {
        "type": "LineString",
        "coordinates": [
          [
            30.0198101,
            40.1649592
          ],
          [
            30.0195333,
            40.1651723
          ],
          [
            30.0192428,
            40.1653543
          ],
          [
            30.0189654,
            40.1654853
          ],
          [
            30.0185448,
            40.1656526
          ],
          [
            30.0181501,
            40.1657522
          ],
          [
            30.0178415,
            40.1658102
          ],
          [
            30.0174787,
            40.1658494
          ],
          [
            30.0171126,
            40.1658548
          ],
          [
            30.0166595,
            40.165834
          ],
          [
            30.0160282,
            40.1657693
          ],
          [
            30.0156347,
            40.1657517
          ],
          [
            30.0151909,
            40.1657436
          ],
          [
            30.0147434,
            40.1658162
          ],
          [
            30.014385,
            40.1658986
          ],
          [
            30.0140192,
            40.1660212
          ],
          [
            30.0134276,
            40.1663169
          ]
        ]
      },
      "id": "way/444649197"
    },
    {
      "type": "Feature",
      "properties": {
        "@id": "way/444649198",
        "electrified": "contact_line",
        "frequency": "50",
        "gauge": "1435",
        "highspeed": "yes",
        "maxspeed": "250",
        "name": "Ankara - İstanbul yüksek hızlı demiryolu",
        "name:en": "Ankara - İstanbul high-speed railway",
        "operator": "TCDD",
        "passenger_lines": "1",
        "railway": "rail",
        "railway:etcs": "1",
        "usage": "main",
        "voltage": "25000",
        "wikidata": "Q513146",
        "wikipedia": "en:Ankara–Istanbul high-speed railway"
      },
      "geometry": {
        "type": "LineString",
        "coordinates": [
          [
            30.0133975,
            40.1445571
          ],
          [
            30.0134284,
            40.14467
          ]
        ]
      },
      "id": "way/444649198"
    },
    {
      "type": "Feature",
      "properties": {
        "@id": "way/444649201",
        "electrified": "contact_line",
        "frequency": "50",
        "gauge": "1435",
        "highspeed": "yes",
        "maxspeed": "250",
        "name": "Ankara - İstanbul yüksek hızlı demiryolu",
        "name:en": "Ankara - İstanbul high-speed railway",
        "operator": "TCDD",
        "passenger_lines": "1",
        "railway": "rail",
        "railway:etcs": "1",
        "usage": "main",
        "voltage": "25000",
        "wikidata": "Q513146",
        "wikipedia": "en:Ankara–Istanbul high-speed railway"
      },
      "geometry": {
        "type": "LineString",
        "coordinates": [
          [
            30.0133732,
            40.1446772
          ],
          [
            30.0133364,
            40.1445603
          ]
        ]
      },
      "id": "way/444649201"
    },
    {
      "type": "Feature",
      "properties": {
        "@id": "way/484725311",
        "bridge": "yes",
        "electrified": "contact_line",
        "frequency": "50",
        "gauge": "1435",
        "layer": "1",
        "operator": "TCDD",
        "railway": "rail",
        "railway:etcs": "yes",
        "usage": "main",
        "voltage": "25000"
      },
      "geometry": {
        "type": "LineString",
        "coordinates": [
          [
            29.9906649,
            39.9699453
          ],
          [
            29.9905303,
            39.969713
          ]
        ]
      },
      "id": "way/484725311"
    },
    {
      "type": "Feature",
      "properties": {
        "@id": "way/484725312",
        "electrified": "contact_line",
        "frequency": "50",
        "gauge": "1435",
        "highspeed": "yes",
        "layer": "-1",
        "maxspeed": "250",
        "name": "İstanbul - Ankara Hızlı Tren hatti",
        "operator": "TCDD",
        "railway": "rail",
        "railway:etcs": "2",
        "source": "bing",
        "usage": "main",
        "voltage": "25000"
      },
      "geometry": {
        "type": "LineString",
        "coordinates": [
          [
            29.9898641,
            39.9617896
          ],
          [
            29.9904598,
            39.9641647
          ]
        ]
      },
      "id": "way/484725312"
    },
    {
      "type": "Feature",
      "properties": {
        "@id": "way/484725313",
        "electrified": "contact_line",
        "frequency": "50",
        "gauge": "1435",
        "highspeed": "yes",
        "maxspeed": "250",
        "name": "Ankara - İstanbul yüksek hızlı demiryolu",
        "name:en": "Ankara - İstanbul high-speed railway",
        "operator": "TCDD",
        "passenger_lines": "1",
        "railway": "rail",
        "railway:etcs": "1",
        "usage": "main",
        "voltage": "25000",
        "wikidata": "Q513146",
        "wikipedia": "en:Ankara–Istanbul high-speed railway"
      },
      "geometry": {
        "type": "LineString",
        "coordinates": [
          [
            29.9904128,
            39.9641673
          ],
          [
            29.9898152,
            39.9617963
          ]
        ]
      },
      "id": "way/484725313"
    },
    {
      "type": "Feature",
      "properties": {
        "@id": "way/484725314",
        "electrified": "contact_line",
        "frequency": "50",
        "gauge": "1435",
        "highspeed": "yes",
        "layer": "-1",
        "maxspeed": "250",
        "name": "Ankara - İstanbul yüksek hızlı demiryolu",
        "name:en": "Ankara - İstanbul high-speed railway",
        "operator": "TCDD",
        "passenger_lines": "1",
        "railway": "rail",
        "railway:etcs": "1",
        "tunnel": "yes",
        "usage": "main",
        "voltage": "25000",
        "wikidata": "Q513146",
        "wikipedia": "en:Ankara–Istanbul high-speed railway"
      },
      "geometry": {
        "type": "LineString",
        "coordinates": [
          [
            29.9904598,
            39.9641647
          ],
          [
            29.9920246,
            39.9699551
          ]
        ]
      },
      "id": "way/484725314"
    },
    {
      "type": "Feature",
      "properties": {
        "@id": "way/484725315",
        "electrified": "contact_line",
        "frequency": "50",
        "gauge": "1435",
        "highspeed": "yes",
        "layer": "-1",
        "maxspeed": "250",
        "name": "Ankara - İstanbul yüksek hızlı demiryolu",
        "name:en": "Ankara - İstanbul high-speed railway",
        "operator": "TCDD",
        "passenger_lines": "1",
        "railway": "rail",
        "railway:etcs": "1",
        "tunnel": "yes",
        "usage": "main",
        "voltage": "25000",
        "wikidata": "Q513146",
        "wikipedia": "en:Ankara–Istanbul high-speed railway"
      },
      "geometry": {
        "type": "LineString",
        "coordinates": [
          [
            29.9919671,
            39.9699744
          ],
          [
            29.9904128,
            39.9641673
          ]
        ]
      },
      "id": "way/484725315"
    },
    {
      "type": "Feature",
      "properties": {
        "@id": "way/484725316",
        "electrified": "contact_line",
        "frequency": "50",
        "gauge": "1435",
        "highspeed": "yes",
        "maxspeed": "250",
        "name": "Ankara - İstanbul yüksek hızlı demiryolu",
        "name:en": "Ankara - İstanbul high-speed railway",
        "operator": "TCDD",
        "passenger_lines": "1",
        "railway": "rail",
        "railway:etcs": "1",
        "usage": "main",
        "voltage": "25000",
        "wikidata": "Q513146",
        "wikipedia": "en:Ankara–Istanbul high-speed railway"
      },
      "geometry": {
        "type": "LineString",
        "coordinates": [
          [
            29.9920246,
            39.9699551
          ],
          [
            29.9923941,
            39.9712168
          ],
          [
            29.9926892,
            39.9720452
          ],
          [
            29.9928808,
            39.9725249
          ],
          [
            29.9930736,
            39.9730498
          ]
        ]
      },
      "id": "way/484725316"
    },
    {
      "type": "Feature",
      "properties": {
        "@id": "way/484725317",
        "electrified": "contact_line",
        "frequency": "50",
        "gauge": "1435",
        "highspeed": "yes",
        "maxspeed": "250",
        "name": "Ankara - İstanbul yüksek hızlı demiryolu",
        "name:en": "Ankara - İstanbul high-speed railway",
        "operator": "TCDD",
        "passenger_lines": "1",
        "railway": "rail",
        "railway:etcs": "1",
        "usage": "main",
        "voltage": "25000",
        "wikidata": "Q513146",
        "wikipedia": "en:Ankara–Istanbul high-speed railway"
      },
      "geometry": {
        "type": "LineString",
        "coordinates": [
          [
            29.9937888,
            39.974932
          ],
          [
            29.9931268,
            39.9733423
          ]
        ]
      },
      "id": "way/484725317"
    },
    {
      "type": "Feature",
      "properties": {
        "@id": "way/503185157",
        "electrified": "contact_line",
        "frequency": "50",
        "gauge": "1435",
        "highspeed": "yes",
        "layer": "-1",
        "maxspeed": "250",
        "name": "Ankara - İstanbul yüksek hızlı demiryolu",
        "name:en": "Ankara - İstanbul high-speed railway",
        "operator": "TCDD",
        "passenger_lines": "1",
        "railway": "rail",
        "railway:etcs": "1",
        "tunnel": "yes",
        "usage": "main",
        "voltage": "25000",
        "wikidata": "Q513146",
        "wikipedia": "en:Ankara–Istanbul high-speed railway"
      },
      "geometry": {
        "type": "LineString",
        "coordinates": [
          [
            30.0278115,
            40.2029783
          ],
          [
            30.0253093,
            40.1975478
          ],
          [
            30.0230061,
            40.1925613
          ],
          [
            30.0206995,
            40.1871356
          ],
          [
            30.0176525,
            40.1792996
          ],
          [
            30.0162792,
            40.1748074
          ],
          [
            30.015732,
            40.1717906
          ],
          [
            30.0154556,
            40.1675619
          ]
        ]
      },
      "id": "way/503185157"
    },
    {
      "type": "Feature",
      "properties": {
        "@id": "way/503185369",
        "electrified": "contact_line",
        "frequency": "50",
        "gauge": "1435",
        "highspeed": "yes",
        "maxspeed": "250",
        "name": "Ankara - İstanbul yüksek hızlı demiryolu",
        "name:en": "Ankara - İstanbul high-speed railway",
        "operator": "TCDD",
        "passenger_lines": "1",
        "railway": "rail",
        "railway:etcs": "1",
        "usage": "main",
        "voltage": "25000",
        "wikidata": "Q513146",
        "wikipedia": "en:Ankara–Istanbul high-speed railway"
      },
      "geometry": {
        "type": "LineString",
        "coordinates": [
          [
            30.0155128,
            40.1673859
          ],
          [
            30.0155266,
            40.1675613
          ]
        ]
      },
      "id": "way/503185369"
    },
    {
      "type": "Feature",
      "properties": {
        "@id": "way/503185373",
        "electrified": "contact_line",
        "frequency": "50",
        "gauge": "1435",
        "highspeed": "yes",
        "maxspeed": "250",
        "name": "Ankara - İstanbul yüksek hızlı demiryolu",
        "name:en": "Ankara - İstanbul high-speed railway",
        "operator": "TCDD",
        "passenger_lines": "1",
        "railway": "rail",
        "railway:etcs": "1",
        "usage": "main",
        "voltage": "25000",
        "wikidata": "Q513146",
        "wikipedia": "en:Ankara–Istanbul high-speed railway"
      },
      "geometry": {
        "type": "LineString",
        "coordinates": [
          [
            30.0154556,
            40.1675619
          ],
          [
            30.0154435,
            40.1673941
          ]
        ]
      },
      "id": "way/503185373"
    },
    {
      "type": "Feature",
      "properties": {
        "@id": "way/503185377",
        "electrified": "contact_line",
        "frequency": "50",
        "gauge": "1435",
        "highspeed": "yes",
        "layer": "-1",
        "maxspeed": "250",
        "name": "Ankara - İstanbul yüksek hızlı demiryolu",
        "name:en": "Ankara - İstanbul high-speed railway",
        "operator": "TCDD",
        "passenger_lines": "1",
        "railway": "rail",
        "railway:etcs": "1",
        "tunnel": "yes",
        "usage": "main",
        "voltage": "25000",
        "wikidata": "Q513146",
        "wikipedia": "en:Ankara–Istanbul high-speed railway"
      },
      "geometry": {
        "type": "LineString",
        "coordinates": [
          [
            30.0152046,
            40.1623404
          ],
          [
            30.0153324,
            40.1644468
          ]
        ]
      },
      "id": "way/503185377"
    },
    {
      "type": "Feature",
      "properties": {
        "@id": "way/503185382",
        "electrified": "contact_line",
        "frequency": "50",
        "gauge": "1435",
        "highspeed": "yes",
        "layer": "-1",
        "maxspeed": "250",
        "name": "Ankara - İstanbul yüksek hızlı demiryolu",
        "name:en": "Ankara - İstanbul high-speed railway",
        "operator": "TCDD",
        "passenger_lines": "1",
        "railway": "rail",
        "railway:etcs": "1",
        "tunnel": "yes",
        "usage": "main",
        "voltage": "25000",
        "wikidata": "Q513146",
        "wikipedia": "en:Ankara–Istanbul high-speed railway"
      },
      "geometry": {
        "type": "LineString",
        "coordinates": [
          [
            30.0152546,
            40.164455
          ],
          [
            30.0151436,
            40.1623388
          ]
        ]
      },
      "id": "way/503185382"
    },
    {
      "type": "Feature",
      "properties": {
        "@id": "way/503186170",
        "electrified": "contact_line",
        "frequency": "50",
        "gauge": "1435",
        "highspeed": "yes",
        "layer": "-1",
        "maxspeed": "250",
        "name": "Ankara - İstanbul yüksek hızlı demiryolu",
        "name:en": "Ankara - İstanbul high-speed railway",
        "operator": "TCDD",
        "passenger_lines": "1",
        "railway": "rail",
        "railway:etcs": "1",
        "tunnel": "yes",
        "usage": "main",
        "voltage": "25000",
        "wikidata": "Q513146",
        "wikipedia": "en:Ankara–Istanbul high-speed railway"
      },
      "geometry": {
        "type": "LineString",
        "coordinates": [
          [
            30.0155266,
            40.1675613
          ],
          [
            30.0158023,
            40.1717855
          ],
          [
            30.0163486,
            40.1747976
          ],
          [
            30.0177207,
            40.1792858
          ],
          [
            30.0207668,
            40.1871196
          ],
          [
            30.0230732,
            40.1925447
          ],
          [
            30.0253759,
            40.1975301
          ],
          [
            30.0278776,
            40.2029596
          ]
        ]
      },
      "id": "way/503186170"
    },
    {
      "type": "Feature",
      "properties": {
        "@id": "way/503194080",
        "electrified": "contact_line",
        "frequency": "50",
        "gauge": "1435",
        "name": "İstanbul - Ankara demiryolu",
        "operator": "TCDD",
        "railway": "rail",
        "railway:etcs": "yes",
        "usage": "main",
        "voltage": "25000"
      },
      "geometry": {
        "type": "LineString",
        "coordinates": [
          [
            30.0142368,
            40.0045474
          ],
          [
            30.0165501,
            40.0053059
          ],
          [
            30.0170061,
            40.0054918
          ],
          [
            30.0172649,
            40.0056099
          ],
          [
            30.0175411,
            40.0057787
          ],
          [
            30.0180392,
            40.0061346
          ],
          [
            30.0183765,
            40.0064003
          ],
          [
            30.0186507,
            40.0066908
          ],
          [
            30.0189644,
            40.0071135
          ],
          [
            30.0192239,
            40.0074856
          ],
          [
            30.0194761,
            40.008174
          ],
          [
            30.0195401,
            40.0084596
          ],
          [
            30.019591,
            40.0087742
          ],
          [
            30.019601,
            40.0090611
          ],
          [
            30.0195585,
            40.0093715
          ],
          [
            30.0194949,
            40.0097095
          ],
          [
            30.0194295,
            40.0100527
          ],
          [
            30.0193088,
            40.0103721
          ],
          [
            30.0188802,
            40.0113062
          ],
          [
            30.018314,
            40.0125375
          ],
          [
            30.018256,
            40.0126966
          ],
          [
            30.0182247,
            40.0128464
          ],
          [
            30.0181988,
            40.0130499
          ],
          [
            30.018191,
            40.0132618
          ],
          [
            30.0182052,
            40.0135535
          ],
          [
            30.0182574,
            40.0137837
          ],
          [
            30.0183153,
            40.0139621
          ],
          [
            30.0184108,
            40.0142047
          ],
          [
            30.0185497,
            40.014449
          ],
          [
            30.0187142,
            40.0146669
          ],
          [
            30.0189254,
            40.0149027
          ],
          [
            30.0191444,
            40.0150978
          ],
          [
            30.0193007,
            40.015207
          ],
          [
            30.0195609,
            40.0153672
          ],
          [
            30.0198334,
            40.0155256
          ],
          [
            30.0209256,
            40.0160653
          ]
        ]
      },
      "id": "way/503194080"
    },
    {
      "type": "Feature",
      "properties": {
        "@id": "way/503194085",
        "electrified": "contact_line",
        "frequency": "50",
        "gauge": "1435",
        "name": "İstanbul - Ankara demiryolu",
        "operator": "TCDD",
        "railway": "rail",
        "railway:etcs": "yes",
        "source": "Bing",
        "usage": "main",
        "voltage": "25000"
      },
      "geometry": {
        "type": "LineString",
        "coordinates": [
          [
            30.020373,
            40.0158429
          ],
          [
            30.019813,
            40.0155634
          ],
          [
            30.0195207,
            40.0153949
          ],
          [
            30.0192699,
            40.0152429
          ],
          [
            30.0190781,
            40.0151063
          ],
          [
            30.0188515,
            40.0148999
          ],
          [
            30.0186637,
            40.0146903
          ],
          [
            30.018492,
            40.0144603
          ],
          [
            30.0183579,
            40.0142343
          ],
          [
            30.0182533,
            40.0139816
          ],
          [
            30.0181916,
            40.0137803
          ],
          [
            30.018138,
            40.013542
          ],
          [
            30.0181273,
            40.0133345
          ],
          [
            30.0181353,
            40.0130551
          ],
          [
            30.0181594,
            40.0128682
          ],
          [
            30.0182024,
            40.0126689
          ],
          [
            30.0182694,
            40.0125046
          ],
          [
            30.0188112,
            40.0113007
          ],
          [
            30.019227,
            40.010368
          ],
          [
            30.0193558,
            40.0099936
          ],
          [
            30.0193584,
            40.0099859
          ],
          [
            30.0194249,
            40.0096797
          ],
          [
            30.0194898,
            40.0093641
          ],
          [
            30.0195273,
            40.0090848
          ],
          [
            30.019509,
            40.0087191
          ],
          [
            30.0194688,
            40.0084682
          ],
          [
            30.0194027,
            40.0081729
          ],
          [
            30.0191624,
            40.0075085
          ],
          [
            30.0189208,
            40.0071456
          ],
          [
            30.0186015,
            40.0067214
          ],
          [
            30.0183337,
            40.0064328
          ],
          [
            30.0180106,
            40.0061733
          ],
          [
            30.0175025,
            40.0058162
          ],
          [
            30.0172314,
            40.005649
          ],
          [
            30.0169833,
            40.0055226
          ],
          [
            30.0165099,
            40.0053387
          ],
          [
            30.0148516,
            40.0047914
          ]
        ]
      },
      "id": "way/503194085"
    },
    {
      "type": "Feature",
      "properties": {
        "@id": "way/503194088",
        "bridge": "yes",
        "electrified": "contact_line",
        "frequency": "50",
        "gauge": "1435",
        "highspeed": "yes",
        "layer": "1",
        "maxspeed": "250",
        "name": "Ankara - İstanbul yüksek hızlı demiryolu",
        "name:en": "Ankara - İstanbul high-speed railway",
        "operator": "TCDD",
        "passenger_lines": "1",
        "railway": "rail",
        "railway:etcs": "1",
        "usage": "main",
        "voltage": "25000",
        "wikidata": "Q513146",
        "wikipedia": "en:Ankara–Istanbul high-speed railway"
      },
      "geometry": {
        "type": "LineString",
        "coordinates": [
          [
            30.0056834,
            39.9934152
          ],
          [
            30.004413,
            39.9919544
          ]
        ]
      },
      "id": "way/503194088"
    },
    {
      "type": "Feature",
      "properties": {
        "@id": "way/503194091",
        "electrified": "contact_line",
        "frequency": "50",
        "gauge": "1435",
        "highspeed": "yes",
        "maxspeed": "250",
        "name": "Ankara - İstanbul yüksek hızlı demiryolu",
        "name:en": "Ankara - İstanbul high-speed railway",
        "operator": "TCDD",
        "passenger_lines": "1",
        "railway": "rail",
        "railway:etcs": "1",
        "usage": "main",
        "voltage": "25000",
        "wikidata": "Q513146",
        "wikipedia": "en:Ankara–Istanbul high-speed railway"
      },
      "geometry": {
        "type": "LineString",
        "coordinates": [
          [
            30.004413,
            39.9919544
          ],
          [
            30.0041234,
            39.9915916
          ],
          [
            30.0037315,
            39.9911136
          ]
        ]
      },
      "id": "way/503194091"
    },
    {
      "type": "Feature",
      "properties": {
        "@id": "way/503194955",
        "bridge": "yes",
        "electrified": "contact_line",
        "frequency": "50",
        "gauge": "1435",
        "layer": "1",
        "name": "Konvansiyonel ile yüksek hızlı demiryolu bağlantı hattı",
        "operator": "TCDD",
        "railway": "rail",
        "railway:etcs": "yes",
        "usage": "main",
        "voltage": "25000"
      },
      "geometry": {
        "type": "LineString",
        "coordinates": [
          [
            30.0264823,
            40.0247523
          ],
          [
            30.0265346,
            40.024512
          ]
        ]
      },
      "id": "way/503194955"
    },
    {
      "type": "Feature",
      "properties": {
        "@id": "way/503194956",
        "electrified": "contact_line",
        "frequency": "50",
        "gauge": "1435",
        "name": "Konvansiyonel ile yüksek hızlı demiryolu bağlantı hattı",
        "operator": "TCDD",
        "railway": "rail",
        "railway:etcs": "yes",
        "usage": "main",
        "voltage": "25000"
      },
      "geometry": {
        "type": "LineString",
        "coordinates": [
          [
            30.0191814,
            40.0367802
          ],
          [
            30.0215256,
            40.0342686
          ],
          [
            30.0217724,
            40.034014
          ],
          [
            30.0220486,
            40.0338024
          ],
          [
            30.0222981,
            40.0336319
          ],
          [
            30.0236379,
            40.0328362
          ],
          [
            30.0239557,
            40.0326216
          ],
          [
            30.0241515,
            40.0324696
          ],
          [
            30.0244009,
            40.0322416
          ],
          [
            30.024582,
            40.032066
          ],
          [
            30.0247791,
            40.031798
          ],
          [
            30.0249092,
            40.0315978
          ],
          [
            30.025038,
            40.0313442
          ],
          [
            30.0251278,
            40.0311234
          ],
          [
            30.0251949,
            40.0308944
          ],
          [
            30.0252338,
            40.0306664
          ],
          [
            30.025333,
            40.0299332
          ],
          [
            30.0253759,
            40.0296251
          ],
          [
            30.0254161,
            40.0294116
          ],
          [
            30.0264823,
            40.0247523
          ]
        ]
      },
      "id": "way/503194956"
    },
    {
      "type": "Feature",
      "properties": {
        "@id": "way/503194957",
        "bridge": "yes",
        "electrified": "contact_line",
        "frequency": "50",
        "gauge": "1435",
        "layer": "1",
        "name": "Konvansiyonel ile yüksek hızlı demiryolu bağlantı hattı",
        "operator": "TCDD",
        "railway": "rail",
        "railway:etcs": "yes",
        "usage": "main",
        "voltage": "25000"
      },
      "geometry": {
        "type": "LineString",
        "coordinates": [
          [
            30.0245337,
            40.0184834
          ],
          [
            30.024354,
            40.0182307
          ]
        ]
      },
      "id": "way/503194957"
    },
    {
      "type": "Feature",
      "properties": {
        "@id": "way/503194958",
        "electrified": "contact_line",
        "frequency": "50",
        "gauge": "1435",
        "name": "Konvansiyonel ile yüksek hızlı demiryolu bağlantı hattı",
        "operator": "TCDD",
        "railway": "rail",
        "railway:etcs": "yes",
        "usage": "main",
        "voltage": "25000"
      },
      "geometry": {
        "type": "LineString",
        "coordinates": [
          [
            30.0265346,
            40.024512
          ],
          [
            30.0268525,
            40.0231348
          ],
          [
            30.0269034,
            40.0228401
          ],
          [
            30.0269155,
            40.0225556
          ],
          [
            30.0269034,
            40.022343
          ],
          [
            30.0268659,
            40.0221201
          ],
          [
            30.0267707,
            40.0217966
          ],
          [
            30.0265869,
            40.0214382
          ],
          [
            30.0264126,
            40.0211773
          ],
          [
            30.0245337,
            40.0184834
          ]
        ]
      },
      "id": "way/503194958"
    },
    {
      "type": "Feature",
      "properties": {
        "@id": "way/503195418",
        "electrified": "contact_line",
        "frequency": "50",
        "gauge": "1435",
        "layer": "-2",
        "maxspeed": "65",
        "name": "Konvansiyonel ile yüksek hızlı demiryolu bağlantı hattı",
        "operator": "TCDD",
        "railway": "rail",
        "railway:etcs": "yes",
        "tunnel": "yes",
        "usage": "main",
        "voltage": "25000"
      },
      "geometry": {
        "type": "LineString",
        "coordinates": [
          [
            30.0219719,
            40.0562325
          ],
          [
            30.0207048,
            40.0557793
          ],
          [
            30.0186859,
            40.0544717
          ],
          [
            30.0171061,
            40.0526275
          ],
          [
            30.0151741,
            40.0487741
          ],
          [
            30.0148201,
            40.046803
          ],
          [
            30.0147128,
            40.0452014
          ],
          [
            30.0149059,
            40.0433945
          ],
          [
            30.0152278,
            40.0420967
          ],
          [
            30.0157964,
            40.0408647
          ],
          [
            30.0166654,
            40.0395422
          ],
          [
            30.0191814,
            40.0367802
          ]
        ]
      },
      "id": "way/503195418"
    },
    {
      "type": "Feature",
      "properties": {
        "@id": "way/503195422",
        "electrified": "contact_line",
        "frequency": "50",
        "gauge": "1435",
        "maxspeed": "65",
        "name": "Konvansiyonel ile yüksek hızlı demiryolu bağlantı hattı",
        "operator": "TCDD",
        "railway": "rail",
        "railway:etcs": "yes",
        "usage": "main",
        "voltage": "25000"
      },
      "geometry": {
        "type": "LineString",
        "coordinates": [
          [
            30.0222761,
            40.0563444
          ],
          [
            30.0219719,
            40.0562325
          ]
        ]
      },
      "id": "way/503195422"
    },
    {
      "type": "Feature",
      "properties": {
        "@id": "way/503195425",
        "bridge": "yes",
        "electrified": "contact_line",
        "frequency": "50",
        "gauge": "1435",
        "layer": "1",
        "maxspeed": "65",
        "name": "Konvansiyonel ile yüksek hızlı demiryolu bağlantı hattı",
        "operator": "TCDD",
        "railway": "rail",
        "railway:etcs": "yes",
        "usage": "main",
        "voltage": "25000"
      },
      "geometry": {
        "type": "LineString",
        "coordinates": [
          [
            30.0247195,
            40.0578186
          ],
          [
            30.0242457,
            40.0572983
          ],
          [
            30.0238385,
            40.05703
          ],
          [
            30.0233534,
            40.0567564
          ],
          [
            30.0222761,
            40.0563444
          ]
        ]
      },
      "id": "way/503195425"
    },
    {
      "type": "Feature",
      "properties": {
        "@id": "way/503195430",
        "electrified": "contact_line",
        "frequency": "50",
        "gauge": "1435",
        "layer": "-1",
        "maxspeed": "65",
        "name": "Konvansiyonel ile yüksek hızlı demiryolu bağlantı hattı",
        "operator": "TCDD",
        "railway": "rail",
        "railway:etcs": "2",
        "tunnel": "yes",
        "usage": "main",
        "voltage": "25000"
      },
      "geometry": {
        "type": "LineString",
        "coordinates": [
          [
            30.0255119,
            40.0591525
          ],
          [
            30.0251969,
            40.0584687
          ],
          [
            30.0247195,
            40.0578186
          ]
        ]
      },
      "id": "way/503195430"
    },
    {
      "type": "Feature",
      "properties": {
        "@id": "way/503196119",
        "electrified": "contact_line",
        "frequency": "50",
        "gauge": "1435",
        "highspeed": "yes",
        "layer": "-1",
        "maxspeed": "250",
        "name": "Ankara - İstanbul yüksek hızlı demiryolu",
        "name:en": "Ankara - İstanbul high-speed railway",
        "operator": "TCDD",
        "passenger_lines": "1",
        "railway": "rail",
        "railway:etcs": "1",
        "tunnel": "yes",
        "usage": "main",
        "voltage": "25000",
        "wikidata": "Q513146",
        "wikipedia": "en:Ankara–Istanbul high-speed railway"
      },
      "geometry": {
        "type": "LineString",
        "coordinates": [
          [
            30.0255119,
            40.0591525
          ],
          [
            30.0255434,
            40.059505
          ],
          [
            30.0254524,
            40.0624472
          ],
          [
            30.02527,
            40.0663885
          ],
          [
            30.0249266,
            40.0702393
          ],
          [
            30.024594,
            40.0718731
          ],
          [
            30.023843,
            40.0738107
          ],
          [
            30.0228238,
            40.0756743
          ],
          [
            30.0216114,
            40.0774229
          ],
          [
            30.0192093,
            40.0806341
          ]
        ]
      },
      "id": "way/503196119"
    },
    {
      "type": "Feature",
      "properties": {
        "@id": "way/503196121",
        "electrified": "contact_line",
        "frequency": "50",
        "gauge": "1435",
        "highspeed": "yes",
        "layer": "-1",
        "maxspeed": "250",
        "name": "Ankara - İstanbul yüksek hızlı demiryolu",
        "name:en": "Ankara - İstanbul high-speed railway",
        "operator": "TCDD",
        "passenger_lines": "1",
        "railway": "rail",
        "railway:etcs": "1",
        "tunnel": "yes",
        "usage": "main",
        "voltage": "25000",
        "wikidata": "Q513146",
        "wikipedia": "en:Ankara–Istanbul high-speed railway"
      },
      "geometry": {
        "type": "LineString",
        "coordinates": [
          [
            30.0191802,
            40.0806189
          ],
          [
            30.0215598,
            40.0774016
          ],
          [
            30.0227707,
            40.075655
          ],
          [
            30.0229351,
            40.0753544
          ],
          [
            30.0237877,
            40.0737956
          ],
          [
            30.0245366,
            40.0718632
          ],
          [
            30.0248682,
            40.0702343
          ],
          [
            30.0252113,
            40.0663862
          ],
          [
            30.0253937,
            40.0624456
          ],
          [
            30.0254915,
            40.0595032
          ],
          [
            30.0255119,
            40.0591525
          ]
        ]
      },
      "id": "way/503196121"
    },
    {
      "type": "Feature",
      "properties": {
        "@id": "way/759139546",
        "electrified": "contact_line",
        "frequency": "50",
        "gauge": "1435",
        "name": "Konvansiyonel ile yüksek hızlı demiryolu bağlantı hattı",
        "operator": "TCDD",
        "railway": "rail",
        "railway:etcs": "yes",
        "usage": "main",
        "voltage": "25000"
      },
      "geometry": {
        "type": "LineString",
        "coordinates": [
          [
            30.024354,
            40.0182307
          ],
          [
            30.0241528,
            40.0179842
          ],
          [
            30.0239839,
            40.0178066
          ],
          [
            30.0237934,
            40.0176402
          ],
          [
            30.0235306,
            40.0174368
          ],
          [
            30.0232999,
            40.0173002
          ],
          [
            30.0229284,
            40.0170989
          ],
          [
            30.0220363,
            40.0166607
          ]
        ]
      },
      "id": "way/759139546"
    },
    {
      "type": "Feature",
      "properties": {
        "@id": "way/849337170",
        "cutting": "yes",
        "electrified": "contact_line",
        "frequency": "50",
        "gauge": "1435",
        "highspeed": "yes",
        "maxspeed": "250",
        "name": "Ankara - İstanbul yüksek hızlı demiryolu",
        "name:en": "Ankara - İstanbul high-speed railway",
        "operator": "TCDD",
        "passenger_lines": "1",
        "railway": "rail",
        "railway:etcs": "1",
        "usage": "main",
        "voltage": "25000",
        "wikidata": "Q513146",
        "wikipedia": "en:Ankara–Istanbul high-speed railway"
      },
      "geometry": {
        "type": "LineString",
        "coordinates": [
          [
            30.10271,
            39.8529786
          ],
          [
            30.1099478,
            39.8500535
          ],
          [
            30.1133188,
            39.8486919
          ]
        ]
      },
      "id": "way/849337170"
    },
    {
      "type": "Feature",
      "properties": {
        "@id": "way/849337171",
        "cutting": "yes",
        "electrified": "contact_line",
        "frequency": "50",
        "gauge": "1435",
        "highspeed": "yes",
        "maxspeed": "250",
        "name": "Ankara - İstanbul yüksek hızlı demiryolu",
        "name:en": "Ankara - İstanbul high-speed railway",
        "operator": "TCDD",
        "passenger_lines": "1",
        "railway": "rail",
        "railway:etcs": "1",
        "usage": "main",
        "voltage": "25000",
        "wikidata": "Q513146",
        "wikipedia": "en:Ankara–Istanbul high-speed railway"
      },
      "geometry": {
        "type": "LineString",
        "coordinates": [
          [
            30.1133568,
            39.8487307
          ],
          [
            30.1027443,
            39.8530162
          ]
        ]
      },
      "id": "way/849337171"
    },
    {
      "type": "Feature",
      "properties": {
        "@id": "way/849337172",
        "electrified": "contact_line",
        "embankment": "yes",
        "frequency": "50",
        "gauge": "1435",
        "highspeed": "yes",
        "maxspeed": "250",
        "name": "Ankara - İstanbul yüksek hızlı demiryolu",
        "name:en": "Ankara - İstanbul high-speed railway",
        "operator": "TCDD",
        "passenger_lines": "1",
        "railway": "rail",
        "railway:etcs": "1",
        "usage": "main",
        "voltage": "25000",
        "wikidata": "Q513146",
        "wikipedia": "en:Ankara–Istanbul high-speed railway"
      },
      "geometry": {
        "type": "LineString",
        "coordinates": [
          [
            30.1027443,
            39.8530162
          ],
          [
            30.1003466,
            39.8539615
          ]
        ]
      },
      "id": "way/849337172"
    },
    {
      "type": "Feature",
      "properties": {
        "@id": "way/849337173",
        "electrified": "contact_line",
        "embankment": "yes",
        "frequency": "50",
        "gauge": "1435",
        "highspeed": "yes",
        "maxspeed": "250",
        "name": "Ankara - İstanbul yüksek hızlı demiryolu",
        "name:en": "Ankara - İstanbul high-speed railway",
        "operator": "TCDD",
        "passenger_lines": "1",
        "railway": "rail",
        "railway:etcs": "1",
        "usage": "main",
        "voltage": "25000",
        "wikidata": "Q513146",
        "wikipedia": "en:Ankara–Istanbul high-speed railway"
      },
      "geometry": {
        "type": "LineString",
        "coordinates": [
          [
            30.100316,
            39.8539212
          ],
          [
            30.10271,
            39.8529786
          ]
        ]
      },
      "id": "way/849337173"
    },
    {
      "type": "Feature",
      "properties": {
        "@id": "way/849337174",
        "cutting": "yes",
        "electrified": "contact_line",
        "frequency": "50",
        "gauge": "1435",
        "highspeed": "yes",
        "maxspeed": "250",
        "name": "Ankara - İstanbul yüksek hızlı demiryolu",
        "name:en": "Ankara - İstanbul high-speed railway",
        "operator": "TCDD",
        "passenger_lines": "1",
        "railway": "rail",
        "railway:etcs": "1",
        "usage": "main",
        "voltage": "25000",
        "wikidata": "Q513146",
        "wikipedia": "en:Ankara–Istanbul high-speed railway"
      },
      "geometry": {
        "type": "LineString",
        "coordinates": [
          [
            30.0345159,
            39.8844916
          ],
          [
            30.0385242,
            39.8825074
          ]
        ]
      },
      "id": "way/849337174"
    },
    {
      "type": "Feature",
      "properties": {
        "@id": "way/849337175",
        "electrified": "contact_line",
        "embankment": "yes",
        "frequency": "50",
        "gauge": "1435",
        "highspeed": "yes",
        "maxspeed": "250",
        "name": "Ankara - İstanbul yüksek hızlı demiryolu",
        "name:en": "Ankara - İstanbul high-speed railway",
        "operator": "TCDD",
        "passenger_lines": "1",
        "railway": "rail",
        "railway:etcs": "1",
        "usage": "main",
        "voltage": "25000",
        "wikidata": "Q513146",
        "wikipedia": "en:Ankara–Istanbul high-speed railway"
      },
      "geometry": {
        "type": "LineString",
        "coordinates": [
          [
            30.0345364,
            39.8845246
          ],
          [
            30.0334279,
            39.8850779
          ],
          [
            30.0320629,
            39.8857895
          ],
          [
            30.0303823,
            39.8867306
          ],
          [
            30.0286356,
            39.8877652
          ]
        ]
      },
      "id": "way/849337175"
    },
    {
      "type": "Feature",
      "properties": {
        "@id": "way/849337176",
        "cutting": "yes",
        "electrified": "contact_line",
        "frequency": "50",
        "gauge": "1435",
        "highspeed": "yes",
        "maxspeed": "250",
        "name": "Ankara - İstanbul yüksek hızlı demiryolu",
        "name:en": "Ankara - İstanbul high-speed railway",
        "operator": "TCDD",
        "passenger_lines": "1",
        "railway": "rail",
        "railway:etcs": "1",
        "usage": "main",
        "voltage": "25000",
        "wikidata": "Q513146",
        "wikipedia": "en:Ankara–Istanbul high-speed railway"
      },
      "geometry": {
        "type": "LineString",
        "coordinates": [
          [
            30.0385458,
            39.8825521
          ],
          [
            30.0345364,
            39.8845246
          ]
        ]
      },
      "id": "way/849337176"
    },
    {
      "type": "Feature",
      "properties": {
        "@id": "way/849337177",
        "electrified": "contact_line",
        "frequency": "50",
        "gauge": "1435",
        "highspeed": "yes",
        "maxspeed": "250",
        "name": "Ankara - İstanbul yüksek hızlı demiryolu",
        "name:en": "Ankara - İstanbul high-speed railway",
        "operator": "TCDD",
        "passenger_lines": "1",
        "railway": "rail",
        "railway:etcs": "1",
        "usage": "main",
        "voltage": "25000",
        "wikidata": "Q513146",
        "wikipedia": "en:Ankara–Istanbul high-speed railway"
      },
      "geometry": {
        "type": "LineString",
        "coordinates": [
          [
            30.0385242,
            39.8825074
          ],
          [
            30.0427003,
            39.8804902
          ],
          [
            30.0468353,
            39.8784716
          ],
          [
            30.0545432,
            39.8747076
          ],
          [
            30.0574911,
            39.8732504
          ]
        ]
      },
      "id": "way/849337177"
    },
    {
      "type": "Feature",
      "properties": {
        "@id": "way/849337178",
        "cutting": "yes",
        "electrified": "contact_line",
        "frequency": "50",
        "gauge": "1435",
        "highspeed": "yes",
        "maxspeed": "250",
        "name": "Ankara - İstanbul yüksek hızlı demiryolu",
        "name:en": "Ankara - İstanbul high-speed railway",
        "operator": "TCDD",
        "passenger_lines": "1",
        "railway": "rail",
        "railway:etcs": "1",
        "usage": "main",
        "voltage": "25000",
        "wikidata": "Q513146",
        "wikipedia": "en:Ankara–Istanbul high-speed railway"
      },
      "geometry": {
        "type": "LineString",
        "coordinates": [
          [
            30.0286356,
            39.8877652
          ],
          [
            30.0271393,
            39.8887601
          ],
          [
            30.0255413,
            39.8899013
          ],
          [
            30.0241451,
            39.8909277
          ],
          [
            30.0226307,
            39.8921171
          ]
        ]
      },
      "id": "way/849337178"
    },
    {
      "type": "Feature",
      "properties": {
        "@id": "way/849337179",
        "electrified": "contact_line",
        "embankment": "yes",
        "frequency": "50",
        "gauge": "1435",
        "highspeed": "yes",
        "maxspeed": "250",
        "name": "Ankara - İstanbul yüksek hızlı demiryolu",
        "name:en": "Ankara - İstanbul high-speed railway",
        "operator": "TCDD",
        "passenger_lines": "1",
        "railway": "rail",
        "railway:etcs": "1",
        "usage": "main",
        "voltage": "25000",
        "wikidata": "Q513146",
        "wikipedia": "en:Ankara–Istanbul high-speed railway"
      },
      "geometry": {
        "type": "LineString",
        "coordinates": [
          [
            30.0285958,
            39.8877294
          ],
          [
            30.030334,
            39.8867018
          ],
          [
            30.0320118,
            39.8857676
          ],
          [
            30.0334038,
            39.8850388
          ],
          [
            30.0345159,
            39.8844916
          ]
        ]
      },
      "id": "way/849337179"
    },
    {
      "type": "Feature",
      "properties": {
        "@id": "way/849337180",
        "electrified": "contact_line",
        "frequency": "50",
        "gauge": "1435",
        "highspeed": "yes",
        "maxspeed": "250",
        "name": "Ankara - İstanbul yüksek hızlı demiryolu",
        "name:en": "Ankara - İstanbul high-speed railway",
        "operator": "TCDD",
        "passenger_lines": "1",
        "railway": "rail",
        "railway:etcs": "1",
        "usage": "main",
        "voltage": "25000",
        "wikidata": "Q513146",
        "wikipedia": "en:Ankara–Istanbul high-speed railway"
      },
      "geometry": {
        "type": "LineString",
        "coordinates": [
          [
            29.9929769,
            39.9729919
          ],
          [
            29.9928132,
            39.9725357
          ],
          [
            29.9926275,
            39.9720493
          ],
          [
            29.9923405,
            39.9712271
          ],
          [
            29.9919671,
            39.9699744
          ]
        ]
      },
      "id": "way/849337180"
    },
    {
      "type": "Feature",
      "properties": {
        "@id": "way/849337184",
        "bridge": "yes",
        "electrified": "contact_line",
        "frequency": "50",
        "gauge": "1435",
        "layer": "1",
        "operator": "TCDD",
        "railway": "rail",
        "railway:etcs": "yes",
        "source": "Bing",
        "usage": "main",
        "voltage": "25000"
      },
      "geometry": {
        "type": "LineString",
        "coordinates": [
          [
            29.9924765,
            39.9723907
          ],
          [
            29.9922964,
            39.9722267
          ]
        ]
      },
      "id": "way/849337184"
    },
    {
      "type": "Feature",
      "properties": {
        "@id": "way/849337185",
        "electrified": "contact_line",
        "frequency": "50",
        "gauge": "1435",
        "name": "İstanbul - Ankara demiryolu",
        "operator": "TCDD",
        "railway": "rail",
        "railway:etcs": "yes",
        "source": "Bing",
        "usage": "main",
        "voltage": "25000"
      },
      "geometry": {
        "type": "LineString",
        "coordinates": [
          [
            29.9922964,
            39.9722267
          ],
          [
            29.9918237,
            39.9717381
          ],
          [
            29.9915257,
            39.9713901
          ],
          [
            29.9911371,
            39.9708756
          ],
          [
            29.9906649,
            39.9699453
          ]
        ]
      },
      "id": "way/849337185"
    },
    {
      "type": "Feature",
      "properties": {
        "@id": "way/849337186",
        "cutting": "yes",
        "electrified": "contact_line",
        "frequency": "50",
        "gauge": "1435",
        "highspeed": "yes",
        "maxspeed": "250",
        "name": "Ankara - İstanbul yüksek hızlı demiryolu",
        "name:en": "Ankara - İstanbul high-speed railway",
        "operator": "TCDD",
        "passenger_lines": "1",
        "railway": "rail",
        "railway:etcs": "1",
        "usage": "main",
        "voltage": "25000",
        "wikidata": "Q513146",
        "wikipedia": "en:Ankara–Istanbul high-speed railway"
      },
      "geometry": {
        "type": "LineString",
        "coordinates": [
          [
            30.001218,
            39.9872589
          ],
          [
            30.0020341,
            39.9885546
          ]
        ]
      },
      "id": "way/849337186"
    },
    {
      "type": "Feature",
      "properties": {
        "@id": "way/849337187",
        "cutting": "yes",
        "electrified": "contact_line",
        "frequency": "50",
        "gauge": "1435",
        "highspeed": "yes",
        "maxspeed": "250",
        "name": "Ankara - İstanbul yüksek hızlı demiryolu",
        "name:en": "Ankara - İstanbul high-speed railway",
        "operator": "TCDD",
        "passenger_lines": "1",
        "railway": "rail",
        "railway:etcs": "1",
        "usage": "main",
        "voltage": "25000",
        "wikidata": "Q513146",
        "wikipedia": "en:Ankara–Istanbul high-speed railway"
      },
      "geometry": {
        "type": "LineString",
        "coordinates": [
          [
            30.0019797,
            39.9885791
          ],
          [
            30.0011708,
            39.9872929
          ]
        ]
      },
      "id": "way/849337187"
    },
    {
      "type": "Feature",
      "properties": {
        "@id": "way/849413254",
        "electrified": "contact_line",
        "frequency": "50",
        "gauge": "1435",
        "highspeed": "yes",
        "maxspeed": "250",
        "operator": "TCDD",
        "passenger_lines": "1",
        "railway": "rail",
        "railway:etcs": "1",
        "usage": "main",
        "voltage": "25000"
      },
      "geometry": {
        "type": "LineString",
        "coordinates": [
          [
            30.0034052,
            39.9906515
          ],
          [
            30.0036161,
            39.9908939
          ],
          [
            30.0037315,
            39.9911136
          ]
        ]
      },
      "id": "way/849413254"
    },
    {
      "type": "Feature",
      "properties": {
        "@id": "way/849480444",
        "electrified": "contact_line",
        "embankment": "yes",
        "frequency": "50",
        "gauge": "1435",
        "highspeed": "yes",
        "maxspeed": "250",
        "name": "Ankara - İstanbul yüksek hızlı demiryolu",
        "name:en": "Ankara - İstanbul high-speed railway",
        "operator": "TCDD",
        "passenger_lines": "1",
        "railway": "rail",
        "railway:etcs": "1",
        "usage": "main",
        "voltage": "25000",
        "wikidata": "Q513146",
        "wikipedia": "en:Ankara–Istanbul high-speed railway"
      },
      "geometry": {
        "type": "LineString",
        "coordinates": [
          [
            30.0132295,
            40.0888296
          ],
          [
            30.0122076,
            40.09018
          ],
          [
            30.0110881,
            40.0916851
          ]
        ]
      },
      "id": "way/849480444"
    },
    {
      "type": "Feature",
      "properties": {
        "@id": "way/849480445",
        "cutting": "yes",
        "electrified": "contact_line",
        "frequency": "50",
        "gauge": "1435",
        "highspeed": "yes",
        "maxspeed": "250",
        "name": "Ankara - İstanbul yüksek hızlı demiryolu",
        "name:en": "Ankara - İstanbul high-speed railway",
        "operator": "TCDD",
        "passenger_lines": "1",
        "railway": "rail",
        "railway:etcs": "1",
        "usage": "main",
        "voltage": "25000",
        "wikidata": "Q513146",
        "wikipedia": "en:Ankara–Istanbul high-speed railway"
      },
      "geometry": {
        "type": "LineString",
        "coordinates": [
          [
            30.0131781,
            40.0888082
          ],
          [
            30.0143715,
            40.0872223
          ]
        ]
      },
      "id": "way/849480445"
    },
    {
      "type": "Feature",
      "properties": {
        "@id": "way/849480446",
        "cutting": "yes",
        "electrified": "contact_line",
        "frequency": "50",
        "gauge": "1435",
        "highspeed": "yes",
        "maxspeed": "250",
        "name": "Ankara - İstanbul yüksek hızlı demiryolu",
        "name:en": "Ankara - İstanbul high-speed railway",
        "operator": "TCDD",
        "passenger_lines": "1",
        "railway": "rail",
        "railway:etcs": "1",
        "usage": "main",
        "voltage": "25000",
        "wikidata": "Q513146",
        "wikipedia": "en:Ankara–Istanbul high-speed railway"
      },
      "geometry": {
        "type": "LineString",
        "coordinates": [
          [
            30.0110881,
            40.0916851
          ],
          [
            30.0105711,
            40.0923641
          ]
        ]
      },
      "id": "way/849480446"
    },
    {
      "type": "Feature",
      "properties": {
        "@id": "way/849480447",
        "electrified": "contact_line",
        "embankment": "yes",
        "frequency": "50",
        "gauge": "1435",
        "highspeed": "yes",
        "maxspeed": "250",
        "name": "Ankara - İstanbul yüksek hızlı demiryolu",
        "name:en": "Ankara - İstanbul high-speed railway",
        "operator": "TCDD",
        "passenger_lines": "1",
        "railway": "rail",
        "railway:etcs": "1",
        "usage": "main",
        "voltage": "25000",
        "wikidata": "Q513146",
        "wikipedia": "en:Ankara–Istanbul high-speed railway"
      },
      "geometry": {
        "type": "LineString",
        "coordinates": [
          [
            30.0110301,
            40.0916689
          ],
          [
            30.0121692,
            40.0901396
          ],
          [
            30.0131781,
            40.0888082
          ]
        ]
      },
      "id": "way/849480447"
    },
    {
      "type": "Feature",
      "properties": {
        "@id": "way/849480448",
        "cutting": "yes",
        "electrified": "contact_line",
        "frequency": "50",
        "gauge": "1435",
        "highspeed": "yes",
        "maxspeed": "250",
        "name": "Ankara - İstanbul yüksek hızlı demiryolu",
        "name:en": "Ankara - İstanbul high-speed railway",
        "operator": "TCDD",
        "passenger_lines": "1",
        "railway": "rail",
        "railway:etcs": "1",
        "usage": "main",
        "voltage": "25000",
        "wikidata": "Q513146",
        "wikipedia": "en:Ankara–Istanbul high-speed railway"
      },
      "geometry": {
        "type": "LineString",
        "coordinates": [
          [
            30.0105211,
            40.0923464
          ],
          [
            30.0110301,
            40.0916689
          ]
        ]
      },
      "id": "way/849480448"
    },
    {
      "type": "Feature",
      "properties": {
        "@id": "way/849480449",
        "electrified": "contact_line",
        "frequency": "50",
        "gauge": "1435",
        "highspeed": "yes",
        "maxspeed": "250",
        "name": "Ankara - İstanbul yüksek hızlı demiryolu",
        "name:en": "Ankara - İstanbul high-speed railway",
        "operator": "TCDD",
        "passenger_lines": "1",
        "railway": "rail",
        "railway:etcs": "1",
        "usage": "main",
        "voltage": "25000",
        "wikidata": "Q513146",
        "wikipedia": "en:Ankara–Istanbul high-speed railway"
      },
      "geometry": {
        "type": "LineString",
        "coordinates": [
          [
            30.0105711,
            40.0923641
          ],
          [
            30.0100788,
            40.0930377
          ]
        ]
      },
      "id": "way/849480449"
    },
    {
      "type": "Feature",
      "properties": {
        "@id": "way/854304325",
        "bridge": "yes",
        "electrified": "contact_line",
        "frequency": "50",
        "gauge": "1435",
        "highspeed": "yes",
        "layer": "1",
        "maxspeed": "250",
        "name": "Ankara - İstanbul yüksek hızlı demiryolu",
        "name:en": "Ankara - İstanbul high-speed railway",
        "operator": "TCDD",
        "passenger_lines": "1",
        "railway": "rail",
        "railway:etcs": "1",
        "usage": "main",
        "voltage": "25000",
        "wikidata": "Q513146",
        "wikipedia": "en:Ankara–Istanbul high-speed railway"
      },
      "geometry": {
        "type": "LineString",
        "coordinates": [
          [
            29.9931268,
            39.9733423
          ],
          [
            29.9929769,
            39.9729919
          ]
        ]
      },
      "id": "way/854304325"
    },
    {
      "type": "Feature",
      "properties": {
        "@id": "way/854304327",
        "bridge": "yes",
        "electrified": "contact_line",
        "frequency": "50",
        "gauge": "1435",
        "highspeed": "yes",
        "layer": "1",
        "maxspeed": "250",
        "name": "Ankara - İstanbul yüksek hızlı demiryolu",
        "name:en": "Ankara - İstanbul high-speed railway",
        "operator": "TCDD",
        "passenger_lines": "1",
        "railway": "rail",
        "railway:etcs": "1",
        "usage": "main",
        "voltage": "25000",
        "wikidata": "Q513146",
        "wikipedia": "en:Ankara–Istanbul high-speed railway"
      },
      "geometry": {
        "type": "LineString",
        "coordinates": [
          [
            29.9930736,
            39.9730498
          ],
          [
            29.993221,
            39.9734018
          ]
        ]
      },
      "id": "way/854304327"
    },
    {
      "type": "Feature",
      "properties": {
        "@id": "way/854304328",
        "electrified": "contact_line",
        "frequency": "50",
        "gauge": "1435",
        "highspeed": "yes",
        "maxspeed": "250",
        "name": "Ankara - İstanbul yüksek hızlı demiryolu",
        "name:en": "Ankara - İstanbul high-speed railway",
        "operator": "TCDD",
        "passenger_lines": "1",
        "railway": "rail",
        "railway:etcs": "1",
        "usage": "main",
        "voltage": "25000",
        "wikidata": "Q513146",
        "wikipedia": "en:Ankara–Istanbul high-speed railway"
      },
      "geometry": {
        "type": "LineString",
        "coordinates": [
          [
            29.993221,
            39.9734018
          ],
          [
            29.9938527,
            39.9749242
          ]
        ]
      },
      "id": "way/854304328"
    },
    {
      "type": "Feature",
      "properties": {
        "@id": "way/854304329",
        "electrified": "contact_line",
        "embankment": "yes",
        "frequency": "50",
        "gauge": "1435",
        "name": "İstanbul - Ankara demiryolu",
        "operator": "TCDD",
        "railway": "rail",
        "railway:etcs": "yes",
        "source": "Bing",
        "usage": "main",
        "voltage": "25000"
      },
      "geometry": {
        "type": "LineString",
        "coordinates": [
          [
            29.9984405,
            39.9746758
          ],
          [
            29.9982527,
            39.9744552
          ],
          [
            29.9977509,
            39.9740904
          ],
          [
            29.9974388,
            39.9739124
          ],
          [
            29.9970502,
            39.9737621
          ],
          [
            29.9966479,
            39.9736308
          ],
          [
            29.996246,
            39.9735493
          ],
          [
            29.9953328,
            39.9733851
          ],
          [
            29.9946985,
            39.973299
          ],
          [
            29.99427,
            39.973221
          ],
          [
            29.9939565,
            39.9731415
          ],
          [
            29.9935924,
            39.9730382
          ],
          [
            29.9932547,
            39.9728991
          ],
          [
            29.9930879,
            39.9728115
          ]
        ]
      },
      "id": "way/854304329"
    },
    {
      "type": "Feature",
      "properties": {
        "@id": "way/854304330",
        "electrified": "contact_line",
        "frequency": "50",
        "gauge": "1435",
        "name": "İstanbul - Ankara demiryolu",
        "operator": "TCDD",
        "railway": "rail",
        "railway:etcs": "yes",
        "source": "Bing",
        "usage": "main",
        "voltage": "25000"
      },
      "geometry": {
        "type": "LineString",
        "coordinates": [
          [
            29.9928093,
            39.9726561
          ],
          [
            29.9924765,
            39.9723907
          ]
        ]
      },
      "id": "way/854304330"
    },
    {
      "type": "Feature",
      "properties": {
        "@id": "way/854304333",
        "bridge": "yes",
        "electrified": "contact_line",
        "frequency": "50",
        "gauge": "1435",
        "layer": "1",
        "name": "İstanbul - Ankara demiryolu",
        "operator": "TCDD",
        "railway": "rail",
        "railway:etcs": "yes",
        "source": "Bing",
        "usage": "main",
        "voltage": "25000"
      },
      "geometry": {
        "type": "LineString",
        "coordinates": [
          [
            30.0002938,
            39.9798373
          ],
          [
            29.9995344,
            39.9774393
          ],
          [
            29.9994103,
            39.9770067
          ],
          [
            29.9993057,
            39.9766255
          ]
        ]
      },
      "id": "way/854304333"
    },
    {
      "type": "Feature",
      "properties": {
        "@id": "way/1309956299",
        "electrified": "contact_line",
        "frequency": "50",
        "gauge": "1435",
        "name": "İstanbul - Ankara demiryolu",
        "operator": "TCDD",
        "railway": "rail",
        "railway:etcs": "yes",
        "usage": "main",
        "voltage": "25000"
      },
      "geometry": {
        "type": "LineString",
        "coordinates": [
          [
            30.0215749,
            40.0163871
          ],
          [
            30.022965,
            40.0170739
          ],
          [
            30.0233361,
            40.0172684
          ],
          [
            30.0235689,
            40.0174132
          ],
          [
            30.0238388,
            40.0176084
          ],
          [
            30.0240322,
            40.017786
          ],
          [
            30.0241974,
            40.0179595
          ],
          [
            30.0244044,
            40.0182114
          ]
        ]
      },
      "id": "way/1309956299"
    },
    {
      "type": "Feature",
      "properties": {
        "@id": "way/1337193028",
        "axle_load": "22.5",
        "electrified": "contact_line",
        "frequency": "50",
        "gauge": "1435",
        "name": "İstanbul - Ankara demiryolu",
        "name:en": "İstanbul - Ankara railway",
        "operator": "TCDD",
        "passenger_lines": "1",
        "railway": "rail",
        "railway:bidirectional": "regular",
        "railway:preferred_direction": "both",
        "source": "bing",
        "usage": "main",
        "voltage": "25000",
        "wikidata": "Q15103266",
        "wikipedia": "en:Istanbul–Ankara railway"
      },
      "geometry": {
        "type": "LineString",
        "coordinates": [
          [
            30.5065904,
            39.7797528
          ],
          [
            30.5089986,
            39.7801534
          ],
          [
            30.5098029,
            39.7802931
          ],
          [
            30.5108001,
            39.7804586
          ]
        ]
      },
      "id": "way/1337193028"
    },
    {
      "type": "Feature",
      "properties": {
        "@id": "way/1356040767",
        "electrified": "contact_line",
        "frequency": "50",
        "gauge": "1435",
        "name": "Konvansiyonel ile yüksek hızlı demiryolu bağlantı hattı",
        "operator": "TCDD",
        "railway": "rail",
        "railway:etcs": "yes",
        "usage": "main",
        "voltage": "25000"
      },
      "geometry": {
        "type": "LineString",
        "coordinates": [
          [
            30.0220363,
            40.0166607
          ],
          [
            30.020373,
            40.0158429
          ]
        ]
      },
      "id": "way/1356040767"
    },
    {
      "type": "Feature",
      "properties": {
        "@id": "way/1356040768",
        "electrified": "contact_line",
        "frequency": "50",
        "gauge": "1435",
        "name": "İstanbul - Ankara demiryolu",
        "operator": "TCDD",
        "railway": "rail",
        "railway:etcs": "yes",
        "usage": "main",
        "voltage": "25000"
      },
      "geometry": {
        "type": "LineString",
        "coordinates": [
          [
            30.0209256,
            40.0160653
          ],
          [
            30.0215749,
            40.0163871
          ]
        ]
      },
      "id": "way/1356040768"
    },
    {
      "type": "Feature",
      "properties": {
        "@id": "way/1356040769",
        "electrified": "contact_line",
        "frequency": "50",
        "gauge": "1435",
        "highspeed": "yes",
        "maxspeed": "250",
        "name": "Ankara - İstanbul yüksek hızlı demiryolu",
        "name:en": "Ankara - İstanbul high-speed railway",
        "operator": "TCDD",
        "passenger_lines": "1",
        "railway": "rail",
        "railway:etcs": "1",
        "usage": "main",
        "voltage": "25000",
        "wikidata": "Q513146",
        "wikipedia": "en:Ankara–Istanbul high-speed railway"
      },
      "geometry": {
        "type": "LineString",
        "coordinates": [
          [
            30.0037315,
            39.9911136
          ],
          [
            30.0033429,
            39.9906918
          ]
        ]
      },
      "id": "way/1356040769"
    },
    {
      "type": "Feature",
      "properties": {
        "@id": "way/1471977319",
        "electrified": "contact_line",
        "embankment": "yes",
        "frequency": "50",
        "gauge": "1435",
        "highspeed": "yes",
        "maxspeed": "250",
        "name": "Ankara - İstanbul yüksek hızlı demiryolu",
        "name:en": "Ankara - İstanbul high-speed railway",
        "operator": "TCDD",
        "passenger_lines": "1",
        "railway": "rail",
        "railway:etcs": "1",
        "usage": "main",
        "voltage": "25000",
        "wikidata": "Q513146",
        "wikipedia": "en:Ankara–Istanbul high-speed railway"
      },
      "geometry": {
        "type": "LineString",
        "coordinates": [
          [
            30.1191266,
            39.8468383
          ],
          [
            30.1210891,
            39.8463632
          ],
          [
            30.1236823,
            39.8458416
          ],
          [
            30.1265564,
            39.8454087
          ],
          [
            30.1276721,
            39.8452628
          ]
        ]
      },
      "id": "way/1471977319"
    },
    {
      "type": "Feature",
      "properties": {
        "@id": "way/1471977320",
        "bridge": "yes",
        "electrified": "contact_line",
        "frequency": "50",
        "gauge": "1435",
        "highspeed": "yes",
        "layer": "1",
        "maxspeed": "250",
        "name": "Ankara - İstanbul yüksek hızlı demiryolu",
        "name:en": "Ankara - İstanbul high-speed railway",
        "operator": "TCDD",
        "passenger_lines": "1",
        "railway": "rail",
        "railway:etcs": "1",
        "usage": "main",
        "voltage": "25000",
        "wikidata": "Q513146",
        "wikipedia": "en:Ankara–Istanbul high-speed railway"
      },
      "geometry": {
        "type": "LineString",
        "coordinates": [
          [
            30.1276721,
            39.8452628
          ],
          [
            30.1287418,
            39.8451645
          ]
        ]
      },
      "id": "way/1471977320"
    },
    {
      "type": "Feature",
      "properties": {
        "@id": "way/1471977321",
        "electrified": "contact_line",
        "embankment": "yes",
        "frequency": "50",
        "gauge": "1435",
        "highspeed": "yes",
        "maxspeed": "250",
        "name": "Ankara - İstanbul yüksek hızlı demiryolu",
        "name:en": "Ankara - İstanbul high-speed railway",
        "operator": "TCDD",
        "passenger_lines": "1",
        "railway": "rail",
        "railway:etcs": "1",
        "usage": "main",
        "voltage": "25000",
        "wikidata": "Q513146",
        "wikipedia": "en:Ankara–Istanbul high-speed railway"
      },
      "geometry": {
        "type": "LineString",
        "coordinates": [
          [
            30.1272186,
            39.8453878
          ],
          [
            30.1237475,
            39.8458897
          ],
          [
            30.12111,
            39.8464161
          ],
          [
            30.1191293,
            39.8468936
          ]
        ]
      },
      "id": "way/1471977321"
    },
    {
      "type": "Feature",
      "properties": {
        "@id": "way/1471977322",
        "bridge": "yes",
        "electrified": "contact_line",
        "frequency": "50",
        "gauge": "1435",
        "highspeed": "yes",
        "layer": "1",
        "maxspeed": "250",
        "name": "Ankara - İstanbul yüksek hızlı demiryolu",
        "name:en": "Ankara - İstanbul high-speed railway",
        "operator": "TCDD",
        "passenger_lines": "1",
        "railway": "rail",
        "railway:etcs": "1",
        "usage": "main",
        "voltage": "25000",
        "wikidata": "Q513146",
        "wikipedia": "en:Ankara–Istanbul high-speed railway"
      },
      "geometry": {
        "type": "LineString",
        "coordinates": [
          [
            30.1284276,
            39.8452542
          ],
          [
            30.1272186,
            39.8453878
          ]
        ]
      },
      "id": "way/1471977322"
    },
    {
      "type": "Feature",
      "properties": {
        "@id": "way/1471977325",
        "bridge": "yes",
        "electrified": "contact_line",
        "frequency": "50",
        "gauge": "1435",
        "layer": "1",
        "name": "İstanbul - Ankara demiryolu",
        "operator": "TCDD",
        "railway": "rail",
        "railway:etcs": "yes",
        "usage": "main",
        "voltage": "25000"
      },
      "geometry": {
        "type": "LineString",
        "coordinates": [
          [
            30.0844439,
            39.892742
          ],
          [
            30.0832517,
            39.8929032
          ]
        ]
      },
      "id": "way/1471977325"
    },
    {
      "type": "Feature",
      "properties": {
        "@id": "way/1472018150",
        "bridge": "yes",
        "electrified": "contact_line",
        "frequency": "50",
        "gauge": "1435",
        "layer": "1",
        "name": "İstanbul - Ankara demiryolu",
        "operator": "TCDD",
        "railway": "rail",
        "railway:etcs": "yes",
        "source": "Bing",
        "usage": "main",
        "voltage": "25000"
      },
      "geometry": {
        "type": "LineString",
        "coordinates": [
          [
            29.9930879,
            39.9728115
          ],
          [
            29.9928093,
            39.9726561
          ]
        ]
      },
      "id": "way/1472018150"
    },
    {
      "type": "Feature",
      "properties": {
        "@id": "way/1472018153",
        "electrified": "contact_line",
        "embankment": "yes",
        "frequency": "50",
        "gauge": "1435",
        "name": "İstanbul - Ankara demiryolu",
        "operator": "TCDD",
        "railway": "rail",
        "railway:etcs": "yes",
        "source": "Bing",
        "usage": "main",
        "voltage": "25000"
      },
      "geometry": {
        "type": "LineString",
        "coordinates": [
          [
            30.0011314,
            39.9825367
          ],
          [
            30.0002938,
            39.9798373
          ]
        ]
      },
      "id": "way/1472018153"
    },
    {
      "type": "Feature",
      "properties": {
        "@id": "way/1472018154",
        "bridge": "yes",
        "electrified": "contact_line",
        "frequency": "50",
        "gauge": "1435",
        "layer": "1",
        "name": "İstanbul - Ankara demiryolu",
        "operator": "TCDD",
        "railway": "rail",
        "railway:etcs": "yes",
        "source": "Bing",
        "usage": "main",
        "voltage": "25000"
      },
      "geometry": {
        "type": "LineString",
        "coordinates": [
          [
            29.9991161,
            39.9760371
          ],
          [
            29.9988673,
            39.9753276
          ],
          [
            29.9985692,
            39.9748347
          ],
          [
            29.9984405,
            39.9746758
          ]
        ]
      },
      "id": "way/1472018154"
    },
    {
      "type": "Feature",
      "properties": {
        "@id": "way/1472018155",
        "electrified": "contact_line",
        "embankment": "yes",
        "frequency": "50",
        "gauge": "1435",
        "name": "İstanbul - Ankara demiryolu",
        "operator": "TCDD",
        "railway": "rail",
        "railway:etcs": "yes",
        "source": "Bing",
        "usage": "main",
        "voltage": "25000"
      },
      "geometry": {
        "type": "LineString",
        "coordinates": [
          [
            29.9993057,
            39.9766255
          ],
          [
            29.9991161,
            39.9760371
          ]
        ]
      },
      "id": "way/1472018155"
    },
    {
      "type": "Feature",
      "properties": {
        "@id": "way/1472237578",
        "electrified": "contact_line",
        "frequency": "50",
        "gauge": "1435",
        "name": "İstanbul - Ankara demiryolu",
        "operator": "TCDD",
        "railway": "rail",
        "railway:etcs": "yes",
        "source": "Bing",
        "usage": "main",
        "voltage": "25000"
      },
      "geometry": {
        "type": "LineString",
        "coordinates": [
          [
            30.0148516,
            40.0047914
          ],
          [
            30.0127944,
            40.0041366
          ],
          [
            30.0112087,
            40.003621
          ],
          [
            30.0108654,
            40.003503
          ],
          [
            30.0105783,
            40.0033733
          ],
          [
            30.0103181,
            40.0032344
          ],
          [
            30.0100112,
            40.0030385
          ],
          [
            30.0097797,
            40.0028365
          ],
          [
            30.0095287,
            40.0025756
          ],
          [
            30.0092424,
            40.0022609
          ]
        ]
      },
      "id": "way/1472237578"
    },
    {
      "type": "Feature",
      "properties": {
        "@id": "way/1472237579",
        "bridge": "yes",
        "electrified": "contact_line",
        "frequency": "50",
        "gauge": "1435",
        "layer": "1",
        "name": "İstanbul - Ankara demiryolu",
        "operator": "TCDD",
        "railway": "rail",
        "railway:etcs": "yes",
        "source": "Bing",
        "usage": "main",
        "voltage": "25000"
      },
      "geometry": {
        "type": "LineString",
        "coordinates": [
          [
            30.0092424,
            40.0022609
          ],
          [
            30.0091815,
            40.0021871
          ]
        ]
      },
      "id": "way/1472237579"
    },
    {
      "type": "Feature",
      "properties": {
        "@id": "way/1472363073",
        "electrified": "contact_line",
        "frequency": "50",
        "gauge": "1435",
        "name": "İstanbul - Ankara demiryolu",
        "operator": "TCDD",
        "railway": "rail",
        "railway:etcs": "yes",
        "source": "bing",
        "usage": "main",
        "voltage": "25000"
      },
      "geometry": {
        "type": "LineString",
        "coordinates": [
          [
            29.9924103,
            40.0875828
          ],
          [
            29.9927451,
            40.0878904
          ],
          [
            29.9930332,
            40.0882766
          ],
          [
            29.9931695,
            40.0886074
          ],
          [
            29.9934763,
            40.0894915
          ],
          [
            29.9936564,
            40.089857
          ],
          [
            29.9938807,
            40.0901537
          ],
          [
            29.9941616,
            40.0904167
          ],
          [
            29.9944651,
            40.090661
          ],
          [
            29.9946697,
            40.0908025
          ],
          [
            29.994908,
            40.0909257
          ],
          [
            29.9951787,
            40.0910364
          ],
          [
            29.9954728,
            40.0911448
          ],
          [
            29.9958575,
            40.0912632
          ],
          [
            29.9966257,
            40.0913506
          ],
          [
            29.9973602,
            40.0913273
          ],
          [
            29.9982392,
            40.091203
          ]
        ]
      },
      "id": "way/1472363073"
    },
    {
      "type": "Feature",
      "properties": {
        "@id": "way/1472363074",
        "electrified": "contact_line",
        "frequency": "50",
        "gauge": "1435",
        "layer": "-1",
        "name": "İstanbul - Ankara demiryolu",
        "operator": "TCDD",
        "railway": "rail",
        "railway:etcs": "yes",
        "source": "bing",
        "tunnel": "yes",
        "usage": "main",
        "voltage": "25000"
      },
      "geometry": {
        "type": "LineString",
        "coordinates": [
          [
            29.9982392,
            40.091203
          ],
          [
            29.998878,
            40.0911126
          ]
        ]
      },
      "id": "way/1472363074"
    },
    {
      "type": "Feature",
      "properties": {
        "@id": "way/1472491789",
        "electrified": "contact_line",
        "embankment": "yes",
        "frequency": "50",
        "gauge": "1435",
        "highspeed": "yes",
        "maxspeed": "250",
        "name": "Ankara - İstanbul yüksek hızlı demiryolu",
        "name:en": "Ankara - İstanbul high-speed railway",
        "operator": "TCDD",
        "passenger_lines": "1",
        "railway": "rail",
        "railway:etcs": "1",
        "usage": "main",
        "voltage": "25000",
        "wikidata": "Q513146",
        "wikipedia": "en:Ankara–Istanbul high-speed railway"
      },
      "geometry": {
        "type": "LineString",
        "coordinates": [
          [
            30.0011119,
            39.9870856
          ],
          [
            30.001218,
            39.9872589
          ]
        ]
      },
      "id": "way/1472491789"
    },
    {
      "type": "Feature",
      "properties": {
        "@id": "way/1472491790",
        "bridge": "yes",
        "bridge:structure": "beam",
        "electrified": "contact_line",
        "frequency": "50",
        "gauge": "1435",
        "highspeed": "yes",
        "layer": "1",
        "maxspeed": "250",
        "name": "Ankara - İstanbul yüksek hızlı demiryolu",
        "name:en": "Ankara - İstanbul high-speed railway",
        "operator": "TCDD",
        "passenger_lines": "1",
        "railway": "rail",
        "railway:etcs": "1",
        "usage": "main",
        "voltage": "25000",
        "wikidata": "Q513146",
        "wikipedia": "en:Ankara–Istanbul high-speed railway"
      },
      "geometry": {
        "type": "LineString",
        "coordinates": [
          [
            30.0009645,
            39.9868593
          ],
          [
            30.0011119,
            39.9870856
          ]
        ]
      },
      "id": "way/1472491790"
    },
    {
      "type": "Feature",
      "properties": {
        "@id": "way/1472491791",
        "bridge": "yes",
        "bridge:structure": "beam",
        "electrified": "contact_line",
        "frequency": "50",
        "gauge": "1435",
        "highspeed": "yes",
        "layer": "1",
        "maxspeed": "250",
        "name": "Ankara - İstanbul yüksek hızlı demiryolu",
        "name:en": "Ankara - İstanbul high-speed railway",
        "operator": "TCDD",
        "passenger_lines": "1",
        "railway": "rail",
        "railway:etcs": "1",
        "usage": "main",
        "voltage": "25000",
        "wikidata": "Q513146",
        "wikipedia": "en:Ankara–Istanbul high-speed railway"
      },
      "geometry": {
        "type": "LineString",
        "coordinates": [
          [
            30.0010333,
            39.9870634
          ],
          [
            30.000885,
            39.9868311
          ]
        ]
      },
      "id": "way/1472491791"
    },
    {
      "type": "Feature",
      "properties": {
        "@id": "way/1472491792",
        "electrified": "contact_line",
        "embankment": "yes",
        "frequency": "50",
        "gauge": "1435",
        "highspeed": "yes",
        "maxspeed": "250",
        "name": "Ankara - İstanbul yüksek hızlı demiryolu",
        "name:en": "Ankara - İstanbul high-speed railway",
        "operator": "TCDD",
        "passenger_lines": "1",
        "railway": "rail",
        "railway:etcs": "1",
        "usage": "main",
        "voltage": "25000",
        "wikidata": "Q513146",
        "wikipedia": "en:Ankara–Istanbul high-speed railway"
      },
      "geometry": {
        "type": "LineString",
        "coordinates": [
          [
            30.0011708,
            39.9872929
          ],
          [
            30.0010333,
            39.9870634
          ]
        ]
      },
      "id": "way/1472491792"
    },
    {
      "type": "Feature",
      "properties": {
        "@id": "way/1503061115",
        "electrified": "contact_line",
        "frequency": "50",
        "gauge": "1435",
        "highspeed": "yes",
        "railway": "rail",
        "railway:etcs": "2",
        "railway:track_ref": "1",
        "usage": "main",
        "voltage": "25000"
      },
      "geometry": {
        "type": "LineString",
        "coordinates": [
          [
            30.5013929,
            39.7793269
          ],
          [
            30.5017509,
            39.7793876
          ],
          [
            30.5064639,
            39.7801864
          ]
        ]
      },
      "id": "way/1503061115"
    },
    {
      "type": "Feature",
      "properties": {
        "@id": "way/1503061116",
        "electrified": "contact_line",
        "frequency": "50",
        "gauge": "1435",
        "highspeed": "yes",
        "railway": "rail",
        "railway:etcs": "2",
        "railway:track_ref": "2",
        "usage": "main",
        "voltage": "25000"
      },
      "geometry": {
        "type": "LineString",
        "coordinates": [
          [
            30.5013993,
            39.7792838
          ],
          [
            30.5064766,
            39.7801474
          ]
        ]
      },
      "id": "way/1503061116"
    },
    {
      "type": "Feature",
      "properties": {
        "@id": "way/1503061117",
        "electrified": "contact_line",
        "frequency": "50",
        "gauge": "1435",
        "highspeed": "yes",
        "railway": "rail",
        "railway:etcs": "2",
        "railway:track_ref": "3",
        "usage": "main",
        "voltage": "25000"
      },
      "geometry": {
        "type": "LineString",
        "coordinates": [
          [
            30.5065117,
            39.7800313
          ],
          [
            30.5064536,
            39.7800214
          ],
          [
            30.5014323,
            39.779169
          ]
        ]
      },
      "id": "way/1503061117"
    },
    {
      "type": "Feature",
      "properties": {
        "@id": "way/1503061118",
        "electrified": "contact_line",
        "frequency": "50",
        "gauge": "1435",
        "highspeed": "yes",
        "maxspeed": "250",
        "name": "Ankara - İstanbul yüksek hızlı demiryolu",
        "name:en": "Ankara - İstanbul high-speed railway",
        "operator": "TCDD",
        "passenger_lines": "1",
        "railway": "rail",
        "railway:etcs": "1",
        "railway:track_ref": "4",
        "usage": "main",
        "voltage": "25000",
        "wikidata": "Q513146",
        "wikipedia": "en:Ankara–Istanbul high-speed railway"
      },
      "geometry": {
        "type": "LineString",
        "coordinates": [
          [
            30.5065236,
            39.7799912
          ],
          [
            30.5014472,
            39.7791278
          ]
        ]
      },
      "id": "way/1503061118"
    },
    {
      "type": "Feature",
      "properties": {
        "@id": "way/1503061119",
        "electrified": "contact_line",
        "frequency": "50",
        "gauge": "1435",
        "highspeed": "yes",
        "maxspeed": "250",
        "name": "Ankara - İstanbul yüksek hızlı demiryolu",
        "name:en": "Ankara - İstanbul high-speed railway",
        "operator": "TCDD",
        "passenger_lines": "1",
        "railway": "rail",
        "railway:etcs": "1",
        "railway:track_ref": "5",
        "usage": "main",
        "voltage": "25000",
        "wikidata": "Q513146",
        "wikipedia": "en:Ankara–Istanbul high-speed railway"
      },
      "geometry": {
        "type": "LineString",
        "coordinates": [
          [
            30.5014546,
            39.7790894
          ],
          [
            30.506537,
            39.7799534
          ]
        ]
      },
      "id": "way/1503061119"
    },
    {
      "type": "Feature",
      "properties": {
        "@id": "way/1503061120",
        "electrified": "contact_line",
        "frequency": "50",
        "gauge": "1435",
        "highspeed": "yes",
        "railway": "rail",
        "railway:etcs": "2",
        "railway:track_ref": "6",
        "usage": "main",
        "voltage": "25000"
      },
      "geometry": {
        "type": "LineString",
        "coordinates": [
          [
            30.5065504,
            39.7799117
          ],
          [
            30.501471,
            39.7790448
          ]
        ]
      },
      "id": "way/1503061120"
    },
    {
      "type": "Feature",
      "properties": {
        "@id": "way/1503061121",
        "electrified": "contact_line",
        "frequency": "50",
        "gauge": "1435",
        "railway": "rail",
        "railway:etcs": "2",
        "railway:track_ref": "7",
        "usage": "main",
        "voltage": "25000"
      },
      "geometry": {
        "type": "LineString",
        "coordinates": [
          [
            30.5015037,
            39.7789295
          ],
          [
            30.506575,
            39.7797923
          ]
        ]
      },
      "id": "way/1503061121"
    },
    {
      "type": "Feature",
      "properties": {
        "@id": "way/1503061122",
        "axle_load": "22.5",
        "electrified": "contact_line",
        "frequency": "50",
        "gauge": "1435",
        "name": "İstanbul - Ankara demiryolu",
        "operator": "TCDD",
        "railway": "rail",
        "railway:etcs": "yes",
        "railway:track_ref": "8",
        "source": "Bing",
        "usage": "main",
        "voltage": "25000"
      },
      "geometry": {
        "type": "LineString",
        "coordinates": [
          [
            30.5065904,
            39.7797528
          ],
          [
            30.5015123,
            39.7788887
          ]
        ]
      },
      "id": "way/1503061122"
    },
    {
      "type": "Feature",
      "properties": {
        "@id": "way/1503061123",
        "electrified": "contact_line",
        "frequency": "50",
        "gauge": "1435",
        "railway": "rail",
        "railway:etcs": "2",
        "railway:track_ref": "9",
        "usage": "main",
        "voltage": "25000"
      },
      "geometry": {
        "type": "LineString",
        "coordinates": [
          [
            30.5036028,
            39.7792041
          ],
          [
            30.5065982,
            39.7797113
          ]
        ]
      },
      "id": "way/1503061123"
    },
    {
      "type": "Feature",
      "properties": {
        "@id": "way/1503061124",
        "electrified": "contact_line",
        "frequency": "50",
        "gauge": "1435",
        "railway": "rail",
        "railway:etcs": "2",
        "railway:track_ref": "10",
        "usage": "main",
        "voltage": "25000"
      },
      "geometry": {
        "type": "LineString",
        "coordinates": [
          [
            30.5036403,
            39.7790875
          ],
          [
            30.5038712,
            39.7791201
          ],
          [
            30.5065814,
            39.7795836
          ]
        ]
      },
      "id": "way/1503061124"
    },
    {
      "type": "Feature",
      "properties": {
        "@id": "way/1503061125",
        "electrified": "contact_line",
        "frequency": "50",
        "gauge": "1435",
        "highspeed": "yes",
        "maxspeed": "250",
        "name": "Ankara - İstanbul yüksek hızlı demiryolu",
        "name:en": "Ankara - İstanbul high-speed railway",
        "operator": "TCDD",
        "passenger_lines": "1",
        "railway": "rail",
        "railway:etcs": "1",
        "usage": "main",
        "voltage": "25000",
        "wikidata": "Q513146",
        "wikipedia": "en:Ankara–Istanbul high-speed railway"
      },
      "geometry": {
        "type": "LineString",
        "coordinates": [
          [
            30.4980709,
            39.7785529
          ],
          [
            30.4988361,
            39.7786901
          ],
          [
            30.4993787,
            39.7787816
          ],
          [
            30.5014472,
            39.7791278
          ]
        ]
      },
      "id": "way/1503061125"
    },
    {
      "type": "Feature",
      "properties": {
        "@id": "way/1503061126",
        "electrified": "contact_line",
        "frequency": "50",
        "gauge": "1435",
        "highspeed": "yes",
        "maxspeed": "250",
        "name": "Ankara - İstanbul yüksek hızlı demiryolu",
        "name:en": "Ankara - İstanbul high-speed railway",
        "operator": "TCDD",
        "passenger_lines": "1",
        "railway": "rail",
        "railway:etcs": "1",
        "usage": "main",
        "voltage": "25000",
        "wikidata": "Q513146",
        "wikipedia": "en:Ankara–Istanbul high-speed railway"
      },
      "geometry": {
        "type": "LineString",
        "coordinates": [
          [
            30.4980791,
            39.7785107
          ],
          [
            30.498849,
            39.7786513
          ],
          [
            30.4993922,
            39.7787432
          ],
          [
            30.5014546,
            39.7790894
          ]
        ]
      },
      "id": "way/1503061126"
    },
    {
      "type": "Feature",
      "properties": {
        "@id": "way/1503061127",
        "electrified": "contact_line",
        "frequency": "50",
        "gauge": "1435",
        "highspeed": "yes",
        "railway": "rail",
        "railway:etcs": "2",
        "usage": "main",
        "voltage": "25000"
      },
      "geometry": {
        "type": "LineString",
        "coordinates": [
          [
            30.4980709,
            39.7785529
          ],
          [
            30.4983945,
            39.7786207
          ],
          [
            30.4986164,
            39.7786785
          ],
          [
            30.499361,
            39.7788559
          ],
          [
            30.5003974,
            39.7791037
          ],
          [
            30.50104,
            39.7792582
          ],
          [
            30.501199,
            39.7792931
          ],
          [
            30.5013929,
            39.7793269
          ]
        ]
      },
      "id": "way/1503061127"
    },
    {
      "type": "Feature",
      "properties": {
        "@id": "way/1503061128",
        "electrified": "contact_line",
        "frequency": "50",
        "gauge": "1435",
        "highspeed": "yes",
        "railway": "rail",
        "railway:etcs": "2",
        "usage": "main",
        "voltage": "25000"
      },
      "geometry": {
        "type": "LineString",
        "coordinates": [
          [
            30.5003974,
            39.7791037
          ],
          [
            30.5007647,
            39.7791799
          ],
          [
            30.501172,
            39.7792509
          ],
          [
            30.5013993,
            39.7792838
          ]
        ]
      },
      "id": "way/1503061128"
    },
    {
      "type": "Feature",
      "properties": {
        "@id": "way/1503061129",
        "electrified": "contact_line",
        "frequency": "50",
        "gauge": "1435",
        "railway": "rail",
        "railway:etcs": "2",
        "usage": "main",
        "voltage": "25000"
      },
      "geometry": {
        "type": "LineString",
        "coordinates": [
          [
            30.4986164,
            39.7786785
          ],
          [
            30.4989644,
            39.7787525
          ],
          [
            30.4993731,
            39.778824
          ],
          [
            30.5014323,
            39.779169
          ]
        ]
      },
      "id": "way/1503061129"
    },
    {
      "type": "Feature",
      "properties": {
        "@id": "way/1503061130",
        "electrified": "contact_line",
        "frequency": "50",
        "gauge": "1435",
        "highspeed": "yes",
        "railway": "rail",
        "railway:etcs": "2",
        "usage": "main",
        "voltage": "25000"
      },
      "geometry": {
        "type": "LineString",
        "coordinates": [
          [
            30.4980791,
            39.7785107
          ],
          [
            30.4983717,
            39.7785516
          ],
          [
            30.4986852,
            39.7785911
          ],
          [
            30.4989644,
            39.7786312
          ],
          [
            30.4994118,
            39.778705
          ],
          [
            30.501471,
            39.7790448
          ]
        ]
      },
      "id": "way/1503061130"
    },
    {
      "type": "Feature",
      "properties": {
        "@id": "way/1503061131",
        "axle_load": "22.5",
        "electrified": "contact_line",
        "frequency": "50",
        "gauge": "1435",
        "name": "İstanbul - Ankara demiryolu",
        "operator": "TCDD",
        "railway": "rail",
        "railway:etcs": "yes",
        "source": "Bing",
        "usage": "main",
        "voltage": "25000"
      },
      "geometry": {
        "type": "LineString",
        "coordinates": [
          [
            30.4952316,
            39.777786
          ],
          [
            30.4957543,
            39.7778933
          ],
          [
            30.4960675,
            39.7779576
          ],
          [
            30.4972402,
            39.7781636
          ],
          [
            30.4974866,
            39.7782051
          ],
          [
            30.4980097,
            39.7782931
          ],
          [
            30.4985223,
            39.7783794
          ],
          [
            30.5014569,
            39.7788792
          ],
          [
            30.5015123,
            39.7788887
          ]
        ]
      },
      "id": "way/1503061131"
    },
    {
      "type": "Feature",
      "properties": {
        "@id": "way/1503061132",
        "electrified": "contact_line",
        "frequency": "50",
        "gauge": "1435",
        "railway": "rail",
        "railway:etcs": "2",
        "usage": "main",
        "voltage": "25000"
      },
      "geometry": {
        "type": "LineString",
        "coordinates": [
          [
            30.4980097,
            39.7782931
          ],
          [
            30.4982534,
            39.7783462
          ],
          [
            30.4985126,
            39.7784133
          ],
          [
            30.4986962,
            39.7784555
          ],
          [
            30.4989806,
            39.7785112
          ],
          [
            30.5015037,
            39.7789295
          ]
        ]
      },
      "id": "way/1503061132"
    },
    {
      "type": "Feature",
      "properties": {
        "@id": "way/1503061133",
        "electrified": "contact_line",
        "frequency": "50",
        "gauge": "1435",
        "railway": "rail",
        "railway:etcs": "2",
        "usage": "main",
        "voltage": "25000"
      },
      "geometry": {
        "type": "LineString",
        "coordinates": [
          [
            30.4974866,
            39.7782051
          ],
          [
            30.4977008,
            39.778231
          ],
          [
            30.4979774,
            39.7782508
          ],
          [
            30.4982418,
            39.7782732
          ],
          [
            30.4984357,
            39.7782911
          ],
          [
            30.4986186,
            39.7783144
          ],
          [
            30.4990188,
            39.7783875
          ],
          [
            30.5012426,
            39.7787604
          ],
          [
            30.501623,
            39.7788271
          ],
          [
            30.5021641,
            39.778922
          ],
          [
            30.5024148,
            39.7789602
          ],
          [
            30.5027141,
            39.7790024
          ],
          [
            30.5028783,
            39.7790213
          ],
          [
            30.5030729,
            39.7790382
          ],
          [
            30.5032952,
            39.7790531
          ],
          [
            30.5034756,
            39.779068
          ],
          [
            30.5036403,
            39.7790875
          ]
        ]
      },
      "id": "way/1503061133"
    },
    {
      "type": "Feature",
      "properties": {
        "@id": "way/1503061134",
        "electrified": "contact_line",
        "frequency": "50",
        "gauge": "1435",
        "railway": "rail",
        "railway:etcs": "2",
        "usage": "main",
        "voltage": "25000"
      },
      "geometry": {
        "type": "LineString",
        "coordinates": [
          [
            30.4979774,
            39.7782508
          ],
          [
            30.4981894,
            39.7782764
          ],
          [
            30.4985356,
            39.7783365
          ],
          [
            30.5028247,
            39.7790709
          ],
          [
            30.5036028,
            39.7792041
          ]
        ]
      },
      "id": "way/1503061134"
    },
    {
      "type": "Feature",
      "properties": {
        "@id": "way/1503061135",
        "electrified": "contact_line",
        "frequency": "50",
        "gauge": "1435",
        "railway": "rail",
        "railway:etcs": "2",
        "usage": "main",
        "voltage": "25000"
      },
      "geometry": {
        "type": "LineString",
        "coordinates": [
          [
            30.5065814,
            39.7795836
          ],
          [
            30.5079949,
            39.7798341
          ],
          [
            30.5081982,
            39.7798741
          ],
          [
            30.5083501,
            39.7799125
          ],
          [
            30.5093225,
            39.7801757
          ],
          [
            30.5095957,
            39.7802449
          ],
          [
            30.5098029,
            39.7802931
          ]
        ]
      },
      "id": "way/1503061135"
    },
    {
      "type": "Feature",
      "properties": {
        "@id": "way/1503061136",
        "electrified": "contact_line",
        "frequency": "50",
        "gauge": "1435",
        "railway": "rail",
        "railway:etcs": "2",
        "usage": "main",
        "voltage": "25000"
      },
      "geometry": {
        "type": "LineString",
        "coordinates": [
          [
            30.5065982,
            39.7797113
          ],
          [
            30.5089889,
            39.7801047
          ],
          [
            30.5091334,
            39.7801328
          ],
          [
            30.5093225,
            39.7801757
          ]
        ]
      },
      "id": "way/1503061136"
    },
    {
      "type": "Feature",
      "properties": {
        "@id": "way/1503061137",
        "electrified": "contact_line",
        "frequency": "50",
        "gauge": "1435",
        "railway": "rail",
        "railway:etcs": "2",
        "usage": "main",
        "voltage": "25000"
      },
      "geometry": {
        "type": "LineString",
        "coordinates": [
          [
            30.506575,
            39.7797923
          ],
          [
            30.5083754,
            39.780083
          ],
          [
            30.5085042,
            39.7801019
          ],
          [
            30.5086479,
            39.7801162
          ],
          [
            30.5087946,
            39.7801305
          ],
          [
            30.5089986,
            39.7801534
          ]
        ]
      },
      "id": "way/1503061137"
    },
    {
      "type": "Feature",
      "properties": {
        "@id": "way/1503061138",
        "electrified": "contact_line",
        "frequency": "50",
        "gauge": "1435",
        "highspeed": "yes",
        "maxspeed": "250",
        "name": "Ankara - İstanbul yüksek hızlı demiryolu",
        "name:en": "Ankara - İstanbul high-speed railway",
        "operator": "TCDD",
        "passenger_lines": "1",
        "railway": "rail",
        "railway:etcs": "1",
        "usage": "main",
        "voltage": "25000",
        "wikidata": "Q513146",
        "wikipedia": "en:Ankara–Istanbul high-speed railway"
      },
      "geometry": {
        "type": "LineString",
        "coordinates": [
          [
            30.506537,
            39.7799534
          ],
          [
            30.5066635,
            39.7799744
          ],
          [
            30.5070047,
            39.7800309
          ],
          [
            30.5074067,
            39.7800847
          ],
          [
            30.5085027,
            39.7802232
          ],
          [
            30.5090664,
            39.7802861
          ],
          [
            30.5105324,
            39.7804652
          ],
          [
            30.510792,
            39.7805049
          ]
        ]
      },
      "id": "way/1503061138"
    },
    {
      "type": "Feature",
      "properties": {
        "@id": "way/1503061139",
        "electrified": "contact_line",
        "frequency": "50",
        "gauge": "1435",
        "highspeed": "yes",
        "maxspeed": "250",
        "name": "Ankara - İstanbul yüksek hızlı demiryolu",
        "name:en": "Ankara - İstanbul high-speed railway",
        "operator": "TCDD",
        "passenger_lines": "1",
        "railway": "rail",
        "railway:etcs": "1",
        "usage": "main",
        "voltage": "25000",
        "wikidata": "Q513146",
        "wikipedia": "en:Ankara–Istanbul high-speed railway"
      },
      "geometry": {
        "type": "LineString",
        "coordinates": [
          [
            30.5065236,
            39.7799912
          ],
          [
            30.5069965,
            39.7800687
          ],
          [
            30.5073978,
            39.7801225
          ],
          [
            30.5096032,
            39.780392
          ],
          [
            30.5105562,
            39.7805093
          ],
          [
            30.5107851,
            39.7805408
          ]
        ]
      },
      "id": "way/1503061139"
    },
    {
      "type": "Feature",
      "properties": {
        "@id": "way/1503061140",
        "electrified": "contact_line",
        "frequency": "50",
        "gauge": "1435",
        "highspeed": "yes",
        "railway": "rail",
        "railway:etcs": "2",
        "usage": "main",
        "voltage": "25000"
      },
      "geometry": {
        "type": "LineString",
        "coordinates": [
          [
            30.5065504,
            39.7799117
          ],
          [
            30.507021,
            39.7799914
          ],
          [
            30.5074172,
            39.7800447
          ],
          [
            30.5090879,
            39.7802381
          ],
          [
            30.5093686,
            39.7802712
          ],
          [
            30.5095645,
            39.7802981
          ],
          [
            30.5097849,
            39.7803376
          ],
          [
            30.5100886,
            39.7803943
          ],
          [
            30.5102889,
            39.7804286
          ],
          [
            30.5105324,
            39.7804652
          ]
        ]
      },
      "id": "way/1503061140"
    },
    {
      "type": "Feature",
      "properties": {
        "@id": "way/1503061141",
        "electrified": "contact_line",
        "frequency": "50",
        "gauge": "1435",
        "highspeed": "yes",
        "railway": "rail",
        "railway:etcs": "2",
        "usage": "main",
        "voltage": "25000"
      },
      "geometry": {
        "type": "LineString",
        "coordinates": [
          [
            30.5065117,
            39.7800313
          ],
          [
            30.5069824,
            39.7801092
          ],
          [
            30.5073882,
            39.7801658
          ],
          [
            30.5078923,
            39.7802299
          ],
          [
            30.5084782,
            39.7803077
          ],
          [
            30.5091223,
            39.7803878
          ],
          [
            30.5093866,
            39.7804193
          ],
          [
            30.5096033,
            39.7804399
          ],
          [
            30.5098319,
            39.7804565
          ],
          [
            30.5101766,
            39.7804765
          ],
          [
            30.5105562,
            39.7805093
          ]
        ]
      },
      "id": "way/1503061141"
    },
    {
      "type": "Feature",
      "properties": {
        "@id": "way/1503061142",
        "electrified": "contact_line",
        "frequency": "50",
        "gauge": "1435",
        "highspeed": "yes",
        "railway": "rail",
        "railway:etcs": "2",
        "usage": "main",
        "voltage": "25000"
      },
      "geometry": {
        "type": "LineString",
        "coordinates": [
          [
            30.5064766,
            39.7801474
          ],
          [
            30.5065262,
            39.7801558
          ],
          [
            30.5069176,
            39.7802222
          ],
          [
            30.5072296,
            39.7802657
          ],
          [
            30.507572,
            39.7803052
          ],
          [
            30.5079138,
            39.7803275
          ],
          [
            30.5083159,
            39.7803446
          ],
          [
            30.5086554,
            39.780359
          ],
          [
            30.5088378,
            39.7803647
          ],
          [
            30.5091223,
            39.7803878
          ]
        ]
      },
      "id": "way/1503061142"
    },
    {
      "type": "Feature",
      "properties": {
        "@id": "way/1503061143",
        "electrified": "contact_line",
        "frequency": "50",
        "gauge": "1435",
        "highspeed": "yes",
        "railway": "rail",
        "railway:etcs": "2",
        "usage": "main",
        "voltage": "25000"
      },
      "geometry": {
        "type": "LineString",
        "coordinates": [
          [
            30.5064639,
            39.7801864
          ],
          [
            30.5072206,
            39.7803103
          ],
          [
            30.5075601,
            39.7803527
          ],
          [
            30.5078989,
            39.7803687
          ],
          [
            30.5083129,
            39.7803561
          ],
          [
            30.5086554,
            39.780359
          ]
        ]
      },
      "id": "way/1503061143"
    }
  ]
}