{
  "type": "FeatureCollection",
  "generator": "overpass-turbo",
  "copyright": "The data included in this document is from www.openstreetmap.org. The data is made available under ODbL.",
  "timestamp": "2026-05-25T19:03:26Z",
  "features": [
    {
      "type": "Feature",
      "properties": {
        "@id": "way/22717616",
        "electrified": "contact_line",
        "frequency": "50",
        "gauge": "1435",
        "highspeed": "yes",
        "maxspeed": "100",
        "name": "İstanbul - Ankara yüksek hızlı demiryolu",
        "name:en": "İstanbul - Ankara high speed railway",
        "operator": "TCDD",
        "passenger_lines": "1",
        "railway": "rail",
        "railway:etcs": "1",
        "source": "bing",
        "usage": "main",
        "voltage": "25000",
        "wikidata": "Q513146",
        "wikipedia": "en:Ankara–Istanbul high-speed railway"
      },
      "geometry": {
        "type": "LineString",
        "coordinates": [
          [
            29.6045546,
            40.7804146
          ],
          [
            29.604719,
            40.7805097
          ],
          [
            29.6058587,
            40.7811688
          ],
          [
            29.6066384,
            40.7815701
          ],
          [
            29.6072257,
            40.7818595
          ],
          [
            29.6079047,
            40.782123
          ],
          [
            29.6085545,
            40.7823093
          ],
          [
            29.6093377,
            40.7824737
          ],
          [
            29.6109713,
            40.7827823
          ],
          [
            29.6120542,
            40.7830678
          ],
          [
            29.6149159,
            40.7838619
          ],
          [
            29.6153601,
            40.7839575
          ],
          [
            29.6158258,
            40.7840237
          ],
          [
            29.6164579,
            40.7840861
          ],
          [
            29.6168676,
            40.7840936
          ],
          [
            29.6172218,
            40.7840944
          ],
          [
            29.6175768,
            40.7840777
          ],
          [
            29.6179215,
            40.7840488
          ],
          [
            29.6183157,
            40.7839968
          ],
          [
            29.6187531,
            40.7839268
          ],
          [
            29.6191904,
            40.7838295
          ],
          [
            29.6204685,
            40.7834755
          ],
          [
            29.6210863,
            40.7833306
          ],
          [
            29.6230911,
            40.782975
          ],
          [
            29.6238627,
            40.7827887
          ],
          [
            29.6246378,
            40.7825054
          ],
          [
            29.6253754,
            40.7821703
          ],
          [
            29.6260232,
            40.781756
          ],
          [
            29.6269084,
            40.7810111
          ],
          [
            29.6299583,
            40.7782194
          ],
          [
            29.630537,
            40.7777399
          ],
          [
            29.6311884,
            40.7773122
          ],
          [
            29.6318559,
            40.7769627
          ],
          [
            29.6324708,
            40.7767243
          ],
          [
            29.6330707,
            40.7765367
          ],
          [
            29.633547,
            40.7764276
          ],
          [
            29.6340203,
            40.7763396
          ],
          [
            29.6362384,
            40.7760756
          ],
          [
            29.6367631,
            40.7760503
          ],
          [
            29.6372432,
            40.7760477
          ]
        ]
      },
      "id": "way/22717616"
    },
    {
      "type": "Feature",
      "properties": {
        "@id": "way/25936874",
        "electrified": "contact_line",
        "frequency": "50",
        "gauge": "1435",
        "highspeed": "yes",
        "maxspeed": "100",
        "name": "İstanbul - Ankara yüksek hızlı demiryolu",
        "name:en": "İstanbul - Ankara high speed railway",
        "operator": "TCDD",
        "passenger_lines": "1",
        "railway": "rail",
        "railway:etcs": "1",
        "source": "bing",
        "usage": "main",
        "voltage": "25000",
        "wikidata": "Q513146",
        "wikipedia": "en:Ankara–Istanbul high-speed railway"
      },
      "geometry": {
        "type": "LineString",
        "coordinates": [
          [
            29.5434893,
            40.7703401
          ],
          [
            29.5454243,
            40.7705756
          ],
          [
            29.5461048,
            40.7706513
          ],
          [
            29.5467638,
            40.7707684
          ],
          [
            29.5476789,
            40.7709898
          ],
          [
            29.5485482,
            40.7712885
          ],
          [
            29.5502571,
            40.7719514
          ],
          [
            29.5507045,
            40.7720876
          ],
          [
            29.5511062,
            40.7721898
          ],
          [
            29.551518,
            40.7722735
          ],
          [
            29.5519348,
            40.772342
          ],
          [
            29.5523532,
            40.7723912
          ],
          [
            29.5527848,
            40.7724199
          ],
          [
            29.553209,
            40.7724351
          ],
          [
            29.5536325,
            40.7724364
          ],
          [
            29.5540605,
            40.7724114
          ],
          [
            29.5544827,
            40.7723668
          ],
          [
            29.5553145,
            40.7722386
          ],
          [
            29.5561369,
            40.7720426
          ],
          [
            29.5569288,
            40.7718021
          ],
          [
            29.5693994,
            40.7682529
          ],
          [
            29.569983,
            40.7681078
          ],
          [
            29.5705531,
            40.7679795
          ],
          [
            29.5710758,
            40.7678822
          ],
          [
            29.5716196,
            40.7678115
          ],
          [
            29.5720842,
            40.767779
          ],
          [
            29.5726573,
            40.7677594
          ],
          [
            29.573103,
            40.7677606
          ],
          [
            29.5735864,
            40.7677882
          ],
          [
            29.5741358,
            40.7678347
          ],
          [
            29.5764144,
            40.7681349
          ],
          [
            29.5770819,
            40.7682385
          ],
          [
            29.5776101,
            40.7683592
          ],
          [
            29.5780406,
            40.7684768
          ],
          [
            29.5785248,
            40.7686434
          ],
          [
            29.5789688,
            40.7688027
          ],
          [
            29.5794599,
            40.7690287
          ],
          [
            29.579824,
            40.7692021
          ],
          [
            29.5802931,
            40.7694592
          ],
          [
            29.5822118,
            40.7706722
          ],
          [
            29.5825671,
            40.7708742
          ],
          [
            29.5830121,
            40.7710984
          ],
          [
            29.5834012,
            40.7712598
          ],
          [
            29.5838116,
            40.7714212
          ],
          [
            29.5843144,
            40.771599
          ],
          [
            29.5858961,
            40.7721122
          ],
          [
            29.5864352,
            40.7723051
          ],
          [
            29.5869584,
            40.7725171
          ],
          [
            29.5875279,
            40.7727551
          ],
          [
            29.5888989,
            40.7733697
          ],
          [
            29.59258,
            40.7750794
          ],
          [
            29.5930758,
            40.7753377
          ],
          [
            29.5977443,
            40.7777612
          ],
          [
            29.5983178,
            40.7780376
          ],
          [
            29.5986986,
            40.7781917
          ],
          [
            29.5991022,
            40.7783262
          ],
          [
            29.5995879,
            40.778476
          ],
          [
            29.6001318,
            40.7786162
          ],
          [
            29.6008721,
            40.7788008
          ],
          [
            29.6014073,
            40.778939
          ]
        ]
      },
      "id": "way/25936874"
    },
    {
      "type": "Feature",
      "properties": {
        "@id": "way/89785280",
        "electrified": "contact_line",
        "frequency": "50",
        "gauge": "1435",
        "highspeed": "yes",
        "maxspeed": "100",
        "name": "İstanbul - Ankara demiryolu",
        "name:en": "İstanbul - Ankara railway",
        "operator": "TCDD",
        "passenger_lines": "1",
        "railway": "rail",
        "railway:etcs": "1",
        "source": "bing",
        "usage": "main",
        "voltage": "25000",
        "wikidata": "Q15103266",
        "wikipedia": "en:Istanbul–Ankara railway"
      },
      "geometry": {
        "type": "LineString",
        "coordinates": [
          [
            29.7208407,
            40.7722088
          ],
          [
            29.7213854,
            40.7721118
          ],
          [
            29.7218293,
            40.772052
          ],
          [
            29.7224223,
            40.7720167
          ],
          [
            29.7229921,
            40.7720137
          ],
          [
            29.7236052,
            40.7720441
          ],
          [
            29.725405,
            40.7722035
          ],
          [
            29.7267215,
            40.7723202
          ],
          [
            29.7315616,
            40.7727582
          ],
          [
            29.7319642,
            40.7727874
          ],
          [
            29.7323986,
            40.7728003
          ],
          [
            29.7327968,
            40.772798
          ],
          [
            29.7331285,
            40.7727801
          ],
          [
            29.7335045,
            40.772748
          ],
          [
            29.7339844,
            40.7726792
          ],
          [
            29.7345212,
            40.7725776
          ],
          [
            29.7349403,
            40.7724731
          ],
          [
            29.7353352,
            40.7723488
          ],
          [
            29.7357088,
            40.7722204
          ],
          [
            29.7368193,
            40.771765
          ]
        ]
      },
      "id": "way/89785280"
    },
    {
      "type": "Feature",
      "properties": {
        "@id": "way/102315519",
        "electrified": "contact_line",
        "frequency": "50",
        "gauge": "1435",
        "highspeed": "yes",
        "maxspeed": "120",
        "name": "İstanbul-Ankara yüksek hızlı demiryolu",
        "name:en": "İstanbul-Ankara high speed railway",
        "operator": "TCDD",
        "railway": "rail",
        "railway:bidirectional": "possible",
        "railway:etcs": "1",
        "railway:preferred_direction": "forward",
        "usage": "main",
        "voltage": "25000"
      },
      "geometry": {
        "type": "LineString",
        "coordinates": [
          [
            29.4139799,
            40.7827719
          ],
          [
            29.4147347,
            40.7825333
          ],
          [
            29.4150887,
            40.7824251
          ],
          [
            29.4153413,
            40.7823453
          ],
          [
            29.4158003,
            40.7822049
          ],
          [
            29.4162494,
            40.7820879
          ],
          [
            29.4167038,
            40.782002
          ],
          [
            29.4172176,
            40.7819384
          ],
          [
            29.4175796,
            40.7819064
          ],
          [
            29.4191459,
            40.7818146
          ],
          [
            29.4199879,
            40.7817316
          ],
          [
            29.4207316,
            40.781623
          ],
          [
            29.421328,
            40.7814829
          ],
          [
            29.4219493,
            40.7813096
          ],
          [
            29.422766,
            40.7809826
          ],
          [
            29.4235925,
            40.7806032
          ],
          [
            29.424328,
            40.7802197
          ],
          [
            29.4246758,
            40.7799888
          ],
          [
            29.4261402,
            40.778985
          ],
          [
            29.4272119,
            40.7782813
          ],
          [
            29.428086,
            40.7776929
          ],
          [
            29.4298644,
            40.7764956
          ],
          [
            29.4307548,
            40.7759216
          ],
          [
            29.4316644,
            40.7754
          ],
          [
            29.4326798,
            40.7749117
          ],
          [
            29.4337107,
            40.7744878
          ],
          [
            29.4347838,
            40.7741319
          ],
          [
            29.4358991,
            40.7738416
          ],
          [
            29.4382681,
            40.7733667
          ],
          [
            29.4395211,
            40.773119
          ],
          [
            29.4466147,
            40.7720149
          ],
          [
            29.4471442,
            40.7719614
          ],
          [
            29.4476743,
            40.7719277
          ],
          [
            29.448204,
            40.7719148
          ],
          [
            29.4487424,
            40.7719129
          ],
          [
            29.4541856,
            40.7720876
          ],
          [
            29.4551852,
            40.7721508
          ],
          [
            29.4558154,
            40.772188
          ],
          [
            29.4564253,
            40.7722729
          ],
          [
            29.4570681,
            40.7724006
          ],
          [
            29.4577038,
            40.7725306
          ],
          [
            29.4606945,
            40.7732233
          ],
          [
            29.4611016,
            40.773299
          ],
          [
            29.4615743,
            40.7733634
          ],
          [
            29.4620565,
            40.7733954
          ],
          [
            29.4625694,
            40.7734061
          ],
          [
            29.4632817,
            40.7733997
          ],
          [
            29.4656009,
            40.7733283
          ]
        ]
      },
      "id": "way/102315519"
    },
    {
      "type": "Feature",
      "properties": {
        "@id": "way/160596791",
        "bridge": "yes",
        "electrified": "contact_line",
        "frequency": "50",
        "gauge": "1435",
        "layer": "1",
        "maxspeed": "100",
        "name": "İstanbul - Ankara demiryolu",
        "name:en": "İstanbul - Ankara railway",
        "operator": "TCDD",
        "passenger_lines": "1",
        "railway": "rail",
        "railway:etcs": "yes",
        "source": "bing",
        "usage": "main",
        "voltage": "25000",
        "wikidata": "Q15103266",
        "wikipedia": "en:Istanbul–Ankara railway"
      },
      "geometry": {
        "type": "LineString",
        "coordinates": [
          [
            29.9595659,
            40.7604111
          ],
          [
            29.9589954,
            40.7607293
          ]
        ]
      },
      "id": "way/160596791"
    },
    {
      "type": "Feature",
      "properties": {
        "@id": "way/176230410",
        "electrified": "contact_line",
        "frequency": "50",
        "gauge": "1435",
        "highspeed": "yes",
        "maxspeed": "100",
        "name": "İstanbul-Ankara yüksek hızlı demiryolu",
        "name:en": "İstanbul-Ankara high speed railway",
        "operator": "TCDD",
        "railway": "rail",
        "railway:etcs": "1",
        "usage": "main",
        "voltage": "25000"
      },
      "geometry": {
        "type": "LineString",
        "coordinates": [
          [
            29.5281842,
            40.7704514
          ],
          [
            29.528909,
            40.7704802
          ],
          [
            29.5293382,
            40.7704702
          ],
          [
            29.5298856,
            40.7704307
          ],
          [
            29.530435,
            40.7703656
          ],
          [
            29.5309936,
            40.770279
          ],
          [
            29.5317441,
            40.7701435
          ]
        ]
      },
      "id": "way/176230410"
    },
    {
      "type": "Feature",
      "properties": {
        "@id": "way/176230411",
        "bridge": "yes",
        "electrified": "contact_line",
        "frequency": "50",
        "gauge": "1435",
        "highspeed": "yes",
        "layer": "1",
        "maxspeed": "100",
        "name": "İstanbul-Ankara yüksek hızlı demiryolu",
        "name:en": "İstanbul-Ankara high speed railway",
        "operator": "TCDD",
        "railway": "rail",
        "railway:etcs": "1",
        "source": "bing",
        "usage": "main",
        "voltage": "25000"
      },
      "geometry": {
        "type": "LineString",
        "coordinates": [
          [
            29.5274364,
            40.770385
          ],
          [
            29.5281842,
            40.7704514
          ]
        ]
      },
      "id": "way/176230411"
    },
    {
      "type": "Feature",
      "properties": {
        "@id": "way/192509959",
        "electrified": "contact_line",
        "frequency": "50",
        "gauge": "1435",
        "maxspeed": "80",
        "name": "İstanbul-Ankara demiryolu",
        "operator": "TCDD",
        "railway": "rail",
        "railway:bidirectional": "regular",
        "railway:etcs": "1",
        "railway:preferred_direction": "both",
        "usage": "main",
        "voltage": "25000"
      },
      "geometry": {
        "type": "LineString",
        "coordinates": [
          [
            29.3596896,
            40.8083686
          ],
          [
            29.3652824,
            40.8072621
          ],
          [
            29.3661185,
            40.8071078
          ],
          [
            29.3666838,
            40.8069712
          ],
          [
            29.367788,
            40.8066561
          ],
          [
            29.3687439,
            40.8063023
          ],
          [
            29.3697757,
            40.8058471
          ],
          [
            29.3707326,
            40.8053265
          ],
          [
            29.3712291,
            40.8050108
          ],
          [
            29.3825668,
            40.7974812
          ],
          [
            29.390696,
            40.7920698
          ],
          [
            29.3943271,
            40.7896499
          ],
          [
            29.3952227,
            40.7890777
          ],
          [
            29.3956205,
            40.7888465
          ],
          [
            29.3960801,
            40.7886162
          ],
          [
            29.3969853,
            40.7882365
          ],
          [
            29.398058,
            40.7878641
          ],
          [
            29.4039356,
            40.7859991
          ],
          [
            29.4070254,
            40.7850002
          ]
        ]
      },
      "id": "way/192509959"
    },
    {
      "type": "Feature",
      "properties": {
        "@id": "way/196199327",
        "bridge": "yes",
        "electrified": "contact_line",
        "frequency": "50",
        "gauge": "1435",
        "highspeed": "yes",
        "layer": "1",
        "maxspeed": "100",
        "name": "İstanbul - Ankara yüksek hızlı demiryolu",
        "name:en": "İstanbul - Ankara high speed railway",
        "operator": "TCDD",
        "passenger_lines": "1",
        "railway": "rail",
        "railway:etcs": "1",
        "source": "bing",
        "usage": "main",
        "voltage": "25000",
        "wikidata": "Q513146",
        "wikipedia": "en:Ankara–Istanbul high-speed railway"
      },
      "geometry": {
        "type": "LineString",
        "coordinates": [
          [
            29.6618724,
            40.7785297
          ],
          [
            29.6620424,
            40.778531
          ]
        ]
      },
      "id": "way/196199327"
    },
    {
      "type": "Feature",
      "properties": {
        "@id": "way/196199328",
        "electrified": "contact_line",
        "frequency": "50",
        "gauge": "1435",
        "highspeed": "yes",
        "maxspeed": "100",
        "name": "İstanbul - Ankara yüksek hızlı demiryolu",
        "name:en": "İstanbul - Ankara high speed railway",
        "operator": "TCDD",
        "passenger_lines": "1",
        "railway": "rail",
        "railway:etcs": "1",
        "source": "bing",
        "usage": "main",
        "voltage": "25000",
        "wikidata": "Q513146",
        "wikipedia": "en:Ankara–Istanbul high-speed railway"
      },
      "geometry": {
        "type": "LineString",
        "coordinates": [
          [
            29.6620424,
            40.778531
          ],
          [
            29.6668493,
            40.7785806
          ],
          [
            29.6682061,
            40.7785743
          ],
          [
            29.6690118,
            40.7785549
          ],
          [
            29.6753941,
            40.7783197
          ],
          [
            29.6760839,
            40.7783088
          ],
          [
            29.6769582,
            40.7783123
          ]
        ]
      },
      "id": "way/196199328"
    },
    {
      "type": "Feature",
      "properties": {
        "@id": "way/196199329",
        "electrified": "contact_line",
        "frequency": "50",
        "gauge": "1435",
        "highspeed": "yes",
        "layer": "-1",
        "maxspeed": "100",
        "name": "İstanbul - Ankara yüksek hızlı demiryolu",
        "name:en": "İstanbul - Ankara high speed railway",
        "operator": "TCDD",
        "passenger_lines": "1",
        "railway": "rail",
        "railway:etcs": "1",
        "source": "bing",
        "tunnel": "yes",
        "usage": "main",
        "voltage": "25000",
        "wikidata": "Q513146",
        "wikipedia": "en:Ankara–Istanbul high-speed railway"
      },
      "geometry": {
        "type": "LineString",
        "coordinates": [
          [
            29.6014073,
            40.778939
          ],
          [
            29.6024107,
            40.7792856
          ],
          [
            29.6029293,
            40.7795015
          ],
          [
            29.603337,
            40.7797006
          ],
          [
            29.6045546,
            40.7804146
          ]
        ]
      },
      "id": "way/196199329"
    },
    {
      "type": "Feature",
      "properties": {
        "@id": "way/200487569",
        "electrified": "contact_line",
        "frequency": "50",
        "gauge": "1435",
        "highspeed": "yes",
        "maxspeed": "100",
        "name": "İstanbul - Ankara yüksek hızlı demiryolu",
        "name:en": "İstanbul - Ankara high-speed railway",
        "operator": "TCDD",
        "passenger_lines": "1",
        "railway": "rail",
        "railway:etcs": "1",
        "source": "bing",
        "usage": "main",
        "voltage": "25000",
        "wikidata": "Q513146",
        "wikipedia": "en:Ankara–Istanbul high-speed railway"
      },
      "geometry": {
        "type": "LineString",
        "coordinates": [
          [
            29.7370585,
            40.7717114
          ],
          [
            29.741415,
            40.7698641
          ],
          [
            29.7420022,
            40.7696042
          ],
          [
            29.7427155,
            40.7692427
          ],
          [
            29.7431341,
            40.7689981
          ],
          [
            29.7452695,
            40.7676192
          ],
          [
            29.7488538,
            40.7653046
          ],
          [
            29.7515735,
            40.7635219
          ],
          [
            29.7520883,
            40.7631016
          ],
          [
            29.7525967,
            40.7626475
          ],
          [
            29.7531349,
            40.7620701
          ],
          [
            29.7540843,
            40.7609687
          ],
          [
            29.7562074,
            40.7584991
          ],
          [
            29.7567691,
            40.7579717
          ],
          [
            29.7570249,
            40.7577578
          ],
          [
            29.7573117,
            40.7575626
          ],
          [
            29.7576664,
            40.7573101
          ],
          [
            29.7584527,
            40.7568864
          ],
          [
            29.7592255,
            40.7565568
          ],
          [
            29.7599228,
            40.7563221
          ],
          [
            29.7608232,
            40.7561157
          ],
          [
            29.7612919,
            40.7560336
          ],
          [
            29.7622427,
            40.7559216
          ],
          [
            29.7656617,
            40.7556142
          ],
          [
            29.7666203,
            40.755488
          ],
          [
            29.7675283,
            40.7553184
          ],
          [
            29.7684467,
            40.7550603
          ],
          [
            29.7692658,
            40.7547559
          ]
        ]
      },
      "id": "way/200487569"
    },
    {
      "type": "Feature",
      "properties": {
        "@id": "way/200487570",
        "electrified": "contact_line",
        "frequency": "50",
        "gauge": "1435",
        "highspeed": "yes",
        "maxspeed": "100",
        "name": "İstanbul - Ankara yüksek hızlı demiryolu",
        "name:en": "İstanbul - Ankara high speed railway",
        "operator": "TCDD",
        "passenger_lines": "1",
        "railway": "rail",
        "railway:etcs": "1",
        "source": "bing",
        "usage": "main",
        "voltage": "25000",
        "wikidata": "Q513146",
        "wikipedia": "en:Ankara–Istanbul high-speed railway"
      },
      "geometry": {
        "type": "LineString",
        "coordinates": [
          [
            29.6947295,
            40.7776632
          ],
          [
            29.7031467,
            40.7772413
          ]
        ]
      },
      "id": "way/200487570"
    },
    {
      "type": "Feature",
      "properties": {
        "@id": "way/200487571",
        "bridge": "yes",
        "electrified": "contact_line",
        "frequency": "50",
        "gauge": "1435",
        "highspeed": "yes",
        "layer": "1",
        "maxspeed": "100",
        "name": "İstanbul - Ankara yüksek hızlı  demiryolu",
        "name:en": "İstanbul - Ankara high speed  railway",
        "operator": "TCDD",
        "passenger_lines": "1",
        "railway": "rail",
        "railway:etcs": "1",
        "source": "bing",
        "usage": "main",
        "voltage": "25000",
        "wikidata": "Q513146",
        "wikipedia": "en:Ankara–Istanbul high-speed railway"
      },
      "geometry": {
        "type": "LineString",
        "coordinates": [
          [
            29.6945971,
            40.7776699
          ],
          [
            29.6947295,
            40.7776632
          ]
        ]
      },
      "id": "way/200487571"
    },
    {
      "type": "Feature",
      "properties": {
        "@id": "way/200487572",
        "bridge": "yes",
        "electrified": "contact_line",
        "frequency": "50",
        "gauge": "1435",
        "highspeed": "yes",
        "layer": "1",
        "maxspeed": "100",
        "name": "İstanbul - Ankara yüksek hızlı demiryolu",
        "name:en": "İstanbul - Ankara high speed railway",
        "operator": "TCDD",
        "passenger_lines": "1",
        "railway": "rail",
        "railway:etcs": "1",
        "source": "bing",
        "usage": "main",
        "voltage": "25000",
        "wikidata": "Q513146",
        "wikipedia": "en:Ankara–Istanbul high-speed railway"
      },
      "geometry": {
        "type": "LineString",
        "coordinates": [
          [
            29.6877248,
            40.7782622
          ],
          [
            29.6878665,
            40.7782426
          ]
        ]
      },
      "id": "way/200487572"
    },
    {
      "type": "Feature",
      "properties": {
        "@id": "way/200487573",
        "bridge": "yes",
        "electrified": "contact_line",
        "frequency": "50",
        "gauge": "1435",
        "highspeed": "yes",
        "layer": "1",
        "maxspeed": "100",
        "name": "İstanbul - Ankara yüksek hızlı demiryolu",
        "name:en": "İstanbul - Ankara high speed railway",
        "operator": "TCDD",
        "passenger_lines": "1",
        "railway": "rail",
        "railway:etcs": "1",
        "source": "bing",
        "usage": "main",
        "voltage": "25000",
        "wikidata": "Q513146",
        "wikipedia": "en:Ankara–Istanbul high-speed railway"
      },
      "geometry": {
        "type": "LineString",
        "coordinates": [
          [
            29.6769582,
            40.7783123
          ],
          [
            29.6770735,
            40.7783144
          ]
        ]
      },
      "id": "way/200487573"
    },
    {
      "type": "Feature",
      "properties": {
        "@id": "way/200487574",
        "bridge": "yes",
        "electrified": "contact_line",
        "frequency": "50",
        "gauge": "1435",
        "highspeed": "yes",
        "layer": "1",
        "maxspeed": "100",
        "name": "İstanbul - Ankara yüksek hızlı demiryolu",
        "name:en": "İstanbul - Ankara high speed railway",
        "operator": "TCDD",
        "passenger_lines": "1",
        "railway": "rail",
        "railway:etcs": "1",
        "source": "bing",
        "usage": "main",
        "voltage": "25000",
        "wikidata": "Q513146",
        "wikipedia": "en:Ankara–Istanbul high-speed railway"
      },
      "geometry": {
        "type": "LineString",
        "coordinates": [
          [
            29.7182699,
            40.7731714
          ],
          [
            29.7184291,
            40.7730889
          ]
        ]
      },
      "id": "way/200487574"
    },
    {
      "type": "Feature",
      "properties": {
        "@id": "way/200487575",
        "bridge": "yes",
        "electrified": "contact_line",
        "frequency": "50",
        "gauge": "1435",
        "highspeed": "yes",
        "layer": "1",
        "maxspeed": "100",
        "name": "İstanbul - Ankara yüksek hızlı demiryolu",
        "name:en": "İstanbul - Ankara high speed railway",
        "operator": "TCDD",
        "passenger_lines": "1",
        "railway": "rail",
        "railway:etcs": "1",
        "source": "bing",
        "usage": "main",
        "voltage": "25000",
        "wikidata": "Q513146",
        "wikipedia": "en:Ankara–Istanbul high-speed railway"
      },
      "geometry": {
        "type": "LineString",
        "coordinates": [
          [
            29.7031467,
            40.7772413
          ],
          [
            29.7033523,
            40.7772303
          ]
        ]
      },
      "id": "way/200487575"
    },
    {
      "type": "Feature",
      "properties": {
        "@id": "way/200487576",
        "bridge": "yes",
        "electrified": "contact_line",
        "frequency": "50",
        "gauge": "1435",
        "layer": "1",
        "maxspeed": "100",
        "name": "İstanbul - Ankara demiryolu",
        "name:en": "İstanbul - Ankara railway",
        "operator": "TCDD",
        "passenger_lines": "1",
        "railway": "rail",
        "railway:etcs": "1",
        "source": "bing",
        "usage": "main",
        "voltage": "25000",
        "wikidata": "Q15103266",
        "wikipedia": "en:Istanbul–Ankara railway"
      },
      "geometry": {
        "type": "LineString",
        "coordinates": [
          [
            29.681157,
            40.7784603
          ],
          [
            29.6812783,
            40.7784628
          ]
        ]
      },
      "id": "way/200487576"
    },
    {
      "type": "Feature",
      "properties": {
        "@id": "way/200487577",
        "bridge": "yes",
        "electrified": "contact_line",
        "frequency": "50",
        "gauge": "1435",
        "highspeed": "yes",
        "layer": "1",
        "maxspeed": "100",
        "name": "İstanbul - Ankara yüksek hızlı demiryolu",
        "name:en": "İstanbul - Ankara high-speed railway",
        "operator": "TCDD",
        "passenger_lines": "1",
        "railway": "rail",
        "railway:etcs": "1",
        "source": "bing",
        "usage": "main",
        "voltage": "25000",
        "wikidata": "Q513146",
        "wikipedia": "en:Ankara–Istanbul high-speed railway"
      },
      "geometry": {
        "type": "LineString",
        "coordinates": [
          [
            29.7205819,
            40.7722635
          ],
          [
            29.7208407,
            40.7722088
          ]
        ]
      },
      "id": "way/200487577"
    },
    {
      "type": "Feature",
      "properties": {
        "@id": "way/200487578",
        "bridge": "yes",
        "electrified": "contact_line",
        "frequency": "50",
        "gauge": "1435",
        "highspeed": "yes",
        "layer": "1",
        "maxspeed": "100",
        "name": "İstanbul - Ankara demiryolu",
        "name:en": "İstanbul - Ankara railway",
        "operator": "TCDD",
        "passenger_lines": "1",
        "railway": "rail",
        "railway:etcs": "1",
        "source": "bing",
        "usage": "main",
        "voltage": "25000",
        "wikidata": "Q15103266",
        "wikipedia": "en:Istanbul–Ankara railway"
      },
      "geometry": {
        "type": "LineString",
        "coordinates": [
          [
            29.7368193,
            40.771765
          ],
          [
            29.7370333,
            40.771673
          ]
        ]
      },
      "id": "way/200487578"
    },
    {
      "type": "Feature",
      "properties": {
        "@id": "way/200487579",
        "electrified": "contact_line",
        "frequency": "50",
        "gauge": "1435",
        "highspeed": "yes",
        "maxspeed": "100",
        "name": "İstanbul - Ankara yüksek hızlı demiryolu",
        "name:en": "İstanbul - Ankara high speed railway",
        "operator": "TCDD",
        "passenger_lines": "1",
        "railway": "rail",
        "railway:etcs": "1",
        "source": "bing",
        "usage": "main",
        "voltage": "25000",
        "wikidata": "Q513146",
        "wikipedia": "en:Ankara–Istanbul high-speed railway"
      },
      "geometry": {
        "type": "LineString",
        "coordinates": [
          [
            29.6770735,
            40.7783144
          ],
          [
            29.681157,
            40.7784603
          ]
        ]
      },
      "id": "way/200487579"
    },
    {
      "type": "Feature",
      "properties": {
        "@id": "way/200487580",
        "electrified": "contact_line",
        "frequency": "50",
        "gauge": "1435",
        "highspeed": "yes",
        "maxspeed": "100",
        "name": "İstanbul - Ankara yüksek hızlı demiryolu",
        "name:en": "İstanbul - Ankara high-speed railway",
        "operator": "TCDD",
        "passenger_lines": "1",
        "railway": "rail",
        "railway:etcs": "1",
        "source": "bing",
        "usage": "main",
        "voltage": "25000",
        "wikidata": "Q513146",
        "wikipedia": "en:Ankara–Istanbul high-speed railway"
      },
      "geometry": {
        "type": "LineString",
        "coordinates": [
          [
            29.7184291,
            40.7730889
          ],
          [
            29.7189713,
            40.7728233
          ],
          [
            29.7193697,
            40.7726443
          ],
          [
            29.7197249,
            40.7725114
          ],
          [
            29.72013,
            40.7723815
          ],
          [
            29.7205819,
            40.7722635
          ]
        ]
      },
      "id": "way/200487580"
    },
    {
      "type": "Feature",
      "properties": {
        "@id": "way/200487581",
        "electrified": "contact_line",
        "frequency": "50",
        "gauge": "1435",
        "highspeed": "yes",
        "maxspeed": "100",
        "name": "İstanbul - Ankara yüksek hızlı demiryolu",
        "name:en": "İstanbul - Ankara high speed railway",
        "operator": "TCDD",
        "passenger_lines": "1",
        "railway": "rail",
        "railway:etcs": "1",
        "source": "bing",
        "usage": "main",
        "voltage": "25000",
        "wikidata": "Q513146",
        "wikipedia": "en:Ankara–Istanbul high-speed railway"
      },
      "geometry": {
        "type": "LineString",
        "coordinates": [
          [
            29.6878665,
            40.7782426
          ],
          [
            29.6896463,
            40.7780091
          ],
          [
            29.6909474,
            40.7778757
          ],
          [
            29.692249,
            40.7777879
          ],
          [
            29.6945971,
            40.7776699
          ]
        ]
      },
      "id": "way/200487581"
    },
    {
      "type": "Feature",
      "properties": {
        "@id": "way/200487582",
        "electrified": "contact_line",
        "frequency": "50",
        "gauge": "1435",
        "highspeed": "yes",
        "maxspeed": "100",
        "name": "İstanbul - Ankara yüksek hızlı demiryolu",
        "name:en": "İstanbul - Ankara high speed railway",
        "operator": "TCDD",
        "passenger_lines": "1",
        "railway": "rail",
        "railway:etcs": "1",
        "source": "bing",
        "usage": "main",
        "voltage": "25000",
        "wikidata": "Q513146",
        "wikipedia": "en:Ankara–Istanbul high-speed railway"
      },
      "geometry": {
        "type": "LineString",
        "coordinates": [
          [
            29.6812783,
            40.7784628
          ],
          [
            29.6840609,
            40.7785609
          ],
          [
            29.6846365,
            40.7785654
          ],
          [
            29.6850649,
            40.7785502
          ],
          [
            29.685444,
            40.7785315
          ],
          [
            29.6858374,
            40.7784948
          ],
          [
            29.6877248,
            40.7782622
          ]
        ]
      },
      "id": "way/200487582"
    },
    {
      "type": "Feature",
      "properties": {
        "@id": "way/200487583",
        "electrified": "contact_line",
        "frequency": "50",
        "gauge": "1435",
        "highspeed": "yes",
        "maxspeed": "100",
        "name": "İstanbul - Ankara yüksek hızlı demiryolu",
        "name:en": "İstanbul - Ankara high speed railway",
        "operator": "TCDD",
        "passenger_lines": "1",
        "railway": "rail",
        "railway:etcs": "1",
        "source": "bing",
        "usage": "main",
        "voltage": "25000",
        "wikidata": "Q513146",
        "wikipedia": "en:Ankara–Istanbul high-speed railway"
      },
      "geometry": {
        "type": "LineString",
        "coordinates": [
          [
            29.7033523,
            40.7772303
          ],
          [
            29.7082254,
            40.776986
          ],
          [
            29.7090783,
            40.7769133
          ],
          [
            29.7096054,
            40.7768525
          ],
          [
            29.710078,
            40.7767831
          ],
          [
            29.7105503,
            40.7766864
          ],
          [
            29.7111319,
            40.7765341
          ],
          [
            29.7118464,
            40.7763209
          ],
          [
            29.7123032,
            40.7761448
          ],
          [
            29.7129234,
            40.775865
          ],
          [
            29.7182699,
            40.7731714
          ]
        ]
      },
      "id": "way/200487583"
    },
    {
      "type": "Feature",
      "properties": {
        "@id": "way/200651592",
        "electrified": "contact_line",
        "frequency": "50",
        "gauge": "1435",
        "maxspeed": "100",
        "name": "İstanbul - Ankara demiryolu",
        "name:en": "İstanbul - Ankara railway",
        "operator": "TCDD",
        "passenger_lines": "1",
        "railway": "rail",
        "railway:etcs": "yes",
        "source": "bing",
        "usage": "main",
        "voltage": "25000",
        "wikidata": "Q15103266",
        "wikipedia": "en:Istanbul–Ankara railway"
      },
      "geometry": {
        "type": "LineString",
        "coordinates": [
          [
            29.7691989,
            40.7547001
          ],
          [
            29.7684095,
            40.7549962
          ],
          [
            29.7675104,
            40.7552393
          ],
          [
            29.7665808,
            40.7554085
          ],
          [
            29.7656471,
            40.7555204
          ],
          [
            29.7639504,
            40.7556847
          ],
          [
            29.7622349,
            40.7558509
          ],
          [
            29.7612864,
            40.7559577
          ],
          [
            29.7608027,
            40.7560418
          ],
          [
            29.7598929,
            40.7562646
          ],
          [
            29.7591859,
            40.7565013
          ],
          [
            29.7584075,
            40.7568434
          ],
          [
            29.7576075,
            40.7572611
          ],
          [
            29.7572467,
            40.7574987
          ],
          [
            29.7569353,
            40.7577137
          ],
          [
            29.7566804,
            40.7579271
          ],
          [
            29.7561266,
            40.758464
          ],
          [
            29.7540135,
            40.7609176
          ],
          [
            29.753583,
            40.7614224
          ],
          [
            29.7530521,
            40.7620231
          ],
          [
            29.7525226,
            40.7625917
          ],
          [
            29.7520078,
            40.763044
          ],
          [
            29.7514877,
            40.7634722
          ],
          [
            29.7494445,
            40.7648136
          ],
          [
            29.7487902,
            40.765241
          ],
          [
            29.743063,
            40.7689317
          ],
          [
            29.7426417,
            40.7691723
          ],
          [
            29.7419718,
            40.7695126
          ],
          [
            29.7413793,
            40.7697816
          ],
          [
            29.7380461,
            40.7711945
          ],
          [
            29.737008,
            40.7716345
          ]
        ]
      },
      "id": "way/200651592"
    },
    {
      "type": "Feature",
      "properties": {
        "@id": "way/200651593",
        "electrified": "contact_line",
        "frequency": "50",
        "gauge": "1435",
        "maxspeed": "100",
        "name": "İstanbul - Ankara demiryolu",
        "name:en": "İstanbul - Ankara railway",
        "operator": "TCDD",
        "passenger_lines": "1",
        "railway": "rail",
        "railway:etcs": "yes",
        "source": "bing",
        "usage": "main",
        "voltage": "25000",
        "wikidata": "Q15103266",
        "wikipedia": "en:Istanbul–Ankara railway"
      },
      "geometry": {
        "type": "LineString",
        "coordinates": [
          [
            29.8199535,
            40.7516989
          ],
          [
            29.8191557,
            40.7515829
          ],
          [
            29.8146502,
            40.7508948
          ],
          [
            29.8127229,
            40.7505905
          ],
          [
            29.8100072,
            40.7501272
          ],
          [
            29.8080152,
            40.7496816
          ],
          [
            29.8073048,
            40.7495208
          ],
          [
            29.8066351,
            40.7494089
          ],
          [
            29.8059852,
            40.7493089
          ],
          [
            29.8055637,
            40.7492668
          ],
          [
            29.7962918,
            40.7488463
          ],
          [
            29.7953427,
            40.7487768
          ],
          [
            29.79474,
            40.748728
          ],
          [
            29.7942005,
            40.7486383
          ],
          [
            29.7936769,
            40.7485198
          ],
          [
            29.7907955,
            40.7477575
          ],
          [
            29.7898498,
            40.7475983
          ],
          [
            29.7889916,
            40.7475062
          ],
          [
            29.7861905,
            40.7474167
          ],
          [
            29.7853168,
            40.7473746
          ],
          [
            29.7845076,
            40.7472839
          ],
          [
            29.782581,
            40.7470605
          ],
          [
            29.7816523,
            40.7469728
          ],
          [
            29.7806708,
            40.7469611
          ],
          [
            29.7797172,
            40.7470237
          ],
          [
            29.7787865,
            40.7471706
          ],
          [
            29.77785,
            40.7474091
          ],
          [
            29.7769565,
            40.7477272
          ],
          [
            29.7761348,
            40.7480988
          ],
          [
            29.775362,
            40.7485587
          ],
          [
            29.7746869,
            40.7490832
          ],
          [
            29.7740789,
            40.7496582
          ],
          [
            29.7735792,
            40.7502863
          ],
          [
            29.7731619,
            40.7509224
          ],
          [
            29.7725436,
            40.7519323
          ],
          [
            29.7723272,
            40.752253
          ],
          [
            29.7720903,
            40.7525691
          ],
          [
            29.7718218,
            40.7528688
          ],
          [
            29.7712551,
            40.7534323
          ],
          [
            29.770716,
            40.75385
          ],
          [
            29.7705819,
            40.7539466
          ],
          [
            29.7699245,
            40.7543354
          ],
          [
            29.769421,
            40.754595
          ]
        ]
      },
      "id": "way/200651593"
    },
    {
      "type": "Feature",
      "properties": {
        "@id": "way/200896621",
        "bridge": "yes",
        "electrified": "contact_line",
        "frequency": "50",
        "gauge": "1435",
        "highspeed": "yes",
        "layer": "1",
        "maxspeed": "100",
        "name": "Ankara - İstanbul yüksek hızlı demiryolu",
        "name:en": "Ankara - İstanbul high-speed railway",
        "operator": "TCDD",
        "passenger_lines": "1",
        "railway": "rail",
        "railway:etcs": "1",
        "usage": "main",
        "voltage": "25000",
        "wikidata": "Q513146",
        "wikipedia": "en:Ankara–Istanbul high-speed railway"
      },
      "geometry": {
        "type": "LineString",
        "coordinates": [
          [
            29.826624,
            40.7515343
          ],
          [
            29.8272763,
            40.7516195
          ]
        ]
      },
      "id": "way/200896621"
    },
    {
      "type": "Feature",
      "properties": {
        "@id": "way/200896629",
        "bridge": "yes",
        "electrified": "contact_line",
        "frequency": "50",
        "gauge": "1435",
        "highspeed": "yes",
        "layer": "1",
        "maxspeed": "100",
        "name": "İstanbul - Ankara yüksek hızlı demiryolu",
        "name:en": "İstanbul - Ankara high speed railway",
        "operator": "TCDD",
        "passenger_lines": "1",
        "railway": "rail",
        "railway:etcs": "1",
        "source": "bing",
        "usage": "main",
        "voltage": "25000",
        "wikidata": "Q513146",
        "wikipedia": "en:Ankara–Istanbul high-speed railway"
      },
      "geometry": {
        "type": "LineString",
        "coordinates": [
          [
            29.81995,
            40.7517327
          ],
          [
            29.82012,
            40.75175
          ]
        ]
      },
      "id": "way/200896629"
    },
    {
      "type": "Feature",
      "properties": {
        "@id": "way/200896650",
        "electrified": "contact_line",
        "frequency": "50",
        "gauge": "1435",
        "highspeed": "yes",
        "maxspeed": "100",
        "name": "İstanbul - Ankara yüksek hızlı demiryolu",
        "name:en": "İstanbul - Ankara high speed railway",
        "operator": "TCDD",
        "passenger_lines": "1",
        "railway": "rail",
        "railway:etcs": "1",
        "source": "bing",
        "usage": "main",
        "voltage": "25000",
        "wikidata": "Q513146",
        "wikipedia": "en:Ankara–Istanbul high-speed railway"
      },
      "geometry": {
        "type": "LineString",
        "coordinates": [
          [
            29.8608288,
            40.7573715
          ],
          [
            29.8577534,
            40.7565401
          ],
          [
            29.8572714,
            40.756418
          ],
          [
            29.8565108,
            40.7562501
          ],
          [
            29.8557438,
            40.7561125
          ],
          [
            29.8547861,
            40.7560063
          ],
          [
            29.8537976,
            40.7559692
          ],
          [
            29.8464491,
            40.7558565
          ],
          [
            29.8391948,
            40.7557452
          ],
          [
            29.8386701,
            40.7557282
          ],
          [
            29.8382956,
            40.755704
          ],
          [
            29.8378369,
            40.7556529
          ],
          [
            29.8373642,
            40.7555795
          ],
          [
            29.8369201,
            40.7554824
          ],
          [
            29.8364436,
            40.7553504
          ],
          [
            29.8360468,
            40.755217
          ],
          [
            29.8356618,
            40.7550686
          ],
          [
            29.8353128,
            40.7549234
          ],
          [
            29.8325603,
            40.7536893
          ],
          [
            29.8294006,
            40.7522931
          ],
          [
            29.8289667,
            40.7521182
          ],
          [
            29.8285705,
            40.7519776
          ],
          [
            29.8282602,
            40.7518822
          ],
          [
            29.8279371,
            40.7517981
          ],
          [
            29.8276363,
            40.7517265
          ],
          [
            29.8272715,
            40.7516559
          ]
        ]
      },
      "id": "way/200896650"
    },
    {
      "type": "Feature",
      "properties": {
        "@id": "way/200896654",
        "electrified": "contact_line",
        "frequency": "50",
        "gauge": "1435",
        "highspeed": "yes",
        "maxspeed": "100",
        "name": "İstanbul - Ankara yüksek hızlı demiryolu",
        "name:en": "İstanbul - Ankara high speed railway",
        "operator": "TCDD",
        "passenger_lines": "1",
        "railway": "rail",
        "railway:etcs": "1",
        "source": "bing",
        "usage": "main",
        "voltage": "25000",
        "wikidata": "Q513146",
        "wikipedia": "en:Ankara–Istanbul high-speed railway"
      },
      "geometry": {
        "type": "LineString",
        "coordinates": [
          [
            29.82012,
            40.75175
          ],
          [
            29.820743,
            40.7518024
          ],
          [
            29.8210131,
            40.7518136
          ],
          [
            29.8214779,
            40.7518111
          ],
          [
            29.8219426,
            40.7517923
          ],
          [
            29.82256,
            40.7517407
          ],
          [
            29.8247759,
            40.7515252
          ],
          [
            29.8252115,
            40.7514998
          ],
          [
            29.8256074,
            40.7514866
          ],
          [
            29.8260952,
            40.7514982
          ],
          [
            29.826624,
            40.7515343
          ]
        ]
      },
      "id": "way/200896654"
    },
    {
      "type": "Feature",
      "properties": {
        "@id": "way/202086282",
        "bridge": "yes",
        "electrified": "contact_line",
        "frequency": "50",
        "gauge": "1435",
        "layer": "1",
        "maxspeed": "100",
        "name": "İstanbul - Ankara demiryolu",
        "name:en": "İstanbul - Ankara railway",
        "operator": "TCDD",
        "passenger_lines": "1",
        "railway": "rail",
        "railway:etcs": "yes",
        "source": "bing",
        "usage": "main",
        "voltage": "25000",
        "wikidata": "Q15103266",
        "wikipedia": "en:Istanbul–Ankara railway"
      },
      "geometry": {
        "type": "LineString",
        "coordinates": [
          [
            29.9574417,
            40.7614471
          ],
          [
            29.9576271,
            40.7613726
          ]
        ]
      },
      "id": "way/202086282"
    },
    {
      "type": "Feature",
      "properties": {
        "@id": "way/202086284",
        "electrified": "contact_line",
        "frequency": "50",
        "gauge": "1435",
        "maxspeed": "100",
        "name": "İstanbul - Ankara demiryolu",
        "name:en": "İstanbul - Ankara railway",
        "operator": "TCDD",
        "passenger_lines": "1",
        "railway": "rail",
        "railway:etcs": "yes",
        "source": "bing",
        "usage": "main",
        "voltage": "25000",
        "wikidata": "Q15103266",
        "wikipedia": "en:Istanbul–Ankara railway"
      },
      "geometry": {
        "type": "LineString",
        "coordinates": [
          [
            29.9576271,
            40.7613726
          ],
          [
            29.9582533,
            40.7611075
          ],
          [
            29.9586317,
            40.7609195
          ],
          [
            29.9589954,
            40.7607293
          ]
        ]
      },
      "id": "way/202086284"
    },
    {
      "type": "Feature",
      "properties": {
        "@id": "way/202182467",
        "bridge": "yes",
        "electrified": "contact_line",
        "frequency": "50",
        "gauge": "1435",
        "layer": "1",
        "maxspeed": "100",
        "name": "İstanbul - Ankara yüksek hızlı demiryolu",
        "name:en": "İstanbul - Ankara high speed railway",
        "operator": "TCDD",
        "passenger_lines": "1",
        "railway": "rail",
        "railway:etcs": "1",
        "source": "bing",
        "usage": "main",
        "voltage": "25000",
        "wikidata": "Q513146",
        "wikipedia": "tr:Ankara-İstanbul high speed yüksek hızlı demiryolu"
      },
      "geometry": {
        "type": "LineString",
        "coordinates": [
          [
            29.8954865,
            40.761774
          ],
          [
            29.8952891,
            40.7617979
          ]
        ]
      },
      "id": "way/202182467"
    },
    {
      "type": "Feature",
      "properties": {
        "@id": "way/202182468",
        "electrified": "contact_line",
        "frequency": "50",
        "gauge": "1435",
        "maxspeed": "160",
        "name": "İstanbul - Ankara yüksek hızlı demiryolu",
        "name:en": "İstanbul - Ankara high speed railway",
        "operator": "TCDD",
        "passenger_lines": "1",
        "railway": "rail",
        "railway:etcs": "1",
        "source": "bing",
        "usage": "main",
        "voltage": "25000",
        "wikidata": "Q15103266",
        "wikipedia": "en:Istanbul–Ankara high speed railway"
      },
      "geometry": {
        "type": "LineString",
        "coordinates": [
          [
            29.9574996,
            40.7615357
          ],
          [
            29.9567549,
            40.7618018
          ],
          [
            29.9562762,
            40.7619434
          ],
          [
            29.9554923,
            40.7621418
          ],
          [
            29.9547654,
            40.7622812
          ],
          [
            29.9541692,
            40.7623683
          ],
          [
            29.9535856,
            40.762434
          ],
          [
            29.9531051,
            40.762467
          ],
          [
            29.9526577,
            40.7624948
          ],
          [
            29.9519959,
            40.7625095
          ],
          [
            29.9513991,
            40.7624936
          ],
          [
            29.9506708,
            40.7624528
          ],
          [
            29.9492525,
            40.7623716
          ],
          [
            29.9467238,
            40.7622525
          ],
          [
            29.9436555,
            40.7620624
          ],
          [
            29.9328067,
            40.7613695
          ],
          [
            29.9314579,
            40.7613109
          ],
          [
            29.9302412,
            40.7612722
          ],
          [
            29.9278539,
            40.7612309
          ],
          [
            29.9240174,
            40.7611645
          ],
          [
            29.9226808,
            40.7611414
          ],
          [
            29.9224033,
            40.7611373
          ],
          [
            29.9221525,
            40.7611445
          ],
          [
            29.9218118,
            40.7611688
          ],
          [
            29.9208946,
            40.761244
          ]
        ]
      },
      "id": "way/202182468"
    },
    {
      "type": "Feature",
      "properties": {
        "@id": "way/228442727",
        "electrified": "contact_line",
        "frequency": "50",
        "gauge": "1435",
        "highspeed": "yes",
        "layer": "-1",
        "maxspeed": "120",
        "name": "İstanbul-Ankara yüksek hızlı demiryolu",
        "name:en": "İstanbul-Ankara high speed railway",
        "operator": "TCDD",
        "railway": "rail",
        "railway:etcs": "1",
        "tunnel": "yes",
        "usage": "main",
        "voltage": "25000"
      },
      "geometry": {
        "type": "LineString",
        "coordinates": [
          [
            29.475238,
            40.7767622
          ],
          [
            29.4774564,
            40.7772104
          ]
        ]
      },
      "id": "way/228442727"
    },
    {
      "type": "Feature",
      "properties": {
        "@id": "way/228442729",
        "electrified": "contact_line",
        "frequency": "50",
        "gauge": "1435",
        "highspeed": "yes",
        "layer": "-1",
        "maxspeed": "100",
        "name": "İstanbul-Ankara yüksek hızlı demiryolu",
        "name:en": "İstanbul-Ankara high speed railway",
        "operator": "TCDD",
        "railway": "rail",
        "railway:etcs": "1",
        "tunnel": "yes",
        "usage": "main",
        "voltage": "25000"
      },
      "geometry": {
        "type": "LineString",
        "coordinates": [
          [
            29.539266,
            40.7697415
          ],
          [
            29.5405634,
            40.7699295
          ]
        ]
      },
      "id": "way/228442729"
    },
    {
      "type": "Feature",
      "properties": {
        "@id": "way/228442730",
        "electrified": "contact_line",
        "frequency": "50",
        "gauge": "1435",
        "highspeed": "yes",
        "maxspeed": "100",
        "name": "İstanbul - Ankara yüksek hızlı demiryolu",
        "name:en": "İstanbul - Ankara high speed railway",
        "operator": "TCDD",
        "passenger_lines": "1",
        "railway": "rail",
        "railway:etcs": "1",
        "source": "bing",
        "usage": "main",
        "voltage": "25000",
        "wikidata": "Q513146",
        "wikipedia": "en:Ankara–Istanbul high-speed railway"
      },
      "geometry": {
        "type": "LineString",
        "coordinates": [
          [
            29.5405634,
            40.7699295
          ],
          [
            29.543315,
            40.7703183
          ]
        ]
      },
      "id": "way/228442730"
    },
    {
      "type": "Feature",
      "properties": {
        "@id": "way/228442731",
        "bridge": "yes",
        "electrified": "contact_line",
        "frequency": "50",
        "gauge": "1435",
        "highspeed": "yes",
        "layer": "1",
        "maxspeed": "100",
        "name": "İstanbul - Ankara yüksek hızlı demiryolu",
        "name:en": "İstanbul - Ankara high speed railway",
        "operator": "TCDD",
        "passenger_lines": "1",
        "railway": "rail",
        "railway:etcs": "1",
        "source": "bing",
        "usage": "main",
        "voltage": "25000",
        "wikidata": "Q513146",
        "wikipedia": "en:Ankara–Istanbul high-speed railway"
      },
      "geometry": {
        "type": "LineString",
        "coordinates": [
          [
            29.543315,
            40.7703183
          ],
          [
            29.5434893,
            40.7703401
          ]
        ]
      },
      "id": "way/228442731"
    },
    {
      "type": "Feature",
      "properties": {
        "@id": "way/228442738",
        "electrified": "contact_line",
        "frequency": "50",
        "gauge": "1435",
        "highspeed": "yes",
        "layer": "-1",
        "maxspeed": "120",
        "name": "İstanbul-Ankara yüksek hızlı demiryolu",
        "name:en": "İstanbul-Ankara high speed railway",
        "operator": "TCDD",
        "railway": "rail",
        "railway:etcs": "1",
        "tunnel": "yes",
        "usage": "main",
        "voltage": "25000"
      },
      "geometry": {
        "type": "LineString",
        "coordinates": [
          [
            29.4956765,
            40.7799316
          ],
          [
            29.4969982,
            40.7798854
          ],
          [
            29.4984582,
            40.7799878
          ]
        ]
      },
      "id": "way/228442738"
    },
    {
      "type": "Feature",
      "properties": {
        "@id": "way/228442747",
        "electrified": "contact_line",
        "frequency": "50",
        "gauge": "1435",
        "highspeed": "yes",
        "maxspeed": "100",
        "name": "İstanbul-Ankara yüksek hızlı demiryolu",
        "name:en": "İstanbul-Ankara high speed railway",
        "operator": "TCDD",
        "railway": "rail",
        "railway:etcs": "1",
        "usage": "main",
        "voltage": "25000"
      },
      "geometry": {
        "type": "LineString",
        "coordinates": [
          [
            29.5231316,
            40.769347
          ],
          [
            29.5259335,
            40.770129
          ],
          [
            29.5263945,
            40.7702259
          ],
          [
            29.5270689,
            40.770342
          ],
          [
            29.5274364,
            40.770385
          ]
        ]
      },
      "id": "way/228442747"
    },
    {
      "type": "Feature",
      "properties": {
        "@id": "way/228442750",
        "electrified": "contact_line",
        "frequency": "50",
        "gauge": "1435",
        "highspeed": "yes",
        "layer": "-1",
        "maxspeed": "120",
        "name": "İstanbul-Ankara yüksek hızlı demiryolu",
        "name:en": "İstanbul-Ankara high speed railway",
        "operator": "TCDD",
        "railway": "rail",
        "railway:etcs": "1",
        "tunnel": "yes",
        "usage": "main",
        "voltage": "25000"
      },
      "geometry": {
        "type": "LineString",
        "coordinates": [
          [
            29.5053935,
            40.7787947
          ],
          [
            29.5057665,
            40.7785277
          ],
          [
            29.508256,
            40.7766691
          ]
        ]
      },
      "id": "way/228442750"
    },
    {
      "type": "Feature",
      "properties": {
        "@id": "way/228442752",
        "electrified": "contact_line",
        "frequency": "50",
        "gauge": "1435",
        "highspeed": "yes",
        "layer": "-1",
        "maxspeed": "120",
        "name": "İstanbul-Ankara yüksek hızlı demiryolu",
        "name:en": "İstanbul-Ankara high speed railway",
        "operator": "TCDD",
        "railway": "rail",
        "railway:etcs": "1",
        "tunnel": "yes",
        "usage": "main",
        "voltage": "25000"
      },
      "geometry": {
        "type": "LineString",
        "coordinates": [
          [
            29.4656009,
            40.7733283
          ],
          [
            29.4663379,
            40.7733614
          ],
          [
            29.4672071,
            40.7734698
          ],
          [
            29.4678312,
            40.7735958
          ],
          [
            29.46832,
            40.7737331
          ],
          [
            29.4687477,
            40.7738952
          ]
        ]
      },
      "id": "way/228442752"
    },
    {
      "type": "Feature",
      "properties": {
        "@id": "way/228442754",
        "electrified": "contact_line",
        "frequency": "50",
        "gauge": "1435",
        "highspeed": "yes",
        "maxspeed": "100",
        "name": "İstanbul-Ankara yüksek hızlı demiryolu",
        "name:en": "İstanbul-Ankara high speed railway",
        "operator": "TCDD",
        "railway": "rail",
        "railway:etcs": "1",
        "usage": "main",
        "voltage": "25000"
      },
      "geometry": {
        "type": "LineString",
        "coordinates": [
          [
            29.521528,
            40.7690034
          ],
          [
            29.5218207,
            40.769049
          ],
          [
            29.5221415,
            40.7691079
          ],
          [
            29.5224564,
            40.769173
          ],
          [
            29.5227326,
            40.7692409
          ],
          [
            29.5231316,
            40.769347
          ]
        ]
      },
      "id": "way/228442754"
    },
    {
      "type": "Feature",
      "properties": {
        "@id": "way/228442756",
        "electrified": "contact_line",
        "frequency": "50",
        "gauge": "1435",
        "highspeed": "yes",
        "maxspeed": "120",
        "name": "İstanbul-Ankara yüksek hızlı demiryolu",
        "name:en": "İstanbul-Ankara high speed railway",
        "operator": "TCDD",
        "railway": "rail",
        "railway:etcs": "1",
        "usage": "main",
        "voltage": "25000"
      },
      "geometry": {
        "type": "LineString",
        "coordinates": [
          [
            29.4774564,
            40.7772104
          ],
          [
            29.4810436,
            40.7779356
          ],
          [
            29.4818552,
            40.7781282
          ],
          [
            29.4822782,
            40.7782443
          ],
          [
            29.4827541,
            40.778402
          ],
          [
            29.4832626,
            40.7785804
          ]
        ]
      },
      "id": "way/228442756"
    },
    {
      "type": "Feature",
      "properties": {
        "@id": "way/228442757",
        "electrified": "contact_line",
        "frequency": "50",
        "gauge": "1435",
        "highspeed": "yes",
        "layer": "-1",
        "maxspeed": "120",
        "name": "İstanbul-Ankara yüksek hızlı demiryolu",
        "name:en": "İstanbul-Ankara high speed railway",
        "operator": "TCDD",
        "railway": "rail",
        "railway:etcs": "1",
        "tunnel": "yes",
        "usage": "main",
        "voltage": "25000"
      },
      "geometry": {
        "type": "LineString",
        "coordinates": [
          [
            29.4832626,
            40.7785804
          ],
          [
            29.4840002,
            40.7789125
          ],
          [
            29.4849926,
            40.7793878
          ],
          [
            29.4859467,
            40.7798905
          ],
          [
            29.4866922,
            40.7802522
          ],
          [
            29.4871277,
            40.780448
          ],
          [
            29.4876265,
            40.7806105
          ],
          [
            29.4880718,
            40.780712
          ],
          [
            29.4884461,
            40.7807782
          ]
        ]
      },
      "id": "way/228442757"
    },
    {
      "type": "Feature",
      "properties": {
        "@id": "way/228442759",
        "electrified": "contact_line",
        "frequency": "50",
        "gauge": "1435",
        "highspeed": "yes",
        "layer": "-1",
        "maxspeed": "120",
        "name": "İstanbul-Ankara yüksek hızlı demiryolu",
        "name:en": "İstanbul-Ankara high speed railway",
        "operator": "TCDD",
        "railway": "rail",
        "railway:etcs": "1",
        "tunnel": "yes",
        "usage": "main",
        "voltage": "25000"
      },
      "geometry": {
        "type": "LineString",
        "coordinates": [
          [
            29.516354,
            40.7698852
          ],
          [
            29.5169592,
            40.7696228
          ],
          [
            29.5176544,
            40.7693722
          ],
          [
            29.5182637,
            40.7691981
          ],
          [
            29.518826,
            40.7690977
          ],
          [
            29.5195079,
            40.7690046
          ],
          [
            29.5201487,
            40.7689652
          ],
          [
            29.5206647,
            40.7689636
          ],
          [
            29.521177,
            40.7689798
          ],
          [
            29.521528,
            40.7690034
          ]
        ]
      },
      "id": "way/228442759"
    },
    {
      "type": "Feature",
      "properties": {
        "@id": "way/228442762",
        "electrified": "contact_line",
        "frequency": "50",
        "gauge": "1435",
        "highspeed": "yes",
        "maxspeed": "120",
        "name": "İstanbul-Ankara yüksek hızlı demiryolu",
        "name:en": "İstanbul-Ankara high speed railway",
        "operator": "TCDD",
        "railway": "rail",
        "railway:etcs": "1",
        "usage": "main",
        "voltage": "25000"
      },
      "geometry": {
        "type": "LineString",
        "coordinates": [
          [
            29.4687477,
            40.7738952
          ],
          [
            29.4696067,
            40.774259
          ],
          [
            29.4699857,
            40.7744583
          ],
          [
            29.4703253,
            40.7746373
          ],
          [
            29.4717398,
            40.7754921
          ],
          [
            29.4721435,
            40.7757119
          ],
          [
            29.472515,
            40.7759106
          ],
          [
            29.472918,
            40.7761012
          ],
          [
            29.4733465,
            40.7762721
          ],
          [
            29.4737283,
            40.776399
          ],
          [
            29.4745454,
            40.7766174
          ],
          [
            29.475238,
            40.7767622
          ]
        ]
      },
      "id": "way/228442762"
    },
    {
      "type": "Feature",
      "properties": {
        "@id": "way/228442764",
        "electrified": "contact_line",
        "frequency": "50",
        "gauge": "1435",
        "highspeed": "yes",
        "maxspeed": "120",
        "name": "İstanbul-Ankara yüksek hızlı demiryolu",
        "name:en": "İstanbul-Ankara high speed railway",
        "operator": "TCDD",
        "railway": "rail",
        "railway:etcs": "1",
        "usage": "main",
        "voltage": "25000"
      },
      "geometry": {
        "type": "LineString",
        "coordinates": [
          [
            29.4984582,
            40.7799878
          ],
          [
            29.4999073,
            40.7800779
          ],
          [
            29.5004753,
            40.7800989
          ],
          [
            29.501,
            40.7801027
          ],
          [
            29.5013962,
            40.78009
          ],
          [
            29.5018356,
            40.780049
          ],
          [
            29.5022277,
            40.7799979
          ],
          [
            29.5027822,
            40.7798929
          ],
          [
            29.5031561,
            40.7798039
          ],
          [
            29.5036056,
            40.7796572
          ],
          [
            29.5041328,
            40.7794569
          ],
          [
            29.5044972,
            40.7792952
          ],
          [
            29.5048944,
            40.7790825
          ],
          [
            29.5053935,
            40.7787947
          ]
        ]
      },
      "id": "way/228442764"
    },
    {
      "type": "Feature",
      "properties": {
        "@id": "way/228442766",
        "electrified": "contact_line",
        "frequency": "50",
        "gauge": "1435",
        "highspeed": "yes",
        "maxspeed": "120",
        "name": "İstanbul-Ankara yüksek hızlı demiryolu",
        "name:en": "İstanbul-Ankara high speed railway",
        "operator": "TCDD",
        "railway": "rail",
        "railway:etcs": "1",
        "usage": "main",
        "voltage": "25000"
      },
      "geometry": {
        "type": "LineString",
        "coordinates": [
          [
            29.508256,
            40.7766691
          ],
          [
            29.5100796,
            40.7752244
          ],
          [
            29.5113555,
            40.7742135
          ],
          [
            29.5127489,
            40.7731095
          ],
          [
            29.5129798,
            40.7729132
          ],
          [
            29.5132473,
            40.7726764
          ],
          [
            29.5135025,
            40.7724164
          ],
          [
            29.5144529,
            40.7713538
          ],
          [
            29.514644,
            40.7711496
          ],
          [
            29.5148134,
            40.7709818
          ],
          [
            29.5149887,
            40.7708189
          ],
          [
            29.5151455,
            40.7706863
          ],
          [
            29.5153727,
            40.7705065
          ],
          [
            29.5155524,
            40.7703785
          ],
          [
            29.5157424,
            40.7702474
          ],
          [
            29.5159265,
            40.7701307
          ],
          [
            29.5161542,
            40.7699911
          ],
          [
            29.516354,
            40.7698852
          ]
        ]
      },
      "id": "way/228442766"
    },
    {
      "type": "Feature",
      "properties": {
        "@id": "way/228442769",
        "electrified": "contact_line",
        "frequency": "50",
        "gauge": "1435",
        "highspeed": "yes",
        "maxspeed": "120",
        "name": "İstanbul-Ankara yüksek hızlı demiryolu",
        "name:en": "İstanbul-Ankara high speed railway",
        "operator": "TCDD",
        "railway": "rail",
        "railway:etcs": "1",
        "usage": "main",
        "voltage": "25000"
      },
      "geometry": {
        "type": "LineString",
        "coordinates": [
          [
            29.4884461,
            40.7807782
          ],
          [
            29.4889703,
            40.7808501
          ],
          [
            29.4894458,
            40.7808719
          ],
          [
            29.490011,
            40.7808644
          ],
          [
            29.4905545,
            40.7808361
          ],
          [
            29.4909954,
            40.7807872
          ],
          [
            29.4915717,
            40.7807077
          ],
          [
            29.4939646,
            40.7801762
          ],
          [
            29.4946484,
            40.7800609
          ],
          [
            29.4956765,
            40.7799316
          ]
        ]
      },
      "id": "way/228442769"
    },
    {
      "type": "Feature",
      "properties": {
        "@id": "way/228562127",
        "bridge": "yes",
        "electrified": "contact_line",
        "frequency": "50",
        "gauge": "1435",
        "highspeed": "yes",
        "layer": "1",
        "maxspeed": "100",
        "name": "İstanbul-Ankara yüksek hızlı demiryolu",
        "name:en": "İstanbul-Ankara high speed railway",
        "operator": "TCDD",
        "railway": "rail",
        "railway:etcs": "1",
        "usage": "main",
        "voltage": "25000"
      },
      "geometry": {
        "type": "LineString",
        "coordinates": [
          [
            29.5317441,
            40.7701435
          ],
          [
            29.5318272,
            40.7701284
          ]
        ]
      },
      "id": "way/228562127"
    },
    {
      "type": "Feature",
      "properties": {
        "@id": "way/228562130",
        "electrified": "contact_line",
        "frequency": "50",
        "gauge": "1435",
        "highspeed": "yes",
        "maxspeed": "100",
        "name": "İstanbul-Ankara yüksek hızlı demiryolu",
        "name:en": "İstanbul-Ankara high speed railway",
        "operator": "TCDD",
        "railway": "rail",
        "railway:etcs": "1",
        "usage": "main",
        "voltage": "25000"
      },
      "geometry": {
        "type": "LineString",
        "coordinates": [
          [
            29.5318272,
            40.7701284
          ],
          [
            29.5340171,
            40.7696871
          ],
          [
            29.5344798,
            40.7696213
          ],
          [
            29.5348604,
            40.7695884
          ],
          [
            29.5353975,
            40.7695493
          ],
          [
            29.5359344,
            40.7695452
          ],
          [
            29.5376742,
            40.7695731
          ],
          [
            29.539266,
            40.7697415
          ]
        ]
      },
      "id": "way/228562130"
    },
    {
      "type": "Feature",
      "properties": {
        "@id": "way/263321288",
        "electrified": "contact_line",
        "frequency": "50",
        "gauge": "1435",
        "maxspeed": "100",
        "name": "İstanbul - Ankara demiryolu",
        "name:en": "İstanbul - Ankara railway",
        "operator": "TCDD",
        "passenger_lines": "1",
        "railway": "rail",
        "railway:etcs": "yes",
        "source": "bing",
        "usage": "main",
        "voltage": "25000",
        "wikidata": "Q15103266",
        "wikipedia": "en:Istanbul–Ankara railway"
      },
      "geometry": {
        "type": "LineString",
        "coordinates": [
          [
            29.9110262,
            40.7611861
          ],
          [
            29.9115303,
            40.7613108
          ],
          [
            29.9120665,
            40.7614132
          ],
          [
            29.9130694,
            40.7616201
          ],
          [
            29.9133335,
            40.7616524
          ],
          [
            29.9136611,
            40.7616728
          ],
          [
            29.9139175,
            40.7616853
          ],
          [
            29.9142858,
            40.7616667
          ],
          [
            29.9146244,
            40.7616483
          ],
          [
            29.9150071,
            40.7616079
          ],
          [
            29.9198663,
            40.7611657
          ],
          [
            29.9208022,
            40.7610912
          ],
          [
            29.9217261,
            40.7610458
          ],
          [
            29.9226917,
            40.7610614
          ],
          [
            29.9268238,
            40.7611235
          ],
          [
            29.9272462,
            40.7611298
          ],
          [
            29.9287664,
            40.7611527
          ],
          [
            29.9302521,
            40.761175
          ],
          [
            29.9314748,
            40.7612083
          ],
          [
            29.9327991,
            40.7612656
          ],
          [
            29.9436626,
            40.7619373
          ],
          [
            29.9455119,
            40.7620466
          ],
          [
            29.9467592,
            40.7621335
          ],
          [
            29.9492463,
            40.7622733
          ],
          [
            29.9506907,
            40.7623583
          ],
          [
            29.9513936,
            40.7623929
          ],
          [
            29.9520118,
            40.762401
          ],
          [
            29.9526212,
            40.7623959
          ],
          [
            29.9530885,
            40.7623769
          ],
          [
            29.9535797,
            40.7623407
          ],
          [
            29.9541097,
            40.762279
          ],
          [
            29.9547071,
            40.7621875
          ],
          [
            29.955426,
            40.7620439
          ],
          [
            29.9561815,
            40.7618454
          ],
          [
            29.9566785,
            40.7616999
          ],
          [
            29.9574417,
            40.7614471
          ]
        ]
      },
      "id": "way/263321288"
    },
    {
      "type": "Feature",
      "properties": {
        "@id": "way/263321289",
        "electrified": "contact_line",
        "frequency": "50",
        "gauge": "1435",
        "maxspeed": "100",
        "name": "İstanbul - Ankara demiryolu",
        "name:en": "İstanbul - Ankara railway",
        "operator": "TCDD",
        "passenger_lines": "1",
        "railway": "rail",
        "railway:etcs": "yes",
        "source": "bing",
        "usage": "main",
        "voltage": "25000",
        "wikidata": "Q15103266",
        "wikipedia": "en:Istanbul–Ankara railway"
      },
      "geometry": {
        "type": "LineString",
        "coordinates": [
          [
            29.9110262,
            40.7611861
          ],
          [
            29.9120772,
            40.7613736
          ],
          [
            29.9130934,
            40.7615815
          ],
          [
            29.9133437,
            40.76161
          ],
          [
            29.9136741,
            40.7616316
          ],
          [
            29.9139255,
            40.7616397
          ],
          [
            29.9142882,
            40.761632
          ],
          [
            29.9146199,
            40.7616064
          ],
          [
            29.915003,
            40.761575
          ],
          [
            29.9198603,
            40.7611329
          ],
          [
            29.9207989,
            40.7610533
          ],
          [
            29.9217331,
            40.7610022
          ],
          [
            29.9226925,
            40.7610178
          ],
          [
            29.9276944,
            40.7610901
          ],
          [
            29.9281945,
            40.7610973
          ],
          [
            29.9302575,
            40.7611271
          ],
          [
            29.9314822,
            40.7611636
          ],
          [
            29.9327962,
            40.7612255
          ],
          [
            29.9436646,
            40.7619136
          ],
          [
            29.945516,
            40.7620167
          ],
          [
            29.9467701,
            40.7620967
          ],
          [
            29.9492444,
            40.7622424
          ],
          [
            29.9506974,
            40.7623264
          ],
          [
            29.9513919,
            40.762361
          ],
          [
            29.9520161,
            40.7623717
          ],
          [
            29.95261,
            40.7623656
          ],
          [
            29.9530827,
            40.7623456
          ],
          [
            29.9535775,
            40.762306
          ],
          [
            29.9540884,
            40.762247
          ],
          [
            29.9546848,
            40.7621518
          ],
          [
            29.9554,
            40.7620054
          ],
          [
            29.9561564,
            40.7618194
          ],
          [
            29.9566551,
            40.7616687
          ],
          [
            29.9574239,
            40.7614125
          ]
        ]
      },
      "id": "way/263321289"
    },
    {
      "type": "Feature",
      "properties": {
        "@id": "way/263323111",
        "bridge": "yes",
        "electrified": "contact_line",
        "frequency": "50",
        "gauge": "1435",
        "layer": "1",
        "maxspeed": "100",
        "name": "İstanbul - Ankara demiryolu",
        "name:en": "İstanbul - Ankara railway",
        "operator": "TCDD",
        "passenger_lines": "1",
        "railway": "rail",
        "railway:etcs": "1",
        "source": "bing",
        "usage": "main",
        "voltage": "25000",
        "wikidata": "Q15103266",
        "wikipedia": "en:Istanbul–Ankara railway"
      },
      "geometry": {
        "type": "LineString",
        "coordinates": [
          [
            29.8952813,
            40.7617671
          ],
          [
            29.8954814,
            40.761741
          ]
        ]
      },
      "id": "way/263323111"
    },
    {
      "type": "Feature",
      "properties": {
        "@id": "way/263324832",
        "electrified": "contact_line",
        "frequency": "50",
        "gauge": "1435",
        "maxspeed": "100",
        "name": "İstanbul - Ankara demiryolu",
        "name:en": "İstanbul - Ankara railway",
        "operator": "TCDD",
        "passenger_lines": "1",
        "railway": "rail",
        "railway:etcs": "yes",
        "source": "bing",
        "usage": "main",
        "voltage": "25000",
        "wikidata": "Q15103266",
        "wikipedia": "en:Istanbul–Ankara railway"
      },
      "geometry": {
        "type": "LineString",
        "coordinates": [
          [
            29.8266325,
            40.7514952
          ],
          [
            29.8261046,
            40.7514591
          ],
          [
            29.8256036,
            40.7514481
          ],
          [
            29.8252081,
            40.7514622
          ],
          [
            29.8247715,
            40.7514866
          ],
          [
            29.8225427,
            40.7517033
          ],
          [
            29.8219416,
            40.7517556
          ],
          [
            29.8214759,
            40.7517746
          ],
          [
            29.8210116,
            40.7517787
          ],
          [
            29.8207489,
            40.7517689
          ],
          [
            29.8201185,
            40.7517153
          ]
        ]
      },
      "id": "way/263324832"
    },
    {
      "type": "Feature",
      "properties": {
        "@id": "way/263324833",
        "bridge": "yes",
        "electrified": "contact_line",
        "frequency": "50",
        "gauge": "1435",
        "layer": "1",
        "maxspeed": "100",
        "name": "İstanbul - Ankara demiryolu",
        "name:en": "İstanbul - Ankara railway",
        "operator": "TCDD",
        "passenger_lines": "1",
        "railway": "rail",
        "railway:etcs": "yes",
        "source": "bing",
        "usage": "main",
        "voltage": "25000",
        "wikidata": "Q15103266",
        "wikipedia": "en:Istanbul–Ankara railway"
      },
      "geometry": {
        "type": "LineString",
        "coordinates": [
          [
            29.8201185,
            40.7517153
          ],
          [
            29.8199535,
            40.7516989
          ]
        ]
      },
      "id": "way/263324833"
    },
    {
      "type": "Feature",
      "properties": {
        "@id": "way/263325060",
        "bridge": "yes",
        "electrified": "contact_line",
        "frequency": "50",
        "gauge": "1435",
        "layer": "1",
        "maxspeed": "100",
        "name": "İstanbul - Ankara demiryolu",
        "operator": "TCDD",
        "railway": "rail",
        "railway:etcs": "yes",
        "usage": "main",
        "voltage": "25000"
      },
      "geometry": {
        "type": "LineString",
        "coordinates": [
          [
            29.8272811,
            40.7515831
          ],
          [
            29.8266325,
            40.7514952
          ]
        ]
      },
      "id": "way/263325060"
    },
    {
      "type": "Feature",
      "properties": {
        "@id": "way/263331853",
        "electrified": "contact_line",
        "frequency": "50",
        "gauge": "1435",
        "maxspeed": "100",
        "name": "İstanbul - Ankara demiryolu",
        "name:en": "İstanbul - Ankara railway",
        "operator": "TCDD",
        "passenger_lines": "1",
        "railway": "rail",
        "railway:etcs": "yes",
        "source": "bing",
        "usage": "main",
        "voltage": "25000",
        "wikidata": "Q15103266",
        "wikipedia": "en:Istanbul–Ankara railway"
      },
      "geometry": {
        "type": "LineString",
        "coordinates": [
          [
            29.8952793,
            40.7617321
          ],
          [
            29.8893431,
            40.7624429
          ],
          [
            29.8888014,
            40.7624884
          ],
          [
            29.8883191,
            40.7625181
          ],
          [
            29.8876429,
            40.7625293
          ],
          [
            29.8869953,
            40.7625226
          ],
          [
            29.8865223,
            40.7625007
          ],
          [
            29.8860205,
            40.762463
          ],
          [
            29.8855625,
            40.7624237
          ],
          [
            29.884937,
            40.7623413
          ],
          [
            29.883548,
            40.7620977
          ],
          [
            29.8684305,
            40.7592519
          ],
          [
            29.8672436,
            40.7590122
          ],
          [
            29.866091,
            40.7587318
          ],
          [
            29.8610769,
            40.7573556
          ]
        ]
      },
      "id": "way/263331853"
    },
    {
      "type": "Feature",
      "properties": {
        "@id": "way/263547422",
        "electrified": "contact_line",
        "frequency": "50",
        "gauge": "1435",
        "highspeed": "yes",
        "maxspeed": "100",
        "name": "İstanbul - Ankara yüksek hızlı demiryolu",
        "name:en": "İstanbul - Ankara high speed railway",
        "operator": "TCDD",
        "passenger_lines": "1",
        "railway": "rail",
        "railway:etcs": "1",
        "source": "bing",
        "usage": "main",
        "voltage": "25000",
        "wikidata": "Q513146",
        "wikipedia": "en:Ankara–Istanbul high speed railwayigh-speed railway"
      },
      "geometry": {
        "type": "LineString",
        "coordinates": [
          [
            29.8610661,
            40.7573969
          ],
          [
            29.8660603,
            40.7587731
          ],
          [
            29.8672262,
            40.7590503
          ],
          [
            29.8684188,
            40.7592912
          ],
          [
            29.8835332,
            40.7621329
          ],
          [
            29.8849169,
            40.7623764
          ],
          [
            29.8855412,
            40.7624579
          ],
          [
            29.8860128,
            40.7625011
          ],
          [
            29.8865039,
            40.7625397
          ],
          [
            29.886982,
            40.7625592
          ],
          [
            29.887643,
            40.7625669
          ],
          [
            29.8883229,
            40.762552
          ],
          [
            29.8888149,
            40.7625205
          ],
          [
            29.889346,
            40.7624761
          ],
          [
            29.8952813,
            40.7617671
          ]
        ]
      },
      "id": "way/263547422"
    },
    {
      "type": "Feature",
      "properties": {
        "@id": "way/263558902",
        "electrified": "contact_line",
        "frequency": "50",
        "gauge": "1435",
        "maxspeed": "100",
        "name": "İstanbul - Ankara demiryolu",
        "name:en": "İstanbul - Ankara railway",
        "operator": "TCDD",
        "passenger_lines": "1",
        "railway": "rail",
        "railway:etcs": "yes",
        "source": "bing",
        "usage": "main",
        "voltage": "25000",
        "wikidata": "Q15103266",
        "wikipedia": "en:Istanbul–Ankara railway"
      },
      "geometry": {
        "type": "LineString",
        "coordinates": [
          [
            29.9576018,
            40.7613406
          ],
          [
            29.9582242,
            40.761077
          ],
          [
            29.9585959,
            40.7608949
          ],
          [
            29.9589482,
            40.7607121
          ]
        ]
      },
      "id": "way/263558902"
    },
    {
      "type": "Feature",
      "properties": {
        "@id": "way/263558903",
        "bridge": "yes",
        "electrified": "contact_line",
        "frequency": "50",
        "gauge": "1435",
        "layer": "1",
        "maxspeed": "100",
        "name": "İstanbul - Ankara demiryolu",
        "name:en": "İstanbul - Ankara railway",
        "operator": "TCDD",
        "passenger_lines": "1",
        "railway": "rail",
        "railway:etcs": "yes",
        "source": "bing",
        "usage": "main",
        "voltage": "25000",
        "wikidata": "Q15103266",
        "wikipedia": "en:Istanbul–Ankara railway"
      },
      "geometry": {
        "type": "LineString",
        "coordinates": [
          [
            29.9574239,
            40.7614125
          ],
          [
            29.9576018,
            40.7613406
          ]
        ]
      },
      "id": "way/263558903"
    },
    {
      "type": "Feature",
      "properties": {
        "@id": "way/263558955",
        "bridge": "yes",
        "electrified": "contact_line",
        "frequency": "50",
        "gauge": "1435",
        "layer": "1",
        "maxspeed": "100",
        "name": "İstanbul - Ankara demiryolu",
        "name:en": "İstanbul - Ankara railway",
        "operator": "TCDD",
        "passenger_lines": "1",
        "railway": "rail",
        "railway:etcs": "yes",
        "source": "bing",
        "usage": "main",
        "voltage": "25000",
        "wikidata": "Q15103266",
        "wikipedia": "en:Istanbul–Ankara railway"
      },
      "geometry": {
        "type": "LineString",
        "coordinates": [
          [
            29.9589482,
            40.7607121
          ],
          [
            29.9595129,
            40.7603899
          ]
        ]
      },
      "id": "way/263558955"
    },
    {
      "type": "Feature",
      "properties": {
        "@id": "way/263559261",
        "electrified": "contact_line",
        "frequency": "50",
        "gauge": "1435",
        "maxspeed": "100",
        "name": "İstanbul - Ankara demiryolu",
        "name:en": "İstanbul - Ankara railway",
        "operator": "TCDD",
        "passenger_lines": "1",
        "railway": "rail",
        "railway:etcs": "yes",
        "source": "bing",
        "usage": "main",
        "voltage": "25000",
        "wikidata": "Q15103266",
        "wikipedia": "en:Istanbul–Ankara railway"
      },
      "geometry": {
        "type": "LineString",
        "coordinates": [
          [
            30.0105266,
            40.749109
          ],
          [
            30.0089911,
            40.7490543
          ],
          [
            30.0074387,
            40.7489972
          ],
          [
            29.9978466,
            40.748536
          ],
          [
            29.9958443,
            40.748436
          ],
          [
            29.9950933,
            40.7484082
          ],
          [
            29.9896113,
            40.7481401
          ],
          [
            29.9886412,
            40.7481062
          ],
          [
            29.9880846,
            40.7480893
          ],
          [
            29.9868907,
            40.7481076
          ],
          [
            29.9858371,
            40.7481571
          ],
          [
            29.9850342,
            40.7482222
          ],
          [
            29.9842383,
            40.7483014
          ],
          [
            29.9833907,
            40.7484078
          ],
          [
            29.9823843,
            40.7485481
          ],
          [
            29.9811303,
            40.7488046
          ],
          [
            29.9799528,
            40.7490837
          ],
          [
            29.9791579,
            40.7492981
          ],
          [
            29.9781855,
            40.7496033
          ],
          [
            29.9773581,
            40.7498949
          ],
          [
            29.9766221,
            40.7501668
          ],
          [
            29.9759385,
            40.7504414
          ],
          [
            29.9751367,
            40.7507942
          ],
          [
            29.9744452,
            40.7511219
          ],
          [
            29.9735359,
            40.7515982
          ],
          [
            29.9724087,
            40.75224
          ],
          [
            29.964401,
            40.7573314
          ],
          [
            29.9628159,
            40.758349
          ],
          [
            29.9595659,
            40.7604111
          ]
        ]
      },
      "id": "way/263559261"
    },
    {
      "type": "Feature",
      "properties": {
        "@id": "way/263559637",
        "electrified": "contact_line",
        "frequency": "50",
        "gauge": "1435",
        "maxspeed": "100",
        "name": "İstanbul - Ankara demiryolu",
        "name:en": "İstanbul - Ankara railway",
        "operator": "TCDD",
        "passenger_lines": "1",
        "railway": "rail",
        "railway:etcs": "yes",
        "source": "bing",
        "usage": "main",
        "voltage": "25000",
        "wikidata": "Q15103266",
        "wikipedia": "en:Istanbul–Ankara railway"
      },
      "geometry": {
        "type": "LineString",
        "coordinates": [
          [
            29.9595129,
            40.7603899
          ],
          [
            29.9627826,
            40.7583205
          ],
          [
            29.9643885,
            40.7572887
          ],
          [
            29.9723757,
            40.7522081
          ],
          [
            29.9735047,
            40.7515653
          ],
          [
            29.9744149,
            40.7510885
          ],
          [
            29.9751098,
            40.7507592
          ],
          [
            29.9759129,
            40.7504058
          ],
          [
            29.9765927,
            40.7501333
          ],
          [
            29.9773302,
            40.7498586
          ],
          [
            29.9781578,
            40.7495578
          ],
          [
            29.9791464,
            40.7492599
          ],
          [
            29.9799347,
            40.7490449
          ],
          [
            29.9811148,
            40.7487628
          ],
          [
            29.982371,
            40.7485155
          ],
          [
            29.9833879,
            40.7483663
          ],
          [
            29.9842323,
            40.7482649
          ],
          [
            29.9850368,
            40.7481856
          ],
          [
            29.9858369,
            40.7481232
          ],
          [
            29.9868995,
            40.748068
          ],
          [
            29.9880833,
            40.7480574
          ],
          [
            29.9886432,
            40.748071
          ],
          [
            29.9896124,
            40.7481049
          ],
          [
            29.9951088,
            40.7483623
          ],
          [
            29.9958489,
            40.7483992
          ],
          [
            29.9978513,
            40.7484854
          ],
          [
            29.9994726,
            40.7485642
          ],
          [
            30.0014687,
            40.748629
          ],
          [
            30.0076888,
            40.7489054
          ],
          [
            30.0089915,
            40.7490098
          ],
          [
            30.0100948,
            40.7490438
          ],
          [
            30.0113862,
            40.7491096
          ],
          [
            30.0122074,
            40.7491541
          ]
        ]
      },
      "id": "way/263559637"
    },
    {
      "type": "Feature",
      "properties": {
        "@id": "way/503100486",
        "electrified": "contact_line",
        "frequency": "50",
        "gauge": "1435",
        "highspeed": "yes",
        "maxspeed": "160",
        "name": "İstanbul - Ankara yüksek hızlı demiryolu",
        "name:en": "İstanbul - Ankara high speed railway",
        "operator": "TCDD",
        "passenger_lines": "1",
        "railway": "rail",
        "railway:etcs": "1",
        "source": "bing",
        "usage": "main",
        "voltage": "25000",
        "wikidata": "Q15103266",
        "wikipedia": "en:Istanbul–Ankara high speed railway"
      },
      "geometry": {
        "type": "LineString",
        "coordinates": [
          [
            30.0057712,
            40.7491159
          ],
          [
            30.0051832,
            40.749089
          ],
          [
            30.0018789,
            40.7489347
          ],
          [
            29.9968626,
            40.7486211
          ],
          [
            29.9886395,
            40.7482057
          ],
          [
            29.9880887,
            40.7481935
          ],
          [
            29.9868683,
            40.7482077
          ],
          [
            29.9858378,
            40.7482584
          ],
          [
            29.9850449,
            40.7483197
          ],
          [
            29.984259,
            40.7483983
          ],
          [
            29.9834023,
            40.7485058
          ],
          [
            29.9824251,
            40.7486477
          ],
          [
            29.9811657,
            40.7488989
          ],
          [
            29.9800007,
            40.7491728
          ],
          [
            29.9791954,
            40.7493999
          ],
          [
            29.9782368,
            40.7496879
          ],
          [
            29.9774154,
            40.7499696
          ],
          [
            29.9766875,
            40.7502413
          ],
          [
            29.9759997,
            40.7505191
          ],
          [
            29.9751966,
            40.7508719
          ],
          [
            29.9745144,
            40.7511982
          ],
          [
            29.9736282,
            40.7516607
          ],
          [
            29.972498,
            40.7523099
          ],
          [
            29.9644885,
            40.7574413
          ],
          [
            29.9629018,
            40.7584225
          ],
          [
            29.9596775,
            40.7604605
          ]
        ]
      },
      "id": "way/503100486"
    },
    {
      "type": "Feature",
      "properties": {
        "@id": "way/503100487",
        "bridge": "yes",
        "electrified": "contact_line",
        "frequency": "50",
        "gauge": "1435",
        "layer": "1",
        "maxspeed": "100",
        "name": "İstanbul - Ankara yüksek hızlıdemiryolu",
        "name:en": "İstanbul - Ankara high speed railway",
        "operator": "TCDD",
        "passenger_lines": "1",
        "railway": "rail",
        "railway:etcs": "1",
        "source": "bing",
        "usage": "main",
        "voltage": "25000",
        "wikidata": "Q15103266",
        "wikipedia": "en:Istanbul–Ankara high speed railway"
      },
      "geometry": {
        "type": "LineString",
        "coordinates": [
          [
            29.9596775,
            40.7604605
          ],
          [
            29.9591408,
            40.760776
          ]
        ]
      },
      "id": "way/503100487"
    },
    {
      "type": "Feature",
      "properties": {
        "@id": "way/503100488",
        "electrified": "contact_line",
        "frequency": "50",
        "gauge": "1435",
        "maxspeed": "160",
        "name": "İstanbul - Ankara yüksek hızlı demiryolu",
        "name:en": "İstanbul - Ankara high speed railway",
        "operator": "TCDD",
        "passenger_lines": "1",
        "railway": "rail",
        "railway:etcs": "1",
        "source": "bing",
        "usage": "main",
        "voltage": "25000",
        "wikidata": "Q15103266",
        "wikipedia": "en:Istanbul–Ankara high speed railway"
      },
      "geometry": {
        "type": "LineString",
        "coordinates": [
          [
            29.9591408,
            40.760776
          ],
          [
            29.9587369,
            40.7609918
          ],
          [
            29.9583306,
            40.7611886
          ],
          [
            29.9576828,
            40.7614665
          ]
        ]
      },
      "id": "way/503100488"
    },
    {
      "type": "Feature",
      "properties": {
        "@id": "way/503100489",
        "bridge": "yes",
        "electrified": "contact_line",
        "frequency": "50",
        "gauge": "1435",
        "layer": "1",
        "maxspeed": "160",
        "name": "İstanbul - Ankara yüksek hızlı demiryolu",
        "name:en": "İstanbul - Ankara high speed railway",
        "operator": "TCDD",
        "passenger_lines": "1",
        "railway": "rail",
        "railway:etcs": "1",
        "source": "bing",
        "usage": "main",
        "voltage": "25000",
        "wikidata": "Q15103266",
        "wikipedia": "en:Istanbul–Ankara high speed railway"
      },
      "geometry": {
        "type": "LineString",
        "coordinates": [
          [
            29.9576828,
            40.7614665
          ],
          [
            29.9574996,
            40.7615357
          ]
        ]
      },
      "id": "way/503100489"
    },
    {
      "type": "Feature",
      "properties": {
        "@id": "way/503100491",
        "bridge": "yes",
        "electrified": "contact_line",
        "frequency": "50",
        "gauge": "1435",
        "layer": "1",
        "maxspeed": "160",
        "name": "İstanbul - Ankara yüksek hızlı demiryolu",
        "name:en": "İstanbul - Ankara high speed railway",
        "operator": "TCDD",
        "passenger_lines": "1",
        "railway": "rail",
        "railway:etcs": "1",
        "source": "bing",
        "usage": "main",
        "voltage": "25000",
        "wikidata": "Q15103266",
        "wikipedia": "en:Istanbul–Ankara high speed railway"
      },
      "geometry": {
        "type": "LineString",
        "coordinates": [
          [
            29.9574823,
            40.7615004
          ],
          [
            29.9576643,
            40.7614293
          ]
        ]
      },
      "id": "way/503100491"
    },
    {
      "type": "Feature",
      "properties": {
        "@id": "way/503100492",
        "electrified": "contact_line",
        "frequency": "50",
        "gauge": "1435",
        "maxspeed": "160",
        "name": "İstanbul - Ankara yüksek hızlı demiryolu",
        "name:en": "İstanbul - Ankara high speed railway",
        "operator": "TCDD",
        "passenger_lines": "1",
        "railway": "rail",
        "railway:etcs": "1",
        "source": "bing",
        "usage": "main",
        "voltage": "25000",
        "wikidata": "Q15103266",
        "wikipedia": "en:Istanbul–Ankara high speed railway"
      },
      "geometry": {
        "type": "LineString",
        "coordinates": [
          [
            29.9576643,
            40.7614293
          ],
          [
            29.9583011,
            40.7611576
          ],
          [
            29.9587008,
            40.760967
          ],
          [
            29.9590824,
            40.7607591
          ]
        ]
      },
      "id": "way/503100492"
    },
    {
      "type": "Feature",
      "properties": {
        "@id": "way/503100493",
        "bridge": "yes",
        "electrified": "contact_line",
        "frequency": "50",
        "gauge": "1435",
        "layer": "1",
        "maxspeed": "100",
        "name": "İstanbul - Ankara yüksek hızlı demiryolu",
        "name:en": "İstanbul - Ankara high speed railway",
        "operator": "TCDD",
        "passenger_lines": "1",
        "railway": "rail",
        "railway:etcs": "1",
        "source": "bing",
        "usage": "main",
        "voltage": "25000",
        "wikidata": "Q15103266",
        "wikipedia": "en:Istanbul–Ankara high speed railway"
      },
      "geometry": {
        "type": "LineString",
        "coordinates": [
          [
            29.9590824,
            40.7607591
          ],
          [
            29.9596296,
            40.7604385
          ]
        ]
      },
      "id": "way/503100493"
    },
    {
      "type": "Feature",
      "properties": {
        "@id": "way/503100494",
        "electrified": "contact_line",
        "frequency": "50",
        "gauge": "1435",
        "highspeed": "yes",
        "maxspeed": "160",
        "name": "İstanbul - Ankara yüksek hızlı demiryolu",
        "name:en": "İstanbul - Ankara high speed railway",
        "operator": "TCDD",
        "passenger_lines": "1",
        "railway": "rail",
        "railway:etcs": "1",
        "source": "bing",
        "usage": "main",
        "voltage": "25000",
        "wikidata": "Q513146",
        "wikipedia": "tr:Ankara-İstanbul yüksek hızlı demiryolu"
      },
      "geometry": {
        "type": "LineString",
        "coordinates": [
          [
            29.8954814,
            40.761741
          ],
          [
            29.898998,
            40.7613223
          ],
          [
            29.9019816,
            40.760967
          ],
          [
            29.9057139,
            40.7605225
          ],
          [
            29.9061757,
            40.7604765
          ],
          [
            29.9066964,
            40.7604647
          ],
          [
            29.9071356,
            40.7604688
          ],
          [
            29.9075101,
            40.760481
          ],
          [
            29.9079842,
            40.7605298
          ],
          [
            29.9085034,
            40.7606169
          ],
          [
            29.9090254,
            40.760725
          ],
          [
            29.9110064,
            40.7612209
          ],
          [
            29.9115374,
            40.7613588
          ],
          [
            29.9126374,
            40.7616309
          ],
          [
            29.913022,
            40.7616961
          ],
          [
            29.9133128,
            40.761738
          ],
          [
            29.913627,
            40.7617688
          ],
          [
            29.913899,
            40.7617804
          ],
          [
            29.9142777,
            40.7617835
          ],
          [
            29.9146373,
            40.7617666
          ],
          [
            29.9150236,
            40.7617405
          ],
          [
            29.9198887,
            40.7612901
          ],
          [
            29.9208957,
            40.7612092
          ],
          [
            29.9218024,
            40.7611312
          ],
          [
            29.9221472,
            40.7611078
          ],
          [
            29.9224167,
            40.7611028
          ],
          [
            29.9226843,
            40.7611044
          ],
          [
            29.9247961,
            40.7611369
          ],
          [
            29.9256131,
            40.7611494
          ],
          [
            29.9268799,
            40.7611689
          ],
          [
            29.930247,
            40.7612206
          ],
          [
            29.9314663,
            40.7612598
          ],
          [
            29.932803,
            40.7613187
          ],
          [
            29.9436576,
            40.7620335
          ],
          [
            29.9467358,
            40.7622121
          ],
          [
            29.9492505,
            40.7623389
          ],
          [
            29.9506786,
            40.7624158
          ],
          [
            29.9513972,
            40.7624585
          ],
          [
            29.9520021,
            40.7624671
          ],
          [
            29.9526446,
            40.7624594
          ],
          [
            29.9530985,
            40.7624312
          ],
          [
            29.9535836,
            40.7624021
          ],
          [
            29.9541454,
            40.7623326
          ],
          [
            29.9547469,
            40.7622516
          ],
          [
            29.9554712,
            40.7621105
          ],
          [
            29.9562434,
            40.7619094
          ],
          [
            29.9567279,
            40.7617658
          ],
          [
            29.9574823,
            40.7615004
          ]
        ]
      },
      "id": "way/503100494"
    },
    {
      "type": "Feature",
      "properties": {
        "@id": "way/503100499",
        "electrified": "contact_line",
        "frequency": "50",
        "gauge": "1435",
        "highspeed": "yes",
        "maxspeed": "160",
        "name": "İstanbul - Ankara yüksek hızlı demiryolu",
        "name:en": "İstanbul - Ankara high speed railway",
        "operator": "TCDD",
        "passenger_lines": "1",
        "railway": "rail",
        "railway:etcs": "1",
        "source": "bing",
        "usage": "main",
        "voltage": "25000",
        "wikidata": "Q15103266",
        "wikipedia": "en:Istanbul–Ankara high speed railway"
      },
      "geometry": {
        "type": "LineString",
        "coordinates": [
          [
            29.9596296,
            40.7604385
          ],
          [
            29.9628635,
            40.7583898
          ],
          [
            29.9644527,
            40.7574163
          ],
          [
            29.9724654,
            40.7522779
          ],
          [
            29.9735972,
            40.7516277
          ],
          [
            29.9744841,
            40.7511648
          ],
          [
            29.9751697,
            40.750837
          ],
          [
            29.9759737,
            40.7504838
          ],
          [
            29.9766581,
            40.7502079
          ],
          [
            29.9773887,
            40.7499348
          ],
          [
            29.9782145,
            40.7496512
          ],
          [
            29.9791809,
            40.7493519
          ],
          [
            29.9799829,
            40.7491347
          ],
          [
            29.9811513,
            40.74886
          ],
          [
            29.9824094,
            40.7486092
          ],
          [
            29.9833996,
            40.7484657
          ],
          [
            29.9842524,
            40.7483582
          ],
          [
            29.9850422,
            40.7482831
          ],
          [
            29.9858375,
            40.7482181
          ],
          [
            29.986877,
            40.7481687
          ],
          [
            29.9880871,
            40.7481531
          ],
          [
            29.9886417,
            40.7481653
          ],
          [
            29.9896093,
            40.7482019
          ],
          [
            29.9968667,
            40.7485808
          ],
          [
            30.0018861,
            40.7488939
          ],
          [
            30.0065811,
            40.7491056
          ]
        ]
      },
      "id": "way/503100499"
    },
    {
      "type": "Feature",
      "properties": {
        "@id": "way/522102553",
        "electrified": "contact_line",
        "frequency": "50",
        "gauge": "1435",
        "maxspeed": "80",
        "name": "Marmaray",
        "operator": "TCDD",
        "railway": "rail",
        "railway:bidirectional": "possible",
        "railway:cbtc": "yes",
        "railway:etcs": "1",
        "railway:preferred_direction": "forward",
        "usage": "main",
        "voltage": "25000"
      },
      "geometry": {
        "type": "LineString",
        "coordinates": [
          [
            29.4107891,
            40.7839925
          ],
          [
            29.4098997,
            40.7842713
          ],
          [
            29.4093985,
            40.7844248
          ],
          [
            29.4088967,
            40.7845735
          ],
          [
            29.4082813,
            40.7847399
          ],
          [
            29.4078377,
            40.7848586
          ],
          [
            29.4072746,
            40.7850164
          ],
          [
            29.4069435,
            40.7851178
          ],
          [
            29.4062983,
            40.7853245
          ],
          [
            29.4009148,
            40.7870559
          ],
          [
            29.3980944,
            40.7879471
          ],
          [
            29.3970296,
            40.7883004
          ],
          [
            29.396123,
            40.7886904
          ],
          [
            29.3952754,
            40.7891452
          ],
          [
            29.3943876,
            40.7897169
          ],
          [
            29.3939986,
            40.7899829
          ],
          [
            29.3935159,
            40.7903464
          ],
          [
            29.3928292,
            40.7908622
          ],
          [
            29.3922257,
            40.7913039
          ],
          [
            29.3919766,
            40.7914702
          ],
          [
            29.3913864,
            40.7918337
          ],
          [
            29.3908739,
            40.7921294
          ],
          [
            29.3902678,
            40.7924705
          ],
          [
            29.3893943,
            40.7930309
          ],
          [
            29.3826368,
            40.7975571
          ],
          [
            29.3820789,
            40.7979754
          ],
          [
            29.3817034,
            40.7982576
          ],
          [
            29.3812904,
            40.7985541
          ],
          [
            29.3801707,
            40.7992974
          ],
          [
            29.3789555,
            40.8001013
          ],
          [
            29.3780475,
            40.8006576
          ],
          [
            29.3769908,
            40.8012972
          ],
          [
            29.3726188,
            40.8042006
          ],
          [
            29.3712964,
            40.8050594
          ],
          [
            29.3707935,
            40.8053842
          ],
          [
            29.3698199,
            40.805909
          ],
          [
            29.3687913,
            40.8063719
          ],
          [
            29.3678223,
            40.8067247
          ],
          [
            29.3667147,
            40.8070528
          ],
          [
            29.3661531,
            40.8071931
          ],
          [
            29.3653333,
            40.8073915
          ],
          [
            29.364835,
            40.8075038
          ],
          [
            29.3637973,
            40.8077161
          ],
          [
            29.3626918,
            40.8079001
          ],
          [
            29.3597133,
            40.8084341
          ]
        ]
      },
      "id": "way/522102553"
    },
    {
      "type": "Feature",
      "properties": {
        "@id": "way/522102555",
        "electrified": "contact_line",
        "frequency": "50",
        "gauge": "1435",
        "maxspeed": "80",
        "name": "Marmaray",
        "operator": "TCDD",
        "railway": "rail",
        "railway:bidirectional": "possible",
        "railway:cbtc": "yes",
        "railway:etcs": "1",
        "railway:preferred_direction": "forward",
        "usage": "main",
        "voltage": "25000"
      },
      "geometry": {
        "type": "LineString",
        "coordinates": [
          [
            29.3597014,
            40.8084013
          ],
          [
            29.3641082,
            40.8075304
          ],
          [
            29.3652952,
            40.8072958
          ],
          [
            29.366131,
            40.8071386
          ],
          [
            29.3666993,
            40.807012
          ],
          [
            29.3678052,
            40.8066904
          ],
          [
            29.3687676,
            40.8063371
          ],
          [
            29.3697978,
            40.8058781
          ],
          [
            29.370763,
            40.8053554
          ],
          [
            29.3712627,
            40.8050351
          ],
          [
            29.3800571,
            40.7992059
          ],
          [
            29.3826018,
            40.7975192
          ],
          [
            29.3907228,
            40.7920941
          ],
          [
            29.3918205,
            40.791366
          ],
          [
            29.3943574,
            40.7896834
          ],
          [
            29.3952491,
            40.7891115
          ],
          [
            29.3961015,
            40.7886533
          ],
          [
            29.3970074,
            40.7882685
          ],
          [
            29.3980762,
            40.7879056
          ],
          [
            29.4015286,
            40.78681
          ],
          [
            29.4032003,
            40.7862795
          ],
          [
            29.4054012,
            40.785581
          ],
          [
            29.4069202,
            40.7850704
          ],
          [
            29.4072406,
            40.7849702
          ],
          [
            29.4077965,
            40.7847922
          ],
          [
            29.4083273,
            40.7846262
          ],
          [
            29.4088364,
            40.7844687
          ],
          [
            29.4093664,
            40.784302
          ],
          [
            29.409991,
            40.7841074
          ],
          [
            29.4107357,
            40.7838747
          ]
        ]
      },
      "id": "way/522102555"
    },
    {
      "type": "Feature",
      "properties": {
        "@id": "way/522114297",
        "electrified": "contact_line",
        "frequency": "50",
        "gauge": "1435",
        "highspeed": "yes",
        "maxspeed": "120",
        "name": "İstanbul-Ankara yüksek hızlı demiryolu",
        "name:en": "İstanbul-Ankara high speed railway",
        "operator": "TCDD",
        "railway": "rail",
        "railway:etcs": "1",
        "usage": "main",
        "voltage": "25000"
      },
      "geometry": {
        "type": "LineString",
        "coordinates": [
          [
            29.4752256,
            40.7767969
          ],
          [
            29.4745312,
            40.7766517
          ],
          [
            29.4737108,
            40.7764325
          ],
          [
            29.4733258,
            40.7763045
          ],
          [
            29.4728943,
            40.7761324
          ],
          [
            29.4724887,
            40.7759405
          ],
          [
            29.472116,
            40.7757411
          ],
          [
            29.471711,
            40.7755207
          ],
          [
            29.470297,
            40.7746662
          ],
          [
            29.4699586,
            40.7744878
          ],
          [
            29.4695812,
            40.7742893
          ],
          [
            29.4687238,
            40.7739262
          ]
        ]
      },
      "id": "way/522114297"
    },
    {
      "type": "Feature",
      "properties": {
        "@id": "way/522114298",
        "electrified": "contact_line",
        "frequency": "50",
        "gauge": "1435",
        "highspeed": "yes",
        "layer": "-1",
        "maxspeed": "120",
        "name": "İstanbul-Ankara yüksek hızlı demiryolu",
        "name:en": "İstanbul-Ankara high speed railway",
        "operator": "TCDD",
        "railway": "rail",
        "railway:etcs": "1",
        "tunnel": "yes",
        "usage": "main",
        "voltage": "25000"
      },
      "geometry": {
        "type": "LineString",
        "coordinates": [
          [
            29.4774442,
            40.7772451
          ],
          [
            29.4752256,
            40.7767969
          ]
        ]
      },
      "id": "way/522114298"
    },
    {
      "type": "Feature",
      "properties": {
        "@id": "way/522114299",
        "electrified": "contact_line",
        "frequency": "50",
        "gauge": "1435",
        "highspeed": "yes",
        "layer": "-1",
        "maxspeed": "120",
        "name": "İstanbul-Ankara yüksek hızlı demiryolu",
        "name:en": "İstanbul-Ankara high speed railway",
        "operator": "TCDD",
        "railway": "rail",
        "railway:etcs": "1",
        "tunnel": "yes",
        "usage": "main",
        "voltage": "25000"
      },
      "geometry": {
        "type": "LineString",
        "coordinates": [
          [
            29.4687238,
            40.7739262
          ],
          [
            29.4683019,
            40.7737664
          ],
          [
            29.4678168,
            40.7736301
          ],
          [
            29.4671971,
            40.773505
          ],
          [
            29.4663326,
            40.7733972
          ],
          [
            29.465602,
            40.7733642
          ]
        ]
      },
      "id": "way/522114299"
    },
    {
      "type": "Feature",
      "properties": {
        "@id": "way/522114544",
        "electrified": "contact_line",
        "frequency": "50",
        "gauge": "1435",
        "highspeed": "yes",
        "layer": "-1",
        "maxspeed": "120",
        "name": "İstanbul-Ankara yüksek hızlı demiryolu",
        "name:en": "İstanbul-Ankara high speed railway",
        "operator": "TCDD",
        "railway": "rail",
        "railway:etcs": "1",
        "tunnel": "yes",
        "usage": "main",
        "voltage": "25000"
      },
      "geometry": {
        "type": "LineString",
        "coordinates": [
          [
            29.4884377,
            40.7808135
          ],
          [
            29.4880595,
            40.7807468
          ],
          [
            29.4876103,
            40.7806443
          ],
          [
            29.4871061,
            40.7804801
          ],
          [
            29.4866672,
            40.7802827
          ],
          [
            29.4859203,
            40.7799204
          ],
          [
            29.4849664,
            40.7794178
          ],
          [
            29.4839754,
            40.7789432
          ],
          [
            29.4832405,
            40.7786123
          ]
        ]
      },
      "id": "way/522114544"
    },
    {
      "type": "Feature",
      "properties": {
        "@id": "way/522114545",
        "electrified": "contact_line",
        "frequency": "50",
        "gauge": "1435",
        "highspeed": "yes",
        "maxspeed": "120",
        "name": "İstanbul-Ankara yüksek hızlı demiryolu",
        "name:en": "İstanbul-Ankara high speed railway",
        "operator": "TCDD",
        "railway": "rail",
        "railway:etcs": "1",
        "usage": "main",
        "voltage": "25000"
      },
      "geometry": {
        "type": "LineString",
        "coordinates": [
          [
            29.4832405,
            40.7786123
          ],
          [
            29.4827346,
            40.7784347
          ],
          [
            29.4822606,
            40.7782777
          ],
          [
            29.48184,
            40.7781623
          ],
          [
            29.4810304,
            40.7779701
          ],
          [
            29.4774442,
            40.7772451
          ]
        ]
      },
      "id": "way/522114545"
    },
    {
      "type": "Feature",
      "properties": {
        "@id": "way/522114670",
        "electrified": "contact_line",
        "frequency": "50",
        "gauge": "1435",
        "highspeed": "yes",
        "maxspeed": "120",
        "name": "İstanbul-Ankara yüksek hızlı demiryolu",
        "name:en": "İstanbul-Ankara high speed railway",
        "operator": "TCDD",
        "railway": "rail",
        "railway:etcs": "1",
        "usage": "main",
        "voltage": "25000"
      },
      "geometry": {
        "type": "LineString",
        "coordinates": [
          [
            29.4956833,
            40.7799696
          ],
          [
            29.4946673,
            40.7800915
          ],
          [
            29.4939831,
            40.7802132
          ],
          [
            29.4915559,
            40.780753
          ],
          [
            29.4910035,
            40.7808226
          ],
          [
            29.4905602,
            40.7808718
          ],
          [
            29.4900137,
            40.7809003
          ],
          [
            29.4894448,
            40.7809078
          ],
          [
            29.4889647,
            40.7808859
          ],
          [
            29.4884377,
            40.7808135
          ]
        ]
      },
      "id": "way/522114670"
    },
    {
      "type": "Feature",
      "properties": {
        "@id": "way/522114671",
        "electrified": "contact_line",
        "frequency": "50",
        "gauge": "1435",
        "highspeed": "yes",
        "layer": "-1",
        "maxspeed": "120",
        "name": "İstanbul-Ankara yüksek hızlı demiryolu",
        "name:en": "İstanbul-Ankara high speed railway",
        "operator": "TCDD",
        "railway": "rail",
        "railway:etcs": "1",
        "tunnel": "yes",
        "usage": "main",
        "voltage": "25000"
      },
      "geometry": {
        "type": "LineString",
        "coordinates": [
          [
            29.4984511,
            40.7800279
          ],
          [
            29.4969928,
            40.7799292
          ],
          [
            29.4956833,
            40.7799696
          ]
        ]
      },
      "id": "way/522114671"
    },
    {
      "type": "Feature",
      "properties": {
        "@id": "way/522117715",
        "electrified": "contact_line",
        "frequency": "50",
        "gauge": "1435",
        "highspeed": "yes",
        "maxspeed": "120",
        "name": "İstanbul-Ankara yüksek hızlı demiryolu",
        "name:en": "İstanbul-Ankara high speed railway",
        "operator": "TCDD",
        "railway": "rail",
        "railway:etcs": "1",
        "usage": "main",
        "voltage": "25000"
      },
      "geometry": {
        "type": "LineString",
        "coordinates": [
          [
            29.5054164,
            40.7788205
          ],
          [
            29.5049252,
            40.7791082
          ],
          [
            29.5045096,
            40.7793369
          ],
          [
            29.5041477,
            40.7794976
          ],
          [
            29.5036235,
            40.7796996
          ],
          [
            29.5031722,
            40.7798451
          ],
          [
            29.5027812,
            40.7799348
          ],
          [
            29.5022378,
            40.7800369
          ],
          [
            29.5018476,
            40.7800894
          ],
          [
            29.5013997,
            40.7801299
          ],
          [
            29.5010098,
            40.7801427
          ],
          [
            29.5004727,
            40.7801369
          ],
          [
            29.4999045,
            40.7801139
          ],
          [
            29.4984511,
            40.7800279
          ]
        ]
      },
      "id": "way/522117715"
    },
    {
      "type": "Feature",
      "properties": {
        "@id": "way/522117777",
        "electrified": "contact_line",
        "frequency": "50",
        "gauge": "1435",
        "highspeed": "yes",
        "layer": "-1",
        "maxspeed": "120",
        "name": "İstanbul-Ankara yüksek hızlı demiryolu",
        "name:en": "İstanbul-Ankara high speed railway",
        "operator": "TCDD",
        "railway": "rail",
        "railway:etcs": "1",
        "tunnel": "yes",
        "usage": "main",
        "voltage": "25000"
      },
      "geometry": {
        "type": "LineString",
        "coordinates": [
          [
            29.5083089,
            40.7767006
          ],
          [
            29.5057918,
            40.778561
          ],
          [
            29.5054164,
            40.7788205
          ]
        ]
      },
      "id": "way/522117777"
    },
    {
      "type": "Feature",
      "properties": {
        "@id": "way/522126706",
        "electrified": "contact_line",
        "frequency": "50",
        "gauge": "1435",
        "highspeed": "yes",
        "maxspeed": "120",
        "name": "İstanbul-Ankara yüksek hızlı demiryolu",
        "name:en": "İstanbul-Ankara high speed railway",
        "operator": "TCDD",
        "railway": "rail",
        "railway:etcs": "1",
        "usage": "main",
        "voltage": "25000"
      },
      "geometry": {
        "type": "LineString",
        "coordinates": [
          [
            29.5163869,
            40.7699215
          ],
          [
            29.5161814,
            40.7700265
          ],
          [
            29.5159493,
            40.7701642
          ],
          [
            29.5157712,
            40.770274
          ],
          [
            29.5155805,
            40.7704049
          ],
          [
            29.5154106,
            40.7705306
          ],
          [
            29.5151877,
            40.7707093
          ],
          [
            29.5150267,
            40.7708416
          ],
          [
            29.5148537,
            40.7710001
          ],
          [
            29.5146865,
            40.771169
          ],
          [
            29.5144926,
            40.7713734
          ],
          [
            29.5135519,
            40.7724321
          ],
          [
            29.5132937,
            40.7726961
          ],
          [
            29.5130183,
            40.7729424
          ],
          [
            29.5127757,
            40.7731394
          ],
          [
            29.511971,
            40.773781
          ],
          [
            29.5096448,
            40.7756356
          ],
          [
            29.5083089,
            40.7767006
          ]
        ]
      },
      "id": "way/522126706"
    },
    {
      "type": "Feature",
      "properties": {
        "@id": "way/522126709",
        "electrified": "contact_line",
        "frequency": "50",
        "gauge": "1435",
        "highspeed": "yes",
        "layer": "-1",
        "maxspeed": "120",
        "name": "İstanbul-Ankara yüksek hızlı demiryolu",
        "name:en": "İstanbul-Ankara high speed railway",
        "operator": "TCDD",
        "railway": "rail",
        "railway:etcs": "1",
        "tunnel": "yes",
        "usage": "main",
        "voltage": "25000"
      },
      "geometry": {
        "type": "LineString",
        "coordinates": [
          [
            29.5215207,
            40.7690477
          ],
          [
            29.5211594,
            40.769025
          ],
          [
            29.5206593,
            40.7690053
          ],
          [
            29.5201486,
            40.7690072
          ],
          [
            29.5195191,
            40.7690455
          ],
          [
            29.5188345,
            40.7691331
          ],
          [
            29.5182776,
            40.7692325
          ],
          [
            29.5176738,
            40.769405
          ],
          [
            29.5169688,
            40.769671
          ],
          [
            29.5163869,
            40.7699215
          ]
        ]
      },
      "id": "way/522126709"
    },
    {
      "type": "Feature",
      "properties": {
        "@id": "way/523261553",
        "electrified": "contact_line",
        "frequency": "50",
        "gauge": "1435",
        "highspeed": "yes",
        "layer": "-1",
        "maxspeed": "100",
        "name": "İstanbul-Ankara yüksek hızlı demiryolu",
        "name:en": "İstanbul-Ankara high speed railway",
        "operator": "TCDD",
        "railway": "rail",
        "railway:etcs": "1",
        "tunnel": "yes",
        "usage": "main",
        "voltage": "25000"
      },
      "geometry": {
        "type": "LineString",
        "coordinates": [
          [
            29.5392684,
            40.7697722
          ],
          [
            29.540561,
            40.76997
          ]
        ]
      },
      "id": "way/523261553"
    },
    {
      "type": "Feature",
      "properties": {
        "@id": "way/523261554",
        "electrified": "contact_line",
        "frequency": "50",
        "gauge": "1435",
        "highspeed": "yes",
        "maxspeed": "100",
        "name": "İstanbul - Ankara yüksek hızlı demiryolu",
        "name:en": "İstanbul - Ankara high speed railway",
        "operator": "TCDD",
        "passenger_lines": "1",
        "railway": "rail",
        "railway:etcs": "1",
        "source": "bing",
        "usage": "main",
        "voltage": "25000",
        "wikidata": "Q513146",
        "wikipedia": "en:Ankara–Istanbul high-speed railway"
      },
      "geometry": {
        "type": "LineString",
        "coordinates": [
          [
            29.5434788,
            40.7703736
          ],
          [
            29.5454154,
            40.7706119
          ],
          [
            29.5460989,
            40.7706835
          ],
          [
            29.5467494,
            40.7707967
          ],
          [
            29.5476631,
            40.7710163
          ],
          [
            29.5485315,
            40.7713159
          ],
          [
            29.5502406,
            40.7719774
          ],
          [
            29.5506892,
            40.7721174
          ],
          [
            29.5510913,
            40.7722207
          ],
          [
            29.5515079,
            40.772305
          ],
          [
            29.551928,
            40.772375
          ],
          [
            29.5523468,
            40.772425
          ],
          [
            29.5527855,
            40.7724514
          ],
          [
            29.5532048,
            40.772466
          ],
          [
            29.5536367,
            40.7724702
          ],
          [
            29.5540683,
            40.7724415
          ],
          [
            29.5544942,
            40.772397
          ],
          [
            29.5553235,
            40.7722682
          ],
          [
            29.5561476,
            40.7720675
          ],
          [
            29.5569464,
            40.7718291
          ],
          [
            29.569416,
            40.7682842
          ],
          [
            29.5699956,
            40.7681406
          ],
          [
            29.5705645,
            40.7680142
          ],
          [
            29.5710843,
            40.7679203
          ],
          [
            29.5716239,
            40.7678536
          ],
          [
            29.5720865,
            40.7678203
          ],
          [
            29.5726591,
            40.767799
          ],
          [
            29.5731037,
            40.7677993
          ],
          [
            29.5735786,
            40.7678273
          ],
          [
            29.5741249,
            40.7678724
          ],
          [
            29.5764041,
            40.7681764
          ],
          [
            29.5770664,
            40.7682794
          ],
          [
            29.5775921,
            40.7683966
          ],
          [
            29.5780163,
            40.7685118
          ],
          [
            29.5785041,
            40.7686753
          ],
          [
            29.578943,
            40.768835
          ],
          [
            29.5794297,
            40.7690612
          ],
          [
            29.5797915,
            40.7692323
          ],
          [
            29.5802572,
            40.7694879
          ],
          [
            29.582172,
            40.7707024
          ],
          [
            29.5825343,
            40.7709083
          ],
          [
            29.582984,
            40.7711273
          ],
          [
            29.5833723,
            40.7712948
          ],
          [
            29.5837871,
            40.7714548
          ],
          [
            29.5842888,
            40.7716342
          ],
          [
            29.5858722,
            40.772143
          ],
          [
            29.5864097,
            40.7723352
          ],
          [
            29.5869341,
            40.772548
          ],
          [
            29.5875042,
            40.7727862
          ],
          [
            29.5888696,
            40.7734003
          ],
          [
            29.5925462,
            40.7751145
          ],
          [
            29.5977142,
            40.7777972
          ],
          [
            29.5982929,
            40.7780767
          ],
          [
            29.5986816,
            40.7782299
          ],
          [
            29.599085,
            40.7783608
          ],
          [
            29.5995704,
            40.7785155
          ],
          [
            29.6001063,
            40.7786575
          ],
          [
            29.6008543,
            40.778845
          ],
          [
            29.6013865,
            40.7789832
          ]
        ]
      },
      "id": "way/523261554"
    },
    {
      "type": "Feature",
      "properties": {
        "@id": "way/523261555",
        "bridge": "yes",
        "electrified": "contact_line",
        "frequency": "50",
        "gauge": "1435",
        "highspeed": "yes",
        "layer": "1",
        "maxspeed": "100",
        "name": "İstanbul - Ankara yüksek hızlı demiryolu",
        "name:en": "İstanbul - Ankara high speed railway",
        "operator": "TCDD",
        "passenger_lines": "1",
        "railway": "rail",
        "railway:etcs": "1",
        "source": "bing",
        "usage": "main",
        "voltage": "25000",
        "wikidata": "Q513146",
        "wikipedia": "en:Ankara–Istanbul high-speed railway"
      },
      "geometry": {
        "type": "LineString",
        "coordinates": [
          [
            29.543303,
            40.7703528
          ],
          [
            29.5434788,
            40.7703736
          ]
        ]
      },
      "id": "way/523261555"
    },
    {
      "type": "Feature",
      "properties": {
        "@id": "way/523261556",
        "electrified": "contact_line",
        "frequency": "50",
        "gauge": "1435",
        "highspeed": "yes",
        "maxspeed": "100",
        "name": "İstanbul - Ankara yüksek hızlı demiryolu",
        "name:en": "İstanbul - Ankara high speed railway",
        "operator": "TCDD",
        "passenger_lines": "1",
        "railway": "rail",
        "railway:etcs": "1",
        "source": "bing",
        "usage": "main",
        "voltage": "25000",
        "wikidata": "Q513146",
        "wikipedia": "en:Ankara–Istanbul high-speed railway"
      },
      "geometry": {
        "type": "LineString",
        "coordinates": [
          [
            29.540561,
            40.76997
          ],
          [
            29.543303,
            40.7703528
          ]
        ]
      },
      "id": "way/523261556"
    },
    {
      "type": "Feature",
      "properties": {
        "@id": "way/523261557",
        "bridge": "yes",
        "electrified": "contact_line",
        "frequency": "50",
        "gauge": "1435",
        "highspeed": "yes",
        "layer": "1",
        "maxspeed": "100",
        "name": "İstanbul-Ankara yüksek hızlı demiryolu",
        "name:en": "İstanbul-Ankara high speed railway",
        "operator": "TCDD",
        "railway": "rail",
        "railway:etcs": "1",
        "source": "bing",
        "usage": "main",
        "voltage": "25000"
      },
      "geometry": {
        "type": "LineString",
        "coordinates": [
          [
            29.5281799,
            40.7704915
          ],
          [
            29.5274358,
            40.7704239
          ]
        ]
      },
      "id": "way/523261557"
    },
    {
      "type": "Feature",
      "properties": {
        "@id": "way/523261559",
        "electrified": "contact_line",
        "frequency": "50",
        "gauge": "1435",
        "highspeed": "yes",
        "maxspeed": "100",
        "name": "İstanbul-Ankara yüksek hızlı demiryolu",
        "name:en": "İstanbul-Ankara high speed railway",
        "operator": "TCDD",
        "railway": "rail",
        "railway:etcs": "1",
        "usage": "main",
        "voltage": "25000"
      },
      "geometry": {
        "type": "LineString",
        "coordinates": [
          [
            29.5231173,
            40.7693779
          ],
          [
            29.5227085,
            40.7692724
          ],
          [
            29.5224457,
            40.7692104
          ],
          [
            29.5221277,
            40.7691439
          ],
          [
            29.5218019,
            40.7690876
          ],
          [
            29.5215207,
            40.7690477
          ]
        ]
      },
      "id": "way/523261559"
    },
    {
      "type": "Feature",
      "properties": {
        "@id": "way/523261560",
        "electrified": "contact_line",
        "frequency": "50",
        "gauge": "1435",
        "highspeed": "yes",
        "maxspeed": "100",
        "name": "İstanbul-Ankara yüksek hızlı demiryolu",
        "name:en": "İstanbul-Ankara high speed railway",
        "operator": "TCDD",
        "railway": "rail",
        "railway:etcs": "1",
        "usage": "main",
        "voltage": "25000"
      },
      "geometry": {
        "type": "LineString",
        "coordinates": [
          [
            29.5274358,
            40.7704239
          ],
          [
            29.5270524,
            40.7703783
          ],
          [
            29.5263801,
            40.7702619
          ],
          [
            29.5259196,
            40.770167
          ],
          [
            29.5231173,
            40.7693779
          ]
        ]
      },
      "id": "way/523261560"
    },
    {
      "type": "Feature",
      "properties": {
        "@id": "way/523261561",
        "electrified": "contact_line",
        "frequency": "50",
        "gauge": "1435",
        "highspeed": "yes",
        "maxspeed": "100",
        "name": "İstanbul-Ankara yüksek hızlı demiryolu",
        "name:en": "İstanbul-Ankara high speed railway",
        "operator": "TCDD",
        "railway": "rail",
        "railway:etcs": "1",
        "usage": "main",
        "voltage": "25000"
      },
      "geometry": {
        "type": "LineString",
        "coordinates": [
          [
            29.5281799,
            40.7704915
          ],
          [
            29.5289027,
            40.7705136
          ],
          [
            29.5293431,
            40.7705048
          ],
          [
            29.5298906,
            40.770466
          ],
          [
            29.5304448,
            40.7704014
          ],
          [
            29.5310032,
            40.7703135
          ],
          [
            29.531755,
            40.7701779
          ]
        ]
      },
      "id": "way/523261561"
    },
    {
      "type": "Feature",
      "properties": {
        "@id": "way/523261562",
        "bridge": "yes",
        "electrified": "contact_line",
        "frequency": "50",
        "gauge": "1435",
        "highspeed": "yes",
        "layer": "1",
        "maxspeed": "100",
        "name": "İstanbul-Ankara yüksek hızlı demiryolu",
        "name:en": "İstanbul-Ankara high speed railway",
        "operator": "TCDD",
        "railway": "rail",
        "railway:etcs": "1",
        "usage": "main",
        "voltage": "25000"
      },
      "geometry": {
        "type": "LineString",
        "coordinates": [
          [
            29.531755,
            40.7701779
          ],
          [
            29.5318287,
            40.7701625
          ]
        ]
      },
      "id": "way/523261562"
    },
    {
      "type": "Feature",
      "properties": {
        "@id": "way/523261563",
        "electrified": "contact_line",
        "frequency": "50",
        "gauge": "1435",
        "highspeed": "yes",
        "maxspeed": "100",
        "name": "İstanbul-Ankara yüksek hızlı demiryolu",
        "name:en": "İstanbul-Ankara high speed railway",
        "operator": "TCDD",
        "railway": "rail",
        "railway:etcs": "1",
        "usage": "main",
        "voltage": "25000"
      },
      "geometry": {
        "type": "LineString",
        "coordinates": [
          [
            29.5318287,
            40.7701625
          ],
          [
            29.5340246,
            40.7697221
          ],
          [
            29.5344887,
            40.769654
          ],
          [
            29.5348636,
            40.769621
          ],
          [
            29.5353943,
            40.7695843
          ],
          [
            29.5359409,
            40.7695814
          ],
          [
            29.5376692,
            40.7696127
          ],
          [
            29.5392684,
            40.7697722
          ]
        ]
      },
      "id": "way/523261563"
    },
    {
      "type": "Feature",
      "properties": {
        "@id": "way/694481008",
        "bridge": "yes",
        "electrified": "contact_line",
        "frequency": "50",
        "gauge": "1435",
        "layer": "1",
        "maxspeed": "160",
        "operator": "TCDD",
        "passenger_lines": "3",
        "railway": "rail",
        "railway:etcs": "yes",
        "usage": "main",
        "voltage": "25000"
      },
      "geometry": {
        "type": "LineString",
        "coordinates": [
          [
            29.8954779,
            40.7617086
          ],
          [
            29.8952793,
            40.7617321
          ]
        ]
      },
      "id": "way/694481008"
    },
    {
      "type": "Feature",
      "properties": {
        "@id": "way/694481014",
        "electrified": "contact_line",
        "frequency": "50",
        "gauge": "1435",
        "maxspeed": "100",
        "name": "İstanbul - Ankara demiryolu",
        "name:en": "İstanbul - Ankara railway",
        "operator": "TCDD",
        "passenger_lines": "1",
        "railway": "rail",
        "railway:etcs": "yes",
        "source": "bing",
        "usage": "main",
        "voltage": "25000",
        "wikidata": "Q15103266",
        "wikipedia": "en:Istanbul–Ankara railway"
      },
      "geometry": {
        "type": "LineString",
        "coordinates": [
          [
            29.9110262,
            40.7611861
          ],
          [
            29.9090445,
            40.7606874
          ],
          [
            29.908508,
            40.7605777
          ],
          [
            29.9079796,
            40.7604882
          ],
          [
            29.9075076,
            40.7604415
          ],
          [
            29.9071374,
            40.7604313
          ],
          [
            29.906703,
            40.7604273
          ],
          [
            29.9061747,
            40.7604419
          ],
          [
            29.9057071,
            40.7604894
          ],
          [
            29.8982834,
            40.7613742
          ],
          [
            29.8954779,
            40.7617086
          ]
        ]
      },
      "id": "way/694481014"
    },
    {
      "type": "Feature",
      "properties": {
        "@id": "way/757082038",
        "electrified": "contact_line",
        "frequency": "50",
        "gauge": "1435",
        "highspeed": "yes",
        "maxspeed": "100",
        "name": "İstanbul - Ankara yüksek hızlı demiryolu",
        "name:en": "İstanbul - Ankara high speed railway",
        "operator": "TCDD",
        "passenger_lines": "1",
        "railway": "rail",
        "railway:etcs": "1",
        "source": "bing",
        "usage": "main",
        "voltage": "25000",
        "wikidata": "Q513146",
        "wikipedia": "en:Ankara–Istanbul high-speed railway"
      },
      "geometry": {
        "type": "LineString",
        "coordinates": [
          [
            29.703355,
            40.7772681
          ],
          [
            29.7082297,
            40.7770276
          ],
          [
            29.7090793,
            40.7769517
          ],
          [
            29.7096242,
            40.7768847
          ],
          [
            29.7100871,
            40.7768222
          ],
          [
            29.7105722,
            40.7767258
          ],
          [
            29.7111722,
            40.7765671
          ],
          [
            29.711878,
            40.7763495
          ],
          [
            29.7123327,
            40.7761721
          ],
          [
            29.7129494,
            40.775891
          ],
          [
            29.7183026,
            40.7731983
          ]
        ]
      },
      "id": "way/757082038"
    },
    {
      "type": "Feature",
      "properties": {
        "@id": "way/757082039",
        "bridge": "yes",
        "electrified": "contact_line",
        "frequency": "50",
        "gauge": "1435",
        "highspeed": "yes",
        "layer": "1",
        "maxspeed": "100",
        "name": "İstanbul - Ankara yüksek hızlı demiryolu",
        "name:en": "İstanbul - Ankara high speed railway",
        "operator": "TCDD",
        "passenger_lines": "1",
        "railway": "rail",
        "railway:etcs": "1",
        "source": "bing",
        "usage": "main",
        "voltage": "25000",
        "wikidata": "Q513146",
        "wikipedia": "en:Ankara–Istanbul high-speed railway"
      },
      "geometry": {
        "type": "LineString",
        "coordinates": [
          [
            29.7031532,
            40.7772802
          ],
          [
            29.703355,
            40.7772681
          ]
        ]
      },
      "id": "way/757082039"
    },
    {
      "type": "Feature",
      "properties": {
        "@id": "way/757082040",
        "electrified": "contact_line",
        "frequency": "50",
        "gauge": "1435",
        "highspeed": "yes",
        "maxspeed": "100",
        "name": "İstanbul - Ankara yüksek hızlı demiryolu",
        "name:en": "Ankara–Istanbul high-speed railway",
        "operator": "TCDD",
        "passenger_lines": "1",
        "railway": "rail",
        "railway:etcs": "1",
        "source": "bing",
        "usage": "main",
        "voltage": "25000",
        "wikidata": "Q513146",
        "wikipedia": "en:Ankara–Istanbul high-speed railway"
      },
      "geometry": {
        "type": "LineString",
        "coordinates": [
          [
            29.6947271,
            40.7777019
          ],
          [
            29.7031532,
            40.7772802
          ]
        ]
      },
      "id": "way/757082040"
    },
    {
      "type": "Feature",
      "properties": {
        "@id": "way/757082041",
        "bridge": "yes",
        "electrified": "contact_line",
        "frequency": "50",
        "gauge": "1435",
        "highspeed": "yes",
        "layer": "1",
        "maxspeed": "100",
        "name": "İstanbul - Ankara yüksek hızlı demiryolu",
        "name:en": "İstanbul - Ankara high speed  railway",
        "operator": "TCDD",
        "passenger_lines": "1",
        "railway": "rail",
        "railway:etcs": "1",
        "source": "bing",
        "usage": "main",
        "voltage": "25000",
        "wikidata": "Q513146",
        "wikipedia": "en:Ankara–Istanbul high-speed railway"
      },
      "geometry": {
        "type": "LineString",
        "coordinates": [
          [
            29.6945965,
            40.7777079
          ],
          [
            29.6947271,
            40.7777019
          ]
        ]
      },
      "id": "way/757082041"
    },
    {
      "type": "Feature",
      "properties": {
        "@id": "way/757082042",
        "electrified": "contact_line",
        "frequency": "50",
        "gauge": "1435",
        "highspeed": "yes",
        "maxspeed": "100",
        "name": "İstanbul - Ankara yüksek hızlı demiryolu",
        "name:en": "İstanbul - Ankara high speed railway",
        "operator": "TCDD",
        "passenger_lines": "1",
        "railway": "rail",
        "railway:etcs": "1",
        "source": "bing",
        "usage": "main",
        "voltage": "25000",
        "wikidata": "Q513146",
        "wikipedia": "en:Ankara–Istanbul high-speed railway"
      },
      "geometry": {
        "type": "LineString",
        "coordinates": [
          [
            29.6878672,
            40.7782841
          ],
          [
            29.6896457,
            40.7780436
          ],
          [
            29.6909541,
            40.7779112
          ],
          [
            29.6922562,
            40.7778277
          ],
          [
            29.6945965,
            40.7777079
          ]
        ]
      },
      "id": "way/757082042"
    },
    {
      "type": "Feature",
      "properties": {
        "@id": "way/757082043",
        "bridge": "yes",
        "electrified": "contact_line",
        "frequency": "50",
        "gauge": "1435",
        "highspeed": "yes",
        "layer": "1",
        "maxspeed": "100",
        "name": "İstanbul - Ankara yüksek hızlı demiryolu",
        "name:en": "İstanbul - Ankara high speed railway",
        "operator": "TCDD",
        "passenger_lines": "1",
        "railway": "rail",
        "railway:etcs": "1",
        "source": "bing",
        "usage": "main",
        "voltage": "25000",
        "wikidata": "Q513146",
        "wikipedia": "en:Ankara–Istanbul high-speed railway"
      },
      "geometry": {
        "type": "LineString",
        "coordinates": [
          [
            29.68773,
            40.7783026
          ],
          [
            29.6878672,
            40.7782841
          ]
        ]
      },
      "id": "way/757082043"
    },
    {
      "type": "Feature",
      "properties": {
        "@id": "way/757082044",
        "electrified": "contact_line",
        "frequency": "50",
        "gauge": "1435",
        "highspeed": "yes",
        "maxspeed": "100",
        "name": "İstanbul - Ankara yüksek hızlı demiryolu",
        "name:en": "İstanbul - Ankara high speed railway",
        "operator": "TCDD",
        "passenger_lines": "1",
        "railway": "rail",
        "railway:etcs": "1",
        "source": "bing",
        "usage": "main",
        "voltage": "25000",
        "wikidata": "Q513146",
        "wikipedia": "en:Ankara–Istanbul high-speed railway"
      },
      "geometry": {
        "type": "LineString",
        "coordinates": [
          [
            29.6812765,
            40.7785016
          ],
          [
            29.6840588,
            40.7785976
          ],
          [
            29.6846407,
            40.778601
          ],
          [
            29.6850725,
            40.7785858
          ],
          [
            29.6854442,
            40.7785654
          ],
          [
            29.6858405,
            40.7785317
          ],
          [
            29.68773,
            40.7783026
          ]
        ]
      },
      "id": "way/757082044"
    },
    {
      "type": "Feature",
      "properties": {
        "@id": "way/757082045",
        "bridge": "yes",
        "electrified": "contact_line",
        "frequency": "50",
        "gauge": "1435",
        "layer": "1",
        "maxspeed": "100",
        "name": "İstanbul - Ankara yüksek hızlı demiryolu",
        "name:en": "İstanbul - Ankara high speed railway",
        "operator": "TCDD",
        "passenger_lines": "1",
        "railway": "rail",
        "railway:etcs": "1",
        "source": "bing",
        "usage": "main",
        "voltage": "25000",
        "wikidata": "Q513146",
        "wikipedia": "en:Ankara–Istanbul high-speed railway"
      },
      "geometry": {
        "type": "LineString",
        "coordinates": [
          [
            29.681148,
            40.7784993
          ],
          [
            29.6812765,
            40.7785016
          ]
        ]
      },
      "id": "way/757082045"
    },
    {
      "type": "Feature",
      "properties": {
        "@id": "way/757082046",
        "electrified": "contact_line",
        "frequency": "50",
        "gauge": "1435",
        "highspeed": "yes",
        "maxspeed": "100",
        "name": "İstanbul - Ankara yüksek hızlı demiryolu",
        "name:en": "İstanbul - Ankara high speed railway",
        "operator": "TCDD",
        "passenger_lines": "1",
        "railway": "rail",
        "railway:etcs": "1",
        "source": "bing",
        "usage": "main",
        "voltage": "25000",
        "wikidata": "Q513146",
        "wikipedia": "en:Ankara–Istanbul high-speed railway"
      },
      "geometry": {
        "type": "LineString",
        "coordinates": [
          [
            29.6770714,
            40.7783545
          ],
          [
            29.681148,
            40.7784993
          ]
        ]
      },
      "id": "way/757082046"
    },
    {
      "type": "Feature",
      "properties": {
        "@id": "way/757082047",
        "bridge": "yes",
        "electrified": "contact_line",
        "frequency": "50",
        "gauge": "1435",
        "highspeed": "yes",
        "layer": "1",
        "maxspeed": "100",
        "name": "İstanbul - Ankara yüksek hızlı demiryolu",
        "name:en": "İstanbul - Ankara high speed railway",
        "operator": "TCDD",
        "passenger_lines": "1",
        "railway": "rail",
        "railway:etcs": "1",
        "source": "bing",
        "usage": "main",
        "voltage": "25000",
        "wikidata": "Q15103266",
        "wikipedia": "en:Istanbul–Ankara railway"
      },
      "geometry": {
        "type": "LineString",
        "coordinates": [
          [
            29.6769558,
            40.7783523
          ],
          [
            29.6770714,
            40.7783545
          ]
        ]
      },
      "id": "way/757082047"
    },
    {
      "type": "Feature",
      "properties": {
        "@id": "way/757082048",
        "electrified": "contact_line",
        "frequency": "50",
        "gauge": "1435",
        "highspeed": "yes",
        "maxspeed": "100",
        "name": "İstanbul - Ankara yüksek hızlı demiryolu",
        "name:en": "İstanbul - Ankara high speed railway",
        "operator": "TCDD",
        "passenger_lines": "1",
        "railway": "rail",
        "railway:etcs": "1",
        "source": "bing",
        "usage": "main",
        "voltage": "25000",
        "wikidata": "Q513146",
        "wikipedia": "en:Ankara–Istanbul high-speed railway"
      },
      "geometry": {
        "type": "LineString",
        "coordinates": [
          [
            29.6620373,
            40.7785721
          ],
          [
            29.666852,
            40.7786208
          ],
          [
            29.6682092,
            40.778613
          ],
          [
            29.66902,
            40.7785934
          ],
          [
            29.6753911,
            40.7783595
          ],
          [
            29.6760782,
            40.7783488
          ],
          [
            29.6769558,
            40.7783523
          ]
        ]
      },
      "id": "way/757082048"
    },
    {
      "type": "Feature",
      "properties": {
        "@id": "way/757082049",
        "bridge": "yes",
        "electrified": "contact_line",
        "frequency": "50",
        "gauge": "1435",
        "highspeed": "yes",
        "layer": "1",
        "maxspeed": "100",
        "name": "İstanbul - Ankara yüksek hızlı demiryolu",
        "name:en": "İstanbul - Ankara high speed railway",
        "operator": "TCDD",
        "passenger_lines": "1",
        "railway": "rail",
        "railway:etcs": "1",
        "source": "bing",
        "usage": "main",
        "voltage": "25000",
        "wikidata": "Q513146",
        "wikipedia": "en:Ankara–Istanbul high-speed railway"
      },
      "geometry": {
        "type": "LineString",
        "coordinates": [
          [
            29.661867,
            40.7785722
          ],
          [
            29.6620373,
            40.7785721
          ]
        ]
      },
      "id": "way/757082049"
    },
    {
      "type": "Feature",
      "properties": {
        "@id": "way/757082050",
        "electrified": "contact_line",
        "frequency": "50",
        "gauge": "1435",
        "highspeed": "yes",
        "maxspeed": "100",
        "name": "İstanbul - Ankara yüksek hızlı demiryolu",
        "name:en": "İstanbul - Ankara high speed railway",
        "operator": "TCDD",
        "passenger_lines": "1",
        "railway": "rail",
        "railway:etcs": "1",
        "source": "bing",
        "usage": "main",
        "voltage": "25000",
        "wikidata": "Q513146",
        "wikipedia": "en:Ankara–Istanbul high-speed railway"
      },
      "geometry": {
        "type": "LineString",
        "coordinates": [
          [
            29.6045148,
            40.7804537
          ],
          [
            29.60522,
            40.7808633
          ],
          [
            29.6058201,
            40.7812087
          ],
          [
            29.6065971,
            40.7816094
          ],
          [
            29.6071889,
            40.7819006
          ],
          [
            29.6078807,
            40.7821568
          ],
          [
            29.6085389,
            40.7823498
          ],
          [
            29.6093155,
            40.7825198
          ],
          [
            29.6109558,
            40.7828253
          ],
          [
            29.612034,
            40.783097
          ],
          [
            29.6148926,
            40.7838953
          ],
          [
            29.6153493,
            40.7839859
          ],
          [
            29.6158192,
            40.7840557
          ],
          [
            29.616454,
            40.7841194
          ],
          [
            29.6168647,
            40.7841298
          ],
          [
            29.6172197,
            40.7841288
          ],
          [
            29.6175782,
            40.7841108
          ],
          [
            29.6179259,
            40.7840807
          ],
          [
            29.6183202,
            40.7840304
          ],
          [
            29.6187588,
            40.7839616
          ],
          [
            29.6191976,
            40.78387
          ],
          [
            29.6204886,
            40.7835116
          ],
          [
            29.6210975,
            40.7833667
          ],
          [
            29.6231068,
            40.7830108
          ],
          [
            29.6238828,
            40.7828222
          ],
          [
            29.6246445,
            40.7825399
          ],
          [
            29.6253982,
            40.7821926
          ],
          [
            29.62605,
            40.7817783
          ],
          [
            29.6269442,
            40.7810337
          ],
          [
            29.6299955,
            40.7782463
          ],
          [
            29.6305739,
            40.777764
          ],
          [
            29.6312173,
            40.7773444
          ],
          [
            29.6318859,
            40.7769949
          ],
          [
            29.6324921,
            40.7767618
          ],
          [
            29.6330918,
            40.7765783
          ],
          [
            29.6335606,
            40.7764727
          ],
          [
            29.6340278,
            40.7763821
          ],
          [
            29.6362466,
            40.7761179
          ],
          [
            29.6367843,
            40.7760919
          ],
          [
            29.6372375,
            40.7760887
          ]
        ]
      },
      "id": "way/757082050"
    },
    {
      "type": "Feature",
      "properties": {
        "@id": "way/757082052",
        "electrified": "contact_line",
        "frequency": "50",
        "gauge": "1435",
        "highspeed": "yes",
        "layer": "-1",
        "maxspeed": "100",
        "name": "İstanbul - Ankara yüksek hızlı demiryolu",
        "name:en": "İstanbul - Ankara high speed railway",
        "operator": "TCDD",
        "passenger_lines": "1",
        "railway": "rail",
        "railway:etcs": "1",
        "source": "bing",
        "tunnel": "yes",
        "usage": "main",
        "voltage": "25000",
        "wikidata": "Q513146",
        "wikipedia": "en:Ankara–Istanbul high-speed railway"
      },
      "geometry": {
        "type": "LineString",
        "coordinates": [
          [
            29.6013865,
            40.7789832
          ],
          [
            29.6023791,
            40.779334
          ],
          [
            29.6028928,
            40.7795478
          ],
          [
            29.6032958,
            40.7797446
          ],
          [
            29.6045148,
            40.7804537
          ]
        ]
      },
      "id": "way/757082052"
    },
    {
      "type": "Feature",
      "properties": {
        "@id": "way/759139547",
        "electrified": "contact_line",
        "frequency": "50",
        "gauge": "1435",
        "highspeed": "yes",
        "maxspeed": "100",
        "name": "İstanbul - Ankara yüksek hızlı demiryolu",
        "name:en": "İstanbul - Ankara high speed railway",
        "operator": "TCDD",
        "passenger_lines": "1",
        "railway": "rail",
        "railway:etcs": "1",
        "source": "bing",
        "usage": "main",
        "voltage": "25000",
        "wikidata": "Q15103266",
        "wikipedia": "en:Istanbul–Ankara railway"
      },
      "geometry": {
        "type": "LineString",
        "coordinates": [
          [
            29.769463,
            40.7546202
          ],
          [
            29.769956,
            40.7543656
          ],
          [
            29.7706132,
            40.7539722
          ],
          [
            29.7707146,
            40.7538959
          ],
          [
            29.7712867,
            40.7534554
          ],
          [
            29.7718674,
            40.7528878
          ],
          [
            29.7721345,
            40.7525873
          ],
          [
            29.7723687,
            40.7522824
          ],
          [
            29.7725886,
            40.7519501
          ],
          [
            29.7732065,
            40.7509437
          ],
          [
            29.7736291,
            40.7502986
          ],
          [
            29.7741206,
            40.7496805
          ],
          [
            29.7747202,
            40.7491048
          ],
          [
            29.7753991,
            40.7485843
          ],
          [
            29.7761742,
            40.7481246
          ],
          [
            29.7769795,
            40.7477574
          ],
          [
            29.7778672,
            40.747443
          ],
          [
            29.7787942,
            40.7472103
          ],
          [
            29.7797326,
            40.7470601
          ],
          [
            29.7806785,
            40.746996
          ],
          [
            29.7816431,
            40.7470069
          ],
          [
            29.7825757,
            40.7470967
          ],
          [
            29.7844958,
            40.7473226
          ],
          [
            29.7853118,
            40.74741
          ],
          [
            29.7861921,
            40.7474471
          ],
          [
            29.7889874,
            40.7475414
          ],
          [
            29.7898404,
            40.7476329
          ],
          [
            29.7907749,
            40.7477927
          ],
          [
            29.7936621,
            40.7485571
          ],
          [
            29.7941927,
            40.7486749
          ],
          [
            29.7947172,
            40.7487599
          ],
          [
            29.7953263,
            40.7488147
          ],
          [
            29.7962884,
            40.7488834
          ],
          [
            29.8055657,
            40.7493011
          ],
          [
            29.8059834,
            40.7493417
          ],
          [
            29.8066297,
            40.7494393
          ],
          [
            29.8072875,
            40.7495546
          ],
          [
            29.8080065,
            40.7497171
          ],
          [
            29.8099938,
            40.7501593
          ],
          [
            29.8127176,
            40.7506303
          ],
          [
            29.8146468,
            40.7509308
          ],
          [
            29.8191385,
            40.75162
          ],
          [
            29.81995,
            40.7517327
          ]
        ]
      },
      "id": "way/759139547"
    },
    {
      "type": "Feature",
      "properties": {
        "@id": "way/759139554",
        "bridge": "yes",
        "electrified": "contact_line",
        "frequency": "50",
        "gauge": "1435",
        "highspeed": "yes",
        "layer": "1",
        "maxspeed": "100",
        "name": "İstanbul - Ankara yüksek hızlı demiryolu",
        "name:en": "İstanbul - Ankara high-speed railway",
        "operator": "TCDD",
        "passenger_lines": "1",
        "railway": "rail",
        "railway:etcs": "1",
        "source": "bing",
        "usage": "main",
        "voltage": "25000",
        "wikidata": "Q513146",
        "wikipedia": "en:Ankara–Istanbul high-speed railway"
      },
      "geometry": {
        "type": "LineString",
        "coordinates": [
          [
            29.7692324,
            40.754728
          ],
          [
            29.769463,
            40.7546202
          ]
        ]
      },
      "id": "way/759139554"
    },
    {
      "type": "Feature",
      "properties": {
        "@id": "way/759139555",
        "electrified": "contact_line",
        "frequency": "50",
        "gauge": "1435",
        "highspeed": "yes",
        "maxspeed": "100",
        "name": "İstanbul - Ankara yüksek hızlı demiryolu",
        "name:en": "İstanbul - Ankara high-speed railway",
        "operator": "TCDD",
        "passenger_lines": "1",
        "railway": "rail",
        "railway:etcs": "1",
        "source": "bing",
        "usage": "main",
        "voltage": "25000",
        "wikidata": "Q513146",
        "wikipedia": "en:Ankara–Istanbul high-speed railway"
      },
      "geometry": {
        "type": "LineString",
        "coordinates": [
          [
            29.7370333,
            40.771673
          ],
          [
            29.7387794,
            40.7709327
          ],
          [
            29.7413971,
            40.7698229
          ],
          [
            29.741987,
            40.7695584
          ],
          [
            29.7426835,
            40.7692121
          ],
          [
            29.7430985,
            40.7689649
          ],
          [
            29.7445439,
            40.768033
          ],
          [
            29.7488246,
            40.7652728
          ],
          [
            29.7515306,
            40.7634971
          ],
          [
            29.752048,
            40.7630728
          ],
          [
            29.7525623,
            40.7626257
          ],
          [
            29.7530935,
            40.7620466
          ],
          [
            29.7540512,
            40.76094
          ],
          [
            29.756167,
            40.7584815
          ],
          [
            29.7567248,
            40.7579494
          ],
          [
            29.7569747,
            40.7577398
          ],
          [
            29.7572832,
            40.7575321
          ],
          [
            29.7576369,
            40.7572856
          ],
          [
            29.7584312,
            40.7568659
          ],
          [
            29.7592104,
            40.756529
          ],
          [
            29.7599078,
            40.7562933
          ],
          [
            29.7608129,
            40.7560787
          ],
          [
            29.7612892,
            40.7559957
          ],
          [
            29.7622388,
            40.7558863
          ],
          [
            29.7656544,
            40.7555673
          ],
          [
            29.7666006,
            40.7554483
          ],
          [
            29.7675194,
            40.7552788
          ],
          [
            29.7684274,
            40.7550327
          ],
          [
            29.7692324,
            40.754728
          ]
        ]
      },
      "id": "way/759139555"
    },
    {
      "type": "Feature",
      "properties": {
        "@id": "way/759139556",
        "bridge": "yes",
        "electrified": "contact_line",
        "frequency": "50",
        "gauge": "1435",
        "highspeed": "yes",
        "layer": "1",
        "maxspeed": "100",
        "name": "İstanbul - Ankara yüksek hızlı demiryolu",
        "name:en": "İstanbul - Ankara high-speed railway",
        "operator": "TCDD",
        "passenger_lines": "1",
        "railway": "rail",
        "railway:etcs": "1",
        "source": "bing",
        "usage": "main",
        "voltage": "25000",
        "wikidata": "Q513146",
        "wikipedia": "en:Ankara–Istanbul high-speed railway"
      },
      "geometry": {
        "type": "LineString",
        "coordinates": [
          [
            29.7368453,
            40.7718041
          ],
          [
            29.7370585,
            40.7717114
          ]
        ]
      },
      "id": "way/759139556"
    },
    {
      "type": "Feature",
      "properties": {
        "@id": "way/759139557",
        "electrified": "contact_line",
        "frequency": "50",
        "gauge": "1435",
        "highspeed": "yes",
        "maxspeed": "100",
        "name": "İstanbul - Ankara yüksek hızlı demiryolu",
        "name:en": "İstanbul - Ankara high-speed railway",
        "operator": "TCDD",
        "passenger_lines": "1",
        "railway": "rail",
        "railway:etcs": "1",
        "source": "bing",
        "usage": "main",
        "voltage": "25000",
        "wikidata": "Q513146",
        "wikipedia": "en:Ankara–Istanbul high-speed railway"
      },
      "geometry": {
        "type": "LineString",
        "coordinates": [
          [
            29.7208477,
            40.7722417
          ],
          [
            29.7213894,
            40.772148
          ],
          [
            29.7218347,
            40.772093
          ],
          [
            29.7224206,
            40.7720529
          ],
          [
            29.7229923,
            40.7720489
          ],
          [
            29.7235979,
            40.7720789
          ],
          [
            29.726706,
            40.7723547
          ],
          [
            29.7315683,
            40.7727946
          ],
          [
            29.7319553,
            40.7728263
          ],
          [
            29.7323917,
            40.7728367
          ],
          [
            29.7327878,
            40.7728359
          ],
          [
            29.7331263,
            40.7728205
          ],
          [
            29.7335176,
            40.7727905
          ],
          [
            29.7339884,
            40.7727237
          ],
          [
            29.734543,
            40.7726178
          ],
          [
            29.7349642,
            40.7725126
          ],
          [
            29.735365,
            40.7723858
          ],
          [
            29.7357359,
            40.7722578
          ],
          [
            29.7368453,
            40.7718041
          ]
        ]
      },
      "id": "way/759139557"
    },
    {
      "type": "Feature",
      "properties": {
        "@id": "way/759139558",
        "bridge": "yes",
        "electrified": "contact_line",
        "frequency": "50",
        "gauge": "1435",
        "highspeed": "yes",
        "layer": "1",
        "maxspeed": "100",
        "name": "İstanbul - Ankara yüksek hızlı demiryolu",
        "name:en": "İstanbul - Ankara high-speed railway",
        "operator": "TCDD",
        "passenger_lines": "1",
        "railway": "rail",
        "railway:etcs": "1",
        "source": "bing",
        "usage": "main",
        "voltage": "25000",
        "wikidata": "Q513146",
        "wikipedia": "en:Ankara–Istanbul high-speed railway"
      },
      "geometry": {
        "type": "LineString",
        "coordinates": [
          [
            29.7183026,
            40.7731983
          ],
          [
            29.718456,
            40.7731191
          ]
        ]
      },
      "id": "way/759139558"
    },
    {
      "type": "Feature",
      "properties": {
        "@id": "way/759139559",
        "electrified": "contact_line",
        "frequency": "50",
        "gauge": "1435",
        "highspeed": "yes",
        "maxspeed": "100",
        "name": "İstanbul - Ankara yüksek hızlı demiryolu",
        "name:en": "İstanbul - Ankara high-speed railway",
        "operator": "TCDD",
        "passenger_lines": "1",
        "railway": "rail",
        "railway:etcs": "1",
        "source": "bing",
        "usage": "main",
        "voltage": "25000",
        "wikidata": "Q513146",
        "wikipedia": "en:Ankara–Istanbul high-speed railway"
      },
      "geometry": {
        "type": "LineString",
        "coordinates": [
          [
            29.718456,
            40.7731191
          ],
          [
            29.7190004,
            40.7728558
          ],
          [
            29.7193964,
            40.772681
          ],
          [
            29.7197463,
            40.7725513
          ],
          [
            29.7201461,
            40.7724186
          ],
          [
            29.7205872,
            40.7723012
          ]
        ]
      },
      "id": "way/759139559"
    },
    {
      "type": "Feature",
      "properties": {
        "@id": "way/759139560",
        "bridge": "yes",
        "electrified": "contact_line",
        "frequency": "50",
        "gauge": "1435",
        "highspeed": "yes",
        "layer": "1",
        "maxspeed": "100",
        "name": "İstanbul - Ankara yüksek hızlı demiryolu",
        "name:en": "İstanbul - Ankara high-speed railway",
        "operator": "TCDD",
        "passenger_lines": "1",
        "railway": "rail",
        "railway:etcs": "1",
        "source": "bing",
        "usage": "main",
        "voltage": "25000",
        "wikidata": "Q513146",
        "wikipedia": "en:Ankara–Istanbul high-speed railway"
      },
      "geometry": {
        "type": "LineString",
        "coordinates": [
          [
            29.7205872,
            40.7723012
          ],
          [
            29.7208477,
            40.7722417
          ]
        ]
      },
      "id": "way/759139560"
    },
    {
      "type": "Feature",
      "properties": {
        "@id": "way/1006325103",
        "electrified": "contact_line",
        "frequency": "50",
        "gauge": "1435",
        "highspeed": "yes",
        "maxspeed": "120",
        "name": "İstanbul-Ankara yüksek hızlı demiryolu",
        "name:en": "İstanbul-Ankara high speed railway",
        "operator": "TCDD",
        "railway": "rail",
        "railway:bidirectional": "possible",
        "railway:etcs": "1",
        "railway:preferred_direction": "forward",
        "usage": "main",
        "voltage": "25000"
      },
      "geometry": {
        "type": "LineString",
        "coordinates": [
          [
            29.465602,
            40.7733642
          ],
          [
            29.4632833,
            40.7734356
          ],
          [
            29.462569,
            40.773442
          ],
          [
            29.4620538,
            40.7734313
          ],
          [
            29.461568,
            40.7733991
          ],
          [
            29.4610917,
            40.7733342
          ],
          [
            29.4606823,
            40.773258
          ],
          [
            29.4576908,
            40.7725652
          ],
          [
            29.4570559,
            40.7724354
          ],
          [
            29.4564149,
            40.772308
          ],
          [
            29.4558093,
            40.7722236
          ],
          [
            29.4551815,
            40.7721866
          ],
          [
            29.4541737,
            40.7721257
          ],
          [
            29.4487335,
            40.7719491
          ],
          [
            29.4482066,
            40.7719468
          ],
          [
            29.4476755,
            40.7719593
          ],
          [
            29.4471444,
            40.7719894
          ],
          [
            29.4466211,
            40.7720422
          ],
          [
            29.4395271,
            40.7731495
          ],
          [
            29.4382818,
            40.7733962
          ],
          [
            29.4359107,
            40.7738736
          ],
          [
            29.4348014,
            40.7741648
          ],
          [
            29.4337295,
            40.774515
          ],
          [
            29.4327003,
            40.7749364
          ],
          [
            29.4316861,
            40.7754204
          ],
          [
            29.4307761,
            40.7759466
          ],
          [
            29.4298898,
            40.7765187
          ],
          [
            29.4277668,
            40.7779492
          ],
          [
            29.4272389,
            40.7783049
          ],
          [
            29.4261724,
            40.7790106
          ],
          [
            29.424696,
            40.7800127
          ],
          [
            29.4243545,
            40.7802469
          ],
          [
            29.423621,
            40.7806322
          ],
          [
            29.4227915,
            40.7810122
          ],
          [
            29.4219627,
            40.7813392
          ],
          [
            29.4213398,
            40.7815183
          ],
          [
            29.4207383,
            40.7816563
          ],
          [
            29.419996,
            40.7817631
          ],
          [
            29.4191521,
            40.7818497
          ],
          [
            29.4175847,
            40.7819428
          ],
          [
            29.4172238,
            40.7819747
          ],
          [
            29.4167137,
            40.7820456
          ],
          [
            29.4162638,
            40.7821296
          ],
          [
            29.4158391,
            40.7822436
          ],
          [
            29.4155344,
            40.7823388
          ],
          [
            29.4148597,
            40.7825501
          ],
          [
            29.4142649,
            40.782736
          ],
          [
            29.4141593,
            40.7827671
          ]
        ]
      },
      "id": "way/1006325103"
    },
    {
      "type": "Feature",
      "properties": {
        "@id": "way/1006325104",
        "electrified": "contact_line",
        "frequency": "50",
        "gauge": "1435",
        "maxspeed": "80",
        "name": "İstanbul-Ankara demiryolu",
        "operator": "TCDD",
        "railway": "rail",
        "railway:bidirectional": "possible",
        "railway:etcs": "1",
        "railway:preferred_direction": "forward",
        "usage": "main",
        "voltage": "25000"
      },
      "geometry": {
        "type": "LineString",
        "coordinates": [
          [
            29.4070254,
            40.7850002
          ],
          [
            29.4072288,
            40.7849269
          ],
          [
            29.4074409,
            40.7848416
          ],
          [
            29.4076517,
            40.7847527
          ],
          [
            29.4079622,
            40.78462
          ],
          [
            29.4081741,
            40.7845359
          ],
          [
            29.4084387,
            40.7844402
          ],
          [
            29.4086857,
            40.7843531
          ],
          [
            29.4089814,
            40.7842547
          ],
          [
            29.4092911,
            40.7841596
          ],
          [
            29.4106501,
            40.7837353
          ],
          [
            29.411664,
            40.7834172
          ],
          [
            29.4123714,
            40.7831957
          ],
          [
            29.4125742,
            40.7831375
          ],
          [
            29.4128042,
            40.7830769
          ],
          [
            29.4133107,
            40.7829662
          ]
        ]
      },
      "id": "way/1006325104"
    },
    {
      "type": "Feature",
      "properties": {
        "@id": "way/1066278345",
        "electrified": "contact_line",
        "frequency": "50",
        "gauge": "1435",
        "maxspeed": "80",
        "name": "İstanbul-Ankara demiryolu",
        "operator": "TCDD",
        "railway": "rail",
        "railway:bidirectional": "possible",
        "railway:etcs": "1",
        "railway:preferred_direction": "forward",
        "usage": "main",
        "voltage": "25000"
      },
      "geometry": {
        "type": "LineString",
        "coordinates": [
          [
            29.4133107,
            40.7829662
          ],
          [
            29.4134746,
            40.782924
          ],
          [
            29.4137142,
            40.7828551
          ],
          [
            29.4139799,
            40.7827719
          ]
        ]
      },
      "id": "way/1066278345"
    },
    {
      "type": "Feature",
      "properties": {
        "@id": "way/1148687831",
        "electrified": "contact_line",
        "frequency": "50",
        "gauge": "1435",
        "highspeed": "yes",
        "maxspeed": "100",
        "name": "İstanbul - Ankara yüksek hızlı demiryolu",
        "name:en": "İstanbul - Ankara high speed railway",
        "operator": "TCDD",
        "passenger_lines": "1",
        "railway": "rail",
        "railway:etcs": "1",
        "source": "bing",
        "usage": "main",
        "voltage": "25000",
        "wikidata": "Q513146",
        "wikipedia": "en:Ankara–Istanbul high-speed railway"
      },
      "geometry": {
        "type": "LineString",
        "coordinates": [
          [
            29.8199464,
            40.7517665
          ],
          [
            29.8191214,
            40.7516571
          ],
          [
            29.8146433,
            40.7509668
          ],
          [
            29.8127123,
            40.7506702
          ],
          [
            29.8099804,
            40.7501914
          ],
          [
            29.8079913,
            40.7497557
          ],
          [
            29.8072702,
            40.7495885
          ],
          [
            29.8066244,
            40.7494698
          ],
          [
            29.8059817,
            40.7493744
          ],
          [
            29.8055676,
            40.7493354
          ],
          [
            29.7962849,
            40.7489205
          ],
          [
            29.7953099,
            40.7488526
          ],
          [
            29.7946945,
            40.7487918
          ],
          [
            29.7941849,
            40.7487115
          ],
          [
            29.7936473,
            40.7485945
          ],
          [
            29.7907542,
            40.7478279
          ],
          [
            29.789831,
            40.7476674
          ],
          [
            29.7889832,
            40.7475765
          ],
          [
            29.7872799,
            40.747516
          ],
          [
            29.7861938,
            40.7474775
          ],
          [
            29.7853068,
            40.7474455
          ],
          [
            29.784484,
            40.7473613
          ],
          [
            29.7825704,
            40.7471329
          ],
          [
            29.7816339,
            40.747041
          ],
          [
            29.7806861,
            40.7470309
          ],
          [
            29.779748,
            40.7470965
          ],
          [
            29.7788019,
            40.7472501
          ],
          [
            29.7778845,
            40.7474769
          ],
          [
            29.7770026,
            40.7477877
          ],
          [
            29.7762136,
            40.7481505
          ],
          [
            29.7754361,
            40.7486099
          ],
          [
            29.7747535,
            40.7491264
          ],
          [
            29.7741663,
            40.749701
          ],
          [
            29.7736789,
            40.7503109
          ],
          [
            29.7732511,
            40.750965
          ],
          [
            29.7726335,
            40.7519679
          ],
          [
            29.772411,
            40.7523012
          ],
          [
            29.7721787,
            40.7526055
          ],
          [
            29.771913,
            40.7529068
          ],
          [
            29.7713184,
            40.7534785
          ],
          [
            29.7706445,
            40.7539978
          ],
          [
            29.7699875,
            40.7543957
          ],
          [
            29.769505,
            40.7546454
          ]
        ]
      },
      "id": "way/1148687831"
    },
    {
      "type": "Feature",
      "properties": {
        "@id": "way/1148687832",
        "electrified": "contact_line",
        "frequency": "50",
        "gauge": "1435",
        "highspeed": "yes",
        "maxspeed": "100",
        "name": "İstanbul - Ankara yüksek hızlı demiryolu",
        "name:en": "İstanbul - Ankara high speed railway",
        "operator": "TCDD",
        "passenger_lines": "1",
        "railway": "rail",
        "railway:etcs": "1",
        "source": "bing",
        "usage": "main",
        "voltage": "25000",
        "wikidata": "Q513146",
        "wikipedia": "en:Ankara–Istanbul high-speed railway"
      },
      "geometry": {
        "type": "LineString",
        "coordinates": [
          [
            29.8266154,
            40.7515733
          ],
          [
            29.8260857,
            40.7515372
          ],
          [
            29.8256112,
            40.751525
          ],
          [
            29.8252149,
            40.7515374
          ],
          [
            29.8247803,
            40.7515637
          ],
          [
            29.8225773,
            40.7517781
          ],
          [
            29.8219436,
            40.751829
          ],
          [
            29.8214799,
            40.7518475
          ],
          [
            29.8210146,
            40.7518485
          ],
          [
            29.8207372,
            40.7518358
          ],
          [
            29.8201215,
            40.7517846
          ]
        ]
      },
      "id": "way/1148687832"
    },
    {
      "type": "Feature",
      "properties": {
        "@id": "way/1148687833",
        "bridge": "yes",
        "electrified": "contact_line",
        "frequency": "50",
        "gauge": "1435",
        "highspeed": "yes",
        "layer": "1",
        "maxspeed": "100",
        "name": "İstanbul - Ankara yüksek hızlı demiryolu",
        "name:en": "İstanbul - Ankara high speed railway",
        "operator": "TCDD",
        "passenger_lines": "1",
        "railway": "rail",
        "railway:etcs": "1",
        "source": "bing",
        "usage": "main",
        "voltage": "25000",
        "wikidata": "Q513146",
        "wikipedia": "en:Ankara–Istanbul high-speed railway"
      },
      "geometry": {
        "type": "LineString",
        "coordinates": [
          [
            29.8201215,
            40.7517846
          ],
          [
            29.8199464,
            40.7517665
          ]
        ]
      },
      "id": "way/1148687833"
    },
    {
      "type": "Feature",
      "properties": {
        "@id": "way/1148687837",
        "bridge": "yes",
        "electrified": "contact_line",
        "frequency": "50",
        "gauge": "1435",
        "highspeed": "yes",
        "layer": "1",
        "maxspeed": "100",
        "name": "Ankara - İstanbul yüksek hızlı demiryolu",
        "name:en": "Ankara - İstanbul high-speed railway",
        "operator": "TCDD",
        "passenger_lines": "1",
        "railway": "rail",
        "railway:etcs": "1",
        "usage": "main",
        "voltage": "25000",
        "wikidata": "Q513146",
        "wikipedia": "en:Ankara–Istanbul high-speed railway"
      },
      "geometry": {
        "type": "LineString",
        "coordinates": [
          [
            29.8272715,
            40.7516559
          ],
          [
            29.8266154,
            40.7515733
          ]
        ]
      },
      "id": "way/1148687837"
    },
    {
      "type": "Feature",
      "properties": {
        "@id": "way/1148687839",
        "electrified": "contact_line",
        "frequency": "50",
        "gauge": "1435",
        "maxspeed": "100",
        "name": "İstanbul - Ankara demiryolu",
        "name:en": "İstanbul - Ankara railway",
        "operator": "TCDD",
        "passenger_lines": "1",
        "railway": "rail",
        "railway:etcs": "yes",
        "source": "bing",
        "usage": "main",
        "voltage": "25000",
        "wikidata": "Q15103266",
        "wikipedia": "en:Istanbul–Ankara railway"
      },
      "geometry": {
        "type": "LineString",
        "coordinates": [
          [
            29.8608576,
            40.7572966
          ],
          [
            29.8578294,
            40.7564714
          ],
          [
            29.8573025,
            40.7563379
          ],
          [
            29.8565403,
            40.7561689
          ],
          [
            29.8557611,
            40.7560336
          ],
          [
            29.8547941,
            40.755923
          ],
          [
            29.8538066,
            40.7558836
          ],
          [
            29.845634,
            40.7557605
          ],
          [
            29.8432032,
            40.7557239
          ],
          [
            29.8419305,
            40.7557048
          ],
          [
            29.8392014,
            40.7556637
          ],
          [
            29.8386695,
            40.7556502
          ],
          [
            29.8383107,
            40.7556286
          ],
          [
            29.8378618,
            40.7555801
          ],
          [
            29.8373913,
            40.7555119
          ],
          [
            29.8369528,
            40.7554164
          ],
          [
            29.8364932,
            40.7552867
          ],
          [
            29.8360924,
            40.755158
          ],
          [
            29.835695,
            40.7550075
          ],
          [
            29.8353728,
            40.7548693
          ],
          [
            29.8326162,
            40.7536334
          ],
          [
            29.8321686,
            40.7534336
          ],
          [
            29.8309539,
            40.7528916
          ],
          [
            29.8294653,
            40.7522272
          ],
          [
            29.8290145,
            40.7520554
          ],
          [
            29.8286117,
            40.7519125
          ],
          [
            29.8283147,
            40.7518173
          ],
          [
            29.8279807,
            40.7517266
          ],
          [
            29.8276771,
            40.7516574
          ],
          [
            29.8272811,
            40.7515831
          ]
        ]
      },
      "id": "way/1148687839"
    },
    {
      "type": "Feature",
      "properties": {
        "@id": "way/1193853023",
        "bridge": "yes",
        "electrified": "contact_line",
        "frequency": "50",
        "gauge": "1435",
        "layer": "1",
        "maxspeed": "100",
        "name": "İstanbul - Ankara demiryolu",
        "name:en": "İstanbul - Ankara railway",
        "operator": "TCDD",
        "passenger_lines": "1",
        "railway": "rail",
        "railway:etcs": "yes",
        "source": "bing",
        "usage": "main",
        "voltage": "25000",
        "wikidata": "Q15103266",
        "wikipedia": "en:Istanbul–Ankara railway"
      },
      "geometry": {
        "type": "LineString",
        "coordinates": [
          [
            29.8610769,
            40.7573556
          ],
          [
            29.8608576,
            40.7572966
          ]
        ]
      },
      "id": "way/1193853023"
    },
    {
      "type": "Feature",
      "properties": {
        "@id": "way/1193853024",
        "electrified": "contact_line",
        "frequency": "50",
        "gauge": "1435",
        "highspeed": "yes",
        "maxspeed": "100",
        "name": "İstanbul - Ankara yüksek hızlı demiryolu",
        "name:en": "İstanbul - Ankara high speed railway",
        "operator": "TCDD",
        "passenger_lines": "1",
        "railway": "rail",
        "railway:etcs": "1",
        "source": "bing",
        "usage": "main",
        "voltage": "25000",
        "wikidata": "Q513146",
        "wikipedia": "en:Ankara–Istanbul high-speed railway"
      },
      "geometry": {
        "type": "LineString",
        "coordinates": [
          [
            29.8272763,
            40.7516195
          ],
          [
            29.8276567,
            40.751692
          ],
          [
            29.8279589,
            40.7517624
          ],
          [
            29.8282874,
            40.7518498
          ],
          [
            29.8285911,
            40.751945
          ],
          [
            29.8289906,
            40.7520868
          ],
          [
            29.8294329,
            40.7522602
          ],
          [
            29.8304783,
            40.7527244
          ],
          [
            29.8325882,
            40.7536613
          ],
          [
            29.8353428,
            40.7548963
          ],
          [
            29.8356784,
            40.755038
          ],
          [
            29.8360696,
            40.7551875
          ],
          [
            29.8364684,
            40.7553186
          ],
          [
            29.8369364,
            40.7554494
          ],
          [
            29.8373777,
            40.7555457
          ],
          [
            29.8378494,
            40.7556165
          ],
          [
            29.8383031,
            40.7556663
          ],
          [
            29.8386698,
            40.7556892
          ],
          [
            29.8391981,
            40.7557045
          ],
          [
            29.8438994,
            40.7557759
          ],
          [
            29.8458096,
            40.7558049
          ],
          [
            29.8538021,
            40.7559264
          ],
          [
            29.8547901,
            40.7559647
          ],
          [
            29.8557525,
            40.7560731
          ],
          [
            29.8565255,
            40.7562095
          ],
          [
            29.857287,
            40.756378
          ],
          [
            29.8577914,
            40.7565058
          ],
          [
            29.8608432,
            40.7573366
          ]
        ]
      },
      "id": "way/1193853024"
    },
    {
      "type": "Feature",
      "properties": {
        "@id": "way/1193853025",
        "bridge": "yes",
        "electrified": "contact_line",
        "frequency": "50",
        "gauge": "1435",
        "highspeed": "yes",
        "layer": "1",
        "maxspeed": "100",
        "name": "İstanbul - Ankara demiryolu",
        "name:en": "İstanbul - Ankara high speed railway",
        "operator": "TCDD",
        "passenger_lines": "1",
        "railway": "rail",
        "railway:etcs": "1",
        "source": "bing",
        "usage": "main",
        "voltage": "25000",
        "wikidata": "Q513146",
        "wikipedia": "en:Ankara–Istanbul high-speed railway"
      },
      "geometry": {
        "type": "LineString",
        "coordinates": [
          [
            29.8608432,
            40.7573366
          ],
          [
            29.8610661,
            40.7573969
          ]
        ]
      },
      "id": "way/1193853025"
    },
    {
      "type": "Feature",
      "properties": {
        "@id": "way/1193853026",
        "electrified": "contact_line",
        "frequency": "50",
        "gauge": "1435",
        "highspeed": "yes",
        "maxspeed": "100",
        "name": "İstanbul - Ankara yüksek hızlı demiryolu",
        "name:en": "İstanbul - Ankara high speed railway",
        "operator": "TCDD",
        "passenger_lines": "1",
        "railway": "rail",
        "railway:etcs": "1",
        "source": "bing",
        "usage": "main",
        "voltage": "25000",
        "wikidata": "Q513146",
        "wikipedia": "tr:Ankara-İstanbul yüksek hızlı demiryolu"
      },
      "geometry": {
        "type": "LineString",
        "coordinates": [
          [
            29.8952891,
            40.7617979
          ],
          [
            29.8951948,
            40.7618092
          ],
          [
            29.889349,
            40.7625094
          ],
          [
            29.8888284,
            40.7625525
          ],
          [
            29.8883266,
            40.7625859
          ],
          [
            29.8876431,
            40.7626044
          ],
          [
            29.8869687,
            40.7625958
          ],
          [
            29.8864861,
            40.7625765
          ],
          [
            29.8860051,
            40.7625391
          ],
          [
            29.8855198,
            40.762492
          ],
          [
            29.8848968,
            40.7624115
          ],
          [
            29.8835185,
            40.762168
          ],
          [
            29.8684071,
            40.7593305
          ],
          [
            29.8672087,
            40.7590884
          ],
          [
            29.8660295,
            40.7588144
          ],
          [
            29.8610547,
            40.7574335
          ]
        ]
      },
      "id": "way/1193853026"
    },
    {
      "type": "Feature",
      "properties": {
        "@id": "way/1193853027",
        "bridge": "yes",
        "electrified": "contact_line",
        "frequency": "50",
        "gauge": "1435",
        "highspeed": "yes",
        "layer": "1",
        "maxspeed": "100",
        "name": "İstanbul - Ankara yüksek hızlı demiryolu",
        "name:en": "İstanbul - Ankara high speed railway",
        "operator": "TCDD",
        "passenger_lines": "1",
        "railway": "rail",
        "railway:etcs": "1",
        "source": "bing",
        "usage": "main",
        "voltage": "25000",
        "wikidata": "Q513146",
        "wikipedia": "en:Ankara–Istanbul high-speed railway"
      },
      "geometry": {
        "type": "LineString",
        "coordinates": [
          [
            29.8610547,
            40.7574335
          ],
          [
            29.8608288,
            40.7573715
          ]
        ]
      },
      "id": "way/1193853027"
    },
    {
      "type": "Feature",
      "properties": {
        "@id": "way/1194865587",
        "bridge": "yes",
        "electrified": "contact_line",
        "frequency": "50",
        "gauge": "1435",
        "highspeed": "yes",
        "layer": "1",
        "maxspeed": "100",
        "name": "İstanbul - Ankara yüksek hızlı  demiryolu",
        "name:en": "İstanbul - Ankara high-speed railway",
        "operator": "TCDD",
        "passenger_lines": "1",
        "railway": "rail",
        "railway:etcs": "1",
        "source": "bing",
        "usage": "main",
        "voltage": "25000",
        "wikidata": "Q513146",
        "wikipedia": "en:Ankara–Istanbul high-speed railway"
      },
      "geometry": {
        "type": "LineString",
        "coordinates": [
          [
            29.769505,
            40.7546454
          ],
          [
            29.7692658,
            40.7547559
          ]
        ]
      },
      "id": "way/1194865587"
    },
    {
      "type": "Feature",
      "properties": {
        "@id": "way/1194865589",
        "bridge": "yes",
        "electrified": "contact_line",
        "frequency": "50",
        "gauge": "1435",
        "layer": "1",
        "maxspeed": "100",
        "name": "İstanbul - Ankara demiryolu",
        "name:en": "İstanbul - Ankara railway",
        "operator": "TCDD",
        "passenger_lines": "1",
        "railway": "rail",
        "railway:etcs": "yes",
        "source": "bing",
        "usage": "main",
        "voltage": "25000",
        "wikidata": "Q15103266",
        "wikipedia": "en:Istanbul–Ankara railway"
      },
      "geometry": {
        "type": "LineString",
        "coordinates": [
          [
            29.769421,
            40.754595
          ],
          [
            29.7691989,
            40.7547001
          ]
        ]
      },
      "id": "way/1194865589"
    },
    {
      "type": "Feature",
      "properties": {
        "@id": "way/1194995851",
        "electrified": "contact_line",
        "frequency": "50",
        "gauge": "1435",
        "maxspeed": "100",
        "name": "İstanbul - Ankara demiryolu",
        "name:en": "İstanbul - Ankara railway",
        "operator": "TCDD",
        "passenger_lines": "1",
        "railway": "rail",
        "railway:etcs": "yes",
        "source": "bing",
        "usage": "main",
        "voltage": "25000",
        "wikidata": "Q15103266",
        "wikipedia": "en:Istanbul–Ankara railway"
      },
      "geometry": {
        "type": "LineString",
        "coordinates": [
          [
            29.7367932,
            40.7717259
          ],
          [
            29.7364834,
            40.7718631
          ],
          [
            29.7356818,
            40.772183
          ],
          [
            29.7353053,
            40.7723118
          ],
          [
            29.7349164,
            40.7724336
          ],
          [
            29.7344994,
            40.7725374
          ],
          [
            29.7339804,
            40.7726348
          ],
          [
            29.7334914,
            40.7727056
          ],
          [
            29.7331306,
            40.7727396
          ],
          [
            29.7328059,
            40.7727602
          ],
          [
            29.7324054,
            40.7727639
          ],
          [
            29.731973,
            40.7727484
          ],
          [
            29.7315549,
            40.7727218
          ],
          [
            29.7267369,
            40.7722857
          ],
          [
            29.7259641,
            40.7722198
          ],
          [
            29.7236124,
            40.7720092
          ],
          [
            29.7229919,
            40.7719784
          ],
          [
            29.722424,
            40.7719804
          ],
          [
            29.721824,
            40.7720111
          ],
          [
            29.7213814,
            40.7720755
          ],
          [
            29.7208324,
            40.7721673
          ]
        ]
      },
      "id": "way/1194995851"
    },
    {
      "type": "Feature",
      "properties": {
        "@id": "way/1194995852",
        "bridge": "yes",
        "electrified": "contact_line",
        "frequency": "50",
        "gauge": "1435",
        "layer": "1",
        "maxspeed": "100",
        "name": "İstanbul - Ankara demiryolu",
        "name:en": "İstanbul - Ankara railway",
        "operator": "TCDD",
        "passenger_lines": "1",
        "railway": "rail",
        "railway:etcs": "yes",
        "source": "bing",
        "usage": "main",
        "voltage": "25000",
        "wikidata": "Q15103266",
        "wikipedia": "en:Istanbul–Ankara railway"
      },
      "geometry": {
        "type": "LineString",
        "coordinates": [
          [
            29.737008,
            40.7716345
          ],
          [
            29.7367932,
            40.7717259
          ]
        ]
      },
      "id": "way/1194995852"
    },
    {
      "type": "Feature",
      "properties": {
        "@id": "way/1198240224",
        "electrified": "contact_line",
        "frequency": "50",
        "gauge": "1435",
        "maxspeed": "100",
        "name": "İstanbul - Ankara demiryolu",
        "name:en": "İstanbul - Ankara railway",
        "operator": "TCDD",
        "passenger_lines": "1",
        "railway": "rail",
        "railway:etcs": "yes",
        "source": "bing",
        "usage": "main",
        "voltage": "25000",
        "wikidata": "Q15103266",
        "wikipedia": "en:Istanbul–Ankara railway"
      },
      "geometry": {
        "type": "LineString",
        "coordinates": [
          [
            29.7182372,
            40.7731446
          ],
          [
            29.7177115,
            40.773406
          ],
          [
            29.7128974,
            40.775839
          ],
          [
            29.7122738,
            40.7761174
          ],
          [
            29.7118147,
            40.7762922
          ],
          [
            29.7110916,
            40.7765011
          ],
          [
            29.7105283,
            40.7766471
          ],
          [
            29.7100688,
            40.776744
          ],
          [
            29.7095866,
            40.7768204
          ],
          [
            29.7090773,
            40.7768749
          ],
          [
            29.7082212,
            40.7769444
          ],
          [
            29.7033495,
            40.7771925
          ]
        ]
      },
      "id": "way/1198240224"
    },
    {
      "type": "Feature",
      "properties": {
        "@id": "way/1198240225",
        "bridge": "yes",
        "electrified": "contact_line",
        "frequency": "50",
        "gauge": "1435",
        "layer": "1",
        "maxspeed": "100",
        "name": "İstanbul - Ankara demiryolu",
        "name:en": "İstanbul - Ankara railway",
        "operator": "TCDD",
        "passenger_lines": "1",
        "railway": "rail",
        "railway:etcs": "yes",
        "source": "bing",
        "usage": "main",
        "voltage": "25000",
        "wikidata": "Q15103266",
        "wikipedia": "en:Istanbul–Ankara railway"
      },
      "geometry": {
        "type": "LineString",
        "coordinates": [
          [
            29.7208324,
            40.7721673
          ],
          [
            29.7205673,
            40.7722283
          ]
        ]
      },
      "id": "way/1198240225"
    },
    {
      "type": "Feature",
      "properties": {
        "@id": "way/1198240226",
        "electrified": "contact_line",
        "frequency": "50",
        "gauge": "1435",
        "maxspeed": "100",
        "name": "İstanbul - Ankara demiryolu",
        "name:en": "İstanbul - Ankara railway",
        "operator": "TCDD",
        "passenger_lines": "1",
        "railway": "rail",
        "railway:etcs": "yes",
        "source": "bing",
        "usage": "main",
        "voltage": "25000",
        "wikidata": "Q15103266",
        "wikipedia": "en:Istanbul–Ankara railway"
      },
      "geometry": {
        "type": "LineString",
        "coordinates": [
          [
            29.7205673,
            40.7722283
          ],
          [
            29.7201138,
            40.7723444
          ],
          [
            29.7197034,
            40.7724715
          ],
          [
            29.719343,
            40.7726075
          ],
          [
            29.7189423,
            40.7727908
          ],
          [
            29.7184023,
            40.7730588
          ]
        ]
      },
      "id": "way/1198240226"
    },
    {
      "type": "Feature",
      "properties": {
        "@id": "way/1198240227",
        "bridge": "yes",
        "electrified": "contact_line",
        "frequency": "50",
        "gauge": "1435",
        "layer": "1",
        "maxspeed": "100",
        "name": "İstanbul - Ankara demiryolu",
        "name:en": "İstanbul - Ankara railway",
        "operator": "TCDD",
        "passenger_lines": "1",
        "railway": "rail",
        "railway:etcs": "yes",
        "source": "bing",
        "usage": "main",
        "voltage": "25000",
        "wikidata": "Q15103266",
        "wikipedia": "en:Istanbul–Ankara railway"
      },
      "geometry": {
        "type": "LineString",
        "coordinates": [
          [
            29.7184023,
            40.7730588
          ],
          [
            29.7182372,
            40.7731446
          ]
        ]
      },
      "id": "way/1198240227"
    },
    {
      "type": "Feature",
      "properties": {
        "@id": "way/1198240239",
        "electrified": "contact_line",
        "frequency": "50",
        "gauge": "1435",
        "maxspeed": "100",
        "name": "İstanbul - Ankara demiryolu",
        "name:en": "İstanbul - Ankara railway",
        "operator": "TCDD",
        "passenger_lines": "1",
        "railway": "rail",
        "railway:etcs": "yes",
        "source": "bing",
        "usage": "main",
        "voltage": "25000",
        "wikidata": "Q15103266",
        "wikipedia": "en:Istanbul–Ankara railway"
      },
      "geometry": {
        "type": "LineString",
        "coordinates": [
          [
            29.7031402,
            40.7772023
          ],
          [
            29.6947319,
            40.7776245
          ]
        ]
      },
      "id": "way/1198240239"
    },
    {
      "type": "Feature",
      "properties": {
        "@id": "way/1198240240",
        "bridge": "yes",
        "electrified": "contact_line",
        "frequency": "50",
        "gauge": "1435",
        "layer": "1",
        "maxspeed": "100",
        "name": "İstanbul - Ankara demiryolu",
        "name:en": "İstanbul - Ankara railway",
        "operator": "TCDD",
        "passenger_lines": "1",
        "railway": "rail",
        "railway:etcs": "yes",
        "source": "bing",
        "usage": "main",
        "voltage": "25000",
        "wikidata": "Q15103266",
        "wikipedia": "en:Istanbul–Ankara railway"
      },
      "geometry": {
        "type": "LineString",
        "coordinates": [
          [
            29.7033495,
            40.7771925
          ],
          [
            29.7031402,
            40.7772023
          ]
        ]
      },
      "id": "way/1198240240"
    },
    {
      "type": "Feature",
      "properties": {
        "@id": "way/1198240255",
        "electrified": "contact_line",
        "frequency": "50",
        "gauge": "1435",
        "maxspeed": "100",
        "name": "İstanbul - Ankara demiryolu",
        "name:en": "İstanbul - Ankara railway",
        "operator": "TCDD",
        "passenger_lines": "1",
        "railway": "rail",
        "railway:etcs": "yes",
        "source": "bing",
        "usage": "main",
        "voltage": "25000",
        "wikidata": "Q15103266",
        "wikipedia": "en:Istanbul–Ankara railway"
      },
      "geometry": {
        "type": "LineString",
        "coordinates": [
          [
            29.6945977,
            40.7776318
          ],
          [
            29.6922419,
            40.7777482
          ],
          [
            29.6909407,
            40.7778401
          ],
          [
            29.6896469,
            40.7779746
          ],
          [
            29.6878657,
            40.7782011
          ]
        ]
      },
      "id": "way/1198240255"
    },
    {
      "type": "Feature",
      "properties": {
        "@id": "way/1198240256",
        "bridge": "yes",
        "electrified": "contact_line",
        "frequency": "50",
        "gauge": "1435",
        "layer": "1",
        "maxspeed": "100",
        "name": "İstanbul - Ankara demiryolu",
        "name:en": "İstanbul - Ankara railway",
        "operator": "TCDD",
        "passenger_lines": "1",
        "railway": "rail",
        "railway:etcs": "yes",
        "source": "bing",
        "usage": "main",
        "voltage": "25000",
        "wikidata": "Q15103266",
        "wikipedia": "en:Istanbul–Ankara railway"
      },
      "geometry": {
        "type": "LineString",
        "coordinates": [
          [
            29.6947319,
            40.7776245
          ],
          [
            29.6945977,
            40.7776318
          ]
        ]
      },
      "id": "way/1198240256"
    },
    {
      "type": "Feature",
      "properties": {
        "@id": "way/1198394935",
        "electrified": "contact_line",
        "frequency": "50",
        "gauge": "1435",
        "maxspeed": "100",
        "name": "İstanbul - Ankara demiryolu",
        "name:en": "İstanbul - Ankara railway",
        "operator": "TCDD",
        "passenger_lines": "1",
        "railway": "rail",
        "railway:etcs": "yes",
        "source": "bing",
        "usage": "main",
        "voltage": "25000",
        "wikidata": "Q15103266",
        "wikipedia": "en:Istanbul–Ankara railway"
      },
      "geometry": {
        "type": "LineString",
        "coordinates": [
          [
            29.6769606,
            40.7782722
          ],
          [
            29.6760896,
            40.7782688
          ],
          [
            29.6753972,
            40.77828
          ],
          [
            29.6690035,
            40.7785165
          ],
          [
            29.6682029,
            40.7785356
          ],
          [
            29.6668466,
            40.7785403
          ],
          [
            29.6620475,
            40.7784899
          ]
        ]
      },
      "id": "way/1198394935"
    },
    {
      "type": "Feature",
      "properties": {
        "@id": "way/1198394936",
        "bridge": "yes",
        "electrified": "contact_line",
        "frequency": "50",
        "gauge": "1435",
        "layer": "1",
        "maxspeed": "100",
        "name": "İstanbul - Ankara demiryolu",
        "name:en": "İstanbul - Ankara railway",
        "operator": "TCDD",
        "passenger_lines": "1",
        "railway": "rail",
        "railway:etcs": "yes",
        "source": "bing",
        "usage": "main",
        "voltage": "25000",
        "wikidata": "Q15103266",
        "wikipedia": "en:Istanbul–Ankara railway"
      },
      "geometry": {
        "type": "LineString",
        "coordinates": [
          [
            29.6770756,
            40.7782742
          ],
          [
            29.6769606,
            40.7782722
          ]
        ]
      },
      "id": "way/1198394936"
    },
    {
      "type": "Feature",
      "properties": {
        "@id": "way/1198394937",
        "electrified": "contact_line",
        "frequency": "50",
        "gauge": "1435",
        "maxspeed": "100",
        "name": "İstanbul - Ankara demiryolu",
        "name:en": "İstanbul - Ankara railway",
        "operator": "TCDD",
        "passenger_lines": "1",
        "railway": "rail",
        "railway:etcs": "yes",
        "source": "bing",
        "usage": "main",
        "voltage": "25000",
        "wikidata": "Q15103266",
        "wikipedia": "en:Istanbul–Ankara railway"
      },
      "geometry": {
        "type": "LineString",
        "coordinates": [
          [
            29.6811659,
            40.7784213
          ],
          [
            29.6770756,
            40.7782742
          ]
        ]
      },
      "id": "way/1198394937"
    },
    {
      "type": "Feature",
      "properties": {
        "@id": "way/1198394938",
        "bridge": "yes",
        "electrified": "contact_line",
        "frequency": "50",
        "gauge": "1435",
        "layer": "1",
        "maxspeed": "100",
        "name": "İstanbul - Ankara demiryolu",
        "name:en": "İstanbul - Ankara railway",
        "operator": "TCDD",
        "passenger_lines": "1",
        "railway": "rail",
        "railway:etcs": "yes",
        "source": "bing",
        "usage": "main",
        "voltage": "25000",
        "wikidata": "Q15103266",
        "wikipedia": "en:Istanbul–Ankara railway"
      },
      "geometry": {
        "type": "LineString",
        "coordinates": [
          [
            29.6812801,
            40.778424
          ],
          [
            29.6811659,
            40.7784213
          ]
        ]
      },
      "id": "way/1198394938"
    },
    {
      "type": "Feature",
      "properties": {
        "@id": "way/1198394939",
        "electrified": "contact_line",
        "frequency": "50",
        "gauge": "1435",
        "maxspeed": "100",
        "name": "İstanbul - Ankara demiryolu",
        "name:en": "İstanbul - Ankara railway",
        "operator": "TCDD",
        "passenger_lines": "1",
        "railway": "rail",
        "railway:etcs": "yes",
        "source": "bing",
        "usage": "main",
        "voltage": "25000",
        "wikidata": "Q15103266",
        "wikipedia": "en:Istanbul–Ankara railway"
      },
      "geometry": {
        "type": "LineString",
        "coordinates": [
          [
            29.6877196,
            40.7782217
          ],
          [
            29.6858343,
            40.778458
          ],
          [
            29.6854438,
            40.7784977
          ],
          [
            29.6850572,
            40.7785146
          ],
          [
            29.6846324,
            40.7785298
          ],
          [
            29.684063,
            40.7785242
          ],
          [
            29.6812801,
            40.778424
          ]
        ]
      },
      "id": "way/1198394939"
    },
    {
      "type": "Feature",
      "properties": {
        "@id": "way/1198394940",
        "bridge": "yes",
        "electrified": "contact_line",
        "frequency": "50",
        "gauge": "1435",
        "layer": "1",
        "maxspeed": "100",
        "name": "İstanbul - Ankara demiryolu",
        "name:en": "İstanbul - Ankara railway",
        "operator": "TCDD",
        "passenger_lines": "1",
        "railway": "rail",
        "railway:etcs": "yes",
        "source": "bing",
        "usage": "main",
        "voltage": "25000",
        "wikidata": "Q15103266",
        "wikipedia": "en:Istanbul–Ankara railway"
      },
      "geometry": {
        "type": "LineString",
        "coordinates": [
          [
            29.6878657,
            40.7782011
          ],
          [
            29.6877196,
            40.7782217
          ]
        ]
      },
      "id": "way/1198394940"
    },
    {
      "type": "Feature",
      "properties": {
        "@id": "way/1198401431",
        "electrified": "contact_line",
        "frequency": "50",
        "gauge": "1435",
        "maxspeed": "100",
        "name": "İstanbul - Ankara demiryolu",
        "name:en": "İstanbul - Ankara railway",
        "operator": "TCDD",
        "passenger_lines": "1",
        "railway": "rail",
        "railway:etcs": "yes",
        "source": "bing",
        "usage": "main",
        "voltage": "25000",
        "wikidata": "Q15103266",
        "wikipedia": "en:Istanbul–Ankara railway"
      },
      "geometry": {
        "type": "LineString",
        "coordinates": [
          [
            29.6618788,
            40.7784901
          ],
          [
            29.6612406,
            40.7784779
          ],
          [
            29.6605898,
            40.77844
          ],
          [
            29.6594726,
            40.7783395
          ],
          [
            29.6570171,
            40.7781223
          ],
          [
            29.656353,
            40.7780779
          ],
          [
            29.6557793,
            40.7780636
          ],
          [
            29.6530654,
            40.7780789
          ],
          [
            29.6525623,
            40.7780797
          ],
          [
            29.6520668,
            40.7780515
          ],
          [
            29.6482194,
            40.7778287
          ],
          [
            29.6475292,
            40.77777
          ],
          [
            29.6469859,
            40.7776988
          ],
          [
            29.646376,
            40.7776112
          ],
          [
            29.6446395,
            40.7772589
          ],
          [
            29.6437526,
            40.7770724
          ],
          [
            29.6425188,
            40.7768208
          ],
          [
            29.6385511,
            40.7761425
          ],
          [
            29.637998,
            40.7760648
          ],
          [
            29.6374603,
            40.7760179
          ]
        ]
      },
      "id": "way/1198401431"
    },
    {
      "type": "Feature",
      "properties": {
        "@id": "way/1198401432",
        "bridge": "yes",
        "electrified": "contact_line",
        "frequency": "50",
        "gauge": "1435",
        "layer": "1",
        "maxspeed": "100",
        "name": "İstanbul - Ankara demiryolu",
        "name:en": "İstanbul - Ankara railway",
        "operator": "TCDD",
        "passenger_lines": "1",
        "railway": "rail",
        "railway:etcs": "yes",
        "source": "bing",
        "usage": "main",
        "voltage": "25000",
        "wikidata": "Q15103266",
        "wikipedia": "en:Istanbul–Ankara railway"
      },
      "geometry": {
        "type": "LineString",
        "coordinates": [
          [
            29.6620475,
            40.7784899
          ],
          [
            29.6618788,
            40.7784901
          ]
        ]
      },
      "id": "way/1198401432"
    },
    {
      "type": "Feature",
      "properties": {
        "@id": "way/1198552020",
        "bridge": "yes",
        "electrified": "contact_line",
        "frequency": "50",
        "gauge": "1435",
        "layer": "1",
        "maxspeed": "100",
        "name": "İstanbul - Ankara demiryolu",
        "name:en": "İstanbul - Ankara railway",
        "operator": "TCDD",
        "passenger_lines": "1",
        "railway": "rail",
        "railway:etcs": "yes",
        "source": "bing",
        "usage": "main",
        "voltage": "25000",
        "wikidata": "Q15103266",
        "wikipedia": "en:Istanbul–Ankara railway"
      },
      "geometry": {
        "type": "LineString",
        "coordinates": [
          [
            29.6374603,
            40.7760179
          ],
          [
            29.6372489,
            40.7760067
          ]
        ]
      },
      "id": "way/1198552020"
    },
    {
      "type": "Feature",
      "properties": {
        "@id": "way/1198552021",
        "electrified": "contact_line",
        "frequency": "50",
        "gauge": "1435",
        "highspeed": "yes",
        "maxspeed": "100",
        "name": "İstanbul - Ankara yüksek hızlı demiryolu",
        "name:en": "İstanbul - Ankara high speed railway",
        "operator": "TCDD",
        "passenger_lines": "1",
        "railway": "rail",
        "railway:etcs": "1",
        "source": "bing",
        "usage": "main",
        "voltage": "25000",
        "wikidata": "Q513146",
        "wikipedia": "en:Ankara–Istanbul high-speed railway"
      },
      "geometry": {
        "type": "LineString",
        "coordinates": [
          [
            29.6374499,
            40.7760578
          ],
          [
            29.6379937,
            40.7761018
          ],
          [
            29.6385456,
            40.7761801
          ],
          [
            29.6424994,
            40.7768579
          ],
          [
            29.6437381,
            40.7771103
          ],
          [
            29.6463647,
            40.7776551
          ],
          [
            29.6469761,
            40.7777432
          ],
          [
            29.6475187,
            40.7778084
          ],
          [
            29.648206,
            40.7778667
          ],
          [
            29.6520524,
            40.7780892
          ],
          [
            29.6525576,
            40.7781194
          ],
          [
            29.653067,
            40.778122
          ],
          [
            29.6557754,
            40.7781032
          ],
          [
            29.6563533,
            40.7781177
          ],
          [
            29.6570168,
            40.7781599
          ],
          [
            29.660575,
            40.778476
          ],
          [
            29.6612325,
            40.7785155
          ],
          [
            29.6618724,
            40.7785297
          ]
        ]
      },
      "id": "way/1198552021"
    },
    {
      "type": "Feature",
      "properties": {
        "@id": "way/1198552022",
        "bridge": "yes",
        "electrified": "contact_line",
        "frequency": "50",
        "gauge": "1435",
        "highspeed": "yes",
        "layer": "1",
        "maxspeed": "100",
        "name": "İstanbul - Ankara yüksek hızlı demiryolu",
        "name:en": "İstanbul - Ankara high speed railway",
        "operator": "TCDD",
        "passenger_lines": "1",
        "railway": "rail",
        "railway:etcs": "1",
        "source": "bing",
        "usage": "main",
        "voltage": "25000",
        "wikidata": "Q513146",
        "wikipedia": "en:Ankara–Istanbul high-speed railway"
      },
      "geometry": {
        "type": "LineString",
        "coordinates": [
          [
            29.6372432,
            40.7760477
          ],
          [
            29.6374499,
            40.7760578
          ]
        ]
      },
      "id": "way/1198552022"
    },
    {
      "type": "Feature",
      "properties": {
        "@id": "way/1198552023",
        "electrified": "contact_line",
        "frequency": "50",
        "gauge": "1435",
        "highspeed": "yes",
        "maxspeed": "100",
        "name": "İstanbul - Ankara yüksek hızlı demiryolu",
        "name:en": "İstanbul - Ankara high speed railway",
        "operator": "TCDD",
        "passenger_lines": "1",
        "railway": "rail",
        "railway:etcs": "1",
        "source": "bing",
        "usage": "main",
        "voltage": "25000",
        "wikidata": "Q513146",
        "wikipedia": "en:Ankara–Istanbul high-speed railway"
      },
      "geometry": {
        "type": "LineString",
        "coordinates": [
          [
            29.6374395,
            40.7760976
          ],
          [
            29.6379895,
            40.7761388
          ],
          [
            29.63854,
            40.7762176
          ],
          [
            29.64248,
            40.7768949
          ],
          [
            29.6437236,
            40.7771482
          ],
          [
            29.6463534,
            40.7776991
          ],
          [
            29.6469664,
            40.7777877
          ],
          [
            29.6475082,
            40.7778468
          ],
          [
            29.6481926,
            40.7779047
          ],
          [
            29.652038,
            40.7781269
          ],
          [
            29.6525529,
            40.778159
          ],
          [
            29.6530687,
            40.7781652
          ],
          [
            29.6557715,
            40.7781429
          ],
          [
            29.6563535,
            40.7781574
          ],
          [
            29.6570164,
            40.7781974
          ],
          [
            29.6605602,
            40.778512
          ],
          [
            29.6612245,
            40.778553
          ],
          [
            29.661867,
            40.7785722
          ]
        ]
      },
      "id": "way/1198552023"
    },
    {
      "type": "Feature",
      "properties": {
        "@id": "way/1198552024",
        "bridge": "yes",
        "electrified": "contact_line",
        "frequency": "50",
        "gauge": "1435",
        "highspeed": "yes",
        "layer": "1",
        "maxspeed": "100",
        "name": "İstanbul - Ankara yüksek hızlı demiryolu",
        "name:en": "İstanbul - Ankara high speed railway",
        "operator": "TCDD",
        "passenger_lines": "1",
        "railway": "rail",
        "railway:etcs": "1",
        "source": "bing",
        "usage": "main",
        "voltage": "25000",
        "wikidata": "Q513146",
        "wikipedia": "en:Ankara–Istanbul high-speed railway"
      },
      "geometry": {
        "type": "LineString",
        "coordinates": [
          [
            29.6372375,
            40.7760887
          ],
          [
            29.6374395,
            40.7760976
          ]
        ]
      },
      "id": "way/1198552024"
    },
    {
      "type": "Feature",
      "properties": {
        "@id": "way/1300081601",
        "electrified": "contact_line",
        "frequency": "50",
        "gauge": "1435",
        "maxspeed": "100",
        "name": "İstanbul - Ankara demiryolu",
        "name:en": "İstanbul - Ankara railway",
        "operator": "TCDD",
        "passenger_lines": "1",
        "railway": "rail",
        "railway:etcs": "yes",
        "source": "bing",
        "usage": "main",
        "voltage": "25000",
        "wikidata": "Q15103266",
        "wikipedia": "en:Istanbul–Ankara railway"
      },
      "geometry": {
        "type": "LineString",
        "coordinates": [
          [
            29.5434998,
            40.7703066
          ],
          [
            29.5454332,
            40.7705393
          ],
          [
            29.5461108,
            40.7706192
          ],
          [
            29.5467756,
            40.770742
          ],
          [
            29.5476946,
            40.7709633
          ],
          [
            29.548565,
            40.7712611
          ],
          [
            29.5502736,
            40.7719253
          ],
          [
            29.5507198,
            40.7720579
          ],
          [
            29.5511211,
            40.7721589
          ],
          [
            29.551528,
            40.772242
          ],
          [
            29.5519416,
            40.772309
          ],
          [
            29.5523595,
            40.7723574
          ],
          [
            29.5527841,
            40.7723884
          ],
          [
            29.5532132,
            40.7724043
          ],
          [
            29.5536284,
            40.7724027
          ],
          [
            29.5540527,
            40.7723813
          ],
          [
            29.5544712,
            40.7723366
          ],
          [
            29.5553054,
            40.7722091
          ],
          [
            29.5561261,
            40.7720177
          ],
          [
            29.5569113,
            40.771775
          ],
          [
            29.5693828,
            40.7682216
          ],
          [
            29.5699704,
            40.7680749
          ],
          [
            29.5705416,
            40.7679448
          ],
          [
            29.5710673,
            40.7678441
          ],
          [
            29.5716153,
            40.7677694
          ],
          [
            29.572082,
            40.7677378
          ],
          [
            29.5726555,
            40.7677198
          ],
          [
            29.5731024,
            40.7677218
          ],
          [
            29.5735942,
            40.7677491
          ],
          [
            29.5741468,
            40.767797
          ],
          [
            29.5750471,
            40.7679178
          ],
          [
            29.575792,
            40.7680026
          ],
          [
            29.5764247,
            40.7680934
          ],
          [
            29.5770973,
            40.7681977
          ],
          [
            29.5776281,
            40.7683218
          ],
          [
            29.5780649,
            40.7684419
          ],
          [
            29.5785456,
            40.7686114
          ],
          [
            29.5789947,
            40.7687705
          ],
          [
            29.57949,
            40.7689961
          ],
          [
            29.5798564,
            40.7691719
          ],
          [
            29.580329,
            40.7694305
          ],
          [
            29.5822517,
            40.7706419
          ],
          [
            29.5825999,
            40.7708401
          ],
          [
            29.5830461,
            40.7710635
          ],
          [
            29.5834302,
            40.7712249
          ],
          [
            29.583836,
            40.7713877
          ],
          [
            29.58434,
            40.7715639
          ],
          [
            29.5859285,
            40.7720706
          ],
          [
            29.5864713,
            40.7722625
          ],
          [
            29.5869982,
            40.7724665
          ],
          [
            29.5875703,
            40.772715
          ],
          [
            29.5889281,
            40.7733391
          ],
          [
            29.5926138,
            40.7750443
          ],
          [
            29.5977744,
            40.7777253
          ],
          [
            29.5983428,
            40.7779986
          ],
          [
            29.5987157,
            40.7781535
          ],
          [
            29.5991194,
            40.7782916
          ],
          [
            29.5996054,
            40.7784365
          ],
          [
            29.6001581,
            40.7785735
          ],
          [
            29.6006928,
            40.7786856
          ],
          [
            29.6011654,
            40.7787613
          ],
          [
            29.6018024,
            40.7788334
          ]
        ]
      },
      "id": "way/1300081601"
    },
    {
      "type": "Feature",
      "properties": {
        "@id": "way/1300081604",
        "electrified": "contact_line",
        "frequency": "50",
        "gauge": "1435",
        "layer": "-1",
        "maxspeed": "100",
        "name": "İstanbul - Ankara demiryolu",
        "name:en": "İstanbul - Ankara railway",
        "operator": "TCDD",
        "passenger_lines": "1",
        "railway": "rail",
        "railway:etcs": "yes",
        "source": "bing",
        "tunnel": "yes",
        "usage": "main",
        "voltage": "25000",
        "wikidata": "Q15103266",
        "wikipedia": "en:Istanbul–Ankara railway"
      },
      "geometry": {
        "type": "LineString",
        "coordinates": [
          [
            29.6018024,
            40.7788334
          ],
          [
            29.6023946,
            40.7789607
          ],
          [
            29.602968,
            40.7791503
          ],
          [
            29.6034724,
            40.7794148
          ],
          [
            29.6038609,
            40.7796779
          ],
          [
            29.6048174,
            40.7804134
          ]
        ]
      },
      "id": "way/1300081604"
    },
    {
      "type": "Feature",
      "properties": {
        "@id": "way/1300081605",
        "electrified": "contact_line",
        "frequency": "50",
        "gauge": "1435",
        "maxspeed": "100",
        "name": "İstanbul - Ankara demiryolu",
        "name:en": "İstanbul - Ankara railway",
        "operator": "TCDD",
        "passenger_lines": "1",
        "railway": "rail",
        "railway:etcs": "yes",
        "source": "bing",
        "usage": "main",
        "voltage": "25000",
        "wikidata": "Q15103266",
        "wikipedia": "en:Istanbul–Ankara railway"
      },
      "geometry": {
        "type": "LineString",
        "coordinates": [
          [
            29.6048174,
            40.7804134
          ],
          [
            29.6054301,
            40.7808293
          ],
          [
            29.6059184,
            40.7811161
          ],
          [
            29.6066798,
            40.7815308
          ],
          [
            29.6072624,
            40.7818184
          ],
          [
            29.6079449,
            40.7820769
          ],
          [
            29.6085701,
            40.7822687
          ],
          [
            29.6093559,
            40.782436
          ],
          [
            29.6109867,
            40.7827393
          ],
          [
            29.6120743,
            40.7830385
          ],
          [
            29.6149391,
            40.7838284
          ],
          [
            29.6153748,
            40.783924
          ],
          [
            29.6158325,
            40.7839918
          ],
          [
            29.6164619,
            40.7840528
          ],
          [
            29.6168704,
            40.7840575
          ],
          [
            29.6172239,
            40.7840599
          ],
          [
            29.6175754,
            40.7840445
          ],
          [
            29.6179171,
            40.7840169
          ],
          [
            29.6183111,
            40.7839633
          ],
          [
            29.6187473,
            40.783892
          ],
          [
            29.6191831,
            40.783789
          ],
          [
            29.6204484,
            40.7834395
          ],
          [
            29.6210752,
            40.7832946
          ],
          [
            29.6230754,
            40.7829392
          ],
          [
            29.6238425,
            40.7827552
          ],
          [
            29.6246311,
            40.7824709
          ],
          [
            29.6253526,
            40.7821479
          ],
          [
            29.6259963,
            40.7817336
          ],
          [
            29.6268726,
            40.7809885
          ],
          [
            29.6299211,
            40.7781924
          ],
          [
            29.6305001,
            40.7777158
          ],
          [
            29.6311594,
            40.77728
          ],
          [
            29.6318259,
            40.7769304
          ],
          [
            29.6324495,
            40.7766867
          ],
          [
            29.6330495,
            40.7764951
          ],
          [
            29.6335333,
            40.7763826
          ],
          [
            29.6340129,
            40.7762972
          ],
          [
            29.6362302,
            40.7760333
          ],
          [
            29.6367418,
            40.7760087
          ],
          [
            29.6372489,
            40.7760067
          ]
        ]
      },
      "id": "way/1300081605"
    },
    {
      "type": "Feature",
      "properties": {
        "@id": "way/1300081607",
        "bridge": "yes",
        "electrified": "contact_line",
        "frequency": "50",
        "gauge": "1435",
        "layer": "1",
        "operator": "TCDD",
        "railway": "rail",
        "railway:etcs": "1",
        "usage": "main",
        "voltage": "25000"
      },
      "geometry": {
        "type": "LineString",
        "coordinates": [
          [
            29.543327,
            40.7702838
          ],
          [
            29.5434998,
            40.7703066
          ]
        ]
      },
      "id": "way/1300081607"
    },
    {
      "type": "Feature",
      "properties": {
        "@id": "way/1300081608",
        "electrified": "contact_line",
        "frequency": "50",
        "gauge": "1435",
        "name": "İstanbul-Ankara demiryolu",
        "operator": "TCDD",
        "railway": "rail",
        "railway:etcs": "1",
        "usage": "main",
        "voltage": "25000"
      },
      "geometry": {
        "type": "LineString",
        "coordinates": [
          [
            29.5318257,
            40.7700943
          ],
          [
            29.5340097,
            40.7696521
          ],
          [
            29.5344708,
            40.7695887
          ],
          [
            29.5348572,
            40.7695558
          ],
          [
            29.5354011,
            40.7695099
          ],
          [
            29.5359392,
            40.7694971
          ],
          [
            29.5375396,
            40.7695203
          ],
          [
            29.5388251,
            40.769576
          ],
          [
            29.5398143,
            40.7696348
          ],
          [
            29.540391,
            40.7697359
          ],
          [
            29.5409287,
            40.7698663
          ],
          [
            29.5419351,
            40.770085
          ],
          [
            29.543327,
            40.7702838
          ]
        ]
      },
      "id": "way/1300081608"
    },
    {
      "type": "Feature",
      "properties": {
        "@id": "way/1334302723",
        "electrified": "contact_line",
        "frequency": "50",
        "gauge": "1435",
        "highspeed": "yes",
        "maxspeed": "100",
        "name": "İstanbul - Ankara demiryolu",
        "name:en": "İstanbul - Ankara railway",
        "operator": "TCDD",
        "passenger_lines": "1",
        "railway": "rail",
        "railway:etcs": "1",
        "source": "bing",
        "usage": "main",
        "voltage": "25000",
        "wikidata": "Q513146",
        "wikipedia": "tr:Ankara-İstanbul yüksek hızlı demiryolu"
      },
      "geometry": {
        "type": "LineString",
        "coordinates": [
          [
            29.9115153,
            40.7614057
          ],
          [
            29.9109866,
            40.7612557
          ],
          [
            29.9090064,
            40.7607627
          ],
          [
            29.9084987,
            40.7606562
          ],
          [
            29.9079813,
            40.760569
          ],
          [
            29.9075125,
            40.7605204
          ],
          [
            29.9071337,
            40.7605062
          ],
          [
            29.9066899,
            40.7605022
          ],
          [
            29.9061768,
            40.7605111
          ],
          [
            29.9057207,
            40.7605557
          ],
          [
            29.9024662,
            40.7609431
          ],
          [
            29.8954865,
            40.761774
          ]
        ]
      },
      "id": "way/1334302723"
    },
    {
      "type": "Feature",
      "properties": {
        "@id": "way/1334302724",
        "electrified": "contact_line",
        "frequency": "50",
        "gauge": "1435",
        "maxspeed": "160",
        "name": "İstanbul - Ankara yüksek hızlı demiryolu",
        "name:en": "İstanbul - Ankara high speed railway",
        "operator": "TCDD",
        "passenger_lines": "1",
        "railway": "rail",
        "railway:etcs": "1",
        "source": "bing",
        "usage": "main",
        "voltage": "25000",
        "wikidata": "Q513146",
        "wikipedia": "tr:Ankara-İstanbul yüksek hızlı demiryolu"
      },
      "geometry": {
        "type": "LineString",
        "coordinates": [
          [
            29.9208946,
            40.761244
          ],
          [
            29.9198943,
            40.7613212
          ],
          [
            29.9150277,
            40.7617732
          ],
          [
            29.9146411,
            40.7618019
          ],
          [
            29.9142749,
            40.7618236
          ],
          [
            29.9138917,
            40.7618215
          ],
          [
            29.9136136,
            40.7618111
          ],
          [
            29.9133031,
            40.7617785
          ],
          [
            29.9129975,
            40.7617356
          ],
          [
            29.9126131,
            40.7616698
          ],
          [
            29.9115153,
            40.7614057
          ]
        ]
      },
      "id": "way/1334302724"
    },
    {
      "type": "Feature",
      "properties": {
        "@id": "way/1356768923",
        "electrified": "contact_line",
        "frequency": "50",
        "gauge": "1435",
        "maxspeed": "80",
        "name": "İstanbul-Ankara demiryolu",
        "operator": "TCDD",
        "railway": "rail",
        "railway:bidirectional": "possible",
        "railway:etcs": "1",
        "railway:preferred_direction": "forward",
        "usage": "main",
        "voltage": "25000"
      },
      "geometry": {
        "type": "LineString",
        "coordinates": [
          [
            29.4141593,
            40.7827671
          ],
          [
            29.412427,
            40.7833092
          ],
          [
            29.4111377,
            40.7837119
          ],
          [
            29.4106839,
            40.783852
          ],
          [
            29.4093447,
            40.7842705
          ],
          [
            29.4083163,
            40.7845912
          ],
          [
            29.4070254,
            40.7850002
          ]
        ]
      },
      "id": "way/1356768923"
    }
  ]
}