{
  "type": "FeatureCollection",
  "generator": "overpass-turbo",
  "copyright": "The data included in this document is from www.openstreetmap.org. The data is made available under ODbL.",
  "timestamp": "2026-05-25T19:01:18Z",
  "features": [
    {
      "type": "Feature",
      "properties": {
        "@id": "way/22717616",
        "electrified": "contact_line",
        "frequency": "50",
        "gauge": "1435",
        "highspeed": "yes",
        "maxspeed": "100",
        "name": "İstanbul - Ankara yüksek hızlı demiryolu",
        "name:en": "İstanbul - Ankara high speed railway",
        "operator": "TCDD",
        "passenger_lines": "1",
        "railway": "rail",
        "railway:etcs": "1",
        "source": "bing",
        "usage": "main",
        "voltage": "25000",
        "wikidata": "Q513146",
        "wikipedia": "en:Ankara–Istanbul high-speed railway"
      },
      "geometry": {
        "type": "LineString",
        "coordinates": [
          [
            29.6045546,
            40.7804146
          ],
          [
            29.604719,
            40.7805097
          ],
          [
            29.6058587,
            40.7811688
          ],
          [
            29.6066384,
            40.7815701
          ],
          [
            29.6072257,
            40.7818595
          ],
          [
            29.6079047,
            40.782123
          ],
          [
            29.6085545,
            40.7823093
          ],
          [
            29.6093377,
            40.7824737
          ],
          [
            29.6109713,
            40.7827823
          ],
          [
            29.6120542,
            40.7830678
          ],
          [
            29.6149159,
            40.7838619
          ],
          [
            29.6153601,
            40.7839575
          ],
          [
            29.6158258,
            40.7840237
          ],
          [
            29.6164579,
            40.7840861
          ],
          [
            29.6168676,
            40.7840936
          ],
          [
            29.6172218,
            40.7840944
          ],
          [
            29.6175768,
            40.7840777
          ],
          [
            29.6179215,
            40.7840488
          ],
          [
            29.6183157,
            40.7839968
          ],
          [
            29.6187531,
            40.7839268
          ],
          [
            29.6191904,
            40.7838295
          ],
          [
            29.6204685,
            40.7834755
          ],
          [
            29.6210863,
            40.7833306
          ],
          [
            29.6230911,
            40.782975
          ],
          [
            29.6238627,
            40.7827887
          ],
          [
            29.6246378,
            40.7825054
          ],
          [
            29.6253754,
            40.7821703
          ],
          [
            29.6260232,
            40.781756
          ],
          [
            29.6269084,
            40.7810111
          ],
          [
            29.6299583,
            40.7782194
          ],
          [
            29.630537,
            40.7777399
          ],
          [
            29.6311884,
            40.7773122
          ],
          [
            29.6318559,
            40.7769627
          ],
          [
            29.6324708,
            40.7767243
          ],
          [
            29.6330707,
            40.7765367
          ],
          [
            29.633547,
            40.7764276
          ],
          [
            29.6340203,
            40.7763396
          ],
          [
            29.6362384,
            40.7760756
          ],
          [
            29.6367631,
            40.7760503
          ],
          [
            29.6372432,
            40.7760477
          ]
        ]
      },
      "id": "way/22717616"
    },
    {
      "type": "Feature",
      "properties": {
        "@id": "way/23039565",
        "electrified": "contact_line",
        "frequency": "50",
        "gauge": "1435",
        "maxspeed": "80",
        "name": "İstanbul-Ankara demiryolu",
        "operator": "TCDD",
        "passenger_lines": "2",
        "railway": "rail",
        "railway:bidirectional": "possible",
        "railway:preferred_direction": "forward",
        "usage": "main",
        "voltage": "25000"
      },
      "geometry": {
        "type": "LineString",
        "coordinates": [
          [
            29.0389878,
            40.9893467
          ],
          [
            29.039461,
            40.9887866
          ],
          [
            29.0410029,
            40.9868838
          ]
        ]
      },
      "id": "way/23039565"
    },
    {
      "type": "Feature",
      "properties": {
        "@id": "way/25935718",
        "bridge": "yes",
        "electrified": "contact_line",
        "frequency": "50",
        "gauge": "1435",
        "layer": "1",
        "maxspeed": "80",
        "name": "Marmaray",
        "operator": "TCDD",
        "railway": "rail",
        "railway:bidirectional": "possible",
        "railway:cbtc": "yes",
        "railway:etcs": "1",
        "railway:preferred_direction": "forward",
        "usage": "main",
        "voltage": "25000"
      },
      "geometry": {
        "type": "LineString",
        "coordinates": [
          [
            29.1487733,
            40.914222
          ],
          [
            29.1489492,
            40.9141456
          ]
        ]
      },
      "id": "way/25935718"
    },
    {
      "type": "Feature",
      "properties": {
        "@id": "way/25936197",
        "bridge": "yes",
        "electrified": "contact_line",
        "frequency": "50",
        "gauge": "1435",
        "layer": "1",
        "maxspeed": "80",
        "name": "İstanbul-Ankara demiryolu",
        "operator": "TCDD",
        "railway": "rail",
        "railway:bidirectional": "regular",
        "railway:etcs": "1",
        "railway:preferred_direction": "both",
        "usage": "main",
        "voltage": "25000"
      },
      "geometry": {
        "type": "LineString",
        "coordinates": [
          [
            29.2712113,
            40.863402
          ],
          [
            29.2714395,
            40.8632279
          ]
        ]
      },
      "id": "way/25936197"
    },
    {
      "type": "Feature",
      "properties": {
        "@id": "way/25936200",
        "bridge": "yes",
        "electrified": "contact_line",
        "frequency": "50",
        "gauge": "1435",
        "layer": "1",
        "maxspeed": "80",
        "operator": "TCDD",
        "railway": "rail",
        "railway:bidirectional": "regular",
        "railway:etcs": "1",
        "railway:preferred_direction": "both",
        "usage": "main",
        "voltage": "25000"
      },
      "geometry": {
        "type": "LineString",
        "coordinates": [
          [
            29.2723329,
            40.8623762
          ],
          [
            29.2725115,
            40.8621367
          ]
        ]
      },
      "id": "way/25936200"
    },
    {
      "type": "Feature",
      "properties": {
        "@id": "way/25936201",
        "electrified": "contact_line",
        "frequency": "50",
        "gauge": "1435",
        "maxspeed": "80",
        "name": "İstanbul-Ankara demiryolu",
        "operator": "TCDD",
        "railway": "rail",
        "railway:bidirectional": "regular",
        "railway:etcs": "1",
        "railway:preferred_direction": "both",
        "usage": "main",
        "voltage": "25000"
      },
      "geometry": {
        "type": "LineString",
        "coordinates": [
          [
            29.2714395,
            40.8632279
          ],
          [
            29.271862,
            40.8628868
          ],
          [
            29.272107,
            40.8626634
          ],
          [
            29.2723329,
            40.8623762
          ]
        ]
      },
      "id": "way/25936201"
    },
    {
      "type": "Feature",
      "properties": {
        "@id": "way/25936282",
        "bridge": "yes",
        "electrified": "contact_line",
        "frequency": "50",
        "gauge": "1435",
        "layer": "1",
        "maxspeed": "80",
        "name": "İstanbul-Ankara demiryolu",
        "operator": "TCDD",
        "railway": "rail",
        "railway:bidirectional": "regular",
        "railway:etcs": "1",
        "railway:preferred_direction": "both",
        "usage": "main",
        "voltage": "25000"
      },
      "geometry": {
        "type": "LineString",
        "coordinates": [
          [
            29.2884778,
            40.8562581
          ],
          [
            29.2887165,
            40.8561631
          ]
        ]
      },
      "id": "way/25936282"
    },
    {
      "type": "Feature",
      "properties": {
        "@id": "way/25936874",
        "electrified": "contact_line",
        "frequency": "50",
        "gauge": "1435",
        "highspeed": "yes",
        "maxspeed": "100",
        "name": "İstanbul - Ankara yüksek hızlı demiryolu",
        "name:en": "İstanbul - Ankara high speed railway",
        "operator": "TCDD",
        "passenger_lines": "1",
        "railway": "rail",
        "railway:etcs": "1",
        "source": "bing",
        "usage": "main",
        "voltage": "25000",
        "wikidata": "Q513146",
        "wikipedia": "en:Ankara–Istanbul high-speed railway"
      },
      "geometry": {
        "type": "LineString",
        "coordinates": [
          [
            29.5434893,
            40.7703401
          ],
          [
            29.5454243,
            40.7705756
          ],
          [
            29.5461048,
            40.7706513
          ],
          [
            29.5467638,
            40.7707684
          ],
          [
            29.5476789,
            40.7709898
          ],
          [
            29.5485482,
            40.7712885
          ],
          [
            29.5502571,
            40.7719514
          ],
          [
            29.5507045,
            40.7720876
          ],
          [
            29.5511062,
            40.7721898
          ],
          [
            29.551518,
            40.7722735
          ],
          [
            29.5519348,
            40.772342
          ],
          [
            29.5523532,
            40.7723912
          ],
          [
            29.5527848,
            40.7724199
          ],
          [
            29.553209,
            40.7724351
          ],
          [
            29.5536325,
            40.7724364
          ],
          [
            29.5540605,
            40.7724114
          ],
          [
            29.5544827,
            40.7723668
          ],
          [
            29.5553145,
            40.7722386
          ],
          [
            29.5561369,
            40.7720426
          ],
          [
            29.5569288,
            40.7718021
          ],
          [
            29.5693994,
            40.7682529
          ],
          [
            29.569983,
            40.7681078
          ],
          [
            29.5705531,
            40.7679795
          ],
          [
            29.5710758,
            40.7678822
          ],
          [
            29.5716196,
            40.7678115
          ],
          [
            29.5720842,
            40.767779
          ],
          [
            29.5726573,
            40.7677594
          ],
          [
            29.573103,
            40.7677606
          ],
          [
            29.5735864,
            40.7677882
          ],
          [
            29.5741358,
            40.7678347
          ],
          [
            29.5764144,
            40.7681349
          ],
          [
            29.5770819,
            40.7682385
          ],
          [
            29.5776101,
            40.7683592
          ],
          [
            29.5780406,
            40.7684768
          ],
          [
            29.5785248,
            40.7686434
          ],
          [
            29.5789688,
            40.7688027
          ],
          [
            29.5794599,
            40.7690287
          ],
          [
            29.579824,
            40.7692021
          ],
          [
            29.5802931,
            40.7694592
          ],
          [
            29.5822118,
            40.7706722
          ],
          [
            29.5825671,
            40.7708742
          ],
          [
            29.5830121,
            40.7710984
          ],
          [
            29.5834012,
            40.7712598
          ],
          [
            29.5838116,
            40.7714212
          ],
          [
            29.5843144,
            40.771599
          ],
          [
            29.5858961,
            40.7721122
          ],
          [
            29.5864352,
            40.7723051
          ],
          [
            29.5869584,
            40.7725171
          ],
          [
            29.5875279,
            40.7727551
          ],
          [
            29.5888989,
            40.7733697
          ],
          [
            29.59258,
            40.7750794
          ],
          [
            29.5930758,
            40.7753377
          ],
          [
            29.5977443,
            40.7777612
          ],
          [
            29.5983178,
            40.7780376
          ],
          [
            29.5986986,
            40.7781917
          ],
          [
            29.5991022,
            40.7783262
          ],
          [
            29.5995879,
            40.778476
          ],
          [
            29.6001318,
            40.7786162
          ],
          [
            29.6008721,
            40.7788008
          ],
          [
            29.6014073,
            40.778939
          ]
        ]
      },
      "id": "way/25936874"
    },
    {
      "type": "Feature",
      "properties": {
        "@id": "way/35325752",
        "bridge": "yes",
        "electrified": "contact_line",
        "frequency": "50",
        "gauge": "1435",
        "layer": "1",
        "maxspeed": "80",
        "name": "İstanbul-Ankara demiryolu",
        "operator": "TCDD",
        "passenger_lines": "2",
        "railway": "rail",
        "railway:bidirectional": "possible",
        "railway:preferred_direction": "forward",
        "usage": "main",
        "voltage": "25000"
      },
      "geometry": {
        "type": "LineString",
        "coordinates": [
          [
            29.0348375,
            40.9929022
          ],
          [
            29.0359495,
            40.9922169
          ],
          [
            29.0363274,
            40.99196
          ],
          [
            29.0365789,
            40.991775
          ],
          [
            29.0368878,
            40.991528
          ],
          [
            29.0371133,
            40.9913023
          ],
          [
            29.0372682,
            40.9911495
          ],
          [
            29.0374472,
            40.9909463
          ]
        ]
      },
      "id": "way/35325752"
    },
    {
      "type": "Feature",
      "properties": {
        "@id": "way/51815605",
        "bridge": "yes",
        "electrified": "contact_line",
        "frequency": "50",
        "gauge": "1435",
        "layer": "1",
        "maxspeed": "80",
        "name": "İstanbul-Ankara demiryolu",
        "operator": "TCDD",
        "passenger_lines": "2",
        "railway": "rail",
        "railway:bidirectional": "possible",
        "railway:etcs": "1",
        "railway:preferred_direction": "forward",
        "source": "Yahoo",
        "usage": "main",
        "voltage": "25000"
      },
      "geometry": {
        "type": "LineString",
        "coordinates": [
          [
            29.0376214,
            40.9910067
          ],
          [
            29.0374214,
            40.9912235
          ],
          [
            29.0372562,
            40.9913875
          ],
          [
            29.0370191,
            40.9916131
          ],
          [
            29.0367129,
            40.9918598
          ],
          [
            29.036449,
            40.9920554
          ],
          [
            29.0360564,
            40.9923209
          ],
          [
            29.0355992,
            40.9925687
          ],
          [
            29.0348639,
            40.9929284
          ]
        ]
      },
      "id": "way/51815605"
    },
    {
      "type": "Feature",
      "properties": {
        "@id": "way/102315519",
        "electrified": "contact_line",
        "frequency": "50",
        "gauge": "1435",
        "highspeed": "yes",
        "maxspeed": "120",
        "name": "İstanbul-Ankara yüksek hızlı demiryolu",
        "name:en": "İstanbul-Ankara high speed railway",
        "operator": "TCDD",
        "railway": "rail",
        "railway:bidirectional": "possible",
        "railway:etcs": "1",
        "railway:preferred_direction": "forward",
        "usage": "main",
        "voltage": "25000"
      },
      "geometry": {
        "type": "LineString",
        "coordinates": [
          [
            29.4139799,
            40.7827719
          ],
          [
            29.4147347,
            40.7825333
          ],
          [
            29.4150887,
            40.7824251
          ],
          [
            29.4153413,
            40.7823453
          ],
          [
            29.4158003,
            40.7822049
          ],
          [
            29.4162494,
            40.7820879
          ],
          [
            29.4167038,
            40.782002
          ],
          [
            29.4172176,
            40.7819384
          ],
          [
            29.4175796,
            40.7819064
          ],
          [
            29.4191459,
            40.7818146
          ],
          [
            29.4199879,
            40.7817316
          ],
          [
            29.4207316,
            40.781623
          ],
          [
            29.421328,
            40.7814829
          ],
          [
            29.4219493,
            40.7813096
          ],
          [
            29.422766,
            40.7809826
          ],
          [
            29.4235925,
            40.7806032
          ],
          [
            29.424328,
            40.7802197
          ],
          [
            29.4246758,
            40.7799888
          ],
          [
            29.4261402,
            40.778985
          ],
          [
            29.4272119,
            40.7782813
          ],
          [
            29.428086,
            40.7776929
          ],
          [
            29.4298644,
            40.7764956
          ],
          [
            29.4307548,
            40.7759216
          ],
          [
            29.4316644,
            40.7754
          ],
          [
            29.4326798,
            40.7749117
          ],
          [
            29.4337107,
            40.7744878
          ],
          [
            29.4347838,
            40.7741319
          ],
          [
            29.4358991,
            40.7738416
          ],
          [
            29.4382681,
            40.7733667
          ],
          [
            29.4395211,
            40.773119
          ],
          [
            29.4466147,
            40.7720149
          ],
          [
            29.4471442,
            40.7719614
          ],
          [
            29.4476743,
            40.7719277
          ],
          [
            29.448204,
            40.7719148
          ],
          [
            29.4487424,
            40.7719129
          ],
          [
            29.4541856,
            40.7720876
          ],
          [
            29.4551852,
            40.7721508
          ],
          [
            29.4558154,
            40.772188
          ],
          [
            29.4564253,
            40.7722729
          ],
          [
            29.4570681,
            40.7724006
          ],
          [
            29.4577038,
            40.7725306
          ],
          [
            29.4606945,
            40.7732233
          ],
          [
            29.4611016,
            40.773299
          ],
          [
            29.4615743,
            40.7733634
          ],
          [
            29.4620565,
            40.7733954
          ],
          [
            29.4625694,
            40.7734061
          ],
          [
            29.4632817,
            40.7733997
          ],
          [
            29.4656009,
            40.7733283
          ]
        ]
      },
      "id": "way/102315519"
    },
    {
      "type": "Feature",
      "properties": {
        "@id": "way/123915376",
        "electrified": "contact_line",
        "frequency": "50",
        "gauge": "1435",
        "maxspeed": "80",
        "name": "Marmaray",
        "operator": "TCDD",
        "railway": "rail",
        "railway:bidirectional": "possible",
        "railway:cbtc": "yes",
        "railway:etcs": "1",
        "railway:preferred_direction": "forward",
        "usage": "main",
        "voltage": "25000"
      },
      "geometry": {
        "type": "LineString",
        "coordinates": [
          [
            29.0836363,
            40.9606993
          ],
          [
            29.0828522,
            40.9608177
          ],
          [
            29.0821543,
            40.9609118
          ],
          [
            29.081461,
            40.9610263
          ],
          [
            29.080891,
            40.9611671
          ],
          [
            29.0805665,
            40.9612805
          ],
          [
            29.080317,
            40.9613878
          ],
          [
            29.0799791,
            40.9615701
          ],
          [
            29.079684,
            40.9617686
          ],
          [
            29.0795124,
            40.9618992
          ],
          [
            29.0792991,
            40.9621139
          ],
          [
            29.0790832,
            40.9623681
          ],
          [
            29.0789155,
            40.9626294
          ],
          [
            29.0787909,
            40.9628897
          ],
          [
            29.0787144,
            40.9630831
          ],
          [
            29.0786701,
            40.9632695
          ],
          [
            29.078638,
            40.963475
          ],
          [
            29.0786353,
            40.9636644
          ],
          [
            29.0786433,
            40.963873
          ],
          [
            29.0786776,
            40.9641431
          ],
          [
            29.0788037,
            40.964635
          ],
          [
            29.0790127,
            40.9654506
          ],
          [
            29.0790715,
            40.965746
          ],
          [
            29.0790913,
            40.9659612
          ],
          [
            29.0790952,
            40.966141
          ],
          [
            29.079064,
            40.9664018
          ],
          [
            29.0790202,
            40.9666073
          ],
          [
            29.0789495,
            40.966842
          ],
          [
            29.0788357,
            40.9670715
          ],
          [
            29.0786621,
            40.9673557
          ],
          [
            29.0778362,
            40.9685143
          ],
          [
            29.0776844,
            40.9687419
          ],
          [
            29.0775249,
            40.9690083
          ],
          [
            29.0774015,
            40.9693191
          ],
          [
            29.0771934,
            40.9698306
          ],
          [
            29.0770057,
            40.9703509
          ],
          [
            29.0764628,
            40.9716998
          ],
          [
            29.0760768,
            40.9725255
          ],
          [
            29.0759149,
            40.9728004
          ],
          [
            29.0757946,
            40.9729836
          ],
          [
            29.0756698,
            40.9731398
          ],
          [
            29.075496,
            40.9733324
          ],
          [
            29.0753012,
            40.9735107
          ],
          [
            29.075069,
            40.9736772
          ],
          [
            29.0746975,
            40.9739229
          ],
          [
            29.0715723,
            40.9760754
          ],
          [
            29.0711907,
            40.9763382
          ]
        ]
      },
      "id": "way/123915376"
    },
    {
      "type": "Feature",
      "properties": {
        "@id": "way/123915413",
        "bridge": "yes",
        "electrified": "contact_line",
        "frequency": "50",
        "gauge": "1435",
        "layer": "1",
        "maxspeed": "80",
        "name": "Marmaray",
        "operator": "TCDD",
        "passenger_lines": "2",
        "railway": "rail",
        "railway:bidirectional": "possible",
        "railway:cbtc": "yes",
        "railway:etcs": "1",
        "railway:preferred_direction": "forward",
        "usage": "main",
        "voltage": "25000"
      },
      "geometry": {
        "type": "LineString",
        "coordinates": [
          [
            29.0390823,
            40.9895693
          ],
          [
            29.0387201,
            40.9900235
          ],
          [
            29.038327,
            40.9905037
          ],
          [
            29.0378356,
            40.9910811
          ],
          [
            29.0376163,
            40.9913176
          ],
          [
            29.0374432,
            40.9914988
          ],
          [
            29.0371996,
            40.9917301
          ],
          [
            29.0368974,
            40.9919765
          ],
          [
            29.0366104,
            40.9921821
          ],
          [
            29.0361802,
            40.9924412
          ],
          [
            29.035913,
            40.9925869
          ],
          [
            29.0355884,
            40.9927378
          ],
          [
            29.0349185,
            40.9929826
          ]
        ]
      },
      "id": "way/123915413"
    },
    {
      "type": "Feature",
      "properties": {
        "@id": "way/174532005",
        "electrified": "contact_line",
        "frequency": "50",
        "gauge": "1435",
        "layer": "-1",
        "maxspeed": "80",
        "name": "İstanbul-Ankara demiryolu",
        "operator": "TCDD",
        "railway": "rail",
        "railway:bidirectional": "regular",
        "railway:etcs": "1",
        "railway:preferred_direction": "both",
        "tunnel": "yes",
        "usage": "main",
        "voltage": "25000"
      },
      "geometry": {
        "type": "LineString",
        "coordinates": [
          [
            29.3286075,
            40.8222273
          ],
          [
            29.3290452,
            40.821327
          ]
        ]
      },
      "id": "way/174532005"
    },
    {
      "type": "Feature",
      "properties": {
        "@id": "way/176230410",
        "electrified": "contact_line",
        "frequency": "50",
        "gauge": "1435",
        "highspeed": "yes",
        "maxspeed": "100",
        "name": "İstanbul-Ankara yüksek hızlı demiryolu",
        "name:en": "İstanbul-Ankara high speed railway",
        "operator": "TCDD",
        "railway": "rail",
        "railway:etcs": "1",
        "usage": "main",
        "voltage": "25000"
      },
      "geometry": {
        "type": "LineString",
        "coordinates": [
          [
            29.5281842,
            40.7704514
          ],
          [
            29.528909,
            40.7704802
          ],
          [
            29.5293382,
            40.7704702
          ],
          [
            29.5298856,
            40.7704307
          ],
          [
            29.530435,
            40.7703656
          ],
          [
            29.5309936,
            40.770279
          ],
          [
            29.5317441,
            40.7701435
          ]
        ]
      },
      "id": "way/176230410"
    },
    {
      "type": "Feature",
      "properties": {
        "@id": "way/176230411",
        "bridge": "yes",
        "electrified": "contact_line",
        "frequency": "50",
        "gauge": "1435",
        "highspeed": "yes",
        "layer": "1",
        "maxspeed": "100",
        "name": "İstanbul-Ankara yüksek hızlı demiryolu",
        "name:en": "İstanbul-Ankara high speed railway",
        "operator": "TCDD",
        "railway": "rail",
        "railway:etcs": "1",
        "source": "bing",
        "usage": "main",
        "voltage": "25000"
      },
      "geometry": {
        "type": "LineString",
        "coordinates": [
          [
            29.5274364,
            40.770385
          ],
          [
            29.5281842,
            40.7704514
          ]
        ]
      },
      "id": "way/176230411"
    },
    {
      "type": "Feature",
      "properties": {
        "@id": "way/180132257",
        "bridge": "yes",
        "electrified": "contact_line",
        "frequency": "50",
        "gauge": "1435",
        "layer": "1",
        "maxspeed": "80",
        "name": "Marmaray",
        "operator": "TCDD",
        "railway": "rail",
        "railway:bidirectional": "possible",
        "railway:cbtc": "yes",
        "railway:etcs": "1",
        "railway:preferred_direction": "forward",
        "usage": "main",
        "voltage": "25000"
      },
      "geometry": {
        "type": "LineString",
        "coordinates": [
          [
            29.1885256,
            40.8897053
          ],
          [
            29.1888669,
            40.8896475
          ],
          [
            29.1892306,
            40.8895628
          ],
          [
            29.189592,
            40.8894387
          ],
          [
            29.1899538,
            40.8892671
          ],
          [
            29.1905406,
            40.8889327
          ],
          [
            29.1910295,
            40.888644
          ],
          [
            29.1914992,
            40.8883469
          ]
        ]
      },
      "id": "way/180132257"
    },
    {
      "type": "Feature",
      "properties": {
        "@id": "way/180312777",
        "electrified": "contact_line",
        "frequency": "50",
        "gauge": "1435",
        "maxspeed": "80",
        "name": "Marmaray",
        "operator": "TCDD",
        "railway": "rail",
        "railway:bidirectional": "possible",
        "railway:cbtc": "yes",
        "railway:etcs": "1",
        "railway:preferred_direction": "forward",
        "usage": "main",
        "voltage": "25000"
      },
      "geometry": {
        "type": "LineString",
        "coordinates": [
          [
            29.2317343,
            40.8802722
          ],
          [
            29.2333746,
            40.880378
          ],
          [
            29.2338934,
            40.8804187
          ],
          [
            29.234363,
            40.8804338
          ],
          [
            29.2360638,
            40.8804573
          ],
          [
            29.2364048,
            40.8804582
          ],
          [
            29.2367643,
            40.8804415
          ],
          [
            29.2370728,
            40.8804129
          ],
          [
            29.2374282,
            40.880356
          ],
          [
            29.2375454,
            40.8803333
          ],
          [
            29.2377048,
            40.8803043
          ],
          [
            29.2380316,
            40.8802207
          ],
          [
            29.2382534,
            40.8801531
          ],
          [
            29.2386911,
            40.8799725
          ],
          [
            29.2392287,
            40.8797017
          ],
          [
            29.239759,
            40.8793494
          ],
          [
            29.2423998,
            40.8774364
          ],
          [
            29.2433655,
            40.8767369
          ],
          [
            29.2439234,
            40.8763754
          ],
          [
            29.2443113,
            40.8761384
          ],
          [
            29.2446984,
            40.8759403
          ],
          [
            29.2450979,
            40.8757429
          ],
          [
            29.2455134,
            40.8755696
          ],
          [
            29.2459415,
            40.8754154
          ],
          [
            29.2509645,
            40.8738192
          ],
          [
            29.2519502,
            40.8734987
          ],
          [
            29.2527066,
            40.8732097
          ],
          [
            29.2532592,
            40.8729516
          ],
          [
            29.2539732,
            40.8725556
          ],
          [
            29.2547936,
            40.8720167
          ],
          [
            29.255905,
            40.8713257
          ],
          [
            29.2572331,
            40.8705334
          ],
          [
            29.2579933,
            40.8700949
          ],
          [
            29.2596658,
            40.8690776
          ]
        ]
      },
      "id": "way/180312777"
    },
    {
      "type": "Feature",
      "properties": {
        "@id": "way/180312782",
        "bridge": "yes",
        "electrified": "contact_line",
        "frequency": "50",
        "gauge": "1435",
        "layer": "1",
        "maxspeed": "80",
        "name": "Marmaray",
        "operator": "TCDD",
        "railway": "rail",
        "railway:bidirectional": "possible",
        "railway:cbtc": "yes",
        "railway:etcs": "1",
        "railway:preferred_direction": "forward",
        "usage": "main",
        "voltage": "25000"
      },
      "geometry": {
        "type": "LineString",
        "coordinates": [
          [
            29.1489881,
            40.9141807
          ],
          [
            29.1488072,
            40.9142591
          ]
        ]
      },
      "id": "way/180312782"
    },
    {
      "type": "Feature",
      "properties": {
        "@id": "way/180320156",
        "electrified": "contact_line",
        "frequency": "50",
        "gauge": "1435",
        "maxspeed": "80",
        "name": "Marmaray",
        "operator": "TCDD",
        "railway": "rail",
        "railway:bidirectional": "possible",
        "railway:cbtc": "yes",
        "railway:etcs": "1",
        "railway:preferred_direction": "forward",
        "usage": "main",
        "voltage": "25000"
      },
      "geometry": {
        "type": "LineString",
        "coordinates": [
          [
            29.1488072,
            40.9142591
          ],
          [
            29.1418786,
            40.9171857
          ],
          [
            29.1398875,
            40.9180413
          ],
          [
            29.1380317,
            40.9188749
          ],
          [
            29.1350888,
            40.9201672
          ],
          [
            29.133337,
            40.9208835
          ]
        ]
      },
      "id": "way/180320156"
    },
    {
      "type": "Feature",
      "properties": {
        "@id": "way/180382863",
        "bridge": "yes",
        "electrified": "contact_line",
        "frequency": "50",
        "gauge": "1435",
        "layer": "1",
        "maxspeed": "80",
        "name": "Marmaray",
        "operator": "TCDD",
        "railway": "rail",
        "railway:bidirectional": "possible",
        "railway:cbtc": "yes",
        "railway:etcs": "1",
        "railway:preferred_direction": "forward",
        "usage": "main",
        "voltage": "25000"
      },
      "geometry": {
        "type": "LineString",
        "coordinates": [
          [
            29.0982936,
            40.952002
          ],
          [
            29.098413,
            40.9518474
          ]
        ]
      },
      "id": "way/180382863"
    },
    {
      "type": "Feature",
      "properties": {
        "@id": "way/180382864",
        "bridge": "yes",
        "electrified": "contact_line",
        "frequency": "50",
        "gauge": "1435",
        "layer": "1",
        "maxspeed": "80",
        "name": "Marmaray",
        "operator": "TCDD",
        "railway": "rail",
        "railway:bidirectional": "possible",
        "railway:cbtc": "yes",
        "railway:etcs": "1",
        "railway:preferred_direction": "forward",
        "usage": "main",
        "voltage": "25000"
      },
      "geometry": {
        "type": "LineString",
        "coordinates": [
          [
            29.0984632,
            40.9518669
          ],
          [
            29.0983427,
            40.9520251
          ]
        ]
      },
      "id": "way/180382864"
    },
    {
      "type": "Feature",
      "properties": {
        "@id": "way/180382870",
        "electrified": "contact_line",
        "frequency": "50",
        "gauge": "1435",
        "maxspeed": "80",
        "name": "İstanbul-Ankara demiryolu",
        "operator": "TCDD",
        "passenger_lines": "2",
        "railway": "rail",
        "railway:bidirectional": "possible",
        "railway:preferred_direction": "forward",
        "source": "Yahoo",
        "usage": "main",
        "voltage": "25000"
      },
      "geometry": {
        "type": "LineString",
        "coordinates": [
          [
            29.0410307,
            40.986754
          ],
          [
            29.0412627,
            40.9864781
          ],
          [
            29.0414203,
            40.9862706
          ],
          [
            29.0415564,
            40.9860626
          ],
          [
            29.0416919,
            40.9858348
          ],
          [
            29.0418193,
            40.9855777
          ],
          [
            29.0419674,
            40.9852128
          ],
          [
            29.0421286,
            40.984896
          ]
        ]
      },
      "id": "way/180382870"
    },
    {
      "type": "Feature",
      "properties": {
        "@id": "way/180384619",
        "electrified": "contact_line",
        "frequency": "50",
        "gauge": "1435",
        "layer": "-1",
        "name": "İstanbul-Ankara demiryolu",
        "operator": "TCDD",
        "passenger_lines": "2",
        "railway": "rail",
        "railway:bidirectional": "regular",
        "railway:preferred_direction": "both",
        "tunnel": "yes",
        "usage": "main",
        "voltage": "25000"
      },
      "geometry": {
        "type": "LineString",
        "coordinates": [
          [
            29.0327476,
            40.9940297
          ],
          [
            29.0336126,
            40.993552
          ]
        ]
      },
      "id": "way/180384619"
    },
    {
      "type": "Feature",
      "properties": {
        "@id": "way/180384620",
        "electrified": "contact_line",
        "frequency": "50",
        "gauge": "1435",
        "layer": "-1",
        "maxspeed": "80",
        "name": "Marmaray",
        "operator": "TCDD",
        "passenger_lines": "2",
        "railway": "rail",
        "railway:bidirectional": "possible",
        "railway:cbtc": "yes",
        "railway:etcs": "1",
        "railway:preferred_direction": "forward",
        "tunnel": "yes",
        "usage": "main",
        "voltage": "25000"
      },
      "geometry": {
        "type": "LineString",
        "coordinates": [
          [
            29.033681,
            40.9936222
          ],
          [
            29.0332764,
            40.9938361
          ],
          [
            29.0328249,
            40.9940932
          ]
        ]
      },
      "id": "way/180384620"
    },
    {
      "type": "Feature",
      "properties": {
        "@id": "way/180384625",
        "electrified": "contact_line",
        "frequency": "50",
        "gauge": "1435",
        "maxspeed": "80",
        "name": "Marmaray",
        "operator": "TCDD",
        "passenger_lines": "2",
        "railway": "rail",
        "railway:bidirectional": "possible",
        "railway:cbtc": "yes",
        "railway:etcs": "1",
        "railway:preferred_direction": "forward",
        "usage": "main",
        "voltage": "25000"
      },
      "geometry": {
        "type": "LineString",
        "coordinates": [
          [
            29.0349185,
            40.9929826
          ],
          [
            29.033681,
            40.9936222
          ]
        ]
      },
      "id": "way/180384625"
    },
    {
      "type": "Feature",
      "properties": {
        "@id": "way/180384628",
        "electrified": "contact_line",
        "frequency": "50",
        "gauge": "1435",
        "name": "İstanbul-Ankara demiryolu",
        "operator": "TCDD",
        "passenger_lines": "2",
        "railway": "rail",
        "railway:bidirectional": "regular",
        "railway:preferred_direction": "both",
        "usage": "main",
        "voltage": "25000"
      },
      "geometry": {
        "type": "LineString",
        "coordinates": [
          [
            29.0336126,
            40.993552
          ],
          [
            29.0337623,
            40.9934777
          ],
          [
            29.0345156,
            40.9931021
          ]
        ]
      },
      "id": "way/180384628"
    },
    {
      "type": "Feature",
      "properties": {
        "@id": "way/192509959",
        "electrified": "contact_line",
        "frequency": "50",
        "gauge": "1435",
        "maxspeed": "80",
        "name": "İstanbul-Ankara demiryolu",
        "operator": "TCDD",
        "railway": "rail",
        "railway:bidirectional": "regular",
        "railway:etcs": "1",
        "railway:preferred_direction": "both",
        "usage": "main",
        "voltage": "25000"
      },
      "geometry": {
        "type": "LineString",
        "coordinates": [
          [
            29.3596896,
            40.8083686
          ],
          [
            29.3652824,
            40.8072621
          ],
          [
            29.3661185,
            40.8071078
          ],
          [
            29.3666838,
            40.8069712
          ],
          [
            29.367788,
            40.8066561
          ],
          [
            29.3687439,
            40.8063023
          ],
          [
            29.3697757,
            40.8058471
          ],
          [
            29.3707326,
            40.8053265
          ],
          [
            29.3712291,
            40.8050108
          ],
          [
            29.3825668,
            40.7974812
          ],
          [
            29.390696,
            40.7920698
          ],
          [
            29.3943271,
            40.7896499
          ],
          [
            29.3952227,
            40.7890777
          ],
          [
            29.3956205,
            40.7888465
          ],
          [
            29.3960801,
            40.7886162
          ],
          [
            29.3969853,
            40.7882365
          ],
          [
            29.398058,
            40.7878641
          ],
          [
            29.4039356,
            40.7859991
          ],
          [
            29.4070254,
            40.7850002
          ]
        ]
      },
      "id": "way/192509959"
    },
    {
      "type": "Feature",
      "properties": {
        "@id": "way/192509960",
        "bridge": "yes",
        "electrified": "contact_line",
        "frequency": "50",
        "gauge": "1435",
        "layer": "1",
        "maxspeed": "80",
        "name": "İstanbul-Ankara demiryolu",
        "operator": "TCDD",
        "railway": "rail",
        "railway:bidirectional": "regular",
        "railway:etcs": "1",
        "railway:preferred_direction": "both",
        "usage": "main",
        "voltage": "25000"
      },
      "geometry": {
        "type": "LineString",
        "coordinates": [
          [
            29.3593924,
            40.8084295
          ],
          [
            29.3596896,
            40.8083686
          ]
        ]
      },
      "id": "way/192509960"
    },
    {
      "type": "Feature",
      "properties": {
        "@id": "way/196199329",
        "electrified": "contact_line",
        "frequency": "50",
        "gauge": "1435",
        "highspeed": "yes",
        "layer": "-1",
        "maxspeed": "100",
        "name": "İstanbul - Ankara yüksek hızlı demiryolu",
        "name:en": "İstanbul - Ankara high speed railway",
        "operator": "TCDD",
        "passenger_lines": "1",
        "railway": "rail",
        "railway:etcs": "1",
        "source": "bing",
        "tunnel": "yes",
        "usage": "main",
        "voltage": "25000",
        "wikidata": "Q513146",
        "wikipedia": "en:Ankara–Istanbul high-speed railway"
      },
      "geometry": {
        "type": "LineString",
        "coordinates": [
          [
            29.6014073,
            40.778939
          ],
          [
            29.6024107,
            40.7792856
          ],
          [
            29.6029293,
            40.7795015
          ],
          [
            29.603337,
            40.7797006
          ],
          [
            29.6045546,
            40.7804146
          ]
        ]
      },
      "id": "way/196199329"
    },
    {
      "type": "Feature",
      "properties": {
        "@id": "way/227236139",
        "electrified": "contact_line",
        "frequency": "50",
        "gauge": "1435",
        "maxspeed": "80",
        "name": "İstanbul-Ankara demiryolu",
        "operator": "TCDD",
        "railway": "rail",
        "railway:bidirectional": "regular",
        "railway:etcs": "1",
        "railway:preferred_direction": "both",
        "usage": "main",
        "voltage": "25000"
      },
      "geometry": {
        "type": "LineString",
        "coordinates": [
          [
            29.2887165,
            40.8561631
          ],
          [
            29.2892142,
            40.8559284
          ],
          [
            29.2895911,
            40.8557086
          ],
          [
            29.2903326,
            40.855262
          ],
          [
            29.2909703,
            40.8547328
          ],
          [
            29.2914877,
            40.8542174
          ],
          [
            29.2917569,
            40.8539068
          ],
          [
            29.292293,
            40.8532466
          ],
          [
            29.2930591,
            40.8522665
          ],
          [
            29.2939281,
            40.8512307
          ],
          [
            29.2947194,
            40.8502944
          ],
          [
            29.2958315,
            40.8489298
          ],
          [
            29.2961617,
            40.8485712
          ],
          [
            29.2965544,
            40.848198
          ],
          [
            29.2968987,
            40.8479003
          ],
          [
            29.2973186,
            40.847597
          ],
          [
            29.2980078,
            40.8471405
          ],
          [
            29.2984812,
            40.8467905
          ],
          [
            29.2990467,
            40.8463584
          ],
          [
            29.2999418,
            40.8456201
          ],
          [
            29.3009449,
            40.8448487
          ],
          [
            29.301626,
            40.8443293
          ],
          [
            29.3026385,
            40.8434844
          ],
          [
            29.3031158,
            40.843125
          ],
          [
            29.3035042,
            40.8428627
          ]
        ]
      },
      "id": "way/227236139"
    },
    {
      "type": "Feature",
      "properties": {
        "@id": "way/227528827",
        "bridge": "yes",
        "electrified": "contact_line",
        "frequency": "50",
        "gauge": "1435",
        "layer": "1",
        "maxspeed": "80",
        "operator": "TCDD",
        "passenger_lines": "2",
        "railway": "rail",
        "railway:bidirectional": "possible",
        "railway:preferred_direction": "forward",
        "source": "Yahoo",
        "usage": "main",
        "voltage": "25000"
      },
      "geometry": {
        "type": "LineString",
        "coordinates": [
          [
            29.0410872,
            40.9867824
          ],
          [
            29.0410029,
            40.9868838
          ]
        ]
      },
      "id": "way/227528827"
    },
    {
      "type": "Feature",
      "properties": {
        "@id": "way/227528829",
        "bridge": "yes",
        "electrified": "contact_line",
        "frequency": "50",
        "gauge": "1435",
        "layer": "1",
        "maxspeed": "80",
        "name": "Marmaray",
        "operator": "TCDD",
        "railway": "rail",
        "railway:bidirectional": "possible",
        "railway:cbtc": "yes",
        "railway:etcs": "1",
        "railway:preferred_direction": "forward",
        "usage": "main",
        "voltage": "25000"
      },
      "geometry": {
        "type": "LineString",
        "coordinates": [
          [
            29.0711907,
            40.9763382
          ],
          [
            29.0709859,
            40.9764805
          ]
        ]
      },
      "id": "way/227528829"
    },
    {
      "type": "Feature",
      "properties": {
        "@id": "way/227528831",
        "electrified": "contact_line",
        "frequency": "50",
        "gauge": "1435",
        "maxspeed": "80",
        "name": "İstanbul-Ankara demiryolu",
        "operator": "TCDD",
        "passenger_lines": "2",
        "railway": "rail",
        "railway:bidirectional": "regular",
        "railway:etcs": "1",
        "railway:preferred_direction": "both",
        "usage": "main",
        "voltage": "25000"
      },
      "geometry": {
        "type": "LineString",
        "coordinates": [
          [
            29.0425119,
            40.9838211
          ],
          [
            29.0430678,
            40.982262
          ],
          [
            29.0431818,
            40.9819969
          ],
          [
            29.0433134,
            40.9817646
          ],
          [
            29.0435332,
            40.9814796
          ],
          [
            29.0437014,
            40.9813015
          ],
          [
            29.0439177,
            40.9811174
          ],
          [
            29.0440938,
            40.9809814
          ],
          [
            29.0443255,
            40.9808285
          ],
          [
            29.0445557,
            40.9806981
          ],
          [
            29.0447867,
            40.9805748
          ],
          [
            29.0469369,
            40.9795939
          ],
          [
            29.0476529,
            40.9792637
          ],
          [
            29.048667,
            40.9787874
          ],
          [
            29.0503118,
            40.9780814
          ],
          [
            29.0507027,
            40.977942
          ],
          [
            29.0510316,
            40.9778331
          ],
          [
            29.0514827,
            40.9777443
          ],
          [
            29.0517475,
            40.9777038
          ],
          [
            29.052681,
            40.9776378
          ],
          [
            29.0530108,
            40.9776484
          ],
          [
            29.0533313,
            40.9776717
          ],
          [
            29.0598849,
            40.9786967
          ],
          [
            29.0610506,
            40.9788836
          ],
          [
            29.0626614,
            40.9791129
          ],
          [
            29.0640883,
            40.9793548
          ],
          [
            29.0644427,
            40.9794012
          ],
          [
            29.0648286,
            40.9794141
          ],
          [
            29.0650454,
            40.9794176
          ],
          [
            29.0652803,
            40.9794045
          ],
          [
            29.0655273,
            40.9793777
          ],
          [
            29.0658849,
            40.9793122
          ],
          [
            29.0661882,
            40.9792266
          ],
          [
            29.0665308,
            40.9791177
          ],
          [
            29.0668692,
            40.9789914
          ],
          [
            29.0672412,
            40.9788289
          ],
          [
            29.0675577,
            40.9786629
          ],
          [
            29.0679925,
            40.9783928
          ],
          [
            29.0709199,
            40.9764148
          ]
        ]
      },
      "id": "way/227528831"
    },
    {
      "type": "Feature",
      "properties": {
        "@id": "way/227528833",
        "bridge": "yes",
        "electrified": "contact_line",
        "frequency": "50",
        "gauge": "1435",
        "layer": "1",
        "maxspeed": "80",
        "operator": "TCDD",
        "railway": "rail",
        "railway:bidirectional": "possible",
        "railway:cbtc": "yes",
        "railway:etcs": "1",
        "railway:preferred_direction": "forward",
        "usage": "main",
        "voltage": "25000"
      },
      "geometry": {
        "type": "LineString",
        "coordinates": [
          [
            29.0426093,
            40.9838447
          ],
          [
            29.0425707,
            40.9839519
          ]
        ]
      },
      "id": "way/227528833"
    },
    {
      "type": "Feature",
      "properties": {
        "@id": "way/227528834",
        "electrified": "contact_line",
        "frequency": "50",
        "gauge": "1435",
        "maxspeed": "80",
        "name": "Marmaray",
        "operator": "TCDD",
        "passenger_lines": "2",
        "railway": "rail",
        "railway:bidirectional": "possible",
        "railway:cbtc": "yes",
        "railway:etcs": "1",
        "railway:preferred_direction": "forward",
        "usage": "main",
        "voltage": "25000"
      },
      "geometry": {
        "type": "LineString",
        "coordinates": [
          [
            29.0709859,
            40.9764805
          ],
          [
            29.0680969,
            40.9784401
          ],
          [
            29.0676249,
            40.9787238
          ],
          [
            29.067319,
            40.9788917
          ],
          [
            29.0669371,
            40.9790606
          ],
          [
            29.0665802,
            40.9791881
          ],
          [
            29.0662451,
            40.9792916
          ],
          [
            29.0659158,
            40.9793756
          ],
          [
            29.065541,
            40.9794497
          ],
          [
            29.0652821,
            40.9794837
          ],
          [
            29.0650558,
            40.979512
          ],
          [
            29.0648101,
            40.9795314
          ],
          [
            29.0644263,
            40.9795245
          ],
          [
            29.0641728,
            40.9794964
          ],
          [
            29.0640521,
            40.9794819
          ],
          [
            29.0626057,
            40.979282
          ],
          [
            29.0610248,
            40.978985
          ],
          [
            29.0598687,
            40.9787678
          ],
          [
            29.0532991,
            40.977781
          ],
          [
            29.0529983,
            40.9777634
          ],
          [
            29.0526879,
            40.9777626
          ],
          [
            29.0517711,
            40.977807
          ],
          [
            29.0515141,
            40.9778448
          ],
          [
            29.0510715,
            40.9779248
          ],
          [
            29.0507559,
            40.9780268
          ],
          [
            29.0503876,
            40.9781698
          ],
          [
            29.048782,
            40.9788973
          ],
          [
            29.0477416,
            40.9793595
          ],
          [
            29.0469932,
            40.979646
          ],
          [
            29.0448328,
            40.9806503
          ],
          [
            29.0446355,
            40.9807634
          ],
          [
            29.0443903,
            40.9808977
          ],
          [
            29.0441635,
            40.9810401
          ],
          [
            29.043988,
            40.9811646
          ],
          [
            29.0437972,
            40.9813425
          ],
          [
            29.04362,
            40.9815223
          ],
          [
            29.0434212,
            40.9817997
          ],
          [
            29.0432797,
            40.9820384
          ],
          [
            29.0431717,
            40.9822825
          ],
          [
            29.0428818,
            40.9830877
          ],
          [
            29.0426093,
            40.9838447
          ]
        ]
      },
      "id": "way/227528834"
    },
    {
      "type": "Feature",
      "properties": {
        "@id": "way/227528835",
        "bridge": "yes",
        "electrified": "contact_line",
        "frequency": "50",
        "gauge": "1435",
        "layer": "1",
        "maxspeed": "80",
        "operator": "TCDD",
        "railway": "rail",
        "railway:bidirectional": "possible",
        "railway:cbtc": "yes",
        "railway:etcs": "1",
        "railway:preferred_direction": "forward",
        "usage": "main",
        "voltage": "25000"
      },
      "geometry": {
        "type": "LineString",
        "coordinates": [
          [
            29.0412071,
            40.9868426
          ],
          [
            29.0411303,
            40.9869352
          ]
        ]
      },
      "id": "way/227528835"
    },
    {
      "type": "Feature",
      "properties": {
        "@id": "way/227528837",
        "electrified": "contact_line",
        "frequency": "50",
        "gauge": "1435",
        "maxspeed": "80",
        "name": "Marmaray",
        "operator": "TCDD",
        "passenger_lines": "2",
        "railway": "rail",
        "railway:bidirectional": "possible",
        "railway:cbtc": "yes",
        "railway:etcs": "1",
        "railway:preferred_direction": "forward",
        "usage": "main",
        "voltage": "25000"
      },
      "geometry": {
        "type": "LineString",
        "coordinates": [
          [
            29.0425707,
            40.9839519
          ],
          [
            29.0421049,
            40.9852457
          ],
          [
            29.0419734,
            40.9856033
          ],
          [
            29.0419185,
            40.9857295
          ],
          [
            29.0418494,
            40.985869
          ],
          [
            29.0417267,
            40.9861139
          ],
          [
            29.0415927,
            40.9863309
          ],
          [
            29.0414343,
            40.9865539
          ],
          [
            29.0412071,
            40.9868426
          ]
        ]
      },
      "id": "way/227528837"
    },
    {
      "type": "Feature",
      "properties": {
        "@id": "way/227528838",
        "electrified": "contact_line",
        "frequency": "50",
        "gauge": "1435",
        "maxspeed": "80",
        "name": "İstanbul-Ankara demiryolu",
        "operator": "TCDD",
        "railway": "rail",
        "railway:bidirectional": "regular",
        "railway:etcs": "1",
        "railway:preferred_direction": "both",
        "usage": "main",
        "voltage": "25000"
      },
      "geometry": {
        "type": "LineString",
        "coordinates": [
          [
            29.0711139,
            40.9762801
          ],
          [
            29.0732638,
            40.974802
          ],
          [
            29.0746285,
            40.9738637
          ],
          [
            29.0749843,
            40.9736253
          ],
          [
            29.0752029,
            40.9734497
          ],
          [
            29.0753906,
            40.9732745
          ],
          [
            29.0755507,
            40.9730981
          ],
          [
            29.0756726,
            40.9729386
          ],
          [
            29.0757915,
            40.9727613
          ],
          [
            29.0759173,
            40.9724937
          ],
          [
            29.0762542,
            40.9716551
          ],
          [
            29.0768408,
            40.9703186
          ],
          [
            29.0770739,
            40.9698081
          ],
          [
            29.0772933,
            40.9692911
          ],
          [
            29.0774392,
            40.968984
          ],
          [
            29.0775973,
            40.9687115
          ],
          [
            29.0777583,
            40.9684732
          ],
          [
            29.0785723,
            40.9673234
          ],
          [
            29.0787426,
            40.9670468
          ],
          [
            29.078859,
            40.9668153
          ],
          [
            29.0789303,
            40.9665911
          ],
          [
            29.0789709,
            40.9663899
          ],
          [
            29.0790099,
            40.9661479
          ],
          [
            29.0790054,
            40.9659652
          ],
          [
            29.0789857,
            40.9657537
          ],
          [
            29.0789231,
            40.9654561
          ],
          [
            29.0785721,
            40.9641462
          ],
          [
            29.0785354,
            40.9638629
          ],
          [
            29.0785327,
            40.9636649
          ],
          [
            29.0785401,
            40.9634768
          ],
          [
            29.0785729,
            40.9632715
          ],
          [
            29.0786165,
            40.9630715
          ],
          [
            29.0786963,
            40.9628644
          ],
          [
            29.0788311,
            40.9625884
          ],
          [
            29.0789954,
            40.9623363
          ],
          [
            29.0792079,
            40.9620775
          ],
          [
            29.0794359,
            40.9618547
          ],
          [
            29.0796237,
            40.9617049
          ],
          [
            29.0799254,
            40.9615043
          ],
          [
            29.080258,
            40.9613311
          ],
          [
            29.0805169,
            40.9612177
          ],
          [
            29.0808477,
            40.9610932
          ],
          [
            29.0814367,
            40.9609397
          ],
          [
            29.0821181,
            40.9608298
          ],
          [
            29.0828061,
            40.9607063
          ],
          [
            29.0835815,
            40.9605401
          ]
        ]
      },
      "id": "way/227528838"
    },
    {
      "type": "Feature",
      "properties": {
        "@id": "way/227528840",
        "electrified": "contact_line",
        "frequency": "50",
        "gauge": "1435",
        "maxspeed": "80",
        "name": "İstanbul-Ankara demiryolu",
        "operator": "TCDD",
        "passenger_lines": "2",
        "railway": "rail",
        "railway:bidirectional": "possible",
        "railway:preferred_direction": "forward",
        "usage": "main",
        "voltage": "25000"
      },
      "geometry": {
        "type": "LineString",
        "coordinates": [
          [
            29.0421286,
            40.984896
          ],
          [
            29.0420118,
            40.9852234
          ],
          [
            29.0418707,
            40.9855862
          ],
          [
            29.0417388,
            40.985845
          ],
          [
            29.04161,
            40.9860788
          ],
          [
            29.0414705,
            40.9862882
          ],
          [
            29.0413102,
            40.9864991
          ],
          [
            29.0410872,
            40.9867824
          ]
        ]
      },
      "id": "way/227528840"
    },
    {
      "type": "Feature",
      "properties": {
        "@id": "way/227528841",
        "bridge": "yes",
        "electrified": "contact_line",
        "frequency": "50",
        "gauge": "1435",
        "layer": "1",
        "maxspeed": "80",
        "operator": "TCDD",
        "railway": "rail",
        "railway:bidirectional": "regular",
        "railway:preferred_direction": "both",
        "usage": "main",
        "voltage": "25000"
      },
      "geometry": {
        "type": "LineString",
        "coordinates": [
          [
            29.0424709,
            40.9839359
          ],
          [
            29.0425119,
            40.9838211
          ]
        ]
      },
      "id": "way/227528841"
    },
    {
      "type": "Feature",
      "properties": {
        "@id": "way/227528843",
        "bridge": "yes",
        "electrified": "contact_line",
        "frequency": "50",
        "gauge": "1435",
        "layer": "1",
        "maxspeed": "80",
        "name": "İstanbul-Ankara demiryolu",
        "operator": "TCDD",
        "railway": "rail",
        "railway:bidirectional": "regular",
        "railway:etcs": "1",
        "railway:preferred_direction": "both",
        "usage": "main",
        "voltage": "25000"
      },
      "geometry": {
        "type": "LineString",
        "coordinates": [
          [
            29.0709199,
            40.9764148
          ],
          [
            29.0711139,
            40.9762801
          ]
        ]
      },
      "id": "way/227528843"
    },
    {
      "type": "Feature",
      "properties": {
        "@id": "way/227528847",
        "electrified": "contact_line",
        "frequency": "50",
        "gauge": "1435",
        "maxspeed": "80",
        "name": "Marmaray",
        "operator": "TCDD",
        "passenger_lines": "2",
        "railway": "rail",
        "railway:bidirectional": "possible",
        "railway:cbtc": "yes",
        "railway:etcs": "1",
        "railway:preferred_direction": "forward",
        "usage": "main",
        "voltage": "25000"
      },
      "geometry": {
        "type": "LineString",
        "coordinates": [
          [
            29.0411303,
            40.9869352
          ],
          [
            29.039585,
            40.9888536
          ],
          [
            29.0391758,
            40.9894344
          ]
        ]
      },
      "id": "way/227528847"
    },
    {
      "type": "Feature",
      "properties": {
        "@id": "way/228442727",
        "electrified": "contact_line",
        "frequency": "50",
        "gauge": "1435",
        "highspeed": "yes",
        "layer": "-1",
        "maxspeed": "120",
        "name": "İstanbul-Ankara yüksek hızlı demiryolu",
        "name:en": "İstanbul-Ankara high speed railway",
        "operator": "TCDD",
        "railway": "rail",
        "railway:etcs": "1",
        "tunnel": "yes",
        "usage": "main",
        "voltage": "25000"
      },
      "geometry": {
        "type": "LineString",
        "coordinates": [
          [
            29.475238,
            40.7767622
          ],
          [
            29.4774564,
            40.7772104
          ]
        ]
      },
      "id": "way/228442727"
    },
    {
      "type": "Feature",
      "properties": {
        "@id": "way/228442729",
        "electrified": "contact_line",
        "frequency": "50",
        "gauge": "1435",
        "highspeed": "yes",
        "layer": "-1",
        "maxspeed": "100",
        "name": "İstanbul-Ankara yüksek hızlı demiryolu",
        "name:en": "İstanbul-Ankara high speed railway",
        "operator": "TCDD",
        "railway": "rail",
        "railway:etcs": "1",
        "tunnel": "yes",
        "usage": "main",
        "voltage": "25000"
      },
      "geometry": {
        "type": "LineString",
        "coordinates": [
          [
            29.539266,
            40.7697415
          ],
          [
            29.5405634,
            40.7699295
          ]
        ]
      },
      "id": "way/228442729"
    },
    {
      "type": "Feature",
      "properties": {
        "@id": "way/228442730",
        "electrified": "contact_line",
        "frequency": "50",
        "gauge": "1435",
        "highspeed": "yes",
        "maxspeed": "100",
        "name": "İstanbul - Ankara yüksek hızlı demiryolu",
        "name:en": "İstanbul - Ankara high speed railway",
        "operator": "TCDD",
        "passenger_lines": "1",
        "railway": "rail",
        "railway:etcs": "1",
        "source": "bing",
        "usage": "main",
        "voltage": "25000",
        "wikidata": "Q513146",
        "wikipedia": "en:Ankara–Istanbul high-speed railway"
      },
      "geometry": {
        "type": "LineString",
        "coordinates": [
          [
            29.5405634,
            40.7699295
          ],
          [
            29.543315,
            40.7703183
          ]
        ]
      },
      "id": "way/228442730"
    },
    {
      "type": "Feature",
      "properties": {
        "@id": "way/228442731",
        "bridge": "yes",
        "electrified": "contact_line",
        "frequency": "50",
        "gauge": "1435",
        "highspeed": "yes",
        "layer": "1",
        "maxspeed": "100",
        "name": "İstanbul - Ankara yüksek hızlı demiryolu",
        "name:en": "İstanbul - Ankara high speed railway",
        "operator": "TCDD",
        "passenger_lines": "1",
        "railway": "rail",
        "railway:etcs": "1",
        "source": "bing",
        "usage": "main",
        "voltage": "25000",
        "wikidata": "Q513146",
        "wikipedia": "en:Ankara–Istanbul high-speed railway"
      },
      "geometry": {
        "type": "LineString",
        "coordinates": [
          [
            29.543315,
            40.7703183
          ],
          [
            29.5434893,
            40.7703401
          ]
        ]
      },
      "id": "way/228442731"
    },
    {
      "type": "Feature",
      "properties": {
        "@id": "way/228442738",
        "electrified": "contact_line",
        "frequency": "50",
        "gauge": "1435",
        "highspeed": "yes",
        "layer": "-1",
        "maxspeed": "120",
        "name": "İstanbul-Ankara yüksek hızlı demiryolu",
        "name:en": "İstanbul-Ankara high speed railway",
        "operator": "TCDD",
        "railway": "rail",
        "railway:etcs": "1",
        "tunnel": "yes",
        "usage": "main",
        "voltage": "25000"
      },
      "geometry": {
        "type": "LineString",
        "coordinates": [
          [
            29.4956765,
            40.7799316
          ],
          [
            29.4969982,
            40.7798854
          ],
          [
            29.4984582,
            40.7799878
          ]
        ]
      },
      "id": "way/228442738"
    },
    {
      "type": "Feature",
      "properties": {
        "@id": "way/228442747",
        "electrified": "contact_line",
        "frequency": "50",
        "gauge": "1435",
        "highspeed": "yes",
        "maxspeed": "100",
        "name": "İstanbul-Ankara yüksek hızlı demiryolu",
        "name:en": "İstanbul-Ankara high speed railway",
        "operator": "TCDD",
        "railway": "rail",
        "railway:etcs": "1",
        "usage": "main",
        "voltage": "25000"
      },
      "geometry": {
        "type": "LineString",
        "coordinates": [
          [
            29.5231316,
            40.769347
          ],
          [
            29.5259335,
            40.770129
          ],
          [
            29.5263945,
            40.7702259
          ],
          [
            29.5270689,
            40.770342
          ],
          [
            29.5274364,
            40.770385
          ]
        ]
      },
      "id": "way/228442747"
    },
    {
      "type": "Feature",
      "properties": {
        "@id": "way/228442750",
        "electrified": "contact_line",
        "frequency": "50",
        "gauge": "1435",
        "highspeed": "yes",
        "layer": "-1",
        "maxspeed": "120",
        "name": "İstanbul-Ankara yüksek hızlı demiryolu",
        "name:en": "İstanbul-Ankara high speed railway",
        "operator": "TCDD",
        "railway": "rail",
        "railway:etcs": "1",
        "tunnel": "yes",
        "usage": "main",
        "voltage": "25000"
      },
      "geometry": {
        "type": "LineString",
        "coordinates": [
          [
            29.5053935,
            40.7787947
          ],
          [
            29.5057665,
            40.7785277
          ],
          [
            29.508256,
            40.7766691
          ]
        ]
      },
      "id": "way/228442750"
    },
    {
      "type": "Feature",
      "properties": {
        "@id": "way/228442752",
        "electrified": "contact_line",
        "frequency": "50",
        "gauge": "1435",
        "highspeed": "yes",
        "layer": "-1",
        "maxspeed": "120",
        "name": "İstanbul-Ankara yüksek hızlı demiryolu",
        "name:en": "İstanbul-Ankara high speed railway",
        "operator": "TCDD",
        "railway": "rail",
        "railway:etcs": "1",
        "tunnel": "yes",
        "usage": "main",
        "voltage": "25000"
      },
      "geometry": {
        "type": "LineString",
        "coordinates": [
          [
            29.4656009,
            40.7733283
          ],
          [
            29.4663379,
            40.7733614
          ],
          [
            29.4672071,
            40.7734698
          ],
          [
            29.4678312,
            40.7735958
          ],
          [
            29.46832,
            40.7737331
          ],
          [
            29.4687477,
            40.7738952
          ]
        ]
      },
      "id": "way/228442752"
    },
    {
      "type": "Feature",
      "properties": {
        "@id": "way/228442754",
        "electrified": "contact_line",
        "frequency": "50",
        "gauge": "1435",
        "highspeed": "yes",
        "maxspeed": "100",
        "name": "İstanbul-Ankara yüksek hızlı demiryolu",
        "name:en": "İstanbul-Ankara high speed railway",
        "operator": "TCDD",
        "railway": "rail",
        "railway:etcs": "1",
        "usage": "main",
        "voltage": "25000"
      },
      "geometry": {
        "type": "LineString",
        "coordinates": [
          [
            29.521528,
            40.7690034
          ],
          [
            29.5218207,
            40.769049
          ],
          [
            29.5221415,
            40.7691079
          ],
          [
            29.5224564,
            40.769173
          ],
          [
            29.5227326,
            40.7692409
          ],
          [
            29.5231316,
            40.769347
          ]
        ]
      },
      "id": "way/228442754"
    },
    {
      "type": "Feature",
      "properties": {
        "@id": "way/228442756",
        "electrified": "contact_line",
        "frequency": "50",
        "gauge": "1435",
        "highspeed": "yes",
        "maxspeed": "120",
        "name": "İstanbul-Ankara yüksek hızlı demiryolu",
        "name:en": "İstanbul-Ankara high speed railway",
        "operator": "TCDD",
        "railway": "rail",
        "railway:etcs": "1",
        "usage": "main",
        "voltage": "25000"
      },
      "geometry": {
        "type": "LineString",
        "coordinates": [
          [
            29.4774564,
            40.7772104
          ],
          [
            29.4810436,
            40.7779356
          ],
          [
            29.4818552,
            40.7781282
          ],
          [
            29.4822782,
            40.7782443
          ],
          [
            29.4827541,
            40.778402
          ],
          [
            29.4832626,
            40.7785804
          ]
        ]
      },
      "id": "way/228442756"
    },
    {
      "type": "Feature",
      "properties": {
        "@id": "way/228442757",
        "electrified": "contact_line",
        "frequency": "50",
        "gauge": "1435",
        "highspeed": "yes",
        "layer": "-1",
        "maxspeed": "120",
        "name": "İstanbul-Ankara yüksek hızlı demiryolu",
        "name:en": "İstanbul-Ankara high speed railway",
        "operator": "TCDD",
        "railway": "rail",
        "railway:etcs": "1",
        "tunnel": "yes",
        "usage": "main",
        "voltage": "25000"
      },
      "geometry": {
        "type": "LineString",
        "coordinates": [
          [
            29.4832626,
            40.7785804
          ],
          [
            29.4840002,
            40.7789125
          ],
          [
            29.4849926,
            40.7793878
          ],
          [
            29.4859467,
            40.7798905
          ],
          [
            29.4866922,
            40.7802522
          ],
          [
            29.4871277,
            40.780448
          ],
          [
            29.4876265,
            40.7806105
          ],
          [
            29.4880718,
            40.780712
          ],
          [
            29.4884461,
            40.7807782
          ]
        ]
      },
      "id": "way/228442757"
    },
    {
      "type": "Feature",
      "properties": {
        "@id": "way/228442759",
        "electrified": "contact_line",
        "frequency": "50",
        "gauge": "1435",
        "highspeed": "yes",
        "layer": "-1",
        "maxspeed": "120",
        "name": "İstanbul-Ankara yüksek hızlı demiryolu",
        "name:en": "İstanbul-Ankara high speed railway",
        "operator": "TCDD",
        "railway": "rail",
        "railway:etcs": "1",
        "tunnel": "yes",
        "usage": "main",
        "voltage": "25000"
      },
      "geometry": {
        "type": "LineString",
        "coordinates": [
          [
            29.516354,
            40.7698852
          ],
          [
            29.5169592,
            40.7696228
          ],
          [
            29.5176544,
            40.7693722
          ],
          [
            29.5182637,
            40.7691981
          ],
          [
            29.518826,
            40.7690977
          ],
          [
            29.5195079,
            40.7690046
          ],
          [
            29.5201487,
            40.7689652
          ],
          [
            29.5206647,
            40.7689636
          ],
          [
            29.521177,
            40.7689798
          ],
          [
            29.521528,
            40.7690034
          ]
        ]
      },
      "id": "way/228442759"
    },
    {
      "type": "Feature",
      "properties": {
        "@id": "way/228442762",
        "electrified": "contact_line",
        "frequency": "50",
        "gauge": "1435",
        "highspeed": "yes",
        "maxspeed": "120",
        "name": "İstanbul-Ankara yüksek hızlı demiryolu",
        "name:en": "İstanbul-Ankara high speed railway",
        "operator": "TCDD",
        "railway": "rail",
        "railway:etcs": "1",
        "usage": "main",
        "voltage": "25000"
      },
      "geometry": {
        "type": "LineString",
        "coordinates": [
          [
            29.4687477,
            40.7738952
          ],
          [
            29.4696067,
            40.774259
          ],
          [
            29.4699857,
            40.7744583
          ],
          [
            29.4703253,
            40.7746373
          ],
          [
            29.4717398,
            40.7754921
          ],
          [
            29.4721435,
            40.7757119
          ],
          [
            29.472515,
            40.7759106
          ],
          [
            29.472918,
            40.7761012
          ],
          [
            29.4733465,
            40.7762721
          ],
          [
            29.4737283,
            40.776399
          ],
          [
            29.4745454,
            40.7766174
          ],
          [
            29.475238,
            40.7767622
          ]
        ]
      },
      "id": "way/228442762"
    },
    {
      "type": "Feature",
      "properties": {
        "@id": "way/228442764",
        "electrified": "contact_line",
        "frequency": "50",
        "gauge": "1435",
        "highspeed": "yes",
        "maxspeed": "120",
        "name": "İstanbul-Ankara yüksek hızlı demiryolu",
        "name:en": "İstanbul-Ankara high speed railway",
        "operator": "TCDD",
        "railway": "rail",
        "railway:etcs": "1",
        "usage": "main",
        "voltage": "25000"
      },
      "geometry": {
        "type": "LineString",
        "coordinates": [
          [
            29.4984582,
            40.7799878
          ],
          [
            29.4999073,
            40.7800779
          ],
          [
            29.5004753,
            40.7800989
          ],
          [
            29.501,
            40.7801027
          ],
          [
            29.5013962,
            40.78009
          ],
          [
            29.5018356,
            40.780049
          ],
          [
            29.5022277,
            40.7799979
          ],
          [
            29.5027822,
            40.7798929
          ],
          [
            29.5031561,
            40.7798039
          ],
          [
            29.5036056,
            40.7796572
          ],
          [
            29.5041328,
            40.7794569
          ],
          [
            29.5044972,
            40.7792952
          ],
          [
            29.5048944,
            40.7790825
          ],
          [
            29.5053935,
            40.7787947
          ]
        ]
      },
      "id": "way/228442764"
    },
    {
      "type": "Feature",
      "properties": {
        "@id": "way/228442766",
        "electrified": "contact_line",
        "frequency": "50",
        "gauge": "1435",
        "highspeed": "yes",
        "maxspeed": "120",
        "name": "İstanbul-Ankara yüksek hızlı demiryolu",
        "name:en": "İstanbul-Ankara high speed railway",
        "operator": "TCDD",
        "railway": "rail",
        "railway:etcs": "1",
        "usage": "main",
        "voltage": "25000"
      },
      "geometry": {
        "type": "LineString",
        "coordinates": [
          [
            29.508256,
            40.7766691
          ],
          [
            29.5100796,
            40.7752244
          ],
          [
            29.5113555,
            40.7742135
          ],
          [
            29.5127489,
            40.7731095
          ],
          [
            29.5129798,
            40.7729132
          ],
          [
            29.5132473,
            40.7726764
          ],
          [
            29.5135025,
            40.7724164
          ],
          [
            29.5144529,
            40.7713538
          ],
          [
            29.514644,
            40.7711496
          ],
          [
            29.5148134,
            40.7709818
          ],
          [
            29.5149887,
            40.7708189
          ],
          [
            29.5151455,
            40.7706863
          ],
          [
            29.5153727,
            40.7705065
          ],
          [
            29.5155524,
            40.7703785
          ],
          [
            29.5157424,
            40.7702474
          ],
          [
            29.5159265,
            40.7701307
          ],
          [
            29.5161542,
            40.7699911
          ],
          [
            29.516354,
            40.7698852
          ]
        ]
      },
      "id": "way/228442766"
    },
    {
      "type": "Feature",
      "properties": {
        "@id": "way/228442769",
        "electrified": "contact_line",
        "frequency": "50",
        "gauge": "1435",
        "highspeed": "yes",
        "maxspeed": "120",
        "name": "İstanbul-Ankara yüksek hızlı demiryolu",
        "name:en": "İstanbul-Ankara high speed railway",
        "operator": "TCDD",
        "railway": "rail",
        "railway:etcs": "1",
        "usage": "main",
        "voltage": "25000"
      },
      "geometry": {
        "type": "LineString",
        "coordinates": [
          [
            29.4884461,
            40.7807782
          ],
          [
            29.4889703,
            40.7808501
          ],
          [
            29.4894458,
            40.7808719
          ],
          [
            29.490011,
            40.7808644
          ],
          [
            29.4905545,
            40.7808361
          ],
          [
            29.4909954,
            40.7807872
          ],
          [
            29.4915717,
            40.7807077
          ],
          [
            29.4939646,
            40.7801762
          ],
          [
            29.4946484,
            40.7800609
          ],
          [
            29.4956765,
            40.7799316
          ]
        ]
      },
      "id": "way/228442769"
    },
    {
      "type": "Feature",
      "properties": {
        "@id": "way/228562127",
        "bridge": "yes",
        "electrified": "contact_line",
        "frequency": "50",
        "gauge": "1435",
        "highspeed": "yes",
        "layer": "1",
        "maxspeed": "100",
        "name": "İstanbul-Ankara yüksek hızlı demiryolu",
        "name:en": "İstanbul-Ankara high speed railway",
        "operator": "TCDD",
        "railway": "rail",
        "railway:etcs": "1",
        "usage": "main",
        "voltage": "25000"
      },
      "geometry": {
        "type": "LineString",
        "coordinates": [
          [
            29.5317441,
            40.7701435
          ],
          [
            29.5318272,
            40.7701284
          ]
        ]
      },
      "id": "way/228562127"
    },
    {
      "type": "Feature",
      "properties": {
        "@id": "way/228562130",
        "electrified": "contact_line",
        "frequency": "50",
        "gauge": "1435",
        "highspeed": "yes",
        "maxspeed": "100",
        "name": "İstanbul-Ankara yüksek hızlı demiryolu",
        "name:en": "İstanbul-Ankara high speed railway",
        "operator": "TCDD",
        "railway": "rail",
        "railway:etcs": "1",
        "usage": "main",
        "voltage": "25000"
      },
      "geometry": {
        "type": "LineString",
        "coordinates": [
          [
            29.5318272,
            40.7701284
          ],
          [
            29.5340171,
            40.7696871
          ],
          [
            29.5344798,
            40.7696213
          ],
          [
            29.5348604,
            40.7695884
          ],
          [
            29.5353975,
            40.7695493
          ],
          [
            29.5359344,
            40.7695452
          ],
          [
            29.5376742,
            40.7695731
          ],
          [
            29.539266,
            40.7697415
          ]
        ]
      },
      "id": "way/228562130"
    },
    {
      "type": "Feature",
      "properties": {
        "@id": "way/230039390",
        "electrified": "contact_line",
        "frequency": "50",
        "gauge": "1435",
        "maxspeed": "80",
        "name": "İstanbul-Ankara demiryolu",
        "operator": "TCDD",
        "railway": "rail",
        "railway:bidirectional": "regular",
        "railway:etcs": "1",
        "railway:preferred_direction": "both",
        "usage": "main",
        "voltage": "25000"
      },
      "geometry": {
        "type": "LineString",
        "coordinates": [
          [
            29.3290452,
            40.821327
          ],
          [
            29.3294364,
            40.8207838
          ],
          [
            29.329733,
            40.8204044
          ],
          [
            29.3300757,
            40.8200558
          ],
          [
            29.3305376,
            40.8196493
          ],
          [
            29.3387986,
            40.8132248
          ],
          [
            29.339261,
            40.8128899
          ],
          [
            29.33971,
            40.8126077
          ],
          [
            29.340207,
            40.8123375
          ],
          [
            29.3406408,
            40.8121341
          ],
          [
            29.3413791,
            40.8118563
          ],
          [
            29.3419746,
            40.8116615
          ],
          [
            29.3442086,
            40.8109625
          ],
          [
            29.344844,
            40.8107811
          ],
          [
            29.345352,
            40.8106744
          ],
          [
            29.3460836,
            40.8105724
          ],
          [
            29.3487766,
            40.8102871
          ],
          [
            29.3492247,
            40.8102372
          ],
          [
            29.3504174,
            40.8101042
          ],
          [
            29.3510378,
            40.8100132
          ],
          [
            29.3586665,
            40.8085516
          ],
          [
            29.3593924,
            40.8084295
          ]
        ]
      },
      "id": "way/230039390"
    },
    {
      "type": "Feature",
      "properties": {
        "@id": "way/230063825",
        "bridge": "yes",
        "electrified": "contact_line",
        "frequency": "50",
        "gauge": "1435",
        "layer": "1",
        "maxspeed": "80",
        "name": "Marmaray",
        "operator": "TCDD",
        "railway": "rail",
        "railway:bidirectional": "possible",
        "railway:cbtc": "yes",
        "railway:etcs": "1",
        "railway:preferred_direction": "forward",
        "usage": "main",
        "voltage": "25000"
      },
      "geometry": {
        "type": "LineString",
        "coordinates": [
          [
            29.1916053,
            40.8884579
          ],
          [
            29.1911439,
            40.8887553
          ],
          [
            29.1906466,
            40.8890406
          ],
          [
            29.190037,
            40.8893524
          ],
          [
            29.1898576,
            40.8894344
          ],
          [
            29.1896635,
            40.8895174
          ],
          [
            29.1892634,
            40.889632
          ],
          [
            29.1888897,
            40.8897203
          ],
          [
            29.1885399,
            40.8897692
          ]
        ]
      },
      "id": "way/230063825"
    },
    {
      "type": "Feature",
      "properties": {
        "@id": "way/230063831",
        "bridge": "yes",
        "electrified": "contact_line",
        "frequency": "50",
        "gauge": "1435",
        "layer": "1",
        "maxspeed": "80",
        "name": "Marmaray",
        "operator": "TCDD",
        "railway": "rail",
        "railway:bidirectional": "possible",
        "railway:cbtc": "yes",
        "railway:etcs": "1",
        "railway:preferred_direction": "forward",
        "usage": "main",
        "voltage": "25000"
      },
      "geometry": {
        "type": "LineString",
        "coordinates": [
          [
            29.1850311,
            40.888734
          ],
          [
            29.1853621,
            40.8889303
          ],
          [
            29.1856941,
            40.8891297
          ],
          [
            29.1861139,
            40.8893435
          ]
        ]
      },
      "id": "way/230063831"
    },
    {
      "type": "Feature",
      "properties": {
        "@id": "way/230063833",
        "electrified": "contact_line",
        "frequency": "50",
        "gauge": "1435",
        "maxspeed": "80",
        "name": "Marmaray",
        "operator": "TCDD",
        "railway": "rail",
        "railway:bidirectional": "possible",
        "railway:cbtc": "yes",
        "railway:etcs": "1",
        "railway:preferred_direction": "forward",
        "usage": "main",
        "voltage": "25000"
      },
      "geometry": {
        "type": "LineString",
        "coordinates": [
          [
            29.184991,
            40.8887655
          ],
          [
            29.1841386,
            40.8882166
          ],
          [
            29.1839026,
            40.8880753
          ],
          [
            29.1836575,
            40.8879568
          ],
          [
            29.1833959,
            40.8878532
          ],
          [
            29.1831249,
            40.8877638
          ],
          [
            29.182845,
            40.8876884
          ],
          [
            29.1825611,
            40.8876245
          ],
          [
            29.1822705,
            40.8875799
          ],
          [
            29.1819902,
            40.8875505
          ],
          [
            29.1816926,
            40.8875347
          ],
          [
            29.1814043,
            40.8875382
          ],
          [
            29.1811118,
            40.8875545
          ],
          [
            29.180828,
            40.8875823
          ],
          [
            29.1805498,
            40.8876356
          ],
          [
            29.1802767,
            40.8877018
          ],
          [
            29.1800053,
            40.8877877
          ],
          [
            29.1797421,
            40.8878853
          ],
          [
            29.1795054,
            40.8879973
          ],
          [
            29.179249,
            40.8881263
          ],
          [
            29.1790247,
            40.888276
          ],
          [
            29.1788273,
            40.8884437
          ],
          [
            29.1786468,
            40.888615
          ],
          [
            29.1784636,
            40.8888065
          ],
          [
            29.178214,
            40.889151
          ],
          [
            29.1780295,
            40.8895061
          ],
          [
            29.1775879,
            40.8903677
          ],
          [
            29.1767745,
            40.8916524
          ],
          [
            29.1761964,
            40.8926282
          ],
          [
            29.1757764,
            40.8933301
          ],
          [
            29.1755055,
            40.8936783
          ],
          [
            29.1753259,
            40.8938882
          ],
          [
            29.1747643,
            40.8944576
          ],
          [
            29.1744093,
            40.8948307
          ],
          [
            29.1739909,
            40.8952215
          ],
          [
            29.1736774,
            40.895515
          ],
          [
            29.1731853,
            40.8959138
          ],
          [
            29.1727003,
            40.8962482
          ],
          [
            29.1713625,
            40.897103
          ],
          [
            29.1708878,
            40.8974531
          ],
          [
            29.169835,
            40.8983898
          ],
          [
            29.1692744,
            40.8988409
          ],
          [
            29.1683946,
            40.8995595
          ],
          [
            29.1681186,
            40.8997692
          ],
          [
            29.1678204,
            40.9000267
          ],
          [
            29.1667744,
            40.9010591
          ],
          [
            29.1665415,
            40.9013068
          ],
          [
            29.1656917,
            40.9021383
          ],
          [
            29.1644387,
            40.9032801
          ],
          [
            29.1637107,
            40.9039388
          ],
          [
            29.1629753,
            40.9045896
          ],
          [
            29.1625148,
            40.9049343
          ],
          [
            29.1578811,
            40.9079952
          ],
          [
            29.1575846,
            40.9082082
          ],
          [
            29.1572891,
            40.9084713
          ],
          [
            29.1569033,
            40.9089717
          ],
          [
            29.1561754,
            40.910029
          ],
          [
            29.1556801,
            40.9106743
          ],
          [
            29.1554478,
            40.9109366
          ],
          [
            29.155071,
            40.9112584
          ],
          [
            29.1545938,
            40.9116258
          ],
          [
            29.154112,
            40.9119349
          ],
          [
            29.1535901,
            40.9121959
          ],
          [
            29.1531012,
            40.9124077
          ],
          [
            29.1522115,
            40.9128164
          ],
          [
            29.1489881,
            40.9141807
          ]
        ]
      },
      "id": "way/230063833"
    },
    {
      "type": "Feature",
      "properties": {
        "@id": "way/230064590",
        "electrified": "contact_line",
        "frequency": "50",
        "gauge": "1435",
        "maxspeed": "80",
        "name": "İstanbul-Ankara demiryolu",
        "operator": "TCDD",
        "railway": "rail",
        "railway:bidirectional": "regular",
        "railway:etcs": "1",
        "railway:preferred_direction": "both",
        "usage": "main",
        "voltage": "25000"
      },
      "geometry": {
        "type": "LineString",
        "coordinates": [
          [
            29.2725115,
            40.8621367
          ],
          [
            29.2726102,
            40.8620067
          ],
          [
            29.273169,
            40.8610786
          ],
          [
            29.2737726,
            40.8602109
          ],
          [
            29.2740482,
            40.859785
          ],
          [
            29.2743779,
            40.8594258
          ],
          [
            29.2747852,
            40.8590756
          ],
          [
            29.2751241,
            40.8588148
          ],
          [
            29.2757481,
            40.8583104
          ],
          [
            29.2764147,
            40.8578783
          ],
          [
            29.2771706,
            40.8575179
          ],
          [
            29.2777508,
            40.8573076
          ],
          [
            29.2783941,
            40.8571166
          ],
          [
            29.2796749,
            40.8568353
          ],
          [
            29.2800133,
            40.8567774
          ],
          [
            29.2803405,
            40.8567423
          ],
          [
            29.2810153,
            40.8567077
          ],
          [
            29.2820594,
            40.8566993
          ],
          [
            29.2836379,
            40.8567575
          ],
          [
            29.2851314,
            40.8568543
          ],
          [
            29.2855917,
            40.8568632
          ],
          [
            29.2859157,
            40.8568586
          ],
          [
            29.286421,
            40.8568075
          ],
          [
            29.2870724,
            40.8566831
          ],
          [
            29.2879596,
            40.8564353
          ],
          [
            29.2884778,
            40.8562581
          ]
        ]
      },
      "id": "way/230064590"
    },
    {
      "type": "Feature",
      "properties": {
        "@id": "way/263948876",
        "cutting": "yes",
        "electrified": "contact_line",
        "frequency": "50",
        "gauge": "1435",
        "maxspeed": "80",
        "name": "Marmaray",
        "operator": "TCDD",
        "passenger_lines": "2",
        "railway": "rail",
        "railway:bidirectional": "possible",
        "railway:cbtc": "yes",
        "railway:etcs": "1",
        "railway:preferred_direction": "forward",
        "source": "marmaray",
        "usage": "main",
        "voltage": "25000",
        "wikipedia": "en:Marmaray"
      },
      "geometry": {
        "type": "LineString",
        "coordinates": [
          [
            29.0328249,
            40.9940932
          ],
          [
            29.032626,
            40.9942339
          ],
          [
            29.0324624,
            40.9943825
          ],
          [
            29.0323028,
            40.9945426
          ],
          [
            29.0321755,
            40.9946936
          ],
          [
            29.0317843,
            40.9952337
          ],
          [
            29.0307129,
            40.9966906
          ]
        ]
      },
      "id": "way/263948876"
    },
    {
      "type": "Feature",
      "properties": {
        "@id": "way/263948877",
        "bridge": "yes",
        "electrified": "contact_line",
        "frequency": "50",
        "gauge": "1435",
        "layer": "1",
        "maxspeed": "80",
        "name": "Marmaray",
        "operator": "TCDD",
        "passenger_lines": "2",
        "railway": "rail",
        "railway:bidirectional": "possible",
        "railway:cbtc": "yes",
        "railway:etcs": "1",
        "railway:preferred_direction": "forward",
        "usage": "main",
        "voltage": "25000"
      },
      "geometry": {
        "type": "LineString",
        "coordinates": [
          [
            29.0298736,
            40.9984731
          ],
          [
            29.0298671,
            40.9986464
          ]
        ]
      },
      "id": "way/263948877"
    },
    {
      "type": "Feature",
      "properties": {
        "@id": "way/323766907",
        "electrified": "contact_line",
        "frequency": "50",
        "gauge": "1435",
        "layer": "-3",
        "maxspeed": "80",
        "name": "Marmaray",
        "name:be": "Мармарай",
        "name:bg": "Мармарай (тунел)",
        "name:cv": "Мармарай",
        "name:fa": "مارمارای",
        "name:he": "מרמריי",
        "name:ja": "マルマライ",
        "name:ka": "მარმარაი",
        "name:ko": "마르마라이",
        "name:lv": "Marmaraja",
        "name:ru": "Мармарай",
        "name:sr": "Мармари",
        "name:th": "มาร์มาไรย์",
        "name:ug": "مارماراي",
        "name:uk": "Мармарай",
        "name:ur": "مرمرائی",
        "name:zh": "马尔马拉铁路",
        "operator": "TCDD",
        "passenger_lines": "2",
        "railway": "rail",
        "railway:bidirectional": "possible",
        "railway:cbtc": "yes",
        "railway:etcs": "1",
        "railway:preferred_direction": "forward",
        "source": "marmaray",
        "tunnel": "yes",
        "usage": "main",
        "voltage": "25000",
        "wikipedia": "en:Marmaray"
      },
      "geometry": {
        "type": "LineString",
        "coordinates": [
          [
            28.9773615,
            41.0134148
          ],
          [
            28.9791012,
            41.0136518
          ],
          [
            28.980221,
            41.0139354
          ],
          [
            28.9813039,
            41.014328
          ],
          [
            28.9819,
            41.014578
          ],
          [
            28.9824417,
            41.01485
          ],
          [
            28.9855192,
            41.0168116
          ],
          [
            28.9858099,
            41.0169566
          ],
          [
            28.987019,
            41.0174588
          ],
          [
            29.0069556,
            41.0241674
          ],
          [
            29.0086784,
            41.0245906
          ],
          [
            29.0110397,
            41.0252131
          ],
          [
            29.0117824,
            41.0253535
          ],
          [
            29.0133337,
            41.0256107
          ],
          [
            29.0152621,
            41.0259584
          ],
          [
            29.0159527,
            41.0260539
          ],
          [
            29.0165301,
            41.0260939
          ],
          [
            29.0186402,
            41.0260976
          ],
          [
            29.0203634,
            41.0260263
          ],
          [
            29.0214896,
            41.0259808
          ],
          [
            29.0227926,
            41.0258157
          ],
          [
            29.023347,
            41.0257018
          ],
          [
            29.0247154,
            41.0252237
          ],
          [
            29.0252235,
            41.0249582
          ],
          [
            29.0257541,
            41.0245926
          ],
          [
            29.0265519,
            41.0239297
          ],
          [
            29.0269091,
            41.0235619
          ],
          [
            29.0272252,
            41.0231716
          ],
          [
            29.0276075,
            41.0225742
          ],
          [
            29.027788,
            41.022105
          ],
          [
            29.0280389,
            41.0210944
          ],
          [
            29.0281286,
            41.0205246
          ],
          [
            29.028259,
            41.0197228
          ],
          [
            29.0285911,
            41.0165549
          ],
          [
            29.0286659,
            41.0160206
          ],
          [
            29.0290611,
            41.0131298
          ],
          [
            29.0304705,
            41.0074267
          ],
          [
            29.0311435,
            41.0050897
          ],
          [
            29.0312657,
            41.0043673
          ],
          [
            29.0312685,
            41.0039185
          ],
          [
            29.0309077,
            41.0026975
          ]
        ]
      },
      "id": "way/323766907"
    },
    {
      "type": "Feature",
      "properties": {
        "@id": "way/323782230",
        "bridge": "yes",
        "electrified": "contact_line",
        "frequency": "50",
        "gauge": "1435",
        "layer": "1",
        "maxspeed": "80",
        "name": "Marmaray",
        "operator": "TCDD",
        "passenger_lines": "2",
        "railway": "rail",
        "railway:bidirectional": "possible",
        "railway:cbtc": "yes",
        "railway:etcs": "1",
        "railway:preferred_direction": "forward",
        "usage": "main",
        "voltage": "25000"
      },
      "geometry": {
        "type": "LineString",
        "coordinates": [
          [
            29.0297234,
            40.9986437
          ],
          [
            29.0297371,
            40.9984695
          ]
        ]
      },
      "id": "way/323782230"
    },
    {
      "type": "Feature",
      "properties": {
        "@id": "way/428065000",
        "electrified": "contact_line",
        "frequency": "50",
        "gauge": "1435",
        "maxspeed": "80",
        "name": "Marmaray",
        "operator": "TCDD",
        "passenger_lines": "2",
        "railway": "rail",
        "railway:bidirectional": "possible",
        "railway:cbtc": "yes",
        "railway:etcs": "1",
        "railway:preferred_direction": "forward",
        "usage": "main",
        "voltage": "25000"
      },
      "geometry": {
        "type": "LineString",
        "coordinates": [
          [
            29.0390359,
            40.9893689
          ],
          [
            29.0395023,
            40.9888089
          ],
          [
            29.0410454,
            40.9869009
          ]
        ]
      },
      "id": "way/428065000"
    },
    {
      "type": "Feature",
      "properties": {
        "@id": "way/496534943",
        "electrified": "contact_line",
        "frequency": "50",
        "gauge": "1435",
        "maxspeed": "80",
        "name": "Marmaray",
        "operator": "TCDD",
        "passenger_lines": "2",
        "railway": "rail",
        "railway:bidirectional": "possible",
        "railway:cbtc": "yes",
        "railway:etcs": "1",
        "railway:preferred_direction": "forward",
        "source": "marmaray",
        "usage": "main",
        "voltage": "25000",
        "wikipedia": "en:Marmaray"
      },
      "geometry": {
        "type": "LineString",
        "coordinates": [
          [
            29.0303295,
            41.0010293
          ],
          [
            29.0300959,
            41.0003172
          ],
          [
            29.029844,
            40.9995494
          ],
          [
            29.0297945,
            40.9993658
          ],
          [
            29.0297394,
            40.9989551
          ],
          [
            29.0297234,
            40.9986437
          ]
        ]
      },
      "id": "way/496534943"
    },
    {
      "type": "Feature",
      "properties": {
        "@id": "way/496534944",
        "electrified": "contact_line",
        "frequency": "50",
        "gauge": "1435",
        "maxspeed": "80",
        "name": "Marmaray",
        "operator": "TCDD",
        "passenger_lines": "2",
        "railway": "rail",
        "railway:bidirectional": "possible",
        "railway:cbtc": "yes",
        "railway:etcs": "1",
        "railway:preferred_direction": "forward",
        "source": "marmaray",
        "usage": "main",
        "voltage": "25000",
        "wikipedia": "en:Marmaray"
      },
      "geometry": {
        "type": "LineString",
        "coordinates": [
          [
            29.0298671,
            40.9986464
          ],
          [
            29.0298864,
            40.9989564
          ],
          [
            29.0299515,
            40.9993389
          ],
          [
            29.0300014,
            40.9995132
          ],
          [
            29.0302662,
            41.000277
          ],
          [
            29.0305435,
            41.0010765
          ]
        ]
      },
      "id": "way/496534944"
    },
    {
      "type": "Feature",
      "properties": {
        "@id": "way/509922110",
        "electrified": "contact_line",
        "frequency": "50",
        "gauge": "1435",
        "layer": "-2",
        "maxspeed": "80",
        "name": "Marmaray",
        "operator": "TCDD",
        "passenger_lines": "2",
        "railway": "rail",
        "railway:bidirectional": "possible",
        "railway:cbtc": "yes",
        "railway:etcs": "1",
        "railway:preferred_direction": "forward",
        "source": "marmaray",
        "tunnel": "yes",
        "usage": "main",
        "voltage": "25000",
        "wikipedia": "en:Marmaray"
      },
      "geometry": {
        "type": "LineString",
        "coordinates": [
          [
            29.0305435,
            41.0010765
          ],
          [
            29.0311129,
            41.0026556
          ]
        ]
      },
      "id": "way/509922110"
    },
    {
      "type": "Feature",
      "properties": {
        "@id": "way/521852431",
        "electrified": "contact_line",
        "frequency": "50",
        "gauge": "1435",
        "maxspeed": "80",
        "name": "Marmaray",
        "operator": "TCDD",
        "railway": "rail",
        "railway:bidirectional": "possible",
        "railway:cbtc": "yes",
        "railway:etcs": "1",
        "railway:preferred_direction": "forward",
        "usage": "main",
        "voltage": "25000"
      },
      "geometry": {
        "type": "LineString",
        "coordinates": [
          [
            29.2724584,
            40.8624392
          ],
          [
            29.2721969,
            40.862708
          ],
          [
            29.271918,
            40.8629606
          ],
          [
            29.2715344,
            40.863278
          ]
        ]
      },
      "id": "way/521852431"
    },
    {
      "type": "Feature",
      "properties": {
        "@id": "way/521854084",
        "bridge": "yes",
        "electrified": "contact_line",
        "frequency": "50",
        "gauge": "1435",
        "layer": "1",
        "maxspeed": "80",
        "name": "Marmaray",
        "operator": "TCDD",
        "railway": "rail",
        "railway:bidirectional": "possible",
        "railway:cbtc": "yes",
        "railway:etcs": "1",
        "railway:preferred_direction": "forward",
        "usage": "main",
        "voltage": "25000"
      },
      "geometry": {
        "type": "LineString",
        "coordinates": [
          [
            29.2723726,
            40.8623961
          ],
          [
            29.2725559,
            40.8621558
          ]
        ]
      },
      "id": "way/521854084"
    },
    {
      "type": "Feature",
      "properties": {
        "@id": "way/521854085",
        "bridge": "yes",
        "electrified": "contact_line",
        "frequency": "50",
        "gauge": "1435",
        "layer": "1",
        "maxspeed": "80",
        "name": "Marmaray",
        "operator": "TCDD",
        "railway": "rail",
        "railway:bidirectional": "possible",
        "railway:cbtc": "yes",
        "railway:etcs": "1",
        "railway:preferred_direction": "forward",
        "usage": "main",
        "voltage": "25000"
      },
      "geometry": {
        "type": "LineString",
        "coordinates": [
          [
            29.2726542,
            40.8621918
          ],
          [
            29.2724584,
            40.8624392
          ]
        ]
      },
      "id": "way/521854085"
    },
    {
      "type": "Feature",
      "properties": {
        "@id": "way/521854086",
        "electrified": "contact_line",
        "frequency": "50",
        "gauge": "1435",
        "maxspeed": "80",
        "name": "Marmaray",
        "operator": "TCDD",
        "railway": "rail",
        "railway:bidirectional": "possible",
        "railway:cbtc": "yes",
        "railway:etcs": "1",
        "railway:preferred_direction": "forward",
        "usage": "main",
        "voltage": "25000"
      },
      "geometry": {
        "type": "LineString",
        "coordinates": [
          [
            29.2885221,
            40.8563189
          ],
          [
            29.2880018,
            40.8565005
          ],
          [
            29.2870952,
            40.8567622
          ],
          [
            29.2864475,
            40.856887
          ],
          [
            29.2859177,
            40.8569377
          ],
          [
            29.2851211,
            40.8569651
          ],
          [
            29.2835991,
            40.8569574
          ],
          [
            29.2820419,
            40.8568413
          ],
          [
            29.2810294,
            40.8567886
          ],
          [
            29.2803494,
            40.85682
          ],
          [
            29.2800356,
            40.8568586
          ],
          [
            29.2796991,
            40.8569103
          ],
          [
            29.2784263,
            40.8571923
          ],
          [
            29.277792,
            40.85738
          ],
          [
            29.277218,
            40.8575909
          ],
          [
            29.2764844,
            40.8579338
          ],
          [
            29.2758179,
            40.8583719
          ],
          [
            29.2751956,
            40.8588608
          ],
          [
            29.2748657,
            40.8591297
          ],
          [
            29.2744674,
            40.8594785
          ],
          [
            29.2741925,
            40.8598305
          ],
          [
            29.2741254,
            40.8599482
          ],
          [
            29.2733746,
            40.8611722
          ],
          [
            29.2727508,
            40.8620691
          ],
          [
            29.2726542,
            40.8621918
          ]
        ]
      },
      "id": "way/521854086"
    },
    {
      "type": "Feature",
      "properties": {
        "@id": "way/521854087",
        "electrified": "contact_line",
        "frequency": "50",
        "gauge": "1435",
        "maxspeed": "80",
        "name": "Marmaray",
        "operator": "TCDD",
        "railway": "rail",
        "railway:bidirectional": "possible",
        "railway:cbtc": "yes",
        "railway:etcs": "1",
        "railway:preferred_direction": "forward",
        "usage": "main",
        "voltage": "25000"
      },
      "geometry": {
        "type": "LineString",
        "coordinates": [
          [
            29.2725559,
            40.8621558
          ],
          [
            29.2726372,
            40.8620187
          ],
          [
            29.2732063,
            40.8610961
          ],
          [
            29.2738129,
            40.8602261
          ],
          [
            29.2741064,
            40.8598034
          ],
          [
            29.2744227,
            40.8594522
          ],
          [
            29.2748254,
            40.8591026
          ],
          [
            29.2751598,
            40.8588378
          ],
          [
            29.275783,
            40.8583412
          ],
          [
            29.2764495,
            40.8579061
          ],
          [
            29.2771943,
            40.8575544
          ],
          [
            29.2777714,
            40.8573438
          ],
          [
            29.2784102,
            40.8571544
          ],
          [
            29.279687,
            40.8568728
          ],
          [
            29.2800245,
            40.856818
          ],
          [
            29.280345,
            40.8567812
          ],
          [
            29.2810224,
            40.8567482
          ],
          [
            29.2820574,
            40.8567359
          ],
          [
            29.2836318,
            40.8567994
          ],
          [
            29.2851286,
            40.8568848
          ],
          [
            29.2855918,
            40.8568981
          ],
          [
            29.2859154,
            40.8568961
          ],
          [
            29.2864343,
            40.8568473
          ],
          [
            29.2870838,
            40.8567226
          ],
          [
            29.2879807,
            40.8564679
          ],
          [
            29.2885,
            40.8562885
          ]
        ]
      },
      "id": "way/521854087"
    },
    {
      "type": "Feature",
      "properties": {
        "@id": "way/521856330",
        "electrified": "contact_line",
        "frequency": "50",
        "gauge": "1435",
        "maxspeed": "80",
        "name": "Marmaray",
        "operator": "TCDD",
        "railway": "rail",
        "railway:bidirectional": "possible",
        "railway:cbtc": "yes",
        "railway:etcs": "1",
        "railway:preferred_direction": "forward",
        "usage": "main",
        "voltage": "25000"
      },
      "geometry": {
        "type": "LineString",
        "coordinates": [
          [
            29.3287405,
            40.8222624
          ],
          [
            29.3284856,
            40.8230118
          ],
          [
            29.328211,
            40.8241308
          ],
          [
            29.3280861,
            40.8245358
          ],
          [
            29.3279084,
            40.8249402
          ],
          [
            29.3276772,
            40.8253655
          ],
          [
            29.3273387,
            40.8259046
          ],
          [
            29.326909,
            40.8263893
          ],
          [
            29.3264974,
            40.8268036
          ],
          [
            29.3258317,
            40.8273378
          ],
          [
            29.3241952,
            40.8286519
          ],
          [
            29.3234104,
            40.829277
          ],
          [
            29.3229618,
            40.8296312
          ],
          [
            29.3226734,
            40.8298362
          ],
          [
            29.322314,
            40.830104
          ],
          [
            29.3214462,
            40.8306733
          ],
          [
            29.3202366,
            40.8314659
          ],
          [
            29.3172862,
            40.833411
          ],
          [
            29.316102,
            40.8341933
          ],
          [
            29.3155347,
            40.8345901
          ],
          [
            29.3150422,
            40.8349601
          ],
          [
            29.313952,
            40.8357817
          ],
          [
            29.3111264,
            40.8379428
          ],
          [
            29.3079547,
            40.8403685
          ],
          [
            29.307547,
            40.8406495
          ],
          [
            29.3070777,
            40.8409447
          ],
          [
            29.3038948,
            40.8427293
          ]
        ]
      },
      "id": "way/521856330"
    },
    {
      "type": "Feature",
      "properties": {
        "@id": "way/521856332",
        "bridge": "yes",
        "electrified": "contact_line",
        "frequency": "50",
        "gauge": "1435",
        "layer": "1",
        "maxspeed": "80",
        "name": "Marmaray",
        "operator": "TCDD",
        "railway": "rail",
        "railway:bidirectional": "possible",
        "railway:cbtc": "yes",
        "railway:etcs": "1",
        "railway:preferred_direction": "forward",
        "usage": "main",
        "voltage": "25000"
      },
      "geometry": {
        "type": "LineString",
        "coordinates": [
          [
            29.2887716,
            40.8562195
          ],
          [
            29.2885221,
            40.8563189
          ]
        ]
      },
      "id": "way/521856332"
    },
    {
      "type": "Feature",
      "properties": {
        "@id": "way/521856334",
        "bridge": "yes",
        "electrified": "contact_line",
        "frequency": "50",
        "gauge": "1435",
        "layer": "1",
        "maxspeed": "80",
        "name": "Marmaray",
        "operator": "TCDD",
        "railway": "rail",
        "railway:bidirectional": "possible",
        "railway:cbtc": "yes",
        "railway:etcs": "1",
        "railway:preferred_direction": "forward",
        "usage": "main",
        "voltage": "25000"
      },
      "geometry": {
        "type": "LineString",
        "coordinates": [
          [
            29.2885,
            40.8562885
          ],
          [
            29.2887441,
            40.8561913
          ]
        ]
      },
      "id": "way/521856334"
    },
    {
      "type": "Feature",
      "properties": {
        "@id": "way/521856335",
        "electrified": "contact_line",
        "frequency": "50",
        "gauge": "1435",
        "maxspeed": "80",
        "name": "Marmaray",
        "operator": "TCDD",
        "railway": "rail",
        "railway:bidirectional": "possible",
        "railway:cbtc": "yes",
        "railway:etcs": "1",
        "railway:preferred_direction": "forward",
        "usage": "main",
        "voltage": "25000"
      },
      "geometry": {
        "type": "LineString",
        "coordinates": [
          [
            29.2887441,
            40.8561913
          ],
          [
            29.2892416,
            40.8559579
          ],
          [
            29.2896223,
            40.8557413
          ],
          [
            29.2903648,
            40.8552888
          ],
          [
            29.2910028,
            40.854761
          ],
          [
            29.291523,
            40.8542371
          ],
          [
            29.2917918,
            40.853923
          ],
          [
            29.2923212,
            40.8532609
          ],
          [
            29.2931015,
            40.8522895
          ],
          [
            29.293968,
            40.8512511
          ],
          [
            29.2947737,
            40.8503112
          ],
          [
            29.2950633,
            40.8499534
          ],
          [
            29.2958749,
            40.8489507
          ],
          [
            29.2961996,
            40.8485923
          ],
          [
            29.2965918,
            40.8482191
          ],
          [
            29.2969356,
            40.8479227
          ],
          [
            29.2973514,
            40.8476163
          ],
          [
            29.298036,
            40.8471633
          ],
          [
            29.2985141,
            40.8468163
          ],
          [
            29.2990785,
            40.846379
          ],
          [
            29.2999701,
            40.8456483
          ],
          [
            29.3009793,
            40.8448735
          ],
          [
            29.3016703,
            40.8443542
          ],
          [
            29.3026721,
            40.8435102
          ],
          [
            29.3031454,
            40.8431529
          ],
          [
            29.3035354,
            40.8428955
          ]
        ]
      },
      "id": "way/521856335"
    },
    {
      "type": "Feature",
      "properties": {
        "@id": "way/522101896",
        "electrified": "contact_line",
        "frequency": "50",
        "gauge": "1435",
        "layer": "-1",
        "maxspeed": "80",
        "name": "Marmaray",
        "operator": "TCDD",
        "railway": "rail",
        "railway:bidirectional": "possible",
        "railway:cbtc": "yes",
        "railway:etcs": "1",
        "railway:preferred_direction": "forward",
        "tunnel": "yes",
        "usage": "main",
        "voltage": "25000"
      },
      "geometry": {
        "type": "LineString",
        "coordinates": [
          [
            29.3291665,
            40.8213751
          ],
          [
            29.3287405,
            40.8222624
          ]
        ]
      },
      "id": "way/522101896"
    },
    {
      "type": "Feature",
      "properties": {
        "@id": "way/522101897",
        "electrified": "contact_line",
        "frequency": "50",
        "gauge": "1435",
        "maxspeed": "80",
        "name": "Marmaray",
        "operator": "TCDD",
        "railway": "rail",
        "railway:bidirectional": "possible",
        "railway:cbtc": "yes",
        "railway:etcs": "1",
        "railway:preferred_direction": "forward",
        "usage": "main",
        "voltage": "25000"
      },
      "geometry": {
        "type": "LineString",
        "coordinates": [
          [
            29.3291059,
            40.821351
          ],
          [
            29.3294902,
            40.8208102
          ],
          [
            29.3297927,
            40.8204284
          ],
          [
            29.3301182,
            40.8200783
          ],
          [
            29.3305823,
            40.8196683
          ],
          [
            29.3388321,
            40.8132503
          ],
          [
            29.3392927,
            40.8129168
          ],
          [
            29.3397391,
            40.8126362
          ],
          [
            29.3402334,
            40.8123674
          ],
          [
            29.3406639,
            40.8121655
          ],
          [
            29.3413991,
            40.8118889
          ],
          [
            29.341993,
            40.8116946
          ],
          [
            29.344226,
            40.810996
          ],
          [
            29.3448644,
            40.8108167
          ],
          [
            29.3453607,
            40.8107123
          ],
          [
            29.3460906,
            40.8106069
          ],
          [
            29.3473611,
            40.8104792
          ],
          [
            29.3487818,
            40.8103363
          ],
          [
            29.3504218,
            40.8101493
          ],
          [
            29.3510537,
            40.8100545
          ],
          [
            29.3594043,
            40.8084622
          ]
        ]
      },
      "id": "way/522101897"
    },
    {
      "type": "Feature",
      "properties": {
        "@id": "way/522101898",
        "electrified": "contact_line",
        "frequency": "50",
        "gauge": "1435",
        "layer": "-1",
        "maxspeed": "80",
        "name": "Marmaray",
        "operator": "TCDD",
        "railway": "rail",
        "railway:bidirectional": "possible",
        "railway:cbtc": "yes",
        "railway:etcs": "1",
        "railway:preferred_direction": "forward",
        "tunnel": "yes",
        "usage": "main",
        "voltage": "25000"
      },
      "geometry": {
        "type": "LineString",
        "coordinates": [
          [
            29.328674,
            40.8222448
          ],
          [
            29.3291059,
            40.821351
          ]
        ]
      },
      "id": "way/522101898"
    },
    {
      "type": "Feature",
      "properties": {
        "@id": "way/522102553",
        "electrified": "contact_line",
        "frequency": "50",
        "gauge": "1435",
        "maxspeed": "80",
        "name": "Marmaray",
        "operator": "TCDD",
        "railway": "rail",
        "railway:bidirectional": "possible",
        "railway:cbtc": "yes",
        "railway:etcs": "1",
        "railway:preferred_direction": "forward",
        "usage": "main",
        "voltage": "25000"
      },
      "geometry": {
        "type": "LineString",
        "coordinates": [
          [
            29.4107891,
            40.7839925
          ],
          [
            29.4098997,
            40.7842713
          ],
          [
            29.4093985,
            40.7844248
          ],
          [
            29.4088967,
            40.7845735
          ],
          [
            29.4082813,
            40.7847399
          ],
          [
            29.4078377,
            40.7848586
          ],
          [
            29.4072746,
            40.7850164
          ],
          [
            29.4069435,
            40.7851178
          ],
          [
            29.4062983,
            40.7853245
          ],
          [
            29.4009148,
            40.7870559
          ],
          [
            29.3980944,
            40.7879471
          ],
          [
            29.3970296,
            40.7883004
          ],
          [
            29.396123,
            40.7886904
          ],
          [
            29.3952754,
            40.7891452
          ],
          [
            29.3943876,
            40.7897169
          ],
          [
            29.3939986,
            40.7899829
          ],
          [
            29.3935159,
            40.7903464
          ],
          [
            29.3928292,
            40.7908622
          ],
          [
            29.3922257,
            40.7913039
          ],
          [
            29.3919766,
            40.7914702
          ],
          [
            29.3913864,
            40.7918337
          ],
          [
            29.3908739,
            40.7921294
          ],
          [
            29.3902678,
            40.7924705
          ],
          [
            29.3893943,
            40.7930309
          ],
          [
            29.3826368,
            40.7975571
          ],
          [
            29.3820789,
            40.7979754
          ],
          [
            29.3817034,
            40.7982576
          ],
          [
            29.3812904,
            40.7985541
          ],
          [
            29.3801707,
            40.7992974
          ],
          [
            29.3789555,
            40.8001013
          ],
          [
            29.3780475,
            40.8006576
          ],
          [
            29.3769908,
            40.8012972
          ],
          [
            29.3726188,
            40.8042006
          ],
          [
            29.3712964,
            40.8050594
          ],
          [
            29.3707935,
            40.8053842
          ],
          [
            29.3698199,
            40.805909
          ],
          [
            29.3687913,
            40.8063719
          ],
          [
            29.3678223,
            40.8067247
          ],
          [
            29.3667147,
            40.8070528
          ],
          [
            29.3661531,
            40.8071931
          ],
          [
            29.3653333,
            40.8073915
          ],
          [
            29.364835,
            40.8075038
          ],
          [
            29.3637973,
            40.8077161
          ],
          [
            29.3626918,
            40.8079001
          ],
          [
            29.3597133,
            40.8084341
          ]
        ]
      },
      "id": "way/522102553"
    },
    {
      "type": "Feature",
      "properties": {
        "@id": "way/522102555",
        "electrified": "contact_line",
        "frequency": "50",
        "gauge": "1435",
        "maxspeed": "80",
        "name": "Marmaray",
        "operator": "TCDD",
        "railway": "rail",
        "railway:bidirectional": "possible",
        "railway:cbtc": "yes",
        "railway:etcs": "1",
        "railway:preferred_direction": "forward",
        "usage": "main",
        "voltage": "25000"
      },
      "geometry": {
        "type": "LineString",
        "coordinates": [
          [
            29.3597014,
            40.8084013
          ],
          [
            29.3641082,
            40.8075304
          ],
          [
            29.3652952,
            40.8072958
          ],
          [
            29.366131,
            40.8071386
          ],
          [
            29.3666993,
            40.807012
          ],
          [
            29.3678052,
            40.8066904
          ],
          [
            29.3687676,
            40.8063371
          ],
          [
            29.3697978,
            40.8058781
          ],
          [
            29.370763,
            40.8053554
          ],
          [
            29.3712627,
            40.8050351
          ],
          [
            29.3800571,
            40.7992059
          ],
          [
            29.3826018,
            40.7975192
          ],
          [
            29.3907228,
            40.7920941
          ],
          [
            29.3918205,
            40.791366
          ],
          [
            29.3943574,
            40.7896834
          ],
          [
            29.3952491,
            40.7891115
          ],
          [
            29.3961015,
            40.7886533
          ],
          [
            29.3970074,
            40.7882685
          ],
          [
            29.3980762,
            40.7879056
          ],
          [
            29.4015286,
            40.78681
          ],
          [
            29.4032003,
            40.7862795
          ],
          [
            29.4054012,
            40.785581
          ],
          [
            29.4069202,
            40.7850704
          ],
          [
            29.4072406,
            40.7849702
          ],
          [
            29.4077965,
            40.7847922
          ],
          [
            29.4083273,
            40.7846262
          ],
          [
            29.4088364,
            40.7844687
          ],
          [
            29.4093664,
            40.784302
          ],
          [
            29.409991,
            40.7841074
          ],
          [
            29.4107357,
            40.7838747
          ]
        ]
      },
      "id": "way/522102555"
    },
    {
      "type": "Feature",
      "properties": {
        "@id": "way/522102562",
        "bridge": "yes",
        "electrified": "contact_line",
        "frequency": "50",
        "gauge": "1435",
        "layer": "1",
        "maxspeed": "80",
        "name": "Marmaray",
        "operator": "TCDD",
        "railway": "rail",
        "railway:bidirectional": "possible",
        "railway:cbtc": "yes",
        "railway:etcs": "1",
        "railway:preferred_direction": "forward",
        "usage": "main",
        "voltage": "25000"
      },
      "geometry": {
        "type": "LineString",
        "coordinates": [
          [
            29.3597133,
            40.8084341
          ],
          [
            29.3594163,
            40.8084949
          ]
        ]
      },
      "id": "way/522102562"
    },
    {
      "type": "Feature",
      "properties": {
        "@id": "way/522102565",
        "bridge": "yes",
        "electrified": "contact_line",
        "frequency": "50",
        "gauge": "1435",
        "layer": "1",
        "maxspeed": "80",
        "name": "Marmaray",
        "operator": "TCDD",
        "railway": "rail",
        "railway:bidirectional": "possible",
        "railway:cbtc": "yes",
        "railway:etcs": "1",
        "railway:preferred_direction": "forward",
        "usage": "main",
        "voltage": "25000"
      },
      "geometry": {
        "type": "LineString",
        "coordinates": [
          [
            29.3594043,
            40.8084622
          ],
          [
            29.3597014,
            40.8084013
          ]
        ]
      },
      "id": "way/522102565"
    },
    {
      "type": "Feature",
      "properties": {
        "@id": "way/522114297",
        "electrified": "contact_line",
        "frequency": "50",
        "gauge": "1435",
        "highspeed": "yes",
        "maxspeed": "120",
        "name": "İstanbul-Ankara yüksek hızlı demiryolu",
        "name:en": "İstanbul-Ankara high speed railway",
        "operator": "TCDD",
        "railway": "rail",
        "railway:etcs": "1",
        "usage": "main",
        "voltage": "25000"
      },
      "geometry": {
        "type": "LineString",
        "coordinates": [
          [
            29.4752256,
            40.7767969
          ],
          [
            29.4745312,
            40.7766517
          ],
          [
            29.4737108,
            40.7764325
          ],
          [
            29.4733258,
            40.7763045
          ],
          [
            29.4728943,
            40.7761324
          ],
          [
            29.4724887,
            40.7759405
          ],
          [
            29.472116,
            40.7757411
          ],
          [
            29.471711,
            40.7755207
          ],
          [
            29.470297,
            40.7746662
          ],
          [
            29.4699586,
            40.7744878
          ],
          [
            29.4695812,
            40.7742893
          ],
          [
            29.4687238,
            40.7739262
          ]
        ]
      },
      "id": "way/522114297"
    },
    {
      "type": "Feature",
      "properties": {
        "@id": "way/522114298",
        "electrified": "contact_line",
        "frequency": "50",
        "gauge": "1435",
        "highspeed": "yes",
        "layer": "-1",
        "maxspeed": "120",
        "name": "İstanbul-Ankara yüksek hızlı demiryolu",
        "name:en": "İstanbul-Ankara high speed railway",
        "operator": "TCDD",
        "railway": "rail",
        "railway:etcs": "1",
        "tunnel": "yes",
        "usage": "main",
        "voltage": "25000"
      },
      "geometry": {
        "type": "LineString",
        "coordinates": [
          [
            29.4774442,
            40.7772451
          ],
          [
            29.4752256,
            40.7767969
          ]
        ]
      },
      "id": "way/522114298"
    },
    {
      "type": "Feature",
      "properties": {
        "@id": "way/522114299",
        "electrified": "contact_line",
        "frequency": "50",
        "gauge": "1435",
        "highspeed": "yes",
        "layer": "-1",
        "maxspeed": "120",
        "name": "İstanbul-Ankara yüksek hızlı demiryolu",
        "name:en": "İstanbul-Ankara high speed railway",
        "operator": "TCDD",
        "railway": "rail",
        "railway:etcs": "1",
        "tunnel": "yes",
        "usage": "main",
        "voltage": "25000"
      },
      "geometry": {
        "type": "LineString",
        "coordinates": [
          [
            29.4687238,
            40.7739262
          ],
          [
            29.4683019,
            40.7737664
          ],
          [
            29.4678168,
            40.7736301
          ],
          [
            29.4671971,
            40.773505
          ],
          [
            29.4663326,
            40.7733972
          ],
          [
            29.465602,
            40.7733642
          ]
        ]
      },
      "id": "way/522114299"
    },
    {
      "type": "Feature",
      "properties": {
        "@id": "way/522114544",
        "electrified": "contact_line",
        "frequency": "50",
        "gauge": "1435",
        "highspeed": "yes",
        "layer": "-1",
        "maxspeed": "120",
        "name": "İstanbul-Ankara yüksek hızlı demiryolu",
        "name:en": "İstanbul-Ankara high speed railway",
        "operator": "TCDD",
        "railway": "rail",
        "railway:etcs": "1",
        "tunnel": "yes",
        "usage": "main",
        "voltage": "25000"
      },
      "geometry": {
        "type": "LineString",
        "coordinates": [
          [
            29.4884377,
            40.7808135
          ],
          [
            29.4880595,
            40.7807468
          ],
          [
            29.4876103,
            40.7806443
          ],
          [
            29.4871061,
            40.7804801
          ],
          [
            29.4866672,
            40.7802827
          ],
          [
            29.4859203,
            40.7799204
          ],
          [
            29.4849664,
            40.7794178
          ],
          [
            29.4839754,
            40.7789432
          ],
          [
            29.4832405,
            40.7786123
          ]
        ]
      },
      "id": "way/522114544"
    },
    {
      "type": "Feature",
      "properties": {
        "@id": "way/522114545",
        "electrified": "contact_line",
        "frequency": "50",
        "gauge": "1435",
        "highspeed": "yes",
        "maxspeed": "120",
        "name": "İstanbul-Ankara yüksek hızlı demiryolu",
        "name:en": "İstanbul-Ankara high speed railway",
        "operator": "TCDD",
        "railway": "rail",
        "railway:etcs": "1",
        "usage": "main",
        "voltage": "25000"
      },
      "geometry": {
        "type": "LineString",
        "coordinates": [
          [
            29.4832405,
            40.7786123
          ],
          [
            29.4827346,
            40.7784347
          ],
          [
            29.4822606,
            40.7782777
          ],
          [
            29.48184,
            40.7781623
          ],
          [
            29.4810304,
            40.7779701
          ],
          [
            29.4774442,
            40.7772451
          ]
        ]
      },
      "id": "way/522114545"
    },
    {
      "type": "Feature",
      "properties": {
        "@id": "way/522114670",
        "electrified": "contact_line",
        "frequency": "50",
        "gauge": "1435",
        "highspeed": "yes",
        "maxspeed": "120",
        "name": "İstanbul-Ankara yüksek hızlı demiryolu",
        "name:en": "İstanbul-Ankara high speed railway",
        "operator": "TCDD",
        "railway": "rail",
        "railway:etcs": "1",
        "usage": "main",
        "voltage": "25000"
      },
      "geometry": {
        "type": "LineString",
        "coordinates": [
          [
            29.4956833,
            40.7799696
          ],
          [
            29.4946673,
            40.7800915
          ],
          [
            29.4939831,
            40.7802132
          ],
          [
            29.4915559,
            40.780753
          ],
          [
            29.4910035,
            40.7808226
          ],
          [
            29.4905602,
            40.7808718
          ],
          [
            29.4900137,
            40.7809003
          ],
          [
            29.4894448,
            40.7809078
          ],
          [
            29.4889647,
            40.7808859
          ],
          [
            29.4884377,
            40.7808135
          ]
        ]
      },
      "id": "way/522114670"
    },
    {
      "type": "Feature",
      "properties": {
        "@id": "way/522114671",
        "electrified": "contact_line",
        "frequency": "50",
        "gauge": "1435",
        "highspeed": "yes",
        "layer": "-1",
        "maxspeed": "120",
        "name": "İstanbul-Ankara yüksek hızlı demiryolu",
        "name:en": "İstanbul-Ankara high speed railway",
        "operator": "TCDD",
        "railway": "rail",
        "railway:etcs": "1",
        "tunnel": "yes",
        "usage": "main",
        "voltage": "25000"
      },
      "geometry": {
        "type": "LineString",
        "coordinates": [
          [
            29.4984511,
            40.7800279
          ],
          [
            29.4969928,
            40.7799292
          ],
          [
            29.4956833,
            40.7799696
          ]
        ]
      },
      "id": "way/522114671"
    },
    {
      "type": "Feature",
      "properties": {
        "@id": "way/522117715",
        "electrified": "contact_line",
        "frequency": "50",
        "gauge": "1435",
        "highspeed": "yes",
        "maxspeed": "120",
        "name": "İstanbul-Ankara yüksek hızlı demiryolu",
        "name:en": "İstanbul-Ankara high speed railway",
        "operator": "TCDD",
        "railway": "rail",
        "railway:etcs": "1",
        "usage": "main",
        "voltage": "25000"
      },
      "geometry": {
        "type": "LineString",
        "coordinates": [
          [
            29.5054164,
            40.7788205
          ],
          [
            29.5049252,
            40.7791082
          ],
          [
            29.5045096,
            40.7793369
          ],
          [
            29.5041477,
            40.7794976
          ],
          [
            29.5036235,
            40.7796996
          ],
          [
            29.5031722,
            40.7798451
          ],
          [
            29.5027812,
            40.7799348
          ],
          [
            29.5022378,
            40.7800369
          ],
          [
            29.5018476,
            40.7800894
          ],
          [
            29.5013997,
            40.7801299
          ],
          [
            29.5010098,
            40.7801427
          ],
          [
            29.5004727,
            40.7801369
          ],
          [
            29.4999045,
            40.7801139
          ],
          [
            29.4984511,
            40.7800279
          ]
        ]
      },
      "id": "way/522117715"
    },
    {
      "type": "Feature",
      "properties": {
        "@id": "way/522117777",
        "electrified": "contact_line",
        "frequency": "50",
        "gauge": "1435",
        "highspeed": "yes",
        "layer": "-1",
        "maxspeed": "120",
        "name": "İstanbul-Ankara yüksek hızlı demiryolu",
        "name:en": "İstanbul-Ankara high speed railway",
        "operator": "TCDD",
        "railway": "rail",
        "railway:etcs": "1",
        "tunnel": "yes",
        "usage": "main",
        "voltage": "25000"
      },
      "geometry": {
        "type": "LineString",
        "coordinates": [
          [
            29.5083089,
            40.7767006
          ],
          [
            29.5057918,
            40.778561
          ],
          [
            29.5054164,
            40.7788205
          ]
        ]
      },
      "id": "way/522117777"
    },
    {
      "type": "Feature",
      "properties": {
        "@id": "way/522126706",
        "electrified": "contact_line",
        "frequency": "50",
        "gauge": "1435",
        "highspeed": "yes",
        "maxspeed": "120",
        "name": "İstanbul-Ankara yüksek hızlı demiryolu",
        "name:en": "İstanbul-Ankara high speed railway",
        "operator": "TCDD",
        "railway": "rail",
        "railway:etcs": "1",
        "usage": "main",
        "voltage": "25000"
      },
      "geometry": {
        "type": "LineString",
        "coordinates": [
          [
            29.5163869,
            40.7699215
          ],
          [
            29.5161814,
            40.7700265
          ],
          [
            29.5159493,
            40.7701642
          ],
          [
            29.5157712,
            40.770274
          ],
          [
            29.5155805,
            40.7704049
          ],
          [
            29.5154106,
            40.7705306
          ],
          [
            29.5151877,
            40.7707093
          ],
          [
            29.5150267,
            40.7708416
          ],
          [
            29.5148537,
            40.7710001
          ],
          [
            29.5146865,
            40.771169
          ],
          [
            29.5144926,
            40.7713734
          ],
          [
            29.5135519,
            40.7724321
          ],
          [
            29.5132937,
            40.7726961
          ],
          [
            29.5130183,
            40.7729424
          ],
          [
            29.5127757,
            40.7731394
          ],
          [
            29.511971,
            40.773781
          ],
          [
            29.5096448,
            40.7756356
          ],
          [
            29.5083089,
            40.7767006
          ]
        ]
      },
      "id": "way/522126706"
    },
    {
      "type": "Feature",
      "properties": {
        "@id": "way/522126709",
        "electrified": "contact_line",
        "frequency": "50",
        "gauge": "1435",
        "highspeed": "yes",
        "layer": "-1",
        "maxspeed": "120",
        "name": "İstanbul-Ankara yüksek hızlı demiryolu",
        "name:en": "İstanbul-Ankara high speed railway",
        "operator": "TCDD",
        "railway": "rail",
        "railway:etcs": "1",
        "tunnel": "yes",
        "usage": "main",
        "voltage": "25000"
      },
      "geometry": {
        "type": "LineString",
        "coordinates": [
          [
            29.5215207,
            40.7690477
          ],
          [
            29.5211594,
            40.769025
          ],
          [
            29.5206593,
            40.7690053
          ],
          [
            29.5201486,
            40.7690072
          ],
          [
            29.5195191,
            40.7690455
          ],
          [
            29.5188345,
            40.7691331
          ],
          [
            29.5182776,
            40.7692325
          ],
          [
            29.5176738,
            40.769405
          ],
          [
            29.5169688,
            40.769671
          ],
          [
            29.5163869,
            40.7699215
          ]
        ]
      },
      "id": "way/522126709"
    },
    {
      "type": "Feature",
      "properties": {
        "@id": "way/523261553",
        "electrified": "contact_line",
        "frequency": "50",
        "gauge": "1435",
        "highspeed": "yes",
        "layer": "-1",
        "maxspeed": "100",
        "name": "İstanbul-Ankara yüksek hızlı demiryolu",
        "name:en": "İstanbul-Ankara high speed railway",
        "operator": "TCDD",
        "railway": "rail",
        "railway:etcs": "1",
        "tunnel": "yes",
        "usage": "main",
        "voltage": "25000"
      },
      "geometry": {
        "type": "LineString",
        "coordinates": [
          [
            29.5392684,
            40.7697722
          ],
          [
            29.540561,
            40.76997
          ]
        ]
      },
      "id": "way/523261553"
    },
    {
      "type": "Feature",
      "properties": {
        "@id": "way/523261554",
        "electrified": "contact_line",
        "frequency": "50",
        "gauge": "1435",
        "highspeed": "yes",
        "maxspeed": "100",
        "name": "İstanbul - Ankara yüksek hızlı demiryolu",
        "name:en": "İstanbul - Ankara high speed railway",
        "operator": "TCDD",
        "passenger_lines": "1",
        "railway": "rail",
        "railway:etcs": "1",
        "source": "bing",
        "usage": "main",
        "voltage": "25000",
        "wikidata": "Q513146",
        "wikipedia": "en:Ankara–Istanbul high-speed railway"
      },
      "geometry": {
        "type": "LineString",
        "coordinates": [
          [
            29.5434788,
            40.7703736
          ],
          [
            29.5454154,
            40.7706119
          ],
          [
            29.5460989,
            40.7706835
          ],
          [
            29.5467494,
            40.7707967
          ],
          [
            29.5476631,
            40.7710163
          ],
          [
            29.5485315,
            40.7713159
          ],
          [
            29.5502406,
            40.7719774
          ],
          [
            29.5506892,
            40.7721174
          ],
          [
            29.5510913,
            40.7722207
          ],
          [
            29.5515079,
            40.772305
          ],
          [
            29.551928,
            40.772375
          ],
          [
            29.5523468,
            40.772425
          ],
          [
            29.5527855,
            40.7724514
          ],
          [
            29.5532048,
            40.772466
          ],
          [
            29.5536367,
            40.7724702
          ],
          [
            29.5540683,
            40.7724415
          ],
          [
            29.5544942,
            40.772397
          ],
          [
            29.5553235,
            40.7722682
          ],
          [
            29.5561476,
            40.7720675
          ],
          [
            29.5569464,
            40.7718291
          ],
          [
            29.569416,
            40.7682842
          ],
          [
            29.5699956,
            40.7681406
          ],
          [
            29.5705645,
            40.7680142
          ],
          [
            29.5710843,
            40.7679203
          ],
          [
            29.5716239,
            40.7678536
          ],
          [
            29.5720865,
            40.7678203
          ],
          [
            29.5726591,
            40.767799
          ],
          [
            29.5731037,
            40.7677993
          ],
          [
            29.5735786,
            40.7678273
          ],
          [
            29.5741249,
            40.7678724
          ],
          [
            29.5764041,
            40.7681764
          ],
          [
            29.5770664,
            40.7682794
          ],
          [
            29.5775921,
            40.7683966
          ],
          [
            29.5780163,
            40.7685118
          ],
          [
            29.5785041,
            40.7686753
          ],
          [
            29.578943,
            40.768835
          ],
          [
            29.5794297,
            40.7690612
          ],
          [
            29.5797915,
            40.7692323
          ],
          [
            29.5802572,
            40.7694879
          ],
          [
            29.582172,
            40.7707024
          ],
          [
            29.5825343,
            40.7709083
          ],
          [
            29.582984,
            40.7711273
          ],
          [
            29.5833723,
            40.7712948
          ],
          [
            29.5837871,
            40.7714548
          ],
          [
            29.5842888,
            40.7716342
          ],
          [
            29.5858722,
            40.772143
          ],
          [
            29.5864097,
            40.7723352
          ],
          [
            29.5869341,
            40.772548
          ],
          [
            29.5875042,
            40.7727862
          ],
          [
            29.5888696,
            40.7734003
          ],
          [
            29.5925462,
            40.7751145
          ],
          [
            29.5977142,
            40.7777972
          ],
          [
            29.5982929,
            40.7780767
          ],
          [
            29.5986816,
            40.7782299
          ],
          [
            29.599085,
            40.7783608
          ],
          [
            29.5995704,
            40.7785155
          ],
          [
            29.6001063,
            40.7786575
          ],
          [
            29.6008543,
            40.778845
          ],
          [
            29.6013865,
            40.7789832
          ]
        ]
      },
      "id": "way/523261554"
    },
    {
      "type": "Feature",
      "properties": {
        "@id": "way/523261555",
        "bridge": "yes",
        "electrified": "contact_line",
        "frequency": "50",
        "gauge": "1435",
        "highspeed": "yes",
        "layer": "1",
        "maxspeed": "100",
        "name": "İstanbul - Ankara yüksek hızlı demiryolu",
        "name:en": "İstanbul - Ankara high speed railway",
        "operator": "TCDD",
        "passenger_lines": "1",
        "railway": "rail",
        "railway:etcs": "1",
        "source": "bing",
        "usage": "main",
        "voltage": "25000",
        "wikidata": "Q513146",
        "wikipedia": "en:Ankara–Istanbul high-speed railway"
      },
      "geometry": {
        "type": "LineString",
        "coordinates": [
          [
            29.543303,
            40.7703528
          ],
          [
            29.5434788,
            40.7703736
          ]
        ]
      },
      "id": "way/523261555"
    },
    {
      "type": "Feature",
      "properties": {
        "@id": "way/523261556",
        "electrified": "contact_line",
        "frequency": "50",
        "gauge": "1435",
        "highspeed": "yes",
        "maxspeed": "100",
        "name": "İstanbul - Ankara yüksek hızlı demiryolu",
        "name:en": "İstanbul - Ankara high speed railway",
        "operator": "TCDD",
        "passenger_lines": "1",
        "railway": "rail",
        "railway:etcs": "1",
        "source": "bing",
        "usage": "main",
        "voltage": "25000",
        "wikidata": "Q513146",
        "wikipedia": "en:Ankara–Istanbul high-speed railway"
      },
      "geometry": {
        "type": "LineString",
        "coordinates": [
          [
            29.540561,
            40.76997
          ],
          [
            29.543303,
            40.7703528
          ]
        ]
      },
      "id": "way/523261556"
    },
    {
      "type": "Feature",
      "properties": {
        "@id": "way/523261557",
        "bridge": "yes",
        "electrified": "contact_line",
        "frequency": "50",
        "gauge": "1435",
        "highspeed": "yes",
        "layer": "1",
        "maxspeed": "100",
        "name": "İstanbul-Ankara yüksek hızlı demiryolu",
        "name:en": "İstanbul-Ankara high speed railway",
        "operator": "TCDD",
        "railway": "rail",
        "railway:etcs": "1",
        "source": "bing",
        "usage": "main",
        "voltage": "25000"
      },
      "geometry": {
        "type": "LineString",
        "coordinates": [
          [
            29.5281799,
            40.7704915
          ],
          [
            29.5274358,
            40.7704239
          ]
        ]
      },
      "id": "way/523261557"
    },
    {
      "type": "Feature",
      "properties": {
        "@id": "way/523261559",
        "electrified": "contact_line",
        "frequency": "50",
        "gauge": "1435",
        "highspeed": "yes",
        "maxspeed": "100",
        "name": "İstanbul-Ankara yüksek hızlı demiryolu",
        "name:en": "İstanbul-Ankara high speed railway",
        "operator": "TCDD",
        "railway": "rail",
        "railway:etcs": "1",
        "usage": "main",
        "voltage": "25000"
      },
      "geometry": {
        "type": "LineString",
        "coordinates": [
          [
            29.5231173,
            40.7693779
          ],
          [
            29.5227085,
            40.7692724
          ],
          [
            29.5224457,
            40.7692104
          ],
          [
            29.5221277,
            40.7691439
          ],
          [
            29.5218019,
            40.7690876
          ],
          [
            29.5215207,
            40.7690477
          ]
        ]
      },
      "id": "way/523261559"
    },
    {
      "type": "Feature",
      "properties": {
        "@id": "way/523261560",
        "electrified": "contact_line",
        "frequency": "50",
        "gauge": "1435",
        "highspeed": "yes",
        "maxspeed": "100",
        "name": "İstanbul-Ankara yüksek hızlı demiryolu",
        "name:en": "İstanbul-Ankara high speed railway",
        "operator": "TCDD",
        "railway": "rail",
        "railway:etcs": "1",
        "usage": "main",
        "voltage": "25000"
      },
      "geometry": {
        "type": "LineString",
        "coordinates": [
          [
            29.5274358,
            40.7704239
          ],
          [
            29.5270524,
            40.7703783
          ],
          [
            29.5263801,
            40.7702619
          ],
          [
            29.5259196,
            40.770167
          ],
          [
            29.5231173,
            40.7693779
          ]
        ]
      },
      "id": "way/523261560"
    },
    {
      "type": "Feature",
      "properties": {
        "@id": "way/523261561",
        "electrified": "contact_line",
        "frequency": "50",
        "gauge": "1435",
        "highspeed": "yes",
        "maxspeed": "100",
        "name": "İstanbul-Ankara yüksek hızlı demiryolu",
        "name:en": "İstanbul-Ankara high speed railway",
        "operator": "TCDD",
        "railway": "rail",
        "railway:etcs": "1",
        "usage": "main",
        "voltage": "25000"
      },
      "geometry": {
        "type": "LineString",
        "coordinates": [
          [
            29.5281799,
            40.7704915
          ],
          [
            29.5289027,
            40.7705136
          ],
          [
            29.5293431,
            40.7705048
          ],
          [
            29.5298906,
            40.770466
          ],
          [
            29.5304448,
            40.7704014
          ],
          [
            29.5310032,
            40.7703135
          ],
          [
            29.531755,
            40.7701779
          ]
        ]
      },
      "id": "way/523261561"
    },
    {
      "type": "Feature",
      "properties": {
        "@id": "way/523261562",
        "bridge": "yes",
        "electrified": "contact_line",
        "frequency": "50",
        "gauge": "1435",
        "highspeed": "yes",
        "layer": "1",
        "maxspeed": "100",
        "name": "İstanbul-Ankara yüksek hızlı demiryolu",
        "name:en": "İstanbul-Ankara high speed railway",
        "operator": "TCDD",
        "railway": "rail",
        "railway:etcs": "1",
        "usage": "main",
        "voltage": "25000"
      },
      "geometry": {
        "type": "LineString",
        "coordinates": [
          [
            29.531755,
            40.7701779
          ],
          [
            29.5318287,
            40.7701625
          ]
        ]
      },
      "id": "way/523261562"
    },
    {
      "type": "Feature",
      "properties": {
        "@id": "way/523261563",
        "electrified": "contact_line",
        "frequency": "50",
        "gauge": "1435",
        "highspeed": "yes",
        "maxspeed": "100",
        "name": "İstanbul-Ankara yüksek hızlı demiryolu",
        "name:en": "İstanbul-Ankara high speed railway",
        "operator": "TCDD",
        "railway": "rail",
        "railway:etcs": "1",
        "usage": "main",
        "voltage": "25000"
      },
      "geometry": {
        "type": "LineString",
        "coordinates": [
          [
            29.5318287,
            40.7701625
          ],
          [
            29.5340246,
            40.7697221
          ],
          [
            29.5344887,
            40.769654
          ],
          [
            29.5348636,
            40.769621
          ],
          [
            29.5353943,
            40.7695843
          ],
          [
            29.5359409,
            40.7695814
          ],
          [
            29.5376692,
            40.7696127
          ],
          [
            29.5392684,
            40.7697722
          ]
        ]
      },
      "id": "way/523261563"
    },
    {
      "type": "Feature",
      "properties": {
        "@id": "way/573924459",
        "bridge": "yes",
        "electrified": "contact_line",
        "frequency": "50",
        "gauge": "1435",
        "layer": "1",
        "maxspeed": "80",
        "name": "Marmaray",
        "operator": "TCDD",
        "passenger_lines": "2",
        "railway": "rail",
        "railway:bidirectional": "possible",
        "railway:cbtc": "yes",
        "railway:etcs": "1",
        "railway:preferred_direction": "forward",
        "usage": "main",
        "voltage": "25000"
      },
      "geometry": {
        "type": "LineString",
        "coordinates": [
          [
            29.0348897,
            40.992954
          ],
          [
            29.0356287,
            40.9926031
          ],
          [
            29.0360887,
            40.9923523
          ],
          [
            29.0364893,
            40.992087
          ],
          [
            29.0367554,
            40.9918867
          ],
          [
            29.0370617,
            40.9916407
          ],
          [
            29.0372994,
            40.9914131
          ],
          [
            29.0374644,
            40.9912442
          ],
          [
            29.0376677,
            40.9910228
          ],
          [
            29.0389047,
            40.9895239
          ]
        ]
      },
      "id": "way/573924459"
    },
    {
      "type": "Feature",
      "properties": {
        "@id": "way/667720157",
        "electrified": "contact_line",
        "frequency": "50",
        "gauge": "1435",
        "maxspeed": "80",
        "name": "Marmaray",
        "operator": "TCDD",
        "railway": "rail",
        "railway:bidirectional": "possible",
        "railway:cbtc": "yes",
        "railway:etcs": "1",
        "railway:preferred_direction": "forward",
        "usage": "main",
        "voltage": "25000"
      },
      "geometry": {
        "type": "LineString",
        "coordinates": [
          [
            29.1489492,
            40.9141456
          ],
          [
            29.1521792,
            40.9127819
          ],
          [
            29.1534481,
            40.9122304
          ],
          [
            29.1540902,
            40.9119071
          ],
          [
            29.1545382,
            40.9116122
          ],
          [
            29.154921,
            40.9113024
          ],
          [
            29.1552127,
            40.9109947
          ],
          [
            29.1554881,
            40.9106726
          ],
          [
            29.1559637,
            40.9100215
          ],
          [
            29.1566787,
            40.9090666
          ],
          [
            29.1568791,
            40.9088111
          ],
          [
            29.1571038,
            40.9085596
          ],
          [
            29.1572865,
            40.9083885
          ],
          [
            29.1574827,
            40.9082214
          ],
          [
            29.1578293,
            40.9079678
          ],
          [
            29.1622224,
            40.905064
          ],
          [
            29.1626432,
            40.9047494
          ],
          [
            29.1628978,
            40.9045665
          ],
          [
            29.1636479,
            40.9039305
          ],
          [
            29.1644302,
            40.9032089
          ],
          [
            29.1657515,
            40.9020026
          ],
          [
            29.1663064,
            40.9014674
          ],
          [
            29.1666737,
            40.9010879
          ],
          [
            29.1674053,
            40.9003463
          ],
          [
            29.1679261,
            40.8998667
          ],
          [
            29.1681572,
            40.8996488
          ],
          [
            29.169121,
            40.89878
          ],
          [
            29.1696692,
            40.8983181
          ],
          [
            29.1704836,
            40.8976822
          ],
          [
            29.1709589,
            40.8973018
          ],
          [
            29.1713145,
            40.8970593
          ],
          [
            29.172684,
            40.8962132
          ],
          [
            29.1731513,
            40.8958934
          ],
          [
            29.1736384,
            40.8954973
          ],
          [
            29.1743707,
            40.8948071
          ],
          [
            29.1747286,
            40.8944432
          ],
          [
            29.1752745,
            40.8938609
          ],
          [
            29.1754465,
            40.8936596
          ],
          [
            29.1757131,
            40.8933183
          ],
          [
            29.1761351,
            40.8926103
          ],
          [
            29.1766812,
            40.8916172
          ],
          [
            29.1773991,
            40.890305
          ],
          [
            29.1779202,
            40.8894669
          ],
          [
            29.1781442,
            40.8891171
          ],
          [
            29.1784045,
            40.8887717
          ],
          [
            29.1785974,
            40.8885847
          ],
          [
            29.1787956,
            40.8884162
          ],
          [
            29.1789912,
            40.8882477
          ],
          [
            29.1792148,
            40.8880969
          ],
          [
            29.1794674,
            40.8879668
          ],
          [
            29.1797157,
            40.8878472
          ],
          [
            29.1799792,
            40.8877553
          ],
          [
            29.1802586,
            40.8876643
          ],
          [
            29.1805331,
            40.8875991
          ],
          [
            29.180813,
            40.8875426
          ],
          [
            29.1811071,
            40.887515
          ],
          [
            29.1814029,
            40.8874972
          ],
          [
            29.1816973,
            40.8874988
          ],
          [
            29.1820013,
            40.887514
          ],
          [
            29.1822819,
            40.8875434
          ],
          [
            29.1825699,
            40.88759
          ],
          [
            29.1828589,
            40.8876493
          ],
          [
            29.1831432,
            40.887728
          ],
          [
            29.1834204,
            40.8878184
          ],
          [
            29.1836817,
            40.8879244
          ],
          [
            29.18393,
            40.8880465
          ],
          [
            29.1841702,
            40.8881882
          ],
          [
            29.1850311,
            40.888734
          ]
        ]
      },
      "id": "way/667720157"
    },
    {
      "type": "Feature",
      "properties": {
        "@id": "way/680589871",
        "electrified": "contact_line",
        "frequency": "50",
        "gauge": "1435",
        "maxspeed": "80",
        "name": "Marmaray",
        "operator": "TCDD",
        "railway": "rail",
        "railway:bidirectional": "possible",
        "railway:cbtc": "yes",
        "railway:etcs": "1",
        "railway:preferred_direction": "forward",
        "usage": "main",
        "voltage": "25000"
      },
      "geometry": {
        "type": "LineString",
        "coordinates": [
          [
            29.098413,
            40.9518474
          ],
          [
            29.0986689,
            40.9515001
          ],
          [
            29.1008581,
            40.948734
          ],
          [
            29.1012231,
            40.948342
          ],
          [
            29.1015639,
            40.9480071
          ],
          [
            29.1023512,
            40.947258
          ],
          [
            29.1027776,
            40.9468977
          ],
          [
            29.1032891,
            40.9466206
          ],
          [
            29.1038654,
            40.9464078
          ],
          [
            29.1044435,
            40.9462489
          ],
          [
            29.1047612,
            40.9462038
          ],
          [
            29.1050775,
            40.9461789
          ],
          [
            29.1053736,
            40.9461787
          ],
          [
            29.1071718,
            40.9462051
          ],
          [
            29.1082517,
            40.9462526
          ],
          [
            29.1090022,
            40.9462535
          ],
          [
            29.1093152,
            40.9462131
          ],
          [
            29.109626,
            40.9461558
          ],
          [
            29.1102207,
            40.9459634
          ],
          [
            29.1107587,
            40.9456954
          ],
          [
            29.1112215,
            40.9453594
          ],
          [
            29.1116179,
            40.9449816
          ],
          [
            29.1119123,
            40.9445403
          ],
          [
            29.112059,
            40.9441903
          ],
          [
            29.1121391,
            40.943835
          ],
          [
            29.1121666,
            40.9433614
          ],
          [
            29.1119912,
            40.9418853
          ],
          [
            29.1119678,
            40.9413983
          ],
          [
            29.1120029,
            40.9411377
          ],
          [
            29.1121355,
            40.9406649
          ],
          [
            29.112365,
            40.9401963
          ],
          [
            29.1126711,
            40.9397566
          ],
          [
            29.1129254,
            40.9394263
          ],
          [
            29.1134284,
            40.9387563
          ],
          [
            29.1141689,
            40.937807
          ],
          [
            29.1149929,
            40.9368107
          ],
          [
            29.1154618,
            40.9362829
          ],
          [
            29.1175991,
            40.9336507
          ],
          [
            29.1183548,
            40.9327445
          ],
          [
            29.1191604,
            40.931856
          ],
          [
            29.1226345,
            40.9283984
          ],
          [
            29.1232495,
            40.9277394
          ],
          [
            29.1241938,
            40.9267447
          ],
          [
            29.1250874,
            40.9258628
          ],
          [
            29.1258398,
            40.9251713
          ],
          [
            29.1264296,
            40.9245946
          ],
          [
            29.126809,
            40.9242176
          ],
          [
            29.1272335,
            40.9237957
          ]
        ]
      },
      "id": "way/680589871"
    },
    {
      "type": "Feature",
      "properties": {
        "@id": "way/682424270",
        "electrified": "contact_line",
        "frequency": "50",
        "gauge": "1435",
        "maxspeed": "80",
        "name": "İstanbul-Ankara demiryolu",
        "operator": "TCDD",
        "railway": "rail",
        "railway:bidirectional": "regular",
        "railway:etcs": "1",
        "railway:preferred_direction": "both",
        "usage": "main",
        "voltage": "25000"
      },
      "geometry": {
        "type": "LineString",
        "coordinates": [
          [
            29.2356077,
            40.8804103
          ],
          [
            29.2360631,
            40.8804197
          ],
          [
            29.2364023,
            40.8804206
          ],
          [
            29.2367658,
            40.8804032
          ],
          [
            29.237063,
            40.8803747
          ],
          [
            29.2374162,
            40.8803151
          ],
          [
            29.2376876,
            40.8802644
          ],
          [
            29.2380118,
            40.8801803
          ],
          [
            29.2382267,
            40.8801173
          ],
          [
            29.238667,
            40.87994
          ],
          [
            29.2391887,
            40.8796704
          ],
          [
            29.239723,
            40.8793232
          ],
          [
            29.2433329,
            40.8767112
          ],
          [
            29.243893,
            40.87635
          ],
          [
            29.2442886,
            40.876108
          ],
          [
            29.2446725,
            40.8759105
          ],
          [
            29.2450771,
            40.8757145
          ],
          [
            29.2454951,
            40.8755364
          ],
          [
            29.2459234,
            40.8753839
          ],
          [
            29.2509499,
            40.8737888
          ],
          [
            29.2519326,
            40.8734692
          ],
          [
            29.2526852,
            40.8731773
          ],
          [
            29.2532351,
            40.8729246
          ],
          [
            29.253943,
            40.8725271
          ],
          [
            29.2547719,
            40.8719959
          ],
          [
            29.2558683,
            40.8712981
          ],
          [
            29.2571993,
            40.8705092
          ],
          [
            29.2579544,
            40.870067
          ],
          [
            29.2596271,
            40.8690466
          ]
        ]
      },
      "id": "way/682424270"
    },
    {
      "type": "Feature",
      "properties": {
        "@id": "way/682588677",
        "bridge": "yes",
        "electrified": "contact_line",
        "frequency": "50",
        "gauge": "1435",
        "layer": "1",
        "maxspeed": "80",
        "name": "İstanbul-Ankara demiryolu",
        "operator": "TCDD",
        "railway": "rail",
        "railway:bidirectional": "regular",
        "railway:etcs": "1",
        "railway:preferred_direction": "both",
        "usage": "main",
        "voltage": "25000"
      },
      "geometry": {
        "type": "LineString",
        "coordinates": [
          [
            29.1885179,
            40.8896706
          ],
          [
            29.1888543,
            40.8896166
          ],
          [
            29.1892137,
            40.8895273
          ],
          [
            29.1895759,
            40.8894077
          ],
          [
            29.1899259,
            40.8892384
          ],
          [
            29.1905117,
            40.8889033
          ],
          [
            29.1910028,
            40.888618
          ],
          [
            29.1914702,
            40.8883167
          ]
        ]
      },
      "id": "way/682588677"
    },
    {
      "type": "Feature",
      "properties": {
        "@id": "way/682698771",
        "electrified": "contact_line",
        "frequency": "50",
        "gauge": "1435",
        "maxspeed": "80",
        "name": "İstanbul-Ankara demiryolu",
        "operator": "TCDD",
        "railway": "rail",
        "railway:bidirectional": "regular",
        "railway:etcs": "1",
        "railway:preferred_direction": "both",
        "usage": "main",
        "voltage": "25000"
      },
      "geometry": {
        "type": "LineString",
        "coordinates": [
          [
            29.0983629,
            40.9518279
          ],
          [
            29.0986249,
            40.9514781
          ],
          [
            29.1008169,
            40.9487127
          ],
          [
            29.1011822,
            40.9483174
          ],
          [
            29.1015168,
            40.9479789
          ],
          [
            29.1023118,
            40.9472307
          ],
          [
            29.1027435,
            40.9468666
          ],
          [
            29.1032535,
            40.9465843
          ],
          [
            29.1038406,
            40.9463706
          ],
          [
            29.1044304,
            40.9462111
          ],
          [
            29.1047547,
            40.9461633
          ],
          [
            29.1050778,
            40.9461444
          ],
          [
            29.1053765,
            40.9461433
          ],
          [
            29.1071744,
            40.9461745
          ],
          [
            29.108255,
            40.9462269
          ],
          [
            29.1089977,
            40.9462241
          ],
          [
            29.109305,
            40.9461829
          ],
          [
            29.1096078,
            40.9461208
          ],
          [
            29.1101942,
            40.9459284
          ],
          [
            29.1107247,
            40.9456663
          ],
          [
            29.1111879,
            40.9453317
          ],
          [
            29.1115787,
            40.9449595
          ],
          [
            29.1118656,
            40.9445208
          ],
          [
            29.1120113,
            40.9441812
          ],
          [
            29.1120882,
            40.943835
          ],
          [
            29.1121178,
            40.9433649
          ],
          [
            29.1119287,
            40.9418839
          ],
          [
            29.1119086,
            40.9413876
          ],
          [
            29.1119501,
            40.9411312
          ],
          [
            29.1120856,
            40.9406551
          ],
          [
            29.1123203,
            40.9401831
          ],
          [
            29.1126234,
            40.9397383
          ],
          [
            29.1128837,
            40.9394132
          ],
          [
            29.1133878,
            40.9387384
          ],
          [
            29.1141311,
            40.9377897
          ],
          [
            29.1149659,
            40.9367992
          ],
          [
            29.1154226,
            40.936265
          ],
          [
            29.117553,
            40.9336304
          ],
          [
            29.1183132,
            40.9327242
          ],
          [
            29.1191156,
            40.931832
          ],
          [
            29.1225889,
            40.928375
          ],
          [
            29.1232088,
            40.9277235
          ],
          [
            29.1241593,
            40.9267245
          ],
          [
            29.1250476,
            40.9258411
          ],
          [
            29.1258023,
            40.9251484
          ],
          [
            29.1263801,
            40.9245709
          ],
          [
            29.12719,
            40.9237691
          ]
        ]
      },
      "id": "way/682698771"
    },
    {
      "type": "Feature",
      "properties": {
        "@id": "way/682698777",
        "electrified": "contact_line",
        "frequency": "50",
        "gauge": "1435",
        "maxspeed": "80",
        "name": "İstanbul-Ankara demiryolu",
        "operator": "TCDD",
        "railway": "rail",
        "railway:bidirectional": "regular",
        "railway:etcs": "1",
        "railway:preferred_direction": "both",
        "usage": "main",
        "voltage": "25000"
      },
      "geometry": {
        "type": "LineString",
        "coordinates": [
          [
            29.1489103,
            40.9141106
          ],
          [
            29.149312,
            40.9139447
          ],
          [
            29.1521469,
            40.9127474
          ],
          [
            29.1534808,
            40.9121862
          ],
          [
            29.1540629,
            40.9118821
          ],
          [
            29.154505,
            40.9115908
          ],
          [
            29.1548544,
            40.9113015
          ],
          [
            29.1552453,
            40.9108895
          ],
          [
            29.1554544,
            40.9106381
          ],
          [
            29.1561508,
            40.9097096
          ],
          [
            29.156758,
            40.9088847
          ],
          [
            29.1569646,
            40.9086313
          ],
          [
            29.1571939,
            40.9084023
          ],
          [
            29.1574796,
            40.9081672
          ],
          [
            29.1578202,
            40.9079178
          ],
          [
            29.1621773,
            40.90504
          ],
          [
            29.1627727,
            40.9046141
          ],
          [
            29.1636149,
            40.9038963
          ],
          [
            29.1644058,
            40.9031682
          ],
          [
            29.1656558,
            40.9020369
          ],
          [
            29.1662482,
            40.9014634
          ],
          [
            29.1666753,
            40.9010365
          ],
          [
            29.167421,
            40.9002782
          ],
          [
            29.1678689,
            40.8998606
          ],
          [
            29.1680942,
            40.8996497
          ],
          [
            29.1691286,
            40.8987276
          ],
          [
            29.1696168,
            40.8983182
          ],
          [
            29.1703115,
            40.8977646
          ],
          [
            29.1709364,
            40.8972781
          ],
          [
            29.1712932,
            40.8970347
          ],
          [
            29.1726638,
            40.8961812
          ],
          [
            29.1731251,
            40.895869
          ],
          [
            29.1736053,
            40.8954736
          ],
          [
            29.174332,
            40.8947835
          ],
          [
            29.1746929,
            40.8944287
          ],
          [
            29.175244,
            40.8938447
          ],
          [
            29.1754103,
            40.8936481
          ],
          [
            29.1756772,
            40.8933115
          ],
          [
            29.1760889,
            40.8925957
          ],
          [
            29.1766469,
            40.8916042
          ],
          [
            29.1773567,
            40.8902909
          ],
          [
            29.1778769,
            40.8894514
          ],
          [
            29.1781053,
            40.8890982
          ],
          [
            29.1783591,
            40.8887451
          ],
          [
            29.178561,
            40.8885623
          ],
          [
            29.178764,
            40.8883886
          ],
          [
            29.1789577,
            40.8882195
          ],
          [
            29.1791806,
            40.8880675
          ],
          [
            29.1794294,
            40.8879363
          ],
          [
            29.1796892,
            40.8878091
          ],
          [
            29.179953,
            40.8877228
          ],
          [
            29.1802406,
            40.8876269
          ],
          [
            29.1805163,
            40.8875626
          ],
          [
            29.180798,
            40.8875029
          ],
          [
            29.1811024,
            40.8874754
          ],
          [
            29.1814014,
            40.8874562
          ],
          [
            29.1817021,
            40.8874628
          ],
          [
            29.1820125,
            40.8874775
          ],
          [
            29.1822933,
            40.8875069
          ],
          [
            29.1825786,
            40.8875556
          ],
          [
            29.1828727,
            40.8876102
          ],
          [
            29.1831615,
            40.8876922
          ],
          [
            29.1834449,
            40.8877835
          ],
          [
            29.1837059,
            40.8878921
          ],
          [
            29.1839575,
            40.8880178
          ],
          [
            29.1842017,
            40.8881598
          ],
          [
            29.1850712,
            40.8887024
          ]
        ]
      },
      "id": "way/682698777"
    },
    {
      "type": "Feature",
      "properties": {
        "@id": "way/682698778",
        "bridge": "yes",
        "electrified": "contact_line",
        "frequency": "50",
        "gauge": "1435",
        "layer": "1",
        "maxspeed": "80",
        "name": "İstanbul-Ankara demiryolu",
        "operator": "TCDD",
        "railway": "rail",
        "railway:bidirectional": "regular",
        "railway:etcs": "1",
        "railway:preferred_direction": "both",
        "usage": "main",
        "voltage": "25000"
      },
      "geometry": {
        "type": "LineString",
        "coordinates": [
          [
            29.1487394,
            40.9141849
          ],
          [
            29.1489103,
            40.9141106
          ]
        ]
      },
      "id": "way/682698778"
    },
    {
      "type": "Feature",
      "properties": {
        "@id": "way/682868932",
        "bridge": "yes",
        "electrified": "contact_line",
        "frequency": "50",
        "gauge": "1435",
        "layer": "1",
        "maxspeed": "80",
        "name": "İstanbul-Ankara demiryolu",
        "operator": "TCDD",
        "railway": "rail",
        "railway:bidirectional": "regular",
        "railway:etcs": "1",
        "railway:preferred_direction": "both",
        "usage": "main",
        "voltage": "25000"
      },
      "geometry": {
        "type": "LineString",
        "coordinates": [
          [
            29.0982445,
            40.9519789
          ],
          [
            29.0983629,
            40.9518279
          ]
        ]
      },
      "id": "way/682868932"
    },
    {
      "type": "Feature",
      "properties": {
        "@id": "way/682868933",
        "electrified": "contact_line",
        "frequency": "50",
        "gauge": "1435",
        "maxspeed": "80",
        "name": "İstanbul-Ankara demiryolu",
        "operator": "TCDD",
        "railway": "rail",
        "railway:bidirectional": "regular",
        "railway:etcs": "1",
        "railway:preferred_direction": "both",
        "usage": "main",
        "voltage": "25000"
      },
      "geometry": {
        "type": "LineString",
        "coordinates": [
          [
            29.0860317,
            40.9601621
          ],
          [
            29.0867201,
            40.9600623
          ],
          [
            29.0872189,
            40.9599816
          ],
          [
            29.0877128,
            40.9598982
          ],
          [
            29.0880659,
            40.959814
          ],
          [
            29.0883771,
            40.9597246
          ],
          [
            29.0886335,
            40.9596236
          ],
          [
            29.0889058,
            40.9595028
          ],
          [
            29.089179,
            40.9593648
          ],
          [
            29.0893791,
            40.9592396
          ],
          [
            29.0896324,
            40.9590292
          ],
          [
            29.0898431,
            40.9588356
          ],
          [
            29.0900459,
            40.9586221
          ],
          [
            29.0902492,
            40.9582929
          ],
          [
            29.0904278,
            40.9579382
          ],
          [
            29.0908224,
            40.9565156
          ],
          [
            29.090974,
            40.9561348
          ],
          [
            29.0912582,
            40.9556892
          ],
          [
            29.0916102,
            40.9552763
          ],
          [
            29.0918103,
            40.9550906
          ],
          [
            29.0922729,
            40.9547684
          ],
          [
            29.0926087,
            40.9545955
          ],
          [
            29.0931371,
            40.9543959
          ],
          [
            29.0948576,
            40.9538559
          ],
          [
            29.0960683,
            40.9534759
          ],
          [
            29.09656,
            40.9533074
          ],
          [
            29.0968268,
            40.9531939
          ],
          [
            29.0970366,
            40.9530842
          ],
          [
            29.097518,
            40.9527331
          ],
          [
            29.0978908,
            40.9523821
          ],
          [
            29.0982445,
            40.9519789
          ]
        ]
      },
      "id": "way/682868933"
    },
    {
      "type": "Feature",
      "properties": {
        "@id": "way/693110387",
        "bridge": "yes",
        "electrified": "contact_line",
        "frequency": "50",
        "gauge": "1435",
        "layer": "1",
        "maxspeed": "80",
        "operator": "TCDD",
        "passenger_lines": "2",
        "railway": "rail",
        "railway:bidirectional": "possible",
        "railway:preferred_direction": "forward",
        "source": "Yahoo",
        "usage": "main",
        "voltage": "25000"
      },
      "geometry": {
        "type": "LineString",
        "coordinates": [
          [
            29.0409449,
            40.9868603
          ],
          [
            29.0410307,
            40.986754
          ]
        ]
      },
      "id": "way/693110387"
    },
    {
      "type": "Feature",
      "properties": {
        "@id": "way/693110388",
        "electrified": "contact_line",
        "frequency": "50",
        "gauge": "1435",
        "maxspeed": "80",
        "name": "İstanbul-Ankara demiryolu",
        "operator": "TCDD",
        "passenger_lines": "2",
        "railway": "rail",
        "railway:bidirectional": "possible",
        "railway:preferred_direction": "forward",
        "source": "Yahoo",
        "usage": "main",
        "voltage": "25000"
      },
      "geometry": {
        "type": "LineString",
        "coordinates": [
          [
            29.0388628,
            40.9892893
          ],
          [
            29.0402247,
            40.9877492
          ],
          [
            29.0409449,
            40.9868603
          ]
        ]
      },
      "id": "way/693110388"
    },
    {
      "type": "Feature",
      "properties": {
        "@id": "way/693110391",
        "electrified": "contact_line",
        "frequency": "50",
        "gauge": "1435",
        "layer": "-1",
        "maxspeed": "80",
        "name": "Marmaray",
        "operator": "TCDD",
        "passenger_lines": "2",
        "railway": "rail",
        "railway:bidirectional": "possible",
        "railway:cbtc": "yes",
        "railway:etcs": "1",
        "railway:preferred_direction": "forward",
        "tunnel": "yes",
        "usage": "main",
        "voltage": "25000"
      },
      "geometry": {
        "type": "LineString",
        "coordinates": [
          [
            29.0327863,
            40.9940615
          ],
          [
            29.0336448,
            40.9935883
          ]
        ]
      },
      "id": "way/693110391"
    },
    {
      "type": "Feature",
      "properties": {
        "@id": "way/693110394",
        "electrified": "contact_line",
        "frequency": "50",
        "gauge": "1435",
        "maxspeed": "80",
        "name": "Marmaray",
        "operator": "TCDD",
        "passenger_lines": "2",
        "railway": "rail",
        "railway:bidirectional": "possible",
        "railway:cbtc": "yes",
        "railway:etcs": "1",
        "railway:preferred_direction": "forward",
        "usage": "main",
        "voltage": "25000"
      },
      "geometry": {
        "type": "LineString",
        "coordinates": [
          [
            29.0336448,
            40.9935883
          ],
          [
            29.0348897,
            40.992954
          ]
        ]
      },
      "id": "way/693110394"
    },
    {
      "type": "Feature",
      "properties": {
        "@id": "way/693110395",
        "electrified": "contact_line",
        "frequency": "50",
        "gauge": "1435",
        "maxspeed": "80",
        "name": "Marmaray",
        "operator": "TCDD",
        "passenger_lines": "2",
        "railway": "rail",
        "railway:bidirectional": "possible",
        "railway:cbtc": "yes",
        "railway:etcs": "1",
        "railway:preferred_direction": "forward",
        "usage": "main",
        "voltage": "25000"
      },
      "geometry": {
        "type": "LineString",
        "coordinates": [
          [
            29.0297371,
            40.9984695
          ],
          [
            29.0297899,
            40.9982143
          ],
          [
            29.0298352,
            40.9980154
          ],
          [
            29.0299248,
            40.9977898
          ],
          [
            29.0300571,
            40.9975475
          ],
          [
            29.0301705,
            40.9973616
          ]
        ]
      },
      "id": "way/693110395"
    },
    {
      "type": "Feature",
      "properties": {
        "@id": "way/693111266",
        "bridge": "yes",
        "electrified": "contact_line",
        "frequency": "50",
        "gauge": "1435",
        "layer": "1",
        "maxspeed": "80",
        "operator": "TCDD",
        "railway": "rail",
        "railway:bidirectional": "possible",
        "railway:cbtc": "yes",
        "railway:etcs": "1",
        "railway:preferred_direction": "forward",
        "usage": "main",
        "voltage": "25000"
      },
      "geometry": {
        "type": "LineString",
        "coordinates": [
          [
            29.0425208,
            40.9839439
          ],
          [
            29.0425606,
            40.9838329
          ]
        ]
      },
      "id": "way/693111266"
    },
    {
      "type": "Feature",
      "properties": {
        "@id": "way/693111267",
        "electrified": "contact_line",
        "frequency": "50",
        "gauge": "1435",
        "maxspeed": "80",
        "name": "Marmaray",
        "operator": "TCDD",
        "passenger_lines": "2",
        "railway": "rail",
        "railway:bidirectional": "possible",
        "railway:cbtc": "yes",
        "railway:etcs": "1",
        "railway:preferred_direction": "forward",
        "usage": "main",
        "voltage": "25000"
      },
      "geometry": {
        "type": "LineString",
        "coordinates": [
          [
            29.0425606,
            40.9838329
          ],
          [
            29.042672,
            40.9835219
          ],
          [
            29.0431198,
            40.9822722
          ],
          [
            29.0432308,
            40.9820176
          ],
          [
            29.0433673,
            40.9817821
          ],
          [
            29.0435766,
            40.9815009
          ],
          [
            29.0437493,
            40.981322
          ],
          [
            29.0439529,
            40.981141
          ],
          [
            29.0441287,
            40.9810108
          ],
          [
            29.0443579,
            40.9808631
          ],
          [
            29.0445956,
            40.9807308
          ],
          [
            29.0448097,
            40.9806125
          ],
          [
            29.0469503,
            40.9796176
          ],
          [
            29.0476779,
            40.9792906
          ],
          [
            29.0486878,
            40.9788073
          ],
          [
            29.0503328,
            40.9781059
          ],
          [
            29.0507224,
            40.9779735
          ],
          [
            29.0510505,
            40.9778764
          ],
          [
            29.0514991,
            40.9777967
          ],
          [
            29.0517604,
            40.9777603
          ],
          [
            29.0526846,
            40.9777032
          ],
          [
            29.0530043,
            40.9777082
          ],
          [
            29.0533149,
            40.9777275
          ],
          [
            29.0598768,
            40.9787322
          ],
          [
            29.0610421,
            40.9789168
          ],
          [
            29.0626526,
            40.9791395
          ],
          [
            29.0640797,
            40.9793851
          ],
          [
            29.064438,
            40.9794366
          ],
          [
            29.064823,
            40.9794498
          ],
          [
            29.0650488,
            40.9794483
          ],
          [
            29.0652811,
            40.9794384
          ],
          [
            29.0655331,
            40.9794082
          ],
          [
            29.0659003,
            40.9793439
          ],
          [
            29.0662167,
            40.9792591
          ],
          [
            29.0665555,
            40.9791529
          ],
          [
            29.0669032,
            40.979026
          ],
          [
            29.0672801,
            40.9788603
          ],
          [
            29.0675913,
            40.9786934
          ],
          [
            29.0680447,
            40.9784165
          ],
          [
            29.0709529,
            40.9764477
          ]
        ]
      },
      "id": "way/693111267"
    },
    {
      "type": "Feature",
      "properties": {
        "@id": "way/693111268",
        "electrified": "contact_line",
        "frequency": "50",
        "gauge": "1435",
        "maxspeed": "80",
        "name": "Marmaray",
        "operator": "TCDD",
        "railway": "rail",
        "railway:bidirectional": "possible",
        "railway:cbtc": "yes",
        "railway:etcs": "1",
        "railway:preferred_direction": "forward",
        "usage": "main",
        "voltage": "25000"
      },
      "geometry": {
        "type": "LineString",
        "coordinates": [
          [
            29.0411295,
            40.9868036
          ],
          [
            29.0413553,
            40.986519
          ],
          [
            29.0415184,
            40.986305
          ],
          [
            29.0416555,
            40.9860925
          ],
          [
            29.0417962,
            40.9858574
          ],
          [
            29.0419221,
            40.9855948
          ],
          [
            29.0420584,
            40.9852345
          ],
          [
            29.0424355,
            40.984182
          ],
          [
            29.0425208,
            40.9839439
          ]
        ]
      },
      "id": "way/693111268"
    },
    {
      "type": "Feature",
      "properties": {
        "@id": "way/693111269",
        "bridge": "yes",
        "electrified": "contact_line",
        "frequency": "50",
        "gauge": "1435",
        "layer": "1",
        "maxspeed": "80",
        "operator": "TCDD",
        "passenger_lines": "2",
        "railway": "rail",
        "railway:bidirectional": "possible",
        "railway:cbtc": "yes",
        "railway:etcs": "1",
        "railway:preferred_direction": "forward",
        "source": "Yahoo",
        "usage": "main",
        "voltage": "25000"
      },
      "geometry": {
        "type": "LineString",
        "coordinates": [
          [
            29.0410454,
            40.9869009
          ],
          [
            29.0411295,
            40.9868036
          ]
        ]
      },
      "id": "way/693111269"
    },
    {
      "type": "Feature",
      "properties": {
        "@id": "way/711660875",
        "bridge": "yes",
        "electrified": "contact_line",
        "frequency": "50",
        "gauge": "1435",
        "layer": "1",
        "maxspeed": "80",
        "name": "Marmaray",
        "operator": "TCDD",
        "railway": "rail",
        "railway:bidirectional": "possible",
        "railway:cbtc": "yes",
        "railway:etcs": "1",
        "railway:preferred_direction": "forward",
        "usage": "main",
        "voltage": "25000"
      },
      "geometry": {
        "type": "LineString",
        "coordinates": [
          [
            29.0709529,
            40.9764477
          ],
          [
            29.0711523,
            40.9763092
          ]
        ]
      },
      "id": "way/711660875"
    },
    {
      "type": "Feature",
      "properties": {
        "@id": "way/711660876",
        "electrified": "contact_line",
        "frequency": "50",
        "gauge": "1435",
        "maxspeed": "80",
        "name": "Marmaray",
        "operator": "TCDD",
        "railway": "rail",
        "railway:bidirectional": "possible",
        "railway:cbtc": "yes",
        "railway:etcs": "1",
        "railway:preferred_direction": "forward",
        "usage": "main",
        "voltage": "25000"
      },
      "geometry": {
        "type": "LineString",
        "coordinates": [
          [
            29.0711523,
            40.9763092
          ],
          [
            29.071944,
            40.9757644
          ],
          [
            29.0728541,
            40.9751381
          ],
          [
            29.074663,
            40.9738933
          ],
          [
            29.075017,
            40.9736489
          ],
          [
            29.0752427,
            40.9734744
          ],
          [
            29.0754278,
            40.9732949
          ],
          [
            29.0755963,
            40.9731102
          ],
          [
            29.0757197,
            40.9729503
          ],
          [
            29.0758326,
            40.9727743
          ],
          [
            29.0759592,
            40.972502
          ],
          [
            29.0762987,
            40.9716646
          ],
          [
            29.0768811,
            40.9703265
          ],
          [
            29.0771134,
            40.9698115
          ],
          [
            29.0773364,
            40.9693023
          ],
          [
            29.077482,
            40.9689961
          ],
          [
            29.0776409,
            40.9687267
          ],
          [
            29.0777973,
            40.9684937
          ],
          [
            29.0786172,
            40.9673395
          ],
          [
            29.0787892,
            40.9670591
          ],
          [
            29.0789043,
            40.9668287
          ],
          [
            29.0789753,
            40.9665992
          ],
          [
            29.0790174,
            40.9663959
          ],
          [
            29.0790526,
            40.9661444
          ],
          [
            29.0790483,
            40.9659632
          ],
          [
            29.0790286,
            40.9657499
          ],
          [
            29.0789679,
            40.9654533
          ],
          [
            29.0788774,
            40.9651121
          ],
          [
            29.0786248,
            40.9641447
          ],
          [
            29.0785894,
            40.963868
          ],
          [
            29.078584,
            40.9636647
          ],
          [
            29.078589,
            40.9634759
          ],
          [
            29.0786215,
            40.9632705
          ],
          [
            29.0786654,
            40.9630773
          ],
          [
            29.0787436,
            40.9628771
          ],
          [
            29.0788733,
            40.9626089
          ],
          [
            29.0790393,
            40.9623522
          ],
          [
            29.0792535,
            40.9620957
          ],
          [
            29.0794741,
            40.961877
          ],
          [
            29.0796538,
            40.9617367
          ],
          [
            29.0799522,
            40.9615372
          ],
          [
            29.0802875,
            40.9613594
          ],
          [
            29.0805417,
            40.9612491
          ],
          [
            29.0808694,
            40.9611301
          ],
          [
            29.0814472,
            40.9609772
          ],
          [
            29.0821322,
            40.9608617
          ],
          [
            29.0828187,
            40.9607368
          ],
          [
            29.083598,
            40.9605718
          ]
        ]
      },
      "id": "way/711660876"
    },
    {
      "type": "Feature",
      "properties": {
        "@id": "way/757082050",
        "electrified": "contact_line",
        "frequency": "50",
        "gauge": "1435",
        "highspeed": "yes",
        "maxspeed": "100",
        "name": "İstanbul - Ankara yüksek hızlı demiryolu",
        "name:en": "İstanbul - Ankara high speed railway",
        "operator": "TCDD",
        "passenger_lines": "1",
        "railway": "rail",
        "railway:etcs": "1",
        "source": "bing",
        "usage": "main",
        "voltage": "25000",
        "wikidata": "Q513146",
        "wikipedia": "en:Ankara–Istanbul high-speed railway"
      },
      "geometry": {
        "type": "LineString",
        "coordinates": [
          [
            29.6045148,
            40.7804537
          ],
          [
            29.60522,
            40.7808633
          ],
          [
            29.6058201,
            40.7812087
          ],
          [
            29.6065971,
            40.7816094
          ],
          [
            29.6071889,
            40.7819006
          ],
          [
            29.6078807,
            40.7821568
          ],
          [
            29.6085389,
            40.7823498
          ],
          [
            29.6093155,
            40.7825198
          ],
          [
            29.6109558,
            40.7828253
          ],
          [
            29.612034,
            40.783097
          ],
          [
            29.6148926,
            40.7838953
          ],
          [
            29.6153493,
            40.7839859
          ],
          [
            29.6158192,
            40.7840557
          ],
          [
            29.616454,
            40.7841194
          ],
          [
            29.6168647,
            40.7841298
          ],
          [
            29.6172197,
            40.7841288
          ],
          [
            29.6175782,
            40.7841108
          ],
          [
            29.6179259,
            40.7840807
          ],
          [
            29.6183202,
            40.7840304
          ],
          [
            29.6187588,
            40.7839616
          ],
          [
            29.6191976,
            40.78387
          ],
          [
            29.6204886,
            40.7835116
          ],
          [
            29.6210975,
            40.7833667
          ],
          [
            29.6231068,
            40.7830108
          ],
          [
            29.6238828,
            40.7828222
          ],
          [
            29.6246445,
            40.7825399
          ],
          [
            29.6253982,
            40.7821926
          ],
          [
            29.62605,
            40.7817783
          ],
          [
            29.6269442,
            40.7810337
          ],
          [
            29.6299955,
            40.7782463
          ],
          [
            29.6305739,
            40.777764
          ],
          [
            29.6312173,
            40.7773444
          ],
          [
            29.6318859,
            40.7769949
          ],
          [
            29.6324921,
            40.7767618
          ],
          [
            29.6330918,
            40.7765783
          ],
          [
            29.6335606,
            40.7764727
          ],
          [
            29.6340278,
            40.7763821
          ],
          [
            29.6362466,
            40.7761179
          ],
          [
            29.6367843,
            40.7760919
          ],
          [
            29.6372375,
            40.7760887
          ]
        ]
      },
      "id": "way/757082050"
    },
    {
      "type": "Feature",
      "properties": {
        "@id": "way/757082052",
        "electrified": "contact_line",
        "frequency": "50",
        "gauge": "1435",
        "highspeed": "yes",
        "layer": "-1",
        "maxspeed": "100",
        "name": "İstanbul - Ankara yüksek hızlı demiryolu",
        "name:en": "İstanbul - Ankara high speed railway",
        "operator": "TCDD",
        "passenger_lines": "1",
        "railway": "rail",
        "railway:etcs": "1",
        "source": "bing",
        "tunnel": "yes",
        "usage": "main",
        "voltage": "25000",
        "wikidata": "Q513146",
        "wikipedia": "en:Ankara–Istanbul high-speed railway"
      },
      "geometry": {
        "type": "LineString",
        "coordinates": [
          [
            29.6013865,
            40.7789832
          ],
          [
            29.6023791,
            40.779334
          ],
          [
            29.6028928,
            40.7795478
          ],
          [
            29.6032958,
            40.7797446
          ],
          [
            29.6045148,
            40.7804537
          ]
        ]
      },
      "id": "way/757082052"
    },
    {
      "type": "Feature",
      "properties": {
        "@id": "way/823153698",
        "electrified": "contact_line",
        "frequency": "50",
        "gauge": "1435",
        "layer": "-3",
        "maxspeed": "80",
        "name": "Marmaray",
        "name:be": "Мармарай",
        "name:bg": "Мармарай (тунел)",
        "name:cv": "Мармарай",
        "name:fa": "مارمارای",
        "name:he": "מרמריי",
        "name:ja": "マルマライ",
        "name:ka": "მარმარაი",
        "name:ko": "마르마라이",
        "name:lv": "Marmaraja",
        "name:ru": "Мармарай",
        "name:sr": "Мармари",
        "name:th": "มาร์มาไรย์",
        "name:ug": "مارماراي",
        "name:uk": "Мармарай",
        "name:ur": "مرمرائی",
        "name:zh": "马尔马拉铁路",
        "operator": "TCDD",
        "passenger_lines": "2",
        "railway": "rail",
        "railway:bidirectional": "possible",
        "railway:cbtc": "yes",
        "railway:etcs": "1",
        "railway:preferred_direction": "forward",
        "source": "marmaray",
        "tunnel": "yes",
        "usage": "main",
        "voltage": "25000",
        "wikipedia": "en:Marmaray"
      },
      "geometry": {
        "type": "LineString",
        "coordinates": [
          [
            29.0311129,
            41.0026556
          ],
          [
            29.0314789,
            41.0039204
          ],
          [
            29.0314528,
            41.0043887
          ],
          [
            29.0313336,
            41.0051039
          ],
          [
            29.0306605,
            41.0074576
          ],
          [
            29.0292931,
            41.0131485
          ],
          [
            29.0288832,
            41.0160427
          ],
          [
            29.0288225,
            41.0165455
          ],
          [
            29.0284472,
            41.0197285
          ],
          [
            29.028332,
            41.020564
          ],
          [
            29.028233,
            41.0211198
          ],
          [
            29.027958,
            41.0221556
          ],
          [
            29.0277607,
            41.022671
          ],
          [
            29.0273558,
            41.0232619
          ],
          [
            29.0270591,
            41.0236256
          ],
          [
            29.0266651,
            41.0240052
          ],
          [
            29.0258682,
            41.0246753
          ],
          [
            29.0253506,
            41.0250418
          ],
          [
            29.0248058,
            41.0253272
          ],
          [
            29.0234234,
            41.0258082
          ],
          [
            29.0228198,
            41.0259424
          ],
          [
            29.0214616,
            41.0261159
          ],
          [
            29.0186416,
            41.0262116
          ],
          [
            29.0165394,
            41.0262782
          ],
          [
            29.0159449,
            41.0262625
          ],
          [
            29.0151778,
            41.026174
          ],
          [
            29.0132642,
            41.0258396
          ],
          [
            29.0117347,
            41.0255825
          ],
          [
            29.0109431,
            41.0254204
          ],
          [
            29.0086355,
            41.024748
          ],
          [
            29.0069346,
            41.0242113
          ],
          [
            28.9869783,
            41.017553
          ],
          [
            28.9857293,
            41.0170975
          ],
          [
            28.9853671,
            41.0169129
          ],
          [
            28.9822577,
            41.0151029
          ],
          [
            28.9817003,
            41.0148299
          ],
          [
            28.9811141,
            41.01459
          ],
          [
            28.9800871,
            41.014279
          ],
          [
            28.9790417,
            41.0140483
          ],
          [
            28.9772977,
            41.0138182
          ]
        ]
      },
      "id": "way/823153698"
    },
    {
      "type": "Feature",
      "properties": {
        "@id": "way/823153699",
        "electrified": "contact_line",
        "frequency": "50",
        "gauge": "1435",
        "layer": "-2",
        "maxspeed": "80",
        "name": "Marmaray",
        "operator": "TCDD",
        "passenger_lines": "2",
        "railway": "rail",
        "railway:bidirectional": "possible",
        "railway:cbtc": "yes",
        "railway:etcs": "1",
        "railway:preferred_direction": "forward",
        "source": "marmaray",
        "tunnel": "yes",
        "usage": "main",
        "voltage": "25000",
        "wikipedia": "en:Marmaray"
      },
      "geometry": {
        "type": "LineString",
        "coordinates": [
          [
            29.0309077,
            41.0026975
          ],
          [
            29.0303295,
            41.0010293
          ]
        ]
      },
      "id": "way/823153699"
    },
    {
      "type": "Feature",
      "properties": {
        "@id": "way/854656188",
        "electrified": "contact_line",
        "frequency": "50",
        "gauge": "1435",
        "maxspeed": "80",
        "name": "Marmaray",
        "operator": "TCDD",
        "passenger_lines": "2",
        "railway": "rail",
        "railway:bidirectional": "possible",
        "railway:cbtc": "yes",
        "railway:etcs": "1",
        "railway:preferred_direction": "forward",
        "source": "marmaray",
        "usage": "main",
        "voltage": "25000",
        "wikipedia": "en:Marmaray"
      },
      "geometry": {
        "type": "LineString",
        "coordinates": [
          [
            29.0302351,
            40.9973748
          ],
          [
            29.0301235,
            40.99757
          ],
          [
            29.0300303,
            40.9978184
          ],
          [
            29.0299608,
            40.9980208
          ],
          [
            29.029913,
            40.9982351
          ],
          [
            29.0298736,
            40.9984731
          ]
        ]
      },
      "id": "way/854656188"
    },
    {
      "type": "Feature",
      "properties": {
        "@id": "way/854656189",
        "cutting": "yes",
        "electrified": "contact_line",
        "frequency": "50",
        "gauge": "1435",
        "maxspeed": "80",
        "name": "Marmaray",
        "operator": "TCDD",
        "passenger_lines": "2",
        "railway": "rail",
        "railway:bidirectional": "possible",
        "railway:cbtc": "yes",
        "railway:etcs": "1",
        "railway:preferred_direction": "forward",
        "usage": "main",
        "voltage": "25000"
      },
      "geometry": {
        "type": "LineString",
        "coordinates": [
          [
            29.0301705,
            40.9973616
          ],
          [
            29.0302946,
            40.9971831
          ],
          [
            29.0311466,
            40.9960119
          ]
        ]
      },
      "id": "way/854656189"
    },
    {
      "type": "Feature",
      "properties": {
        "@id": "way/854656190",
        "electrified": "contact_line",
        "frequency": "50",
        "gauge": "1435",
        "maxspeed": "80",
        "name": "İstanbul-Ankara demiryolu",
        "operator": "TCDD",
        "passenger_lines": "2",
        "railway": "rail",
        "railway:bidirectional": "possible",
        "railway:preferred_direction": "forward",
        "usage": "main",
        "voltage": "25000"
      },
      "geometry": {
        "type": "LineString",
        "coordinates": [
          [
            29.0345156,
            40.9931021
          ],
          [
            29.0348375,
            40.9929022
          ]
        ]
      },
      "id": "way/854656190"
    },
    {
      "type": "Feature",
      "properties": {
        "@id": "way/854844596",
        "electrified": "contact_line",
        "frequency": "50",
        "gauge": "1435",
        "maxspeed": "80",
        "name": "Marmaray",
        "operator": "TCDD",
        "railway": "rail",
        "railway:bidirectional": "possible",
        "railway:cbtc": "yes",
        "railway:etcs": "1",
        "railway:preferred_direction": "forward",
        "usage": "main",
        "voltage": "25000"
      },
      "geometry": {
        "type": "LineString",
        "coordinates": [
          [
            29.1332522,
            40.9207651
          ],
          [
            29.1351301,
            40.9200035
          ],
          [
            29.1371101,
            40.9191507
          ],
          [
            29.141851,
            40.9171531
          ],
          [
            29.1487733,
            40.914222
          ]
        ]
      },
      "id": "way/854844596"
    },
    {
      "type": "Feature",
      "properties": {
        "@id": "way/854844597",
        "electrified": "contact_line",
        "frequency": "50",
        "gauge": "1435",
        "maxspeed": "80",
        "name": "Marmaray",
        "operator": "TCDD",
        "railway": "rail",
        "railway:bidirectional": "possible",
        "railway:cbtc": "yes",
        "railway:etcs": "1",
        "railway:preferred_direction": "forward",
        "usage": "main",
        "voltage": "25000"
      },
      "geometry": {
        "type": "LineString",
        "coordinates": [
          [
            29.1272771,
            40.9238223
          ],
          [
            29.1264792,
            40.9246183
          ],
          [
            29.1258851,
            40.9251989
          ],
          [
            29.1251988,
            40.9259235
          ],
          [
            29.1243411,
            40.9268311
          ],
          [
            29.123349,
            40.9277782
          ],
          [
            29.1226802,
            40.9284218
          ],
          [
            29.1192053,
            40.9318799
          ],
          [
            29.1184004,
            40.9327688
          ],
          [
            29.1176451,
            40.933671
          ],
          [
            29.115526,
            40.9363123
          ],
          [
            29.1151112,
            40.936861
          ],
          [
            29.1143192,
            40.937876
          ],
          [
            29.1135446,
            40.9388076
          ],
          [
            29.1129813,
            40.9394514
          ],
          [
            29.1127189,
            40.939775
          ],
          [
            29.1124098,
            40.9402096
          ],
          [
            29.1121854,
            40.9406748
          ],
          [
            29.1120556,
            40.9411442
          ],
          [
            29.1120271,
            40.9414091
          ],
          [
            29.1120538,
            40.9418868
          ],
          [
            29.1122153,
            40.9433579
          ],
          [
            29.1121899,
            40.943835
          ],
          [
            29.1121066,
            40.9441994
          ],
          [
            29.1119589,
            40.9445598
          ],
          [
            29.1116572,
            40.9450038
          ],
          [
            29.111255,
            40.9453871
          ],
          [
            29.1107927,
            40.9457245
          ],
          [
            29.1102472,
            40.9459984
          ],
          [
            29.1096443,
            40.9461909
          ],
          [
            29.1093278,
            40.9462507
          ],
          [
            29.1090092,
            40.9462984
          ],
          [
            29.1087101,
            40.9463268
          ],
          [
            29.1082394,
            40.9463492
          ],
          [
            29.1071624,
            40.9463188
          ],
          [
            29.1053661,
            40.9462726
          ],
          [
            29.1050765,
            40.946274
          ],
          [
            29.1047734,
            40.9462795
          ],
          [
            29.104467,
            40.9463166
          ],
          [
            29.1038901,
            40.946445
          ],
          [
            29.1033247,
            40.9466569
          ],
          [
            29.1028116,
            40.9469288
          ],
          [
            29.1023906,
            40.9472854
          ],
          [
            29.1016109,
            40.9480353
          ],
          [
            29.1012641,
            40.9483665
          ],
          [
            29.1008993,
            40.9487552
          ],
          [
            29.0987129,
            40.951522
          ],
          [
            29.0984632,
            40.9518669
          ]
        ]
      },
      "id": "way/854844597"
    },
    {
      "type": "Feature",
      "properties": {
        "@id": "way/854895759",
        "electrified": "contact_line",
        "frequency": "50",
        "gauge": "1435",
        "maxspeed": "80",
        "name": "Marmaray",
        "operator": "TCDD",
        "railway": "rail",
        "railway:bidirectional": "possible",
        "railway:cbtc": "yes",
        "railway:etcs": "1",
        "railway:preferred_direction": "forward",
        "usage": "main",
        "voltage": "25000"
      },
      "geometry": {
        "type": "LineString",
        "coordinates": [
          [
            29.1885399,
            40.8897692
          ],
          [
            29.1880789,
            40.8897927
          ],
          [
            29.1877766,
            40.8897868
          ],
          [
            29.1874713,
            40.8897621
          ],
          [
            29.1871722,
            40.8897212
          ],
          [
            29.1869093,
            40.889668
          ],
          [
            29.1866276,
            40.8895914
          ],
          [
            29.186339,
            40.8894874
          ],
          [
            29.1860839,
            40.8893792
          ]
        ]
      },
      "id": "way/854895759"
    },
    {
      "type": "Feature",
      "properties": {
        "@id": "way/854895760",
        "bridge": "yes",
        "electrified": "contact_line",
        "frequency": "50",
        "gauge": "1435",
        "layer": "1",
        "maxspeed": "80",
        "name": "İstanbul-Ankara demiryolu",
        "operator": "TCDD",
        "railway": "rail",
        "railway:bidirectional": "regular",
        "railway:etcs": "1",
        "railway:preferred_direction": "both",
        "usage": "main",
        "voltage": "25000"
      },
      "geometry": {
        "type": "LineString",
        "coordinates": [
          [
            29.1850712,
            40.8887024
          ],
          [
            29.1853989,
            40.8888993
          ],
          [
            29.1857221,
            40.8890941
          ],
          [
            29.1861438,
            40.8893077
          ]
        ]
      },
      "id": "way/854895760"
    },
    {
      "type": "Feature",
      "properties": {
        "@id": "way/854895761",
        "bridge": "yes",
        "electrified": "contact_line",
        "frequency": "50",
        "gauge": "1435",
        "layer": "1",
        "maxspeed": "80",
        "name": "Marmaray",
        "operator": "TCDD",
        "railway": "rail",
        "railway:bidirectional": "possible",
        "railway:cbtc": "yes",
        "railway:etcs": "1",
        "railway:preferred_direction": "forward",
        "usage": "main",
        "voltage": "25000"
      },
      "geometry": {
        "type": "LineString",
        "coordinates": [
          [
            29.1860839,
            40.8893792
          ],
          [
            29.1856661,
            40.8891654
          ],
          [
            29.1853252,
            40.8889613
          ],
          [
            29.184991,
            40.8887655
          ]
        ]
      },
      "id": "way/854895761"
    },
    {
      "type": "Feature",
      "properties": {
        "@id": "way/854895762",
        "electrified": "contact_line",
        "frequency": "50",
        "gauge": "1435",
        "maxspeed": "80",
        "name": "Marmaray",
        "operator": "TCDD",
        "railway": "rail",
        "railway:bidirectional": "possible",
        "railway:cbtc": "yes",
        "railway:etcs": "1",
        "railway:preferred_direction": "forward",
        "usage": "main",
        "voltage": "25000"
      },
      "geometry": {
        "type": "LineString",
        "coordinates": [
          [
            29.1861139,
            40.8893435
          ],
          [
            29.1863678,
            40.8894536
          ],
          [
            29.1866503,
            40.8895531
          ],
          [
            29.1869273,
            40.8896279
          ],
          [
            29.1871812,
            40.889682
          ],
          [
            29.1874836,
            40.8897208
          ],
          [
            29.1877758,
            40.8897427
          ],
          [
            29.1880769,
            40.8897422
          ],
          [
            29.1885256,
            40.8897053
          ]
        ]
      },
      "id": "way/854895762"
    },
    {
      "type": "Feature",
      "properties": {
        "@id": "way/854895763",
        "electrified": "contact_line",
        "frequency": "50",
        "gauge": "1435",
        "maxspeed": "80",
        "name": "İstanbul-Ankara demiryolu",
        "operator": "TCDD",
        "railway": "rail",
        "railway:bidirectional": "regular",
        "railway:etcs": "1",
        "railway:preferred_direction": "both",
        "usage": "main",
        "voltage": "25000"
      },
      "geometry": {
        "type": "LineString",
        "coordinates": [
          [
            29.1861438,
            40.8893077
          ],
          [
            29.1863966,
            40.8894198
          ],
          [
            29.186673,
            40.8895148
          ],
          [
            29.1869452,
            40.8895878
          ],
          [
            29.1871903,
            40.8896427
          ],
          [
            29.1874958,
            40.8896795
          ],
          [
            29.1876042,
            40.8896881
          ],
          [
            29.1877749,
            40.8896986
          ],
          [
            29.1880751,
            40.8896987
          ],
          [
            29.1885179,
            40.8896706
          ]
        ]
      },
      "id": "way/854895763"
    },
    {
      "type": "Feature",
      "properties": {
        "@id": "way/854917271",
        "electrified": "contact_line",
        "frequency": "50",
        "gauge": "1435",
        "maxspeed": "80",
        "name": "Marmaray",
        "operator": "TCDD",
        "railway": "rail",
        "railway:bidirectional": "possible",
        "railway:cbtc": "yes",
        "railway:etcs": "1",
        "railway:preferred_direction": "forward",
        "usage": "main",
        "voltage": "25000"
      },
      "geometry": {
        "type": "LineString",
        "coordinates": [
          [
            29.2597045,
            40.8691087
          ],
          [
            29.2580321,
            40.8701228
          ],
          [
            29.2573267,
            40.8706005
          ],
          [
            29.2560275,
            40.8714179
          ],
          [
            29.2548605,
            40.8720811
          ],
          [
            29.2540035,
            40.8725841
          ],
          [
            29.2532833,
            40.8729786
          ],
          [
            29.2527281,
            40.8732422
          ],
          [
            29.2519677,
            40.8735282
          ],
          [
            29.2509792,
            40.8738496
          ],
          [
            29.2459595,
            40.8754468
          ],
          [
            29.2455317,
            40.8756029
          ],
          [
            29.2451186,
            40.8757712
          ],
          [
            29.2447244,
            40.8759701
          ],
          [
            29.2443301,
            40.8761637
          ],
          [
            29.2439492,
            40.876397
          ],
          [
            29.243398,
            40.8767625
          ],
          [
            29.2417638,
            40.8779478
          ],
          [
            29.2397951,
            40.8793756
          ],
          [
            29.2392688,
            40.8797331
          ],
          [
            29.2387296,
            40.8800246
          ],
          [
            29.2382951,
            40.880209
          ],
          [
            29.2380658,
            40.8802908
          ],
          [
            29.2377393,
            40.880384
          ],
          [
            29.2374523,
            40.8804377
          ],
          [
            29.2370924,
            40.8804893
          ],
          [
            29.2367615,
            40.8805183
          ],
          [
            29.23641,
            40.8805333
          ],
          [
            29.2360653,
            40.8805325
          ],
          [
            29.2340969,
            40.8805018
          ],
          [
            29.233599,
            40.8804976
          ],
          [
            29.2333833,
            40.8804957
          ],
          [
            29.232342,
            40.88046
          ],
          [
            29.2316998,
            40.8804172
          ]
        ]
      },
      "id": "way/854917271"
    },
    {
      "type": "Feature",
      "properties": {
        "@id": "way/854917272",
        "bridge": "yes",
        "electrified": "contact_line",
        "frequency": "50",
        "gauge": "1435",
        "layer": "1",
        "maxspeed": "80",
        "name": "Marmaray",
        "operator": "TCDD",
        "railway": "rail",
        "railway:bidirectional": "possible",
        "railway:cbtc": "yes",
        "railway:etcs": "1",
        "railway:preferred_direction": "forward",
        "usage": "main",
        "voltage": "25000"
      },
      "geometry": {
        "type": "LineString",
        "coordinates": [
          [
            29.2715344,
            40.863278
          ],
          [
            29.2713144,
            40.8634525
          ]
        ]
      },
      "id": "way/854917272"
    },
    {
      "type": "Feature",
      "properties": {
        "@id": "way/854917273",
        "bridge": "yes",
        "electrified": "contact_line",
        "frequency": "50",
        "gauge": "1435",
        "layer": "1",
        "maxspeed": "80",
        "name": "Marmaray",
        "operator": "TCDD",
        "railway": "rail",
        "railway:bidirectional": "possible",
        "railway:cbtc": "yes",
        "railway:etcs": "1",
        "railway:preferred_direction": "forward",
        "usage": "main",
        "voltage": "25000"
      },
      "geometry": {
        "type": "LineString",
        "coordinates": [
          [
            29.2712629,
            40.8634273
          ],
          [
            29.271487,
            40.863253
          ]
        ]
      },
      "id": "way/854917273"
    },
    {
      "type": "Feature",
      "properties": {
        "@id": "way/854917274",
        "electrified": "contact_line",
        "frequency": "50",
        "gauge": "1435",
        "maxspeed": "80",
        "name": "Marmaray",
        "operator": "TCDD",
        "railway": "rail",
        "railway:bidirectional": "possible",
        "railway:cbtc": "yes",
        "railway:etcs": "1",
        "railway:preferred_direction": "forward",
        "usage": "main",
        "voltage": "25000"
      },
      "geometry": {
        "type": "LineString",
        "coordinates": [
          [
            29.271487,
            40.863253
          ],
          [
            29.27189,
            40.8629237
          ],
          [
            29.272152,
            40.8626857
          ],
          [
            29.2722851,
            40.8625021
          ],
          [
            29.2723726,
            40.8623961
          ]
        ]
      },
      "id": "way/854917274"
    },
    {
      "type": "Feature",
      "properties": {
        "@id": "way/858251072",
        "bridge": "yes",
        "electrified": "contact_line",
        "frequency": "50",
        "gauge": "1435",
        "layer": "1",
        "maxspeed": "80",
        "name": "İstanbul-Ankara demiryolu",
        "operator": "TCDD",
        "railway": "rail",
        "railway:bidirectional": "regular",
        "railway:etcs": "1",
        "railway:preferred_direction": "both",
        "usage": "main",
        "voltage": "25000"
      },
      "geometry": {
        "type": "LineString",
        "coordinates": [
          [
            29.3035042,
            40.8428627
          ],
          [
            29.303839,
            40.842658
          ]
        ]
      },
      "id": "way/858251072"
    },
    {
      "type": "Feature",
      "properties": {
        "@id": "way/858251073",
        "electrified": "contact_line",
        "frequency": "50",
        "gauge": "1435",
        "maxspeed": "80",
        "name": "İstanbul-Ankara demiryolu",
        "operator": "TCDD",
        "railway": "rail",
        "railway:bidirectional": "regular",
        "railway:etcs": "1",
        "railway:preferred_direction": "both",
        "usage": "main",
        "voltage": "25000"
      },
      "geometry": {
        "type": "LineString",
        "coordinates": [
          [
            29.303839,
            40.842658
          ],
          [
            29.3070066,
            40.8408879
          ],
          [
            29.3074833,
            40.8405948
          ],
          [
            29.3078709,
            40.8403183
          ],
          [
            29.3128525,
            40.8365191
          ],
          [
            29.3138792,
            40.8357361
          ],
          [
            29.3149709,
            40.8349144
          ],
          [
            29.3154623,
            40.8345358
          ],
          [
            29.3160409,
            40.8341325
          ],
          [
            29.3172128,
            40.8333555
          ],
          [
            29.3201661,
            40.8314146
          ],
          [
            29.3207516,
            40.830999
          ],
          [
            29.3213094,
            40.8305712
          ],
          [
            29.3221433,
            40.8299664
          ],
          [
            29.3232938,
            40.8291788
          ],
          [
            29.3241084,
            40.828591
          ],
          [
            29.3244598,
            40.8283358
          ],
          [
            29.3252027,
            40.8277254
          ],
          [
            29.325764,
            40.8272896
          ],
          [
            29.3264159,
            40.8267505
          ],
          [
            29.3268386,
            40.8263461
          ],
          [
            29.327237,
            40.8258702
          ],
          [
            29.3275845,
            40.8253326
          ],
          [
            29.3278095,
            40.824914
          ],
          [
            29.3279814,
            40.8245085
          ],
          [
            29.3280915,
            40.8241167
          ],
          [
            29.3283628,
            40.822986
          ],
          [
            29.3286075,
            40.8222273
          ]
        ]
      },
      "id": "way/858251073"
    },
    {
      "type": "Feature",
      "properties": {
        "@id": "way/858251074",
        "bridge": "yes",
        "electrified": "contact_line",
        "frequency": "50",
        "gauge": "1435",
        "layer": "1",
        "maxspeed": "80",
        "name": "Marmaray",
        "operator": "TCDD",
        "railway": "rail",
        "railway:bidirectional": "possible",
        "railway:cbtc": "yes",
        "railway:etcs": "1",
        "railway:preferred_direction": "forward",
        "usage": "main",
        "voltage": "25000"
      },
      "geometry": {
        "type": "LineString",
        "coordinates": [
          [
            29.3038948,
            40.8427293
          ],
          [
            29.3035666,
            40.8429282
          ]
        ]
      },
      "id": "way/858251074"
    },
    {
      "type": "Feature",
      "properties": {
        "@id": "way/858251075",
        "electrified": "contact_line",
        "frequency": "50",
        "gauge": "1435",
        "maxspeed": "80",
        "name": "Marmaray",
        "operator": "TCDD",
        "railway": "rail",
        "railway:bidirectional": "possible",
        "railway:cbtc": "yes",
        "railway:etcs": "1",
        "railway:preferred_direction": "forward",
        "usage": "main",
        "voltage": "25000"
      },
      "geometry": {
        "type": "LineString",
        "coordinates": [
          [
            29.3035666,
            40.8429282
          ],
          [
            29.303175,
            40.8431808
          ],
          [
            29.3027057,
            40.8435359
          ],
          [
            29.3017146,
            40.844379
          ],
          [
            29.3010789,
            40.8449451
          ],
          [
            29.3001066,
            40.8457446
          ],
          [
            29.2991725,
            40.8464399
          ],
          [
            29.2985576,
            40.8468504
          ],
          [
            29.2980642,
            40.8471862
          ],
          [
            29.2973842,
            40.8476356
          ],
          [
            29.2969724,
            40.847945
          ],
          [
            29.2966292,
            40.8482402
          ],
          [
            29.2962375,
            40.8486135
          ],
          [
            29.2959183,
            40.8489716
          ],
          [
            29.2954076,
            40.849607
          ],
          [
            29.294828,
            40.850328
          ],
          [
            29.2944177,
            40.850821
          ],
          [
            29.2942902,
            40.8510208
          ],
          [
            29.294077,
            40.8513069
          ],
          [
            29.2932504,
            40.8523581
          ],
          [
            29.2924208,
            40.8533114
          ],
          [
            29.2918401,
            40.8539453
          ],
          [
            29.2915584,
            40.8542567
          ],
          [
            29.2910354,
            40.8547893
          ],
          [
            29.290397,
            40.8553157
          ],
          [
            29.2896567,
            40.8557773
          ],
          [
            29.2892691,
            40.8559873
          ],
          [
            29.2887716,
            40.8562195
          ]
        ]
      },
      "id": "way/858251075"
    },
    {
      "type": "Feature",
      "properties": {
        "@id": "way/858251076",
        "electrified": "contact_line",
        "frequency": "50",
        "gauge": "1435",
        "maxspeed": "80",
        "name": "Marmaray",
        "operator": "TCDD",
        "railway": "rail",
        "railway:bidirectional": "possible",
        "railway:cbtc": "yes",
        "railway:etcs": "1",
        "railway:preferred_direction": "forward",
        "usage": "main",
        "voltage": "25000"
      },
      "geometry": {
        "type": "LineString",
        "coordinates": [
          [
            29.3038669,
            40.8426936
          ],
          [
            29.3070421,
            40.8409163
          ],
          [
            29.3075152,
            40.8406221
          ],
          [
            29.3079128,
            40.8403434
          ],
          [
            29.3116938,
            40.8374557
          ],
          [
            29.3126082,
            40.8367574
          ],
          [
            29.3139156,
            40.8357589
          ],
          [
            29.3150066,
            40.8349372
          ],
          [
            29.3154985,
            40.8345629
          ],
          [
            29.3160715,
            40.8341629
          ],
          [
            29.3172495,
            40.8333832
          ],
          [
            29.3202014,
            40.8314402
          ],
          [
            29.3207891,
            40.8310234
          ],
          [
            29.3213416,
            40.8305952
          ],
          [
            29.3221677,
            40.8299861
          ],
          [
            29.3233168,
            40.8291982
          ],
          [
            29.3241418,
            40.8286153
          ],
          [
            29.3244852,
            40.8283637
          ],
          [
            29.3249077,
            40.8280238
          ],
          [
            29.3253829,
            40.8276448
          ],
          [
            29.3257979,
            40.8273137
          ],
          [
            29.3264567,
            40.8267771
          ],
          [
            29.3268738,
            40.8263677
          ],
          [
            29.3272878,
            40.8258874
          ],
          [
            29.3276308,
            40.8253491
          ],
          [
            29.3278589,
            40.8249271
          ],
          [
            29.3280328,
            40.8245219
          ],
          [
            29.3281512,
            40.8241237
          ],
          [
            29.3284242,
            40.8229989
          ],
          [
            29.328674,
            40.8222448
          ]
        ]
      },
      "id": "way/858251076"
    },
    {
      "type": "Feature",
      "properties": {
        "@id": "way/858251077",
        "bridge": "yes",
        "electrified": "contact_line",
        "frequency": "50",
        "gauge": "1435",
        "layer": "1",
        "maxspeed": "120",
        "name": "Marmaray",
        "operator": "TCDD",
        "railway": "rail",
        "railway:bidirectional": "possible",
        "railway:cbtc": "yes",
        "railway:etcs": "1",
        "railway:preferred_direction": "forward",
        "usage": "main",
        "voltage": "25000"
      },
      "geometry": {
        "type": "LineString",
        "coordinates": [
          [
            29.3035354,
            40.8428955
          ],
          [
            29.3038669,
            40.8426936
          ]
        ]
      },
      "id": "way/858251077"
    },
    {
      "type": "Feature",
      "properties": {
        "@id": "way/915448106",
        "electrified": "contact_line",
        "frequency": "50",
        "gauge": "1435",
        "maxspeed": "80",
        "name": "Marmaray",
        "operator": "TCDD",
        "railway": "rail",
        "railway:bidirectional": "possible",
        "railway:cbtc": "yes",
        "railway:etcs": "1",
        "railway:preferred_direction": "forward",
        "usage": "main",
        "voltage": "25000"
      },
      "geometry": {
        "type": "LineString",
        "coordinates": [
          [
            29.0983427,
            40.9520251
          ],
          [
            29.0979923,
            40.9524148
          ],
          [
            29.0976195,
            40.9527987
          ],
          [
            29.0971519,
            40.9531784
          ],
          [
            29.0969192,
            40.9533074
          ],
          [
            29.0966249,
            40.9534225
          ],
          [
            29.0961499,
            40.9536064
          ],
          [
            29.0949337,
            40.9539864
          ],
          [
            29.0932108,
            40.9545246
          ],
          [
            29.0927098,
            40.9547174
          ],
          [
            29.092354,
            40.9548778
          ],
          [
            29.0919151,
            40.9551653
          ],
          [
            29.0917003,
            40.9553395
          ],
          [
            29.0913409,
            40.9557284
          ],
          [
            29.091078,
            40.956169
          ],
          [
            29.0909359,
            40.9565407
          ],
          [
            29.090543,
            40.9579485
          ],
          [
            29.0903673,
            40.9583394
          ],
          [
            29.0901366,
            40.9586757
          ],
          [
            29.0899488,
            40.9588965
          ],
          [
            29.0897235,
            40.959097
          ],
          [
            29.0894553,
            40.9593076
          ],
          [
            29.0892434,
            40.9594413
          ],
          [
            29.0889859,
            40.9595791
          ],
          [
            29.0887016,
            40.9597046
          ],
          [
            29.0884253,
            40.9598079
          ],
          [
            29.0880954,
            40.9599011
          ],
          [
            29.0877369,
            40.9599781
          ],
          [
            29.0872347,
            40.9600595
          ],
          [
            29.0867516,
            40.9601433
          ],
          [
            29.0860596,
            40.9602677
          ]
        ]
      },
      "id": "way/915448106"
    },
    {
      "type": "Feature",
      "properties": {
        "@id": "way/915448107",
        "electrified": "contact_line",
        "frequency": "50",
        "gauge": "1435",
        "maxspeed": "80",
        "name": "Marmaray",
        "operator": "TCDD",
        "railway": "rail",
        "railway:bidirectional": "possible",
        "railway:cbtc": "yes",
        "railway:etcs": "1",
        "railway:preferred_direction": "forward",
        "usage": "main",
        "voltage": "25000"
      },
      "geometry": {
        "type": "LineString",
        "coordinates": [
          [
            29.0860435,
            40.9601938
          ],
          [
            29.0867319,
            40.9600926
          ],
          [
            29.0872252,
            40.9600125
          ],
          [
            29.0877233,
            40.9599332
          ],
          [
            29.0880807,
            40.9598576
          ],
          [
            29.0884012,
            40.9597663
          ],
          [
            29.0886676,
            40.9596641
          ],
          [
            29.0889458,
            40.9595409
          ],
          [
            29.0892112,
            40.9594031
          ],
          [
            29.0894172,
            40.9592736
          ],
          [
            29.089678,
            40.9590631
          ],
          [
            29.089896,
            40.958866
          ],
          [
            29.0900912,
            40.9586489
          ],
          [
            29.0903083,
            40.9583162
          ],
          [
            29.0904854,
            40.9579434
          ],
          [
            29.0908791,
            40.9565282
          ],
          [
            29.091026,
            40.9561519
          ],
          [
            29.0912995,
            40.9557088
          ],
          [
            29.091646,
            40.9553015
          ],
          [
            29.0918472,
            40.9551169
          ],
          [
            29.0922935,
            40.9547962
          ],
          [
            29.0926289,
            40.9546198
          ],
          [
            29.0931488,
            40.9544163
          ],
          [
            29.0948711,
            40.9538789
          ],
          [
            29.0960837,
            40.9535005
          ],
          [
            29.0965759,
            40.9533355
          ],
          [
            29.0968505,
            40.9532232
          ],
          [
            29.0970708,
            40.9531122
          ],
          [
            29.0975587,
            40.9527594
          ],
          [
            29.0979416,
            40.9523984
          ],
          [
            29.0982936,
            40.952002
          ]
        ]
      },
      "id": "way/915448107"
    },
    {
      "type": "Feature",
      "properties": {
        "@id": "way/915448109",
        "bridge": "yes",
        "electrified": "contact_line",
        "frequency": "50",
        "gauge": "1435",
        "layer": "1",
        "maxspeed": "80",
        "name": "Marmaray",
        "operator": "TCDD",
        "railway": "rail",
        "railway:bidirectional": "possible",
        "railway:cbtc": "yes",
        "railway:etcs": "1",
        "railway:preferred_direction": "forward",
        "usage": "main",
        "voltage": "25000"
      },
      "geometry": {
        "type": "LineString",
        "coordinates": [
          [
            29.0860596,
            40.9602677
          ],
          [
            29.0844383,
            40.9605715
          ],
          [
            29.0836363,
            40.9606993
          ]
        ]
      },
      "id": "way/915448109"
    },
    {
      "type": "Feature",
      "properties": {
        "@id": "way/915448110",
        "bridge": "yes",
        "electrified": "contact_line",
        "frequency": "50",
        "gauge": "1435",
        "layer": "1",
        "maxspeed": "80",
        "name": "Marmaray",
        "operator": "TCDD",
        "railway": "rail",
        "railway:bidirectional": "possible",
        "railway:cbtc": "yes",
        "railway:etcs": "1",
        "railway:preferred_direction": "forward",
        "usage": "main",
        "voltage": "25000"
      },
      "geometry": {
        "type": "LineString",
        "coordinates": [
          [
            29.083598,
            40.9605718
          ],
          [
            29.084407,
            40.9604369
          ],
          [
            29.0860435,
            40.9601938
          ]
        ]
      },
      "id": "way/915448110"
    },
    {
      "type": "Feature",
      "properties": {
        "@id": "way/915448111",
        "bridge": "yes",
        "electrified": "contact_line",
        "frequency": "50",
        "gauge": "1435",
        "layer": "1",
        "maxspeed": "80",
        "name": "İstanbul-Ankara demiryolu",
        "operator": "TCDD",
        "railway": "rail",
        "railway:bidirectional": "regular",
        "railway:etcs": "1",
        "railway:preferred_direction": "both",
        "usage": "main",
        "voltage": "25000"
      },
      "geometry": {
        "type": "LineString",
        "coordinates": [
          [
            29.0835815,
            40.9605401
          ],
          [
            29.0844005,
            40.9604093
          ],
          [
            29.0860317,
            40.9601621
          ]
        ]
      },
      "id": "way/915448111"
    },
    {
      "type": "Feature",
      "properties": {
        "@id": "way/1006325103",
        "electrified": "contact_line",
        "frequency": "50",
        "gauge": "1435",
        "highspeed": "yes",
        "maxspeed": "120",
        "name": "İstanbul-Ankara yüksek hızlı demiryolu",
        "name:en": "İstanbul-Ankara high speed railway",
        "operator": "TCDD",
        "railway": "rail",
        "railway:bidirectional": "possible",
        "railway:etcs": "1",
        "railway:preferred_direction": "forward",
        "usage": "main",
        "voltage": "25000"
      },
      "geometry": {
        "type": "LineString",
        "coordinates": [
          [
            29.465602,
            40.7733642
          ],
          [
            29.4632833,
            40.7734356
          ],
          [
            29.462569,
            40.773442
          ],
          [
            29.4620538,
            40.7734313
          ],
          [
            29.461568,
            40.7733991
          ],
          [
            29.4610917,
            40.7733342
          ],
          [
            29.4606823,
            40.773258
          ],
          [
            29.4576908,
            40.7725652
          ],
          [
            29.4570559,
            40.7724354
          ],
          [
            29.4564149,
            40.772308
          ],
          [
            29.4558093,
            40.7722236
          ],
          [
            29.4551815,
            40.7721866
          ],
          [
            29.4541737,
            40.7721257
          ],
          [
            29.4487335,
            40.7719491
          ],
          [
            29.4482066,
            40.7719468
          ],
          [
            29.4476755,
            40.7719593
          ],
          [
            29.4471444,
            40.7719894
          ],
          [
            29.4466211,
            40.7720422
          ],
          [
            29.4395271,
            40.7731495
          ],
          [
            29.4382818,
            40.7733962
          ],
          [
            29.4359107,
            40.7738736
          ],
          [
            29.4348014,
            40.7741648
          ],
          [
            29.4337295,
            40.774515
          ],
          [
            29.4327003,
            40.7749364
          ],
          [
            29.4316861,
            40.7754204
          ],
          [
            29.4307761,
            40.7759466
          ],
          [
            29.4298898,
            40.7765187
          ],
          [
            29.4277668,
            40.7779492
          ],
          [
            29.4272389,
            40.7783049
          ],
          [
            29.4261724,
            40.7790106
          ],
          [
            29.424696,
            40.7800127
          ],
          [
            29.4243545,
            40.7802469
          ],
          [
            29.423621,
            40.7806322
          ],
          [
            29.4227915,
            40.7810122
          ],
          [
            29.4219627,
            40.7813392
          ],
          [
            29.4213398,
            40.7815183
          ],
          [
            29.4207383,
            40.7816563
          ],
          [
            29.419996,
            40.7817631
          ],
          [
            29.4191521,
            40.7818497
          ],
          [
            29.4175847,
            40.7819428
          ],
          [
            29.4172238,
            40.7819747
          ],
          [
            29.4167137,
            40.7820456
          ],
          [
            29.4162638,
            40.7821296
          ],
          [
            29.4158391,
            40.7822436
          ],
          [
            29.4155344,
            40.7823388
          ],
          [
            29.4148597,
            40.7825501
          ],
          [
            29.4142649,
            40.782736
          ],
          [
            29.4141593,
            40.7827671
          ]
        ]
      },
      "id": "way/1006325103"
    },
    {
      "type": "Feature",
      "properties": {
        "@id": "way/1006325104",
        "electrified": "contact_line",
        "frequency": "50",
        "gauge": "1435",
        "maxspeed": "80",
        "name": "İstanbul-Ankara demiryolu",
        "operator": "TCDD",
        "railway": "rail",
        "railway:bidirectional": "possible",
        "railway:etcs": "1",
        "railway:preferred_direction": "forward",
        "usage": "main",
        "voltage": "25000"
      },
      "geometry": {
        "type": "LineString",
        "coordinates": [
          [
            29.4070254,
            40.7850002
          ],
          [
            29.4072288,
            40.7849269
          ],
          [
            29.4074409,
            40.7848416
          ],
          [
            29.4076517,
            40.7847527
          ],
          [
            29.4079622,
            40.78462
          ],
          [
            29.4081741,
            40.7845359
          ],
          [
            29.4084387,
            40.7844402
          ],
          [
            29.4086857,
            40.7843531
          ],
          [
            29.4089814,
            40.7842547
          ],
          [
            29.4092911,
            40.7841596
          ],
          [
            29.4106501,
            40.7837353
          ],
          [
            29.411664,
            40.7834172
          ],
          [
            29.4123714,
            40.7831957
          ],
          [
            29.4125742,
            40.7831375
          ],
          [
            29.4128042,
            40.7830769
          ],
          [
            29.4133107,
            40.7829662
          ]
        ]
      },
      "id": "way/1006325104"
    },
    {
      "type": "Feature",
      "properties": {
        "@id": "way/1066278345",
        "electrified": "contact_line",
        "frequency": "50",
        "gauge": "1435",
        "maxspeed": "80",
        "name": "İstanbul-Ankara demiryolu",
        "operator": "TCDD",
        "railway": "rail",
        "railway:bidirectional": "possible",
        "railway:etcs": "1",
        "railway:preferred_direction": "forward",
        "usage": "main",
        "voltage": "25000"
      },
      "geometry": {
        "type": "LineString",
        "coordinates": [
          [
            29.4133107,
            40.7829662
          ],
          [
            29.4134746,
            40.782924
          ],
          [
            29.4137142,
            40.7828551
          ],
          [
            29.4139799,
            40.7827719
          ]
        ]
      },
      "id": "way/1066278345"
    },
    {
      "type": "Feature",
      "properties": {
        "@id": "way/1087558821",
        "electrified": "contact_line",
        "frequency": "50",
        "gauge": "1435",
        "maxspeed": "80",
        "name": "Marmaray",
        "operator": "TCDD",
        "railway": "rail",
        "railway:bidirectional": "possible",
        "railway:cbtc": "yes",
        "railway:etcs": "1",
        "railway:preferred_direction": "forward",
        "usage": "main",
        "voltage": "25000"
      },
      "geometry": {
        "type": "LineString",
        "coordinates": [
          [
            29.2316998,
            40.8804172
          ],
          [
            29.2306863,
            40.8803258
          ],
          [
            29.2299098,
            40.8802213
          ],
          [
            29.2286467,
            40.8800089
          ],
          [
            29.2283087,
            40.8799575
          ],
          [
            29.2279632,
            40.8799196
          ],
          [
            29.2274572,
            40.8798926
          ],
          [
            29.2266248,
            40.8799511
          ],
          [
            29.2262748,
            40.8800089
          ],
          [
            29.2257616,
            40.8801159
          ],
          [
            29.217242,
            40.8818918
          ],
          [
            29.2161959,
            40.882118
          ],
          [
            29.2152209,
            40.8824231
          ],
          [
            29.213912,
            40.882922
          ],
          [
            29.2131784,
            40.883214
          ],
          [
            29.2125324,
            40.8834682
          ],
          [
            29.2118552,
            40.8838335
          ],
          [
            29.210478,
            40.8846053
          ],
          [
            29.2093188,
            40.8852083
          ],
          [
            29.2090107,
            40.8853534
          ],
          [
            29.2087423,
            40.8854571
          ],
          [
            29.2084424,
            40.8855425
          ],
          [
            29.2081498,
            40.8856109
          ],
          [
            29.2078679,
            40.8856563
          ],
          [
            29.20742,
            40.8856909
          ],
          [
            29.2069139,
            40.8856965
          ],
          [
            29.2064068,
            40.8856502
          ],
          [
            29.2059463,
            40.8855339
          ],
          [
            29.2045861,
            40.8851804
          ],
          [
            29.2043028,
            40.8851076
          ],
          [
            29.2038462,
            40.8850583
          ],
          [
            29.2033858,
            40.885034
          ],
          [
            29.2030317,
            40.8850421
          ],
          [
            29.2025941,
            40.885081
          ],
          [
            29.2021644,
            40.8851817
          ],
          [
            29.2008647,
            40.8855383
          ],
          [
            29.1997595,
            40.8858415
          ],
          [
            29.1990622,
            40.8861038
          ],
          [
            29.1976901,
            40.8867543
          ],
          [
            29.1973494,
            40.8868981
          ],
          [
            29.19688,
            40.8870403
          ],
          [
            29.1963173,
            40.8871386
          ],
          [
            29.1942653,
            40.8872942
          ],
          [
            29.1936948,
            40.8873778
          ],
          [
            29.1931408,
            40.8875317
          ],
          [
            29.1927778,
            40.8877024
          ],
          [
            29.1924829,
            40.8878821
          ],
          [
            29.1916053,
            40.8884579
          ]
        ]
      },
      "id": "way/1087558821"
    },
    {
      "type": "Feature",
      "properties": {
        "@id": "way/1087558822",
        "electrified": "contact_line",
        "frequency": "50",
        "gauge": "1435",
        "maxspeed": "80",
        "name": "Marmaray",
        "operator": "TCDD",
        "railway": "rail",
        "railway:bidirectional": "possible",
        "railway:cbtc": "yes",
        "railway:etcs": "1",
        "railway:preferred_direction": "forward",
        "usage": "main",
        "voltage": "25000"
      },
      "geometry": {
        "type": "LineString",
        "coordinates": [
          [
            29.1914992,
            40.8883469
          ],
          [
            29.1923961,
            40.8878078
          ],
          [
            29.1927324,
            40.8876432
          ],
          [
            29.1931076,
            40.8874886
          ],
          [
            29.1936714,
            40.8873397
          ],
          [
            29.1942608,
            40.8872596
          ],
          [
            29.196305,
            40.8870994
          ],
          [
            29.1968552,
            40.8870041
          ],
          [
            29.1973293,
            40.8868595
          ],
          [
            29.1976599,
            40.8867212
          ],
          [
            29.199034,
            40.8860675
          ],
          [
            29.1997354,
            40.8858071
          ],
          [
            29.2017047,
            40.8852657
          ],
          [
            29.2021455,
            40.8851446
          ],
          [
            29.2025849,
            40.8850379
          ],
          [
            29.2030297,
            40.8849962
          ],
          [
            29.2033931,
            40.8849886
          ],
          [
            29.2038535,
            40.8850147
          ],
          [
            29.2043116,
            40.8850675
          ],
          [
            29.2046002,
            40.8851414
          ],
          [
            29.2059709,
            40.8855042
          ],
          [
            29.2064225,
            40.8856121
          ],
          [
            29.2069213,
            40.8856486
          ],
          [
            29.2074201,
            40.8856404
          ],
          [
            29.2078527,
            40.8856099
          ],
          [
            29.2081371,
            40.8855547
          ],
          [
            29.2084162,
            40.885482
          ],
          [
            29.2087065,
            40.8853891
          ],
          [
            29.2089629,
            40.8852798
          ],
          [
            29.2092606,
            40.8851237
          ],
          [
            29.2103738,
            40.8845186
          ],
          [
            29.2117865,
            40.8837683
          ],
          [
            29.2124956,
            40.8834236
          ],
          [
            29.2131538,
            40.8831755
          ],
          [
            29.2138945,
            40.8828859
          ],
          [
            29.2151985,
            40.8823921
          ],
          [
            29.2161838,
            40.8820875
          ],
          [
            29.2172166,
            40.8818556
          ],
          [
            29.2242839,
            40.8803798
          ],
          [
            29.2249995,
            40.8802304
          ],
          [
            29.2262633,
            40.8799664
          ],
          [
            29.226612,
            40.8799087
          ],
          [
            29.2274586,
            40.8798529
          ],
          [
            29.2279727,
            40.8798811
          ],
          [
            29.2283132,
            40.8799186
          ],
          [
            29.2286566,
            40.8799632
          ],
          [
            29.22948,
            40.8800717
          ],
          [
            29.2299385,
            40.8801275
          ],
          [
            29.2304562,
            40.8801779
          ],
          [
            29.2317343,
            40.8802722
          ]
        ]
      },
      "id": "way/1087558822"
    },
    {
      "type": "Feature",
      "properties": {
        "@id": "way/1088314451",
        "bridge": "yes",
        "electrified": "contact_line",
        "frequency": "50",
        "gauge": "1435",
        "layer": "1",
        "maxspeed": "80",
        "operator": "TCDD",
        "passenger_lines": "2",
        "railway": "rail",
        "railway:bidirectional": "possible",
        "railway:cbtc": "yes",
        "railway:etcs": "1",
        "railway:preferred_direction": "forward",
        "usage": "main",
        "voltage": "25000"
      },
      "geometry": {
        "type": "LineString",
        "coordinates": [
          [
            29.0391758,
            40.9894344
          ],
          [
            29.0390823,
            40.9895693
          ]
        ]
      },
      "id": "way/1088314451"
    },
    {
      "type": "Feature",
      "properties": {
        "@id": "way/1088314453",
        "bridge": "yes",
        "electrified": "contact_line",
        "frequency": "50",
        "gauge": "1435",
        "layer": "1",
        "maxspeed": "80",
        "operator": "TCDD",
        "passenger_lines": "2",
        "railway": "rail",
        "railway:bidirectional": "possible",
        "railway:cbtc": "yes",
        "railway:etcs": "1",
        "railway:preferred_direction": "forward",
        "usage": "main",
        "voltage": "25000"
      },
      "geometry": {
        "type": "LineString",
        "coordinates": [
          [
            29.0389047,
            40.9895239
          ],
          [
            29.0390359,
            40.9893689
          ]
        ]
      },
      "id": "way/1088314453"
    },
    {
      "type": "Feature",
      "properties": {
        "@id": "way/1191649112",
        "cutting": "yes",
        "electrified": "contact_line",
        "frequency": "50",
        "gauge": "1435",
        "name": "İstanbul-Ankara demiryolu",
        "operator": "TCDD",
        "passenger_lines": "2",
        "railway": "rail",
        "railway:bidirectional": "regular",
        "railway:preferred_direction": "both",
        "usage": "main",
        "voltage": "25000"
      },
      "geometry": {
        "type": "LineString",
        "coordinates": [
          [
            29.0316664,
            40.9952059
          ],
          [
            29.0320677,
            40.9946496
          ],
          [
            29.0321961,
            40.9944863
          ],
          [
            29.0323631,
            40.994325
          ],
          [
            29.0325422,
            40.9941737
          ],
          [
            29.0327476,
            40.9940297
          ]
        ]
      },
      "id": "way/1191649112"
    },
    {
      "type": "Feature",
      "properties": {
        "@id": "way/1191649113",
        "cutting": "yes",
        "electrified": "contact_line",
        "frequency": "50",
        "gauge": "1435",
        "maxspeed": "80",
        "name": "Marmaray",
        "operator": "TCDD",
        "passenger_lines": "2",
        "railway": "rail",
        "railway:bidirectional": "possible",
        "railway:cbtc": "yes",
        "railway:etcs": "1",
        "railway:preferred_direction": "forward",
        "usage": "main",
        "voltage": "25000"
      },
      "geometry": {
        "type": "LineString",
        "coordinates": [
          [
            29.0314563,
            40.9955862
          ],
          [
            29.0321216,
            40.9946716
          ],
          [
            29.0322494,
            40.9945144
          ],
          [
            29.0324128,
            40.9943537
          ],
          [
            29.0325841,
            40.9942038
          ],
          [
            29.0327863,
            40.9940615
          ]
        ]
      },
      "id": "way/1191649113"
    },
    {
      "type": "Feature",
      "properties": {
        "@id": "way/1300081601",
        "electrified": "contact_line",
        "frequency": "50",
        "gauge": "1435",
        "maxspeed": "100",
        "name": "İstanbul - Ankara demiryolu",
        "name:en": "İstanbul - Ankara railway",
        "operator": "TCDD",
        "passenger_lines": "1",
        "railway": "rail",
        "railway:etcs": "yes",
        "source": "bing",
        "usage": "main",
        "voltage": "25000",
        "wikidata": "Q15103266",
        "wikipedia": "en:Istanbul–Ankara railway"
      },
      "geometry": {
        "type": "LineString",
        "coordinates": [
          [
            29.5434998,
            40.7703066
          ],
          [
            29.5454332,
            40.7705393
          ],
          [
            29.5461108,
            40.7706192
          ],
          [
            29.5467756,
            40.770742
          ],
          [
            29.5476946,
            40.7709633
          ],
          [
            29.548565,
            40.7712611
          ],
          [
            29.5502736,
            40.7719253
          ],
          [
            29.5507198,
            40.7720579
          ],
          [
            29.5511211,
            40.7721589
          ],
          [
            29.551528,
            40.772242
          ],
          [
            29.5519416,
            40.772309
          ],
          [
            29.5523595,
            40.7723574
          ],
          [
            29.5527841,
            40.7723884
          ],
          [
            29.5532132,
            40.7724043
          ],
          [
            29.5536284,
            40.7724027
          ],
          [
            29.5540527,
            40.7723813
          ],
          [
            29.5544712,
            40.7723366
          ],
          [
            29.5553054,
            40.7722091
          ],
          [
            29.5561261,
            40.7720177
          ],
          [
            29.5569113,
            40.771775
          ],
          [
            29.5693828,
            40.7682216
          ],
          [
            29.5699704,
            40.7680749
          ],
          [
            29.5705416,
            40.7679448
          ],
          [
            29.5710673,
            40.7678441
          ],
          [
            29.5716153,
            40.7677694
          ],
          [
            29.572082,
            40.7677378
          ],
          [
            29.5726555,
            40.7677198
          ],
          [
            29.5731024,
            40.7677218
          ],
          [
            29.5735942,
            40.7677491
          ],
          [
            29.5741468,
            40.767797
          ],
          [
            29.5750471,
            40.7679178
          ],
          [
            29.575792,
            40.7680026
          ],
          [
            29.5764247,
            40.7680934
          ],
          [
            29.5770973,
            40.7681977
          ],
          [
            29.5776281,
            40.7683218
          ],
          [
            29.5780649,
            40.7684419
          ],
          [
            29.5785456,
            40.7686114
          ],
          [
            29.5789947,
            40.7687705
          ],
          [
            29.57949,
            40.7689961
          ],
          [
            29.5798564,
            40.7691719
          ],
          [
            29.580329,
            40.7694305
          ],
          [
            29.5822517,
            40.7706419
          ],
          [
            29.5825999,
            40.7708401
          ],
          [
            29.5830461,
            40.7710635
          ],
          [
            29.5834302,
            40.7712249
          ],
          [
            29.583836,
            40.7713877
          ],
          [
            29.58434,
            40.7715639
          ],
          [
            29.5859285,
            40.7720706
          ],
          [
            29.5864713,
            40.7722625
          ],
          [
            29.5869982,
            40.7724665
          ],
          [
            29.5875703,
            40.772715
          ],
          [
            29.5889281,
            40.7733391
          ],
          [
            29.5926138,
            40.7750443
          ],
          [
            29.5977744,
            40.7777253
          ],
          [
            29.5983428,
            40.7779986
          ],
          [
            29.5987157,
            40.7781535
          ],
          [
            29.5991194,
            40.7782916
          ],
          [
            29.5996054,
            40.7784365
          ],
          [
            29.6001581,
            40.7785735
          ],
          [
            29.6006928,
            40.7786856
          ],
          [
            29.6011654,
            40.7787613
          ],
          [
            29.6018024,
            40.7788334
          ]
        ]
      },
      "id": "way/1300081601"
    },
    {
      "type": "Feature",
      "properties": {
        "@id": "way/1300081604",
        "electrified": "contact_line",
        "frequency": "50",
        "gauge": "1435",
        "layer": "-1",
        "maxspeed": "100",
        "name": "İstanbul - Ankara demiryolu",
        "name:en": "İstanbul - Ankara railway",
        "operator": "TCDD",
        "passenger_lines": "1",
        "railway": "rail",
        "railway:etcs": "yes",
        "source": "bing",
        "tunnel": "yes",
        "usage": "main",
        "voltage": "25000",
        "wikidata": "Q15103266",
        "wikipedia": "en:Istanbul–Ankara railway"
      },
      "geometry": {
        "type": "LineString",
        "coordinates": [
          [
            29.6018024,
            40.7788334
          ],
          [
            29.6023946,
            40.7789607
          ],
          [
            29.602968,
            40.7791503
          ],
          [
            29.6034724,
            40.7794148
          ],
          [
            29.6038609,
            40.7796779
          ],
          [
            29.6048174,
            40.7804134
          ]
        ]
      },
      "id": "way/1300081604"
    },
    {
      "type": "Feature",
      "properties": {
        "@id": "way/1300081605",
        "electrified": "contact_line",
        "frequency": "50",
        "gauge": "1435",
        "maxspeed": "100",
        "name": "İstanbul - Ankara demiryolu",
        "name:en": "İstanbul - Ankara railway",
        "operator": "TCDD",
        "passenger_lines": "1",
        "railway": "rail",
        "railway:etcs": "yes",
        "source": "bing",
        "usage": "main",
        "voltage": "25000",
        "wikidata": "Q15103266",
        "wikipedia": "en:Istanbul–Ankara railway"
      },
      "geometry": {
        "type": "LineString",
        "coordinates": [
          [
            29.6048174,
            40.7804134
          ],
          [
            29.6054301,
            40.7808293
          ],
          [
            29.6059184,
            40.7811161
          ],
          [
            29.6066798,
            40.7815308
          ],
          [
            29.6072624,
            40.7818184
          ],
          [
            29.6079449,
            40.7820769
          ],
          [
            29.6085701,
            40.7822687
          ],
          [
            29.6093559,
            40.782436
          ],
          [
            29.6109867,
            40.7827393
          ],
          [
            29.6120743,
            40.7830385
          ],
          [
            29.6149391,
            40.7838284
          ],
          [
            29.6153748,
            40.783924
          ],
          [
            29.6158325,
            40.7839918
          ],
          [
            29.6164619,
            40.7840528
          ],
          [
            29.6168704,
            40.7840575
          ],
          [
            29.6172239,
            40.7840599
          ],
          [
            29.6175754,
            40.7840445
          ],
          [
            29.6179171,
            40.7840169
          ],
          [
            29.6183111,
            40.7839633
          ],
          [
            29.6187473,
            40.783892
          ],
          [
            29.6191831,
            40.783789
          ],
          [
            29.6204484,
            40.7834395
          ],
          [
            29.6210752,
            40.7832946
          ],
          [
            29.6230754,
            40.7829392
          ],
          [
            29.6238425,
            40.7827552
          ],
          [
            29.6246311,
            40.7824709
          ],
          [
            29.6253526,
            40.7821479
          ],
          [
            29.6259963,
            40.7817336
          ],
          [
            29.6268726,
            40.7809885
          ],
          [
            29.6299211,
            40.7781924
          ],
          [
            29.6305001,
            40.7777158
          ],
          [
            29.6311594,
            40.77728
          ],
          [
            29.6318259,
            40.7769304
          ],
          [
            29.6324495,
            40.7766867
          ],
          [
            29.6330495,
            40.7764951
          ],
          [
            29.6335333,
            40.7763826
          ],
          [
            29.6340129,
            40.7762972
          ],
          [
            29.6362302,
            40.7760333
          ],
          [
            29.6367418,
            40.7760087
          ],
          [
            29.6372489,
            40.7760067
          ]
        ]
      },
      "id": "way/1300081605"
    },
    {
      "type": "Feature",
      "properties": {
        "@id": "way/1300081607",
        "bridge": "yes",
        "electrified": "contact_line",
        "frequency": "50",
        "gauge": "1435",
        "layer": "1",
        "operator": "TCDD",
        "railway": "rail",
        "railway:etcs": "1",
        "usage": "main",
        "voltage": "25000"
      },
      "geometry": {
        "type": "LineString",
        "coordinates": [
          [
            29.543327,
            40.7702838
          ],
          [
            29.5434998,
            40.7703066
          ]
        ]
      },
      "id": "way/1300081607"
    },
    {
      "type": "Feature",
      "properties": {
        "@id": "way/1300081608",
        "electrified": "contact_line",
        "frequency": "50",
        "gauge": "1435",
        "name": "İstanbul-Ankara demiryolu",
        "operator": "TCDD",
        "railway": "rail",
        "railway:etcs": "1",
        "usage": "main",
        "voltage": "25000"
      },
      "geometry": {
        "type": "LineString",
        "coordinates": [
          [
            29.5318257,
            40.7700943
          ],
          [
            29.5340097,
            40.7696521
          ],
          [
            29.5344708,
            40.7695887
          ],
          [
            29.5348572,
            40.7695558
          ],
          [
            29.5354011,
            40.7695099
          ],
          [
            29.5359392,
            40.7694971
          ],
          [
            29.5375396,
            40.7695203
          ],
          [
            29.5388251,
            40.769576
          ],
          [
            29.5398143,
            40.7696348
          ],
          [
            29.540391,
            40.7697359
          ],
          [
            29.5409287,
            40.7698663
          ],
          [
            29.5419351,
            40.770085
          ],
          [
            29.543327,
            40.7702838
          ]
        ]
      },
      "id": "way/1300081608"
    },
    {
      "type": "Feature",
      "properties": {
        "@id": "way/1356040766",
        "bridge": "yes",
        "electrified": "contact_line",
        "frequency": "50",
        "gauge": "1435",
        "layer": "1",
        "maxspeed": "80",
        "name": "İstanbul-Ankara demiryolu",
        "operator": "TCDD",
        "passenger_lines": "2",
        "railway": "rail",
        "railway:bidirectional": "possible",
        "railway:etcs": "1",
        "railway:preferred_direction": "forward",
        "source": "Yahoo",
        "usage": "main",
        "voltage": "25000"
      },
      "geometry": {
        "type": "LineString",
        "coordinates": [
          [
            29.0389878,
            40.9893467
          ],
          [
            29.0376214,
            40.9910067
          ]
        ]
      },
      "id": "way/1356040766"
    },
    {
      "type": "Feature",
      "properties": {
        "@id": "way/1356199097",
        "cutting": "yes",
        "electrified": "contact_line",
        "frequency": "50",
        "gauge": "1435",
        "maxspeed": "80",
        "name": "Marmaray",
        "operator": "TCDD",
        "passenger_lines": "2",
        "railway": "rail",
        "railway:bidirectional": "possible",
        "railway:cbtc": "yes",
        "railway:etcs": "1",
        "railway:preferred_direction": "forward",
        "source": "marmaray",
        "usage": "main",
        "voltage": "25000",
        "wikipedia": "en:Marmaray"
      },
      "geometry": {
        "type": "LineString",
        "coordinates": [
          [
            29.0307129,
            40.9966906
          ],
          [
            29.0303394,
            40.9972006
          ],
          [
            29.0302351,
            40.9973748
          ]
        ]
      },
      "id": "way/1356199097"
    },
    {
      "type": "Feature",
      "properties": {
        "@id": "way/1356768917",
        "cutting": "yes",
        "electrified": "contact_line",
        "frequency": "50",
        "gauge": "1435",
        "maxspeed": "80",
        "name": "Marmaray",
        "operator": "TCDD",
        "passenger_lines": "2",
        "railway": "rail",
        "railway:bidirectional": "possible",
        "railway:cbtc": "yes",
        "railway:etcs": "1",
        "railway:preferred_direction": "forward",
        "usage": "main",
        "voltage": "25000"
      },
      "geometry": {
        "type": "LineString",
        "coordinates": [
          [
            29.0311466,
            40.9960119
          ],
          [
            29.0314563,
            40.9955862
          ]
        ]
      },
      "id": "way/1356768917"
    },
    {
      "type": "Feature",
      "properties": {
        "@id": "way/1356768919",
        "electrified": "contact_line",
        "frequency": "50",
        "gauge": "1435",
        "name": "İstanbul-Ankara demiryolu",
        "operator": "TCDD",
        "passenger_lines": "2",
        "railway": "rail",
        "railway:bidirectional": "possible",
        "railway:preferred_direction": "forward",
        "usage": "main",
        "voltage": "25000"
      },
      "geometry": {
        "type": "LineString",
        "coordinates": [
          [
            29.0348639,
            40.9929284
          ],
          [
            29.0345156,
            40.9931021
          ]
        ]
      },
      "id": "way/1356768919"
    },
    {
      "type": "Feature",
      "properties": {
        "@id": "way/1356768920",
        "bridge": "yes",
        "electrified": "contact_line",
        "frequency": "50",
        "gauge": "1435",
        "layer": "1",
        "maxspeed": "80",
        "name": "İstanbul-Ankara demiryolu",
        "operator": "TCDD",
        "passenger_lines": "2",
        "railway": "rail",
        "railway:bidirectional": "possible",
        "railway:preferred_direction": "forward",
        "usage": "main",
        "voltage": "25000"
      },
      "geometry": {
        "type": "LineString",
        "coordinates": [
          [
            29.0374472,
            40.9909463
          ],
          [
            29.0388628,
            40.9892893
          ]
        ]
      },
      "id": "way/1356768920"
    },
    {
      "type": "Feature",
      "properties": {
        "@id": "way/1356768921",
        "electrified": "contact_line",
        "frequency": "50",
        "gauge": "1435",
        "maxspeed": "80",
        "name": "İstanbul-Ankara demiryolu",
        "operator": "TCDD",
        "railway": "rail",
        "railway:bidirectional": "regular",
        "railway:etcs": "1",
        "railway:preferred_direction": "both",
        "usage": "main",
        "voltage": "25000"
      },
      "geometry": {
        "type": "LineString",
        "coordinates": [
          [
            29.1914702,
            40.8883167
          ],
          [
            29.1923672,
            40.8877832
          ],
          [
            29.1927052,
            40.8876077
          ],
          [
            29.1930968,
            40.8874515
          ],
          [
            29.193648,
            40.8873015
          ],
          [
            29.1942562,
            40.887225
          ],
          [
            29.1962927,
            40.8870602
          ],
          [
            29.1968305,
            40.8869679
          ],
          [
            29.1973092,
            40.8868209
          ],
          [
            29.1976297,
            40.8866881
          ],
          [
            29.1990057,
            40.8860312
          ],
          [
            29.1997112,
            40.8857726
          ],
          [
            29.2021265,
            40.8851075
          ],
          [
            29.2025757,
            40.8849949
          ],
          [
            29.2030277,
            40.8849503
          ],
          [
            29.2034005,
            40.8849432
          ],
          [
            29.2038609,
            40.8849711
          ],
          [
            29.2043205,
            40.8850274
          ],
          [
            29.2046142,
            40.8851024
          ],
          [
            29.2059956,
            40.8854745
          ],
          [
            29.2064381,
            40.8855739
          ],
          [
            29.2069263,
            40.8856164
          ],
          [
            29.2074201,
            40.8856069
          ],
          [
            29.2078398,
            40.8855704
          ],
          [
            29.2081296,
            40.8855217
          ],
          [
            29.2084031,
            40.8854518
          ],
          [
            29.2086888,
            40.8853555
          ],
          [
            29.2089408,
            40.8852459
          ],
          [
            29.2092373,
            40.8850898
          ],
          [
            29.210358,
            40.8844774
          ],
          [
            29.2114188,
            40.8839208
          ],
          [
            29.211759,
            40.8837423
          ],
          [
            29.2124716,
            40.8833933
          ],
          [
            29.2131292,
            40.8831369
          ],
          [
            29.2138771,
            40.8828497
          ],
          [
            29.2144923,
            40.8826182
          ],
          [
            29.2151762,
            40.882361
          ],
          [
            29.2161718,
            40.8820571
          ],
          [
            29.2171913,
            40.8818195
          ],
          [
            29.2223103,
            40.8807486
          ],
          [
            29.2234558,
            40.8805089
          ],
          [
            29.2262519,
            40.879924
          ],
          [
            29.2265992,
            40.8798663
          ],
          [
            29.22746,
            40.8798131
          ],
          [
            29.2279821,
            40.8798425
          ],
          [
            29.2283214,
            40.8798821
          ],
          [
            29.2286678,
            40.8799163
          ]
        ]
      },
      "id": "way/1356768921"
    },
    {
      "type": "Feature",
      "properties": {
        "@id": "way/1356768922",
        "electrified": "contact_line",
        "frequency": "50",
        "gauge": "1435",
        "maxspeed": "80",
        "name": "İstanbul-Ankara demiryolu",
        "operator": "TCDD",
        "railway": "rail",
        "railway:bidirectional": "regular",
        "railway:etcs": "1",
        "railway:preferred_direction": "both",
        "usage": "main",
        "voltage": "25000"
      },
      "geometry": {
        "type": "LineString",
        "coordinates": [
          [
            29.2286678,
            40.8799163
          ],
          [
            29.2294908,
            40.8800352
          ],
          [
            29.2299494,
            40.880092
          ],
          [
            29.2304691,
            40.8801443
          ],
          [
            29.2317457,
            40.8802291
          ],
          [
            29.2338994,
            40.8803815
          ],
          [
            29.2343687,
            40.8803987
          ],
          [
            29.2356077,
            40.8804103
          ]
        ]
      },
      "id": "way/1356768922"
    },
    {
      "type": "Feature",
      "properties": {
        "@id": "way/1356768923",
        "electrified": "contact_line",
        "frequency": "50",
        "gauge": "1435",
        "maxspeed": "80",
        "name": "İstanbul-Ankara demiryolu",
        "operator": "TCDD",
        "railway": "rail",
        "railway:bidirectional": "possible",
        "railway:etcs": "1",
        "railway:preferred_direction": "forward",
        "usage": "main",
        "voltage": "25000"
      },
      "geometry": {
        "type": "LineString",
        "coordinates": [
          [
            29.4141593,
            40.7827671
          ],
          [
            29.412427,
            40.7833092
          ],
          [
            29.4111377,
            40.7837119
          ],
          [
            29.4106839,
            40.783852
          ],
          [
            29.4093447,
            40.7842705
          ],
          [
            29.4083163,
            40.7845912
          ],
          [
            29.4070254,
            40.7850002
          ]
        ]
      },
      "id": "way/1356768923"
    },
    {
      "type": "Feature",
      "properties": {
        "@id": "way/1448295571",
        "electrified": "contact_line",
        "frequency": "50",
        "gauge": "1435",
        "maxspeed": "80",
        "name": "Marmaray",
        "operator": "TCDD",
        "railway": "rail",
        "railway:bidirectional": "possible",
        "railway:cbtc": "yes",
        "railway:etcs": "1",
        "railway:preferred_direction": "forward",
        "usage": "main",
        "voltage": "25000"
      },
      "geometry": {
        "type": "LineString",
        "coordinates": [
          [
            29.3594163,
            40.8084949
          ],
          [
            29.3510696,
            40.8100959
          ],
          [
            29.350428,
            40.8102136
          ],
          [
            29.3495787,
            40.810345
          ],
          [
            29.3487944,
            40.8104555
          ],
          [
            29.3473857,
            40.8105826
          ],
          [
            29.3461114,
            40.8107081
          ],
          [
            29.3453814,
            40.8108022
          ],
          [
            29.3448687,
            40.8108799
          ],
          [
            29.3442433,
            40.8110295
          ],
          [
            29.3420115,
            40.8117277
          ],
          [
            29.3414191,
            40.8119216
          ],
          [
            29.340687,
            40.812197
          ],
          [
            29.3402598,
            40.8123973
          ],
          [
            29.3397682,
            40.8126646
          ],
          [
            29.3393243,
            40.8129436
          ],
          [
            29.3388656,
            40.8132757
          ],
          [
            29.330627,
            40.8196872
          ],
          [
            29.3301607,
            40.8201007
          ],
          [
            29.3298524,
            40.8204523
          ],
          [
            29.3295439,
            40.8208366
          ],
          [
            29.3291665,
            40.8213751
          ]
        ]
      },
      "id": "way/1448295571"
    },
    {
      "type": "Feature",
      "properties": {
        "@id": "way/1486269495",
        "bridge": "yes",
        "bridge:structure": "beam",
        "electrified": "contact_line",
        "frequency": "50",
        "gauge": "1435",
        "layer": "1",
        "maxspeed": "80",
        "name": "İstanbul-Ankara demiryolu",
        "operator": "TCDD",
        "railway": "rail",
        "railway:bidirectional": "regular",
        "railway:etcs": "1",
        "railway:preferred_direction": "both",
        "usage": "main",
        "voltage": "25000"
      },
      "geometry": {
        "type": "LineString",
        "coordinates": [
          [
            29.2596271,
            40.8690466
          ],
          [
            29.260004,
            40.8688249
          ]
        ]
      },
      "id": "way/1486269495"
    },
    {
      "type": "Feature",
      "properties": {
        "@id": "way/1486269496",
        "bridge": "yes",
        "bridge:structure": "beam",
        "electrified": "contact_line",
        "frequency": "50",
        "gauge": "1435",
        "layer": "1",
        "maxspeed": "80",
        "name": "Marmaray",
        "operator": "TCDD",
        "railway": "rail",
        "railway:bidirectional": "possible",
        "railway:cbtc": "yes",
        "railway:etcs": "1",
        "railway:preferred_direction": "forward",
        "usage": "main",
        "voltage": "25000"
      },
      "geometry": {
        "type": "LineString",
        "coordinates": [
          [
            29.2596658,
            40.8690776
          ],
          [
            29.260036,
            40.8688568
          ]
        ]
      },
      "id": "way/1486269496"
    },
    {
      "type": "Feature",
      "properties": {
        "@id": "way/1486269497",
        "bridge": "yes",
        "bridge:structure": "beam",
        "electrified": "contact_line",
        "frequency": "50",
        "gauge": "1435",
        "layer": "1",
        "maxspeed": "80",
        "name": "Marmaray",
        "operator": "TCDD",
        "railway": "rail",
        "railway:bidirectional": "possible",
        "railway:cbtc": "yes",
        "railway:etcs": "1",
        "railway:preferred_direction": "forward",
        "usage": "main",
        "voltage": "25000"
      },
      "geometry": {
        "type": "LineString",
        "coordinates": [
          [
            29.260068,
            40.8688886
          ],
          [
            29.2597045,
            40.8691087
          ]
        ]
      },
      "id": "way/1486269497"
    },
    {
      "type": "Feature",
      "properties": {
        "@id": "way/1486269498",
        "electrified": "contact_line",
        "frequency": "50",
        "gauge": "1435",
        "maxspeed": "80",
        "name": "Marmaray",
        "operator": "TCDD",
        "railway": "rail",
        "railway:bidirectional": "possible",
        "railway:cbtc": "yes",
        "railway:etcs": "1",
        "railway:preferred_direction": "forward",
        "usage": "main",
        "voltage": "25000"
      },
      "geometry": {
        "type": "LineString",
        "coordinates": [
          [
            29.2713144,
            40.8634525
          ],
          [
            29.2709952,
            40.8636918
          ],
          [
            29.2704212,
            40.8640712
          ],
          [
            29.270094,
            40.8642598
          ],
          [
            29.2697829,
            40.8644069
          ],
          [
            29.2694356,
            40.8645428
          ],
          [
            29.2651065,
            40.8660752
          ],
          [
            29.2642147,
            40.8664343
          ],
          [
            29.2633845,
            40.8668643
          ],
          [
            29.2626308,
            40.8672994
          ],
          [
            29.260068,
            40.8688886
          ]
        ]
      },
      "id": "way/1486269498"
    },
    {
      "type": "Feature",
      "properties": {
        "@id": "way/1486269499",
        "electrified": "contact_line",
        "frequency": "50",
        "gauge": "1435",
        "maxspeed": "80",
        "name": "Marmaray",
        "operator": "TCDD",
        "railway": "rail",
        "railway:bidirectional": "possible",
        "railway:cbtc": "yes",
        "railway:etcs": "1",
        "railway:preferred_direction": "forward",
        "usage": "main",
        "voltage": "25000"
      },
      "geometry": {
        "type": "LineString",
        "coordinates": [
          [
            29.260036,
            40.8688568
          ],
          [
            29.2626081,
            40.8672678
          ],
          [
            29.263353,
            40.866841
          ],
          [
            29.2641898,
            40.8664013
          ],
          [
            29.2650871,
            40.8660377
          ],
          [
            29.2694201,
            40.8645063
          ],
          [
            29.2697601,
            40.8643734
          ],
          [
            29.2700714,
            40.8642278
          ],
          [
            29.2703866,
            40.8640442
          ],
          [
            29.2709524,
            40.8636632
          ],
          [
            29.2712629,
            40.8634273
          ]
        ]
      },
      "id": "way/1486269499"
    },
    {
      "type": "Feature",
      "properties": {
        "@id": "way/1486269500",
        "electrified": "contact_line",
        "frequency": "50",
        "gauge": "1435",
        "maxspeed": "80",
        "name": "İstanbul-Ankara demiryolu",
        "operator": "TCDD",
        "railway": "rail",
        "railway:bidirectional": "regular",
        "railway:etcs": "1",
        "railway:preferred_direction": "both",
        "usage": "main",
        "voltage": "25000"
      },
      "geometry": {
        "type": "LineString",
        "coordinates": [
          [
            29.260004,
            40.8688249
          ],
          [
            29.2625855,
            40.8672361
          ],
          [
            29.2633214,
            40.8668176
          ],
          [
            29.264165,
            40.8663683
          ],
          [
            29.2650676,
            40.8660002
          ],
          [
            29.2694047,
            40.8644698
          ],
          [
            29.2697373,
            40.8643399
          ],
          [
            29.2700487,
            40.8641958
          ],
          [
            29.2703519,
            40.8640172
          ],
          [
            29.2709095,
            40.8636347
          ],
          [
            29.2712113,
            40.863402
          ]
        ]
      },
      "id": "way/1486269500"
    },
    {
      "type": "Feature",
      "properties": {
        "@id": "way/1488671587",
        "bridge": "yes",
        "bridge:structure": "beam",
        "electrified": "contact_line",
        "frequency": "50",
        "gauge": "1435",
        "layer": "1",
        "maxspeed": "80",
        "name": "Marmaray",
        "operator": "TCDD",
        "railway": "rail",
        "railway:bidirectional": "possible",
        "railway:cbtc": "yes",
        "railway:etcs": "1",
        "railway:preferred_direction": "forward",
        "usage": "main",
        "voltage": "25000"
      },
      "geometry": {
        "type": "LineString",
        "coordinates": [
          [
            29.1273791,
            40.923725
          ],
          [
            29.1272771,
            40.9238223
          ]
        ]
      },
      "id": "way/1488671587"
    },
    {
      "type": "Feature",
      "properties": {
        "@id": "way/1488671588",
        "bridge": "yes",
        "bridge:structure": "beam",
        "electrified": "contact_line",
        "frequency": "50",
        "gauge": "1435",
        "layer": "1",
        "maxspeed": "80",
        "name": "Marmaray",
        "operator": "TCDD",
        "railway": "rail",
        "railway:bidirectional": "possible",
        "railway:cbtc": "yes",
        "railway:etcs": "1",
        "railway:preferred_direction": "forward",
        "usage": "main",
        "voltage": "25000"
      },
      "geometry": {
        "type": "LineString",
        "coordinates": [
          [
            29.1272335,
            40.9237957
          ],
          [
            29.1273385,
            40.9236955
          ]
        ]
      },
      "id": "way/1488671588"
    },
    {
      "type": "Feature",
      "properties": {
        "@id": "way/1488671589",
        "bridge": "yes",
        "bridge:structure": "beam",
        "electrified": "contact_line",
        "frequency": "50",
        "gauge": "1435",
        "layer": "1",
        "maxspeed": "80",
        "name": "İstanbul-Ankara demiryolu",
        "operator": "TCDD",
        "railway": "rail",
        "railway:bidirectional": "regular",
        "railway:etcs": "1",
        "railway:preferred_direction": "both",
        "usage": "main",
        "voltage": "25000"
      },
      "geometry": {
        "type": "LineString",
        "coordinates": [
          [
            29.12719,
            40.9237691
          ],
          [
            29.1272979,
            40.9236659
          ]
        ]
      },
      "id": "way/1488671589"
    },
    {
      "type": "Feature",
      "properties": {
        "@id": "way/1488671590",
        "electrified": "contact_line",
        "frequency": "50",
        "gauge": "1435",
        "maxspeed": "80",
        "name": "İstanbul-Ankara demiryolu",
        "operator": "TCDD",
        "railway": "rail",
        "railway:bidirectional": "regular",
        "railway:etcs": "1",
        "railway:preferred_direction": "both",
        "usage": "main",
        "voltage": "25000"
      },
      "geometry": {
        "type": "LineString",
        "coordinates": [
          [
            29.1272979,
            40.9236659
          ],
          [
            29.1276218,
            40.9233927
          ],
          [
            29.1279207,
            40.9231699
          ],
          [
            29.1282234,
            40.9229594
          ],
          [
            29.1285614,
            40.9227622
          ],
          [
            29.1288891,
            40.9225937
          ],
          [
            29.129222,
            40.9224434
          ],
          [
            29.1314468,
            40.9215083
          ],
          [
            29.1321768,
            40.9211871
          ],
          [
            29.1332321,
            40.920737
          ],
          [
            29.1351046,
            40.9199689
          ],
          [
            29.1375736,
            40.9189222
          ],
          [
            29.1384278,
            40.9185601
          ],
          [
            29.1418235,
            40.9171206
          ],
          [
            29.1487394,
            40.9141849
          ]
        ]
      },
      "id": "way/1488671590"
    },
    {
      "type": "Feature",
      "properties": {
        "@id": "way/1488671591",
        "electrified": "contact_line",
        "frequency": "50",
        "gauge": "1435",
        "maxspeed": "80",
        "name": "Marmaray",
        "operator": "TCDD",
        "railway": "rail",
        "railway:bidirectional": "possible",
        "railway:cbtc": "yes",
        "railway:etcs": "1",
        "railway:preferred_direction": "forward",
        "usage": "main",
        "voltage": "25000"
      },
      "geometry": {
        "type": "LineString",
        "coordinates": [
          [
            29.1273385,
            40.9236955
          ],
          [
            29.1276604,
            40.9234169
          ],
          [
            29.1279486,
            40.9231969
          ],
          [
            29.1282629,
            40.9229895
          ],
          [
            29.1285952,
            40.9227943
          ],
          [
            29.1289173,
            40.9226302
          ],
          [
            29.1292498,
            40.9224823
          ],
          [
            29.1296317,
            40.922321
          ],
          [
            29.131471,
            40.9215444
          ],
          [
            29.132191,
            40.9212058
          ],
          [
            29.1332522,
            40.9207651
          ]
        ]
      },
      "id": "way/1488671591"
    },
    {
      "type": "Feature",
      "properties": {
        "@id": "way/1488671592",
        "electrified": "contact_line",
        "frequency": "50",
        "gauge": "1435",
        "maxspeed": "80",
        "name": "Marmaray",
        "operator": "TCDD",
        "railway": "rail",
        "railway:bidirectional": "possible",
        "railway:cbtc": "yes",
        "railway:etcs": "1",
        "railway:preferred_direction": "forward",
        "usage": "main",
        "voltage": "25000"
      },
      "geometry": {
        "type": "LineString",
        "coordinates": [
          [
            29.133337,
            40.9208835
          ],
          [
            29.132254,
            40.921289
          ],
          [
            29.1314953,
            40.9215804
          ],
          [
            29.1309966,
            40.921792
          ],
          [
            29.1302981,
            40.9220882
          ],
          [
            29.1292775,
            40.9225212
          ],
          [
            29.1289455,
            40.9226666
          ],
          [
            29.1286289,
            40.9228265
          ],
          [
            29.1283025,
            40.9230197
          ],
          [
            29.1279765,
            40.923224
          ],
          [
            29.1276991,
            40.9234411
          ],
          [
            29.1273791,
            40.923725
          ]
        ]
      },
      "id": "way/1488671592"
    },
    {
      "type": "Feature",
      "properties": {
        "@id": "way/1514723707",
        "electrified": "contact_line",
        "frequency": "50",
        "gauge": "1435",
        "maxspeed": "80",
        "name": "İstanbul-Ankara demiryolu",
        "operator": "TCDD",
        "passenger_lines": "2",
        "railway": "rail",
        "railway:bidirectional": "regular",
        "railway:preferred_direction": "both",
        "usage": "main",
        "voltage": "25000"
      },
      "geometry": {
        "type": "LineString",
        "coordinates": [
          [
            29.0424709,
            40.9839359
          ],
          [
            29.0422168,
            40.9846487
          ],
          [
            29.0421286,
            40.984896
          ]
        ]
      },
      "id": "way/1514723707"
    }
  ]
}