{
  "type": "FeatureCollection",
  "generator": "overpass-turbo",
  "copyright": "The data included in this document is from www.openstreetmap.org. The data is made available under ODbL.",
  "timestamp": "2026-05-25T18:31:56Z",
  "features": [
    {
      "type": "Feature",
      "properties": {
        "@id": "way/14489225",
        "axle_load": "22.5",
        "electrified": "no",
        "gauge": "1435",
        "name": "İzmir-Afyonkarahisar demiryolu",
        "operator": "TCDD",
        "railway": "rail",
        "railway:etcs": "no",
        "usage": "main"
      },
      "geometry": {
        "type": "LineString",
        "coordinates": [
          [
            27.6881582,
            38.5133461
          ],
          [
            27.6882399,
            38.5133315
          ],
          [
            27.6918289,
            38.5126922
          ],
          [
            27.6955026,
            38.5120378
          ],
          [
            27.7020915,
            38.5108641
          ],
          [
            27.7024465,
            38.5108039
          ],
          [
            27.703269,
            38.5106613
          ],
          [
            27.7084668,
            38.5097438
          ],
          [
            27.7115633,
            38.5091971
          ],
          [
            27.7121623,
            38.5090951
          ],
          [
            27.7146888,
            38.5086647
          ],
          [
            27.7151732,
            38.5085816
          ],
          [
            27.7172311,
            38.5082026
          ],
          [
            27.7197849,
            38.5077519
          ],
          [
            27.7237119,
            38.5070263
          ],
          [
            27.728413,
            38.5061779
          ],
          [
            27.7370621,
            38.5046359
          ],
          [
            27.7398147,
            38.5041742
          ],
          [
            27.7454018,
            38.5031593
          ],
          [
            27.7502862,
            38.5022782
          ],
          [
            27.7510031,
            38.5021434
          ],
          [
            27.7515475,
            38.5020545
          ],
          [
            27.7521975,
            38.5019667
          ],
          [
            27.7534713,
            38.5018258
          ],
          [
            27.7536787,
            38.501812
          ],
          [
            27.7549167,
            38.5017299
          ],
          [
            27.7563579,
            38.5016902
          ],
          [
            27.75763,
            38.5017299
          ],
          [
            27.7588599,
            38.501806
          ],
          [
            27.7589249,
            38.5018151
          ],
          [
            27.7601585,
            38.5019872
          ],
          [
            27.7608505,
            38.5020838
          ],
          [
            27.7610173,
            38.5021081
          ],
          [
            27.7613492,
            38.5021566
          ],
          [
            27.7624569,
            38.5024043
          ],
          [
            27.7641952,
            38.5028664
          ],
          [
            27.7660882,
            38.5033885
          ],
          [
            27.7683183,
            38.5039778
          ],
          [
            27.7719946,
            38.5049728
          ],
          [
            27.7762541,
            38.5061515
          ],
          [
            27.7791195,
            38.5069523
          ],
          [
            27.7872643,
            38.5092284
          ],
          [
            27.7906874,
            38.5101577
          ]
        ]
      },
      "id": "way/14489225"
    },
    {
      "type": "Feature",
      "properties": {
        "@id": "way/14489328",
        "axle_load": "22.5",
        "electrified": "no",
        "gauge": "1435",
        "name": "İzmir-Afyonkarahisar demiryolu",
        "operator": "TCDD",
        "railway": "rail",
        "railway:etcs": "no",
        "usage": "main"
      },
      "geometry": {
        "type": "LineString",
        "coordinates": [
          [
            28.1158712,
            38.4859112
          ],
          [
            28.1183301,
            38.4854069
          ],
          [
            28.1222892,
            38.4846443
          ],
          [
            28.1230509,
            38.4844611
          ],
          [
            28.1250094,
            38.4840949
          ],
          [
            28.1251452,
            38.4840712
          ],
          [
            28.1263512,
            38.4838344
          ],
          [
            28.1309046,
            38.4829405
          ],
          [
            28.1326459,
            38.4825986
          ],
          [
            28.1340259,
            38.4823277
          ],
          [
            28.1353964,
            38.4820306
          ],
          [
            28.1392651,
            38.4812715
          ],
          [
            28.1442656,
            38.4802641
          ],
          [
            28.1467368,
            38.4797681
          ],
          [
            28.1486345,
            38.4793848
          ],
          [
            28.1492595,
            38.4792857
          ],
          [
            28.149982,
            38.4791965
          ],
          [
            28.1505674,
            38.4791328
          ],
          [
            28.1514278,
            38.4790709
          ],
          [
            28.1530112,
            38.4789639
          ],
          [
            28.1604645,
            38.4786589
          ],
          [
            28.1614667,
            38.4786286
          ],
          [
            28.1615897,
            38.4786286
          ],
          [
            28.1632628,
            38.4785428
          ],
          [
            28.1654754,
            38.4784508
          ],
          [
            28.1666074,
            38.4783968
          ]
        ]
      },
      "id": "way/14489328"
    },
    {
      "type": "Feature",
      "properties": {
        "@id": "way/45891361",
        "electrified": "no",
        "gauge": "1435",
        "name": "Manisa geçki hattı",
        "operator": "TCDD",
        "railway": "rail",
        "usage": "main"
      },
      "geometry": {
        "type": "LineString",
        "coordinates": [
          [
            27.466883,
            38.6290676
          ],
          [
            27.4666889,
            38.6286591
          ],
          [
            27.4665615,
            38.6283826
          ],
          [
            27.4665297,
            38.6282761
          ],
          [
            27.4665039,
            38.6280481
          ],
          [
            27.4665099,
            38.6278628
          ],
          [
            27.4665162,
            38.6275733
          ],
          [
            27.4665829,
            38.6273411
          ],
          [
            27.4666776,
            38.6270704
          ],
          [
            27.4668632,
            38.6267033
          ],
          [
            27.4671362,
            38.6263749
          ],
          [
            27.4674109,
            38.6261043
          ],
          [
            27.4680698,
            38.6256062
          ],
          [
            27.4794034,
            38.6152298
          ],
          [
            27.4795616,
            38.6150809
          ],
          [
            27.4799704,
            38.6146789
          ],
          [
            27.4803783,
            38.6144062
          ],
          [
            27.4808604,
            38.6141784
          ],
          [
            27.4812152,
            38.6140648
          ],
          [
            27.4816522,
            38.6139513
          ]
        ]
      },
      "id": "way/45891361"
    },
    {
      "type": "Feature",
      "properties": {
        "@id": "way/84594964",
        "axle_load": "22.5",
        "electrified": "contact_line",
        "frequency": "50",
        "gauge": "1435",
        "name": "Manisa-Bandırma demiryolu",
        "operator": "TCDD",
        "railway": "rail",
        "railway:etcs": "yes",
        "source": "bing",
        "usage": "main",
        "voltage": "25000"
      },
      "geometry": {
        "type": "LineString",
        "coordinates": [
          [
            27.5031459,
            38.6524993
          ],
          [
            27.506249,
            38.6543118
          ],
          [
            27.5071056,
            38.6549551
          ],
          [
            27.5081638,
            38.6561126
          ],
          [
            27.5100901,
            38.6589649
          ],
          [
            27.5153819,
            38.6669603
          ],
          [
            27.5192451,
            38.6728174
          ],
          [
            27.522766,
            38.6780232
          ],
          [
            27.5240708,
            38.679978
          ],
          [
            27.5256975,
            38.6823297
          ],
          [
            27.5311616,
            38.6906018
          ],
          [
            27.5426953,
            38.7078795
          ],
          [
            27.5469139,
            38.7142303
          ],
          [
            27.547241,
            38.7146731
          ],
          [
            27.5477256,
            38.7152603
          ],
          [
            27.5483908,
            38.7159042
          ],
          [
            27.5491559,
            38.7166188
          ],
          [
            27.5503062,
            38.7173321
          ],
          [
            27.572178,
            38.7298057
          ],
          [
            27.5742429,
            38.7309857
          ],
          [
            27.5766337,
            38.7323448
          ],
          [
            27.5768314,
            38.7324572
          ],
          [
            27.5774213,
            38.7327917
          ],
          [
            27.5830415,
            38.7359788
          ],
          [
            27.5833798,
            38.7361764
          ],
          [
            27.5884452,
            38.7391877
          ],
          [
            27.6009824,
            38.7448948
          ],
          [
            27.6026615,
            38.745615
          ],
          [
            27.60712,
            38.7476583
          ],
          [
            27.6090772,
            38.7485763
          ],
          [
            27.6274201,
            38.7568781
          ],
          [
            27.6553085,
            38.7695579
          ],
          [
            27.6564482,
            38.7701436
          ],
          [
            27.6573069,
            38.7707015
          ],
          [
            27.6580645,
            38.771266
          ],
          [
            27.6586875,
            38.7718567
          ],
          [
            27.6597399,
            38.7730119
          ],
          [
            27.6613815,
            38.774838
          ],
          [
            27.6645132,
            38.7783216
          ],
          [
            27.6652625,
            38.7790566
          ],
          [
            27.6660454,
            38.7796866
          ],
          [
            27.6683606,
            38.7814061
          ],
          [
            27.6689583,
            38.7819245
          ],
          [
            27.6693371,
            38.7824233
          ],
          [
            27.6696149,
            38.7829549
          ],
          [
            27.6697581,
            38.7834471
          ],
          [
            27.6698086,
            38.7839064
          ],
          [
            27.6697833,
            38.784543
          ],
          [
            27.6696446,
            38.7852563
          ],
          [
            27.6696377,
            38.7859858
          ],
          [
            27.6697917,
            38.7864986
          ],
          [
            27.6701225,
            38.7871797
          ],
          [
            27.6704835,
            38.7876375
          ],
          [
            27.6710882,
            38.7881194
          ],
          [
            27.672027,
            38.788568
          ],
          [
            27.6726457,
            38.7887494
          ],
          [
            27.6745825,
            38.789093
          ],
          [
            27.6754316,
            38.7893021
          ],
          [
            27.6762296,
            38.789613
          ],
          [
            27.6770526,
            38.7900115
          ],
          [
            27.6778806,
            38.7905775
          ],
          [
            27.6802046,
            38.7920583
          ],
          [
            27.6822574,
            38.7935975
          ],
          [
            27.6834388,
            38.794505
          ],
          [
            27.6845215,
            38.7954752
          ],
          [
            27.6893234,
            38.8025216
          ],
          [
            27.6899307,
            38.8032054
          ],
          [
            27.6931852,
            38.8065188
          ],
          [
            27.6936721,
            38.8071836
          ],
          [
            27.6940926,
            38.8080379
          ],
          [
            27.6955364,
            38.8130068
          ],
          [
            27.6962466,
            38.8153523
          ],
          [
            27.6963664,
            38.8163747
          ],
          [
            27.6963298,
            38.8178267
          ],
          [
            27.6960466,
            38.8190035
          ],
          [
            27.6955845,
            38.8201652
          ],
          [
            27.6947524,
            38.8214295
          ],
          [
            27.694407,
            38.8219341
          ],
          [
            27.6940416,
            38.822468
          ],
          [
            27.693662,
            38.823053
          ],
          [
            27.6933246,
            38.8237562
          ],
          [
            27.6930799,
            38.82442
          ],
          [
            27.6929206,
            38.8251379
          ],
          [
            27.6928244,
            38.8258662
          ],
          [
            27.6926834,
            38.8282447
          ],
          [
            27.6927425,
            38.8289873
          ],
          [
            27.6928437,
            38.8297168
          ],
          [
            27.6930124,
            38.8304594
          ],
          [
            27.6932402,
            38.8310771
          ],
          [
            27.6940701,
            38.832806
          ]
        ]
      },
      "id": "way/84594964"
    },
    {
      "type": "Feature",
      "properties": {
        "@id": "way/84594985",
        "axle_load": "22.5",
        "bridge": "yes",
        "electrified": "contact_line",
        "frequency": "50",
        "gauge": "1435",
        "layer": "1",
        "name": "Manisa-Bandırma demiryolu",
        "operator": "TCDD",
        "railway": "rail",
        "railway:etcs": "yes",
        "usage": "main",
        "voltage": "25000"
      },
      "geometry": {
        "type": "LineString",
        "coordinates": [
          [
            27.5022287,
            38.6519924
          ],
          [
            27.5031459,
            38.6524993
          ]
        ]
      },
      "id": "way/84594985"
    },
    {
      "type": "Feature",
      "properties": {
        "@id": "way/84656690",
        "axle_load": "22.5",
        "electrified": "no",
        "gauge": "1435",
        "name": "İzmir-Afyonkarahisar demiryolu",
        "operator": "TCDD",
        "railway": "rail",
        "railway:etcs": "no",
        "usage": "main"
      },
      "geometry": {
        "type": "LineString",
        "coordinates": [
          [
            27.4590682,
            38.6183749
          ],
          [
            27.4599005,
            38.6183565
          ],
          [
            27.460548,
            38.6182762
          ],
          [
            27.4614739,
            38.6181451
          ],
          [
            27.462165,
            38.6180211
          ],
          [
            27.4678966,
            38.6168501
          ],
          [
            27.4726894,
            38.6158416
          ],
          [
            27.4802398,
            38.6142529
          ],
          [
            27.4816522,
            38.6139513
          ],
          [
            27.4839421,
            38.6134702
          ],
          [
            27.4875151,
            38.6127318
          ],
          [
            27.4887963,
            38.6124206
          ],
          [
            27.4903745,
            38.6119262
          ],
          [
            27.492154,
            38.6111382
          ],
          [
            27.494103,
            38.6101489
          ],
          [
            27.513548,
            38.6002778
          ],
          [
            27.5217977,
            38.5960486
          ],
          [
            27.5308225,
            38.5914334
          ],
          [
            27.5358537,
            38.5888575
          ],
          [
            27.5408256,
            38.5863119
          ],
          [
            27.5518684,
            38.5806428
          ],
          [
            27.5547306,
            38.5791727
          ],
          [
            27.5581349,
            38.5774666
          ],
          [
            27.5590041,
            38.5770125
          ],
          [
            27.5598091,
            38.576645
          ],
          [
            27.5604653,
            38.5764144
          ],
          [
            27.5610865,
            38.5762066
          ],
          [
            27.5624217,
            38.5758818
          ],
          [
            27.5658189,
            38.5751107
          ],
          [
            27.5683406,
            38.5744871
          ],
          [
            27.5692336,
            38.5741773
          ],
          [
            27.5698725,
            38.5738844
          ],
          [
            27.5703947,
            38.5736052
          ],
          [
            27.5711066,
            38.5732248
          ],
          [
            27.5715995,
            38.5729276
          ],
          [
            27.5723395,
            38.5723539
          ],
          [
            27.5731192,
            38.5715585
          ],
          [
            27.5741865,
            38.5704698
          ],
          [
            27.5745124,
            38.5701474
          ],
          [
            27.5762228,
            38.5684853
          ],
          [
            27.5770461,
            38.5678546
          ],
          [
            27.5778519,
            38.5673501
          ],
          [
            27.5784261,
            38.5670413
          ],
          [
            27.5819392,
            38.5652624
          ],
          [
            27.5829926,
            38.5647289
          ],
          [
            27.5973253,
            38.5573905
          ],
          [
            27.6020183,
            38.5550246
          ],
          [
            27.6032436,
            38.554395
          ],
          [
            27.6066104,
            38.5526725
          ]
        ]
      },
      "id": "way/84656690"
    },
    {
      "type": "Feature",
      "properties": {
        "@id": "way/84656691",
        "axle_load": "22.5",
        "bridge": "yes",
        "electrified": "contact_line",
        "frequency": "50",
        "gauge": "1435",
        "layer": "1",
        "name": "Manisa-Bandırma demiryolu",
        "operator": "TCDD",
        "railway": "rail",
        "railway:etcs": "yes",
        "usage": "main",
        "voltage": "25000"
      },
      "geometry": {
        "type": "LineString",
        "coordinates": [
          [
            27.4743882,
            38.6361103
          ],
          [
            27.4749718,
            38.6364501
          ]
        ]
      },
      "id": "way/84656691"
    },
    {
      "type": "Feature",
      "properties": {
        "@id": "way/84656693",
        "axle_load": "22.5",
        "bridge": "yes",
        "electrified": "no",
        "gauge": "1435",
        "layer": "1",
        "operator": "TCDD",
        "railway": "rail",
        "railway:etcs": "no",
        "usage": "main"
      },
      "geometry": {
        "type": "LineString",
        "coordinates": [
          [
            27.6066104,
            38.5526725
          ],
          [
            27.6071021,
            38.5524316
          ]
        ]
      },
      "id": "way/84656693"
    },
    {
      "type": "Feature",
      "properties": {
        "@id": "way/84656694",
        "axle_load": "22.5",
        "electrified": "contact_line",
        "frequency": "50",
        "gauge": "1435",
        "name": "Manisa-Bandırma demiryolu",
        "operator": "TCDD",
        "railway": "rail",
        "railway:etcs": "yes",
        "usage": "main",
        "voltage": "25000"
      },
      "geometry": {
        "type": "LineString",
        "coordinates": [
          [
            27.4749718,
            38.6364501
          ],
          [
            27.4787065,
            38.6385279
          ],
          [
            27.5007933,
            38.6512272
          ],
          [
            27.5022287,
            38.6519924
          ]
        ]
      },
      "id": "way/84656694"
    },
    {
      "type": "Feature",
      "properties": {
        "@id": "way/89051207",
        "axle_load": "22.5",
        "electrified": "no",
        "gauge": "1435",
        "name": "İzmir-Afyonkarahisar demiryolu",
        "operator": "TCDD",
        "railway": "rail",
        "railway:etcs": "no",
        "usage": "main"
      },
      "geometry": {
        "type": "LineString",
        "coordinates": [
          [
            28.3507071,
            38.4323455
          ],
          [
            28.3485818,
            38.4332764
          ],
          [
            28.3460168,
            38.434761
          ],
          [
            28.3446555,
            38.4358518
          ],
          [
            28.3369344,
            38.4432508
          ],
          [
            28.3332664,
            38.4463647
          ],
          [
            28.3294746,
            38.4493066
          ],
          [
            28.3217489,
            38.4551671
          ],
          [
            28.3196889,
            38.4565786
          ],
          [
            28.3180582,
            38.4573179
          ],
          [
            28.3158722,
            38.4580799
          ],
          [
            28.3145716,
            38.4584151
          ],
          [
            28.3075075,
            38.4597869
          ],
          [
            28.3037298,
            38.4603275
          ],
          [
            28.3013054,
            38.4604522
          ],
          [
            28.2990961,
            38.4604379
          ],
          [
            28.2988545,
            38.4604363
          ],
          [
            28.2981707,
            38.4604318
          ],
          [
            28.270315,
            38.4607075
          ],
          [
            28.269525,
            38.4607524
          ],
          [
            28.268424,
            38.460843
          ],
          [
            28.2665483,
            38.4611174
          ],
          [
            28.2643045,
            38.4616609
          ],
          [
            28.2618604,
            38.4624569
          ],
          [
            28.2594638,
            38.4632361
          ],
          [
            28.257756,
            38.4637762
          ],
          [
            28.2572249,
            38.4639441
          ],
          [
            28.2551951,
            38.4644185
          ],
          [
            28.2547233,
            38.4645034
          ]
        ]
      },
      "id": "way/89051207"
    },
    {
      "type": "Feature",
      "properties": {
        "@id": "way/89051222",
        "axle_load": "22.5",
        "electrified": "no",
        "gauge": "1435",
        "name": "İzmir-Afyonkarahisar demiryolu",
        "operator": "TCDD",
        "railway": "rail",
        "railway:etcs": "no",
        "usage": "main"
      },
      "geometry": {
        "type": "LineString",
        "coordinates": [
          [
            27.9386478,
            38.5162595
          ],
          [
            27.9386958,
            38.51626
          ],
          [
            27.9418739,
            38.5162694
          ],
          [
            27.9440644,
            38.5163073
          ],
          [
            27.9443839,
            38.5163069
          ],
          [
            27.9450439,
            38.5163061
          ],
          [
            27.9466759,
            38.5163041
          ],
          [
            27.947473,
            38.5163031
          ],
          [
            27.9489393,
            38.5163302
          ],
          [
            27.949416,
            38.516339
          ],
          [
            27.9505114,
            38.5164301
          ],
          [
            27.9511048,
            38.5164815
          ],
          [
            27.9517762,
            38.5165511
          ],
          [
            27.9528956,
            38.5167334
          ],
          [
            27.9536491,
            38.5168807
          ],
          [
            27.9692461,
            38.520701
          ],
          [
            27.9707077,
            38.5210131
          ],
          [
            27.9716192,
            38.5211247
          ],
          [
            27.9724768,
            38.5211932
          ],
          [
            27.9737042,
            38.5211892
          ]
        ]
      },
      "id": "way/89051222"
    },
    {
      "type": "Feature",
      "properties": {
        "@id": "way/89051265",
        "axle_load": "22.5",
        "electrified": "no",
        "gauge": "1435",
        "name": "İzmir-Afyonkarahisar demiryolu",
        "operator": "TCDD",
        "railway": "rail",
        "railway:etcs": "no",
        "source": "bing",
        "usage": "main"
      },
      "geometry": {
        "type": "LineString",
        "coordinates": [
          [
            28.8581499,
            38.384338
          ],
          [
            28.8587057,
            38.3843651
          ],
          [
            28.8592651,
            38.3843479
          ],
          [
            28.8598505,
            38.384312
          ],
          [
            28.8600986,
            38.3842968
          ],
          [
            28.8656977,
            38.3839534
          ],
          [
            28.8658821,
            38.3839421
          ],
          [
            28.8660004,
            38.3839348
          ],
          [
            28.8666983,
            38.3839453
          ],
          [
            28.8670862,
            38.3840026
          ],
          [
            28.8675373,
            38.3840938
          ],
          [
            28.8679247,
            38.3842294
          ],
          [
            28.8702935,
            38.3853648
          ],
          [
            28.8706729,
            38.3855532
          ],
          [
            28.8709431,
            38.3856631
          ],
          [
            28.8712629,
            38.385773
          ],
          [
            28.8727442,
            38.3861691
          ],
          [
            28.881249,
            38.3887069
          ],
          [
            28.8818974,
            38.3889473
          ],
          [
            28.8826921,
            38.3894008
          ],
          [
            28.8845186,
            38.3907505
          ],
          [
            28.8850066,
            38.3910401
          ],
          [
            28.8854876,
            38.3912204
          ],
          [
            28.8860523,
            38.391346
          ],
          [
            28.8866309,
            38.3914061
          ],
          [
            28.8872095,
            38.3914007
          ],
          [
            28.8876905,
            38.3913242
          ],
          [
            28.8881227,
            38.3912149
          ],
          [
            28.8891893,
            38.3907832
          ],
          [
            28.8898098,
            38.3905975
          ],
          [
            28.8903187,
            38.3905264
          ],
          [
            28.8908625,
            38.390521
          ],
          [
            28.8914341,
            38.3905647
          ],
          [
            28.8919291,
            38.390674
          ],
          [
            28.8924449,
            38.3908761
          ],
          [
            28.8928144,
            38.3911056
          ],
          [
            28.893163,
            38.3913788
          ],
          [
            28.8939159,
            38.3920782
          ],
          [
            28.8942644,
            38.3923459
          ],
          [
            28.8946967,
            38.3926191
          ],
          [
            28.8952474,
            38.3928213
          ],
          [
            28.8957493,
            38.3929524
          ],
          [
            28.8962513,
            38.3930344
          ],
          [
            28.8966835,
            38.3930453
          ],
          [
            28.8972342,
            38.3929743
          ],
          [
            28.8978198,
            38.3928268
          ],
          [
            28.8982729,
            38.3926683
          ],
          [
            28.900626,
            38.3915254
          ],
          [
            28.9044457,
            38.3898191
          ],
          [
            28.9046397,
            38.3897382
          ],
          [
            28.9071912,
            38.3885042
          ],
          [
            28.9078802,
            38.3882533
          ],
          [
            28.9084135,
            38.3881422
          ],
          [
            28.9089712,
            38.3880962
          ],
          [
            28.9096183,
            38.3881212
          ],
          [
            28.9101244,
            38.3882328
          ],
          [
            28.9107337,
            38.3884217
          ],
          [
            28.9114635,
            38.3885935
          ],
          [
            28.9118561,
            38.3886704
          ],
          [
            28.912465,
            38.3886818
          ],
          [
            28.9129994,
            38.3886567
          ],
          [
            28.9137436,
            38.3884673
          ],
          [
            28.9161023,
            38.3877182
          ],
          [
            28.9195089,
            38.3870034
          ],
          [
            28.9213789,
            38.38664
          ],
          [
            28.9221963,
            38.3864483
          ],
          [
            28.9227372,
            38.3862779
          ],
          [
            28.9232234,
            38.3860498
          ],
          [
            28.9243487,
            38.3854956
          ],
          [
            28.9249731,
            38.3852775
          ],
          [
            28.9255431,
            38.3851782
          ],
          [
            28.9260717,
            38.3851409
          ],
          [
            28.9265528,
            38.3851673
          ],
          [
            28.9269897,
            38.3852397
          ],
          [
            28.9274962,
            38.3853954
          ],
          [
            28.928302,
            38.3856714
          ],
          [
            28.9286831,
            38.3857857
          ],
          [
            28.9292432,
            38.3858699
          ],
          [
            28.9298757,
            38.385874
          ],
          [
            28.9303323,
            38.3858437
          ],
          [
            28.9308007,
            38.3857232
          ],
          [
            28.9318932,
            38.3854625
          ],
          [
            28.9342871,
            38.384866
          ],
          [
            28.9350559,
            38.3847705
          ],
          [
            28.9356543,
            38.3847459
          ],
          [
            28.9363283,
            38.3847801
          ],
          [
            28.9369941,
            38.3848798
          ],
          [
            28.9377167,
            38.3850756
          ],
          [
            28.9382744,
            38.3852655
          ],
          [
            28.939222,
            38.3857514
          ],
          [
            28.9397245,
            38.3860078
          ],
          [
            28.9403194,
            38.3861735
          ],
          [
            28.9409281,
            38.386266
          ],
          [
            28.9415183,
            38.3862642
          ],
          [
            28.9421057,
            38.3861985
          ],
          [
            28.9428638,
            38.3860551
          ],
          [
            28.9435958,
            38.385893
          ],
          [
            28.9441675,
            38.3858588
          ],
          [
            28.9448072,
            38.3858998
          ],
          [
            28.9452695,
            38.386
          ],
          [
            28.9458098,
            38.3861822
          ],
          [
            28.9461764,
            38.3863893
          ],
          [
            28.9465186,
            38.3866052
          ],
          [
            28.9468927,
            38.3869386
          ],
          [
            28.9477156,
            38.3876578
          ],
          [
            28.9480558,
            38.3879682
          ],
          [
            28.9483625,
            38.3882173
          ],
          [
            28.9489146,
            38.3885365
          ],
          [
            28.9494445,
            38.3887813
          ],
          [
            28.9499743,
            38.3889561
          ],
          [
            28.9506212,
            38.3890698
          ],
          [
            28.9511343,
            38.3891222
          ],
          [
            28.9527795,
            38.3891397
          ],
          [
            28.9534599,
            38.3891922
          ],
          [
            28.9540567,
            38.3892971
          ],
          [
            28.9568512,
            38.3900477
          ],
          [
            28.9573866,
            38.390196
          ],
          [
            28.9577864,
            38.3903722
          ],
          [
            28.9581647,
            38.3905961
          ],
          [
            28.9585145,
            38.3908786
          ],
          [
            28.9588572,
            38.3912703
          ],
          [
            28.9590898,
            38.3915969
          ],
          [
            28.9596421,
            38.3923733
          ],
          [
            28.9599246,
            38.3926754
          ],
          [
            28.9602558,
            38.3929884
          ],
          [
            28.9605967,
            38.3932098
          ],
          [
            28.9609182,
            38.3933625
          ],
          [
            28.9613371,
            38.3935152
          ],
          [
            28.961717,
            38.3936374
          ],
          [
            28.9626005,
            38.3939143
          ],
          [
            28.9631047,
            38.3940527
          ],
          [
            28.9635605,
            38.3942151
          ],
          [
            28.9641021,
            38.3944527
          ],
          [
            28.9644762,
            38.3946726
          ]
        ]
      },
      "id": "way/89051265"
    },
    {
      "type": "Feature",
      "properties": {
        "@id": "way/89051273",
        "axle_load": "22.5",
        "electrified": "no",
        "gauge": "1435",
        "name": "İzmir-Afyonkarahisar demiryolu",
        "operator": "TCDD",
        "railway": "rail",
        "railway:etcs": "no",
        "source": "bing",
        "usage": "main"
      },
      "geometry": {
        "type": "LineString",
        "coordinates": [
          [
            29.3631963,
            38.5945521
          ],
          [
            29.361272,
            38.5916598
          ],
          [
            29.360945,
            38.5910437
          ],
          [
            29.3606822,
            38.590464
          ],
          [
            29.3605012,
            38.5898889
          ],
          [
            29.360326,
            38.5892865
          ],
          [
            29.360034,
            38.5877209
          ],
          [
            29.3596662,
            38.5856898
          ],
          [
            29.3594559,
            38.5849275
          ],
          [
            29.3591757,
            38.5842976
          ],
          [
            29.3585508,
            38.582983
          ],
          [
            29.358399,
            38.5825448
          ],
          [
            29.3583114,
            38.5821066
          ],
          [
            29.358253,
            38.581609
          ],
          [
            29.3582939,
            38.5810886
          ],
          [
            29.3584084,
            38.5805443
          ],
          [
            29.358612,
            38.580055
          ],
          [
            29.3591852,
            38.5787402
          ],
          [
            29.3593285,
            38.5782862
          ],
          [
            29.3594266,
            38.5778145
          ],
          [
            29.3594039,
            38.5772072
          ],
          [
            29.359321,
            38.5765881
          ],
          [
            29.3583028,
            38.5737107
          ],
          [
            29.3577371,
            38.5722307
          ],
          [
            29.3575184,
            38.5718002
          ],
          [
            29.3572092,
            38.5713462
          ],
          [
            29.3542753,
            38.5673187
          ],
          [
            29.3540189,
            38.5668705
          ],
          [
            29.353853,
            38.5664754
          ],
          [
            29.3537474,
            38.5660508
          ],
          [
            29.3536795,
            38.565756
          ],
          [
            29.3536418,
            38.5652193
          ],
          [
            29.3536644,
            38.564777
          ],
          [
            29.3538077,
            38.5641755
          ],
          [
            29.3538681,
            38.5637214
          ],
          [
            29.3538756,
            38.5631494
          ],
          [
            29.3537625,
            38.562595
          ],
          [
            29.353589,
            38.5620938
          ],
          [
            29.3533477,
            38.561622
          ],
          [
            29.3530988,
            38.5612386
          ],
          [
            29.3528272,
            38.5609084
          ],
          [
            29.3524954,
            38.5605899
          ],
          [
            29.3520655,
            38.5602656
          ],
          [
            29.3515526,
            38.5599235
          ],
          [
            29.3433695,
            38.5557833
          ],
          [
            29.3426078,
            38.5553586
          ],
          [
            29.3420119,
            38.554993
          ],
          [
            29.3414689,
            38.5545447
          ],
          [
            29.3410088,
            38.5541024
          ],
          [
            29.3406166,
            38.5536305
          ],
          [
            29.3402622,
            38.5530466
          ],
          [
            29.3400962,
            38.5526927
          ],
          [
            29.3399152,
            38.5521973
          ],
          [
            29.3398021,
            38.5515603
          ],
          [
            29.3397644,
            38.5510766
          ],
          [
            29.339787,
            38.5505281
          ],
          [
            29.3398926,
            38.5499087
          ],
          [
            29.3401113,
            38.5492953
          ],
          [
            29.3403856,
            38.5486298
          ],
          [
            29.3405176,
            38.5481358
          ],
          [
            29.3405737,
            38.5475299
          ],
          [
            29.3405081,
            38.546668
          ],
          [
            29.3403151,
            38.5455808
          ],
          [
            29.3395063,
            38.5417236
          ],
          [
            29.3393026,
            38.5411927
          ],
          [
            29.3389934,
            38.5406559
          ],
          [
            29.3387596,
            38.5403137
          ],
          [
            29.3383825,
            38.5398831
          ],
          [
            29.3375604,
            38.5391928
          ],
          [
            29.3371305,
            38.5387563
          ],
          [
            29.3368364,
            38.5383905
          ],
          [
            29.3365724,
            38.5379658
          ],
          [
            29.3363461,
            38.5374938
          ],
          [
            29.3361877,
            38.5369275
          ],
          [
            29.3360822,
            38.5363316
          ],
          [
            29.3361048,
            38.5357417
          ],
          [
            29.3362556,
            38.5350986
          ],
          [
            29.3366026,
            38.5339187
          ],
          [
            29.3366931,
            38.5333641
          ],
          [
            29.3366931,
            38.5327565
          ],
          [
            29.3365573,
            38.5321193
          ],
          [
            29.336331,
            38.5315234
          ],
          [
            29.3360746,
            38.5310868
          ],
          [
            29.3357277,
            38.5306148
          ],
          [
            29.3353129,
            38.53019
          ],
          [
            29.3340081,
            38.5288979
          ],
          [
            29.333548,
            38.528361
          ],
          [
            29.3331483,
            38.5277887
          ],
          [
            29.3327863,
            38.5271809
          ],
          [
            29.3325374,
            38.5266263
          ],
          [
            29.3322734,
            38.5260422
          ],
          [
            29.3320773,
            38.5253459
          ],
          [
            29.3319566,
            38.5246969
          ],
          [
            29.3318812,
            38.5240065
          ],
          [
            29.3318058,
            38.5222482
          ],
          [
            29.3317304,
            38.5215519
          ],
          [
            29.3315645,
            38.5208851
          ],
          [
            29.3313005,
            38.5201829
          ],
          [
            29.330946,
            38.5194394
          ],
          [
            29.3305312,
            38.5187195
          ],
          [
            29.3245805,
            38.5104282
          ],
          [
            29.324128,
            38.5097495
          ],
          [
            29.3237207,
            38.5090649
          ],
          [
            29.3200628,
            38.5018113
          ],
          [
            29.3197762,
            38.5011207
          ],
          [
            29.3196857,
            38.5005246
          ],
          [
            29.3196631,
            38.5000169
          ],
          [
            29.319731,
            38.4994562
          ],
          [
            29.3199346,
            38.4988482
          ],
          [
            29.3201458,
            38.4983819
          ],
          [
            29.3206511,
            38.4974493
          ],
          [
            29.3208547,
            38.4970361
          ],
          [
            29.3209829,
            38.4964754
          ],
          [
            29.3210584,
            38.4960149
          ],
          [
            29.3210433,
            38.4953951
          ],
          [
            29.3209603,
            38.4948639
          ],
          [
            29.3206888,
            38.4941673
          ],
          [
            29.3197913,
            38.4921485
          ],
          [
            29.3195801,
            38.4917648
          ],
          [
            29.3193765,
            38.4914814
          ],
          [
            29.3189089,
            38.491021
          ],
          [
            29.3158091,
            38.4889489
          ],
          [
            29.3153641,
            38.4885534
          ],
          [
            29.3150322,
            38.4881579
          ],
          [
            29.314723,
            38.4876325
          ],
          [
            29.3145496,
            38.4871602
          ],
          [
            29.314444,
            38.4865994
          ],
          [
            29.3140141,
            38.4797214
          ],
          [
            29.3139688,
            38.4791664
          ],
          [
            29.3138406,
            38.4786409
          ],
          [
            29.3136294,
            38.4780859
          ],
          [
            29.305665,
            38.460111
          ],
          [
            29.3052954,
            38.4594082
          ],
          [
            29.3048806,
            38.4587468
          ],
          [
            29.3043602,
            38.4581089
          ],
          [
            29.3019543,
            38.4555576
          ],
          [
            29.3015923,
            38.4551087
          ],
          [
            29.3012831,
            38.4545653
          ],
          [
            29.3010115,
            38.4540101
          ],
          [
            29.3004761,
            38.4526399
          ],
          [
            29.3001668,
            38.4521142
          ],
          [
            29.299835,
            38.4516594
          ],
          [
            29.2993825,
            38.4512046
          ],
          [
            29.2988621,
            38.4507971
          ],
          [
            29.2982662,
            38.450419
          ],
          [
            29.2976855,
            38.4501769
          ],
          [
            29.2970293,
            38.4499406
          ],
          [
            29.2962902,
            38.4497752
          ],
          [
            29.2955134,
            38.4496866
          ],
          [
            29.2944952,
            38.4497043
          ],
          [
            29.2936505,
            38.4497929
          ],
          [
            29.2911692,
            38.4501946
          ],
          [
            29.2901962,
            38.4503127
          ],
          [
            29.2901256,
            38.4503208
          ],
          [
            29.2889216,
            38.4503718
          ],
          [
            29.2880241,
            38.45036
          ],
          [
            29.2872593,
            38.4503094
          ],
          [
            29.2865015,
            38.45023
          ],
          [
            29.2856278,
            38.4500939
          ],
          [
            29.284759,
            38.4499238
          ],
          [
            29.2837883,
            38.4496629
          ],
          [
            29.2826098,
            38.4492568
          ],
          [
            29.2817236,
            38.4488803
          ],
          [
            29.2809223,
            38.448452
          ],
          [
            29.2800926,
            38.4479942
          ],
          [
            29.2792819,
            38.4474405
          ],
          [
            29.2783768,
            38.4466948
          ],
          [
            29.276661,
            38.4451147
          ],
          [
            29.2763688,
            38.4447528
          ],
          [
            29.2761519,
            38.4444353
          ],
          [
            29.2759822,
            38.4439849
          ],
          [
            29.2755863,
            38.4426337
          ],
          [
            29.275426,
            38.4422792
          ],
          [
            29.2751903,
            38.4419765
          ],
          [
            29.2748886,
            38.4416664
          ],
          [
            29.2746058,
            38.4414449
          ],
          [
            29.274257,
            38.4412307
          ],
          [
            29.2723915,
            38.4404292
          ],
          [
            29.2720823,
            38.4402756
          ],
          [
            29.2717128,
            38.4400275
          ],
          [
            29.2713583,
            38.4397203
          ],
          [
            29.2711396,
            38.4394722
          ],
          [
            29.2709057,
            38.439106
          ],
          [
            29.2701591,
            38.4377177
          ],
          [
            29.2699479,
            38.4374164
          ],
          [
            29.2696915,
            38.4371092
          ],
          [
            29.2693973,
            38.4368611
          ],
          [
            29.2690127,
            38.4365657
          ],
          [
            29.2686959,
            38.4363944
          ],
          [
            29.2683113,
            38.4362112
          ],
          [
            29.2678965,
            38.4360458
          ],
          [
            29.2674289,
            38.4359099
          ],
          [
            29.2668406,
            38.4358095
          ],
          [
            29.2663126,
            38.4357623
          ],
          [
            29.2657847,
            38.4357623
          ],
          [
            29.2652115,
            38.4358154
          ],
          [
            29.2645327,
            38.4359572
          ],
          [
            29.2557764,
            38.4381549
          ],
          [
            29.2551353,
            38.4383557
          ],
          [
            29.2501726,
            38.4401693
          ],
          [
            29.2494863,
            38.4403642
          ],
          [
            29.2489055,
            38.4404469
          ],
          [
            29.2484078,
            38.4404765
          ],
          [
            29.2479175,
            38.4404765
          ],
          [
            29.2474876,
            38.440441
          ],
          [
            29.2470049,
            38.4403524
          ],
          [
            29.2465223,
            38.4402343
          ],
          [
            29.2460848,
            38.4400571
          ],
          [
            29.2456247,
            38.4398267
          ],
          [
            29.2451755,
            38.4395945
          ],
          [
            29.2442242,
            38.4387685
          ],
          [
            29.2333628,
            38.4280134
          ],
          [
            29.2315466,
            38.426149
          ],
          [
            29.2282682,
            38.4225924
          ],
          [
            29.2258702,
            38.4199908
          ],
          [
            29.2254839,
            38.4195717
          ],
          [
            29.2252838,
            38.4193546
          ],
          [
            29.224967,
            38.4190178
          ],
          [
            29.2247106,
            38.4187873
          ],
          [
            29.2243637,
            38.418551
          ],
          [
            29.2239823,
            38.4183586
          ],
          [
            29.2236279,
            38.4182109
          ],
          [
            29.2230396,
            38.4180395
          ],
          [
            29.2225795,
            38.4179095
          ],
          [
            29.2222326,
            38.4177854
          ],
          [
            29.2219007,
            38.4176259
          ],
          [
            29.2213426,
            38.4172772
          ],
          [
            29.2208147,
            38.4169286
          ],
          [
            29.220513,
            38.4167572
          ],
          [
            29.2201811,
            38.4166331
          ],
          [
            29.2197361,
            38.4164972
          ],
          [
            29.2187331,
            38.4162608
          ],
          [
            29.2182126,
            38.4160658
          ],
          [
            29.2177677,
            38.415859
          ],
          [
            29.2175188,
            38.4156994
          ],
          [
            29.2172322,
            38.4154749
          ],
          [
            29.2142908,
            38.4127979
          ],
          [
            29.2140343,
            38.4125438
          ],
          [
            29.2138005,
            38.4122128
          ],
          [
            29.2136648,
            38.4119469
          ],
          [
            29.2135592,
            38.4115746
          ],
          [
            29.2126994,
            38.4068112
          ],
          [
            29.2125712,
            38.4064861
          ],
          [
            29.2124053,
            38.4061729
          ],
          [
            29.212179,
            38.4058715
          ],
          [
            29.211915,
            38.4056173
          ],
          [
            29.2074124,
            38.402077
          ],
          [
            29.2070353,
            38.4018583
          ],
          [
            29.2066205,
            38.4016633
          ],
          [
            29.2061831,
            38.4015096
          ],
          [
            29.2056853,
            38.4014151
          ],
          [
            29.2048858,
            38.4013205
          ],
          [
            29.1980301,
            38.4005521
          ],
          [
            29.1973588,
            38.4005403
          ],
          [
            29.1967555,
            38.4005757
          ],
          [
            29.1961596,
            38.4006644
          ],
          [
            29.1954281,
            38.4008476
          ],
          [
            29.1946739,
            38.4011254
          ],
          [
            29.1939121,
            38.4015333
          ],
          [
            29.1930297,
            38.4021716
          ],
          [
            29.1917211,
            38.4032519
          ],
          [
            29.1913305,
            38.4034844
          ],
          [
            29.1908948,
            38.4037234
          ],
          [
            29.1904839,
            38.4038501
          ],
          [
            29.1900893,
            38.403933
          ],
          [
            29.1895206,
            38.4040152
          ],
          [
            29.1889112,
            38.4039905
          ],
          [
            29.188237,
            38.4038642
          ],
          [
            29.1880305,
            38.4038265
          ],
          [
            29.1871989,
            38.4035965
          ],
          [
            29.1814562,
            38.4020032
          ],
          [
            29.1802377,
            38.4015973
          ],
          [
            29.179105,
            38.4010335
          ],
          [
            29.1782304,
            38.4003756
          ],
          [
            29.1776119,
            38.3998565
          ],
          [
            29.1770862,
            38.3992413
          ],
          [
            29.1766792,
            38.3985774
          ],
          [
            29.1762896,
            38.3977911
          ],
          [
            29.1761172,
            38.3971811
          ],
          [
            29.1759987,
            38.3963308
          ],
          [
            29.1760121,
            38.3923153
          ],
          [
            29.1759579,
            38.3912478
          ],
          [
            29.1755975,
            38.3900977
          ],
          [
            29.1714271,
            38.3811383
          ],
          [
            29.1701914,
            38.3792414
          ],
          [
            29.1646036,
            38.3736258
          ],
          [
            29.1638119,
            38.3730213
          ],
          [
            29.1628502,
            38.3726185
          ],
          [
            29.1617698,
            38.3724842
          ],
          [
            29.160524,
            38.3726842
          ],
          [
            29.1595301,
            38.3731762
          ],
          [
            29.1588319,
            38.3738166
          ],
          [
            29.1584498,
            38.3746016
          ],
          [
            29.1584552,
            38.3754314
          ],
          [
            29.1593588,
            38.3782785
          ],
          [
            29.1595661,
            38.3790454
          ],
          [
            29.1594785,
            38.3797262
          ],
          [
            29.1593674,
            38.3801564
          ],
          [
            29.1591505,
            38.3806714
          ],
          [
            29.1587033,
            38.3815477
          ],
          [
            29.1585991,
            38.3820359
          ],
          [
            29.1585671,
            38.3825912
          ],
          [
            29.1586389,
            38.3830431
          ],
          [
            29.1589269,
            38.3835048
          ],
          [
            29.1595977,
            38.3844834
          ],
          [
            29.1599144,
            38.3855641
          ],
          [
            29.1597467,
            38.386528
          ],
          [
            29.1591132,
            38.3873605
          ],
          [
            29.1584619,
            38.3877923
          ],
          [
            29.1583633,
            38.387872
          ],
          [
            29.1567234,
            38.3886627
          ],
          [
            29.1562289,
            38.3890502
          ],
          [
            29.1557193,
            38.3895651
          ],
          [
            29.1553885,
            38.3906004
          ],
          [
            29.1548139,
            38.3918419
          ],
          [
            29.1543737,
            38.3922657
          ],
          [
            29.1538204,
            38.39266
          ],
          [
            29.1531036,
            38.3929557
          ],
          [
            29.1523365,
            38.3931134
          ],
          [
            29.151582,
            38.3931232
          ],
          [
            29.1509042,
            38.392979
          ],
          [
            29.1477315,
            38.3918501
          ],
          [
            29.1471624,
            38.3915504
          ],
          [
            29.1466467,
            38.3911044
          ],
          [
            29.1458553,
            38.390268
          ],
          [
            29.1450461,
            38.3897732
          ],
          [
            29.1437657,
            38.389348
          ],
          [
            29.1426808,
            38.3888183
          ],
          [
            29.1420152,
            38.3879971
          ],
          [
            29.1414598,
            38.3868084
          ],
          [
            29.1404828,
            38.3859137
          ],
          [
            29.1394157,
            38.3854537
          ],
          [
            29.1380997,
            38.38537
          ],
          [
            29.1368763,
            38.3856205
          ],
          [
            29.1351831,
            38.3865828
          ],
          [
            29.1340271,
            38.3870428
          ],
          [
            29.1329245,
            38.3871404
          ],
          [
            29.1319641,
            38.3869313
          ],
          [
            29.1310854,
            38.3866394
          ],
          [
            29.1302694,
            38.3864837
          ],
          [
            29.1295803,
            38.3864593
          ],
          [
            29.1288956,
            38.3865638
          ],
          [
            29.1283162,
            38.3867372
          ],
          [
            29.1275307,
            38.3871807
          ],
          [
            29.1269658,
            38.3877195
          ],
          [
            29.1241881,
            38.39207
          ],
          [
            29.1237455,
            38.3925924
          ],
          [
            29.1231356,
            38.3931206
          ],
          [
            29.1226766,
            38.3933711
          ],
          [
            29.1222244,
            38.3935735
          ],
          [
            29.1213688,
            38.3938491
          ],
          [
            29.1204194,
            38.3939978
          ],
          [
            29.1195328,
            38.3939624
          ],
          [
            29.1187288,
            38.3938388
          ],
          [
            29.1161186,
            38.3931009
          ],
          [
            29.1152761,
            38.3929826
          ],
          [
            29.1144582,
            38.3930173
          ],
          [
            29.113352,
            38.3933078
          ],
          [
            29.1125221,
            38.393436
          ],
          [
            29.1116795,
            38.3934163
          ],
          [
            29.1109879,
            38.3932684
          ],
          [
            29.1103792,
            38.3930288
          ],
          [
            29.1089595,
            38.3920294
          ],
          [
            29.1082898,
            38.3916227
          ],
          [
            29.1079153,
            38.3914708
          ],
          [
            29.1072752,
            38.3912913
          ],
          [
            29.1069231,
            38.3912069
          ],
          [
            29.101619,
            38.389871
          ],
          [
            29.1010452,
            38.3897221
          ],
          [
            29.1005207,
            38.3895127
          ],
          [
            29.1000334,
            38.3892519
          ],
          [
            29.0996907,
            38.3889653
          ],
          [
            29.0994152,
            38.3886564
          ],
          [
            29.0978585,
            38.3866239
          ],
          [
            29.0974217,
            38.3861304
          ],
          [
            29.0968669,
            38.3857508
          ],
          [
            29.0961244,
            38.3854228
          ],
          [
            29.0953466,
            38.3852537
          ],
          [
            29.0946418,
            38.3852495
          ],
          [
            29.0939123,
            38.3853658
          ],
          [
            29.0934043,
            38.38554
          ],
          [
            29.0928533,
            38.3857916
          ],
          [
            29.0921062,
            38.3863772
          ],
          [
            29.091862,
            38.3867068
          ],
          [
            29.0915936,
            38.3872012
          ],
          [
            29.091514,
            38.3876767
          ],
          [
            29.0914784,
            38.3882111
          ],
          [
            29.0915569,
            38.3886594
          ],
          [
            29.0920147,
            38.3902109
          ],
          [
            29.092875,
            38.3931266
          ],
          [
            29.0929953,
            38.3947906
          ],
          [
            29.092839,
            38.3955804
          ],
          [
            29.0924768,
            38.3963491
          ],
          [
            29.0920223,
            38.3970238
          ],
          [
            29.0912579,
            38.3976638
          ],
          [
            29.08969,
            38.3984081
          ],
          [
            29.0835746,
            38.4009091
          ],
          [
            29.0827876,
            38.4012655
          ],
          [
            29.0823756,
            38.4016046
          ],
          [
            29.0819188,
            38.4020212
          ],
          [
            29.0816948,
            38.4024871
          ],
          [
            29.0813455,
            38.4033555
          ],
          [
            29.0809719,
            38.4040772
          ],
          [
            29.0804072,
            38.4045878
          ],
          [
            29.0799381,
            38.4048873
          ],
          [
            29.0793545,
            38.4051075
          ],
          [
            29.0779029,
            38.4054451
          ],
          [
            29.0769757,
            38.4058949
          ],
          [
            29.0764371,
            38.4063986
          ],
          [
            29.0761243,
            38.4068956
          ],
          [
            29.0759578,
            38.407463
          ],
          [
            29.0756624,
            38.4088109
          ],
          [
            29.0754119,
            38.4093191
          ],
          [
            29.0748994,
            38.4098433
          ],
          [
            29.0742739,
            38.4102245
          ],
          [
            29.0736816,
            38.4104515
          ],
          [
            29.0730316,
            38.4105989
          ],
          [
            29.0724061,
            38.4106738
          ],
          [
            29.0711536,
            38.4104991
          ],
          [
            29.0685821,
            38.4096686
          ],
          [
            29.0675845,
            38.4095642
          ],
          [
            29.0668097,
            38.4096483
          ],
          [
            29.0660175,
            38.4098741
          ],
          [
            29.0654454,
            38.4101928
          ],
          [
            29.0651172,
            38.4104102
          ],
          [
            29.0648646,
            38.4106603
          ],
          [
            29.0643826,
            38.4113374
          ],
          [
            29.0640438,
            38.4119734
          ],
          [
            29.0632831,
            38.412793
          ],
          [
            29.0627646,
            38.4130719
          ],
          [
            29.0622605,
            38.4132741
          ],
          [
            29.0617383,
            38.4134151
          ],
          [
            29.06125,
            38.413478
          ],
          [
            29.0607854,
            38.4134931
          ],
          [
            29.0602619,
            38.4134339
          ],
          [
            29.0597913,
            38.4133192
          ],
          [
            29.0592777,
            38.4131424
          ],
          [
            29.0580617,
            38.4125773
          ],
          [
            29.0568888,
            38.4123845
          ],
          [
            29.0562829,
            38.4124135
          ],
          [
            29.0557573,
            38.4124957
          ],
          [
            29.0550946,
            38.4127239
          ],
          [
            29.0546118,
            38.412979
          ],
          [
            29.0531588,
            38.4140511
          ],
          [
            29.0526348,
            38.414525
          ],
          [
            29.0523181,
            38.4149471
          ],
          [
            29.0518367,
            38.4156816
          ],
          [
            29.051648,
            38.4160269
          ],
          [
            29.0509475,
            38.4166974
          ],
          [
            29.0500684,
            38.4171178
          ],
          [
            29.0493917,
            38.4173791
          ],
          [
            29.0487051,
            38.4177175
          ],
          [
            29.0480748,
            38.4181756
          ],
          [
            29.0477426,
            38.4185736
          ],
          [
            29.0475754,
            38.4189696
          ],
          [
            29.0466559,
            38.421334
          ],
          [
            29.0465412,
            38.4216735
          ],
          [
            29.0463323,
            38.4221942
          ],
          [
            29.0460865,
            38.4226651
          ],
          [
            29.0454861,
            38.4232475
          ],
          [
            29.0446115,
            38.423737
          ],
          [
            29.0354545,
            38.4285969
          ],
          [
            29.0348654,
            38.4288981
          ],
          [
            29.0343332,
            38.429047
          ],
          [
            29.0339361,
            38.4291541
          ],
          [
            29.0334947,
            38.4291907
          ],
          [
            29.0330965,
            38.4292005
          ],
          [
            29.0325399,
            38.4291342
          ],
          [
            29.0319373,
            38.4289979
          ],
          [
            29.0310303,
            38.4286188
          ],
          [
            29.0247935,
            38.4257835
          ],
          [
            29.0244117,
            38.4256736
          ],
          [
            29.0239752,
            38.425582
          ],
          [
            29.023531,
            38.4255515
          ],
          [
            29.0230245,
            38.4255698
          ],
          [
            29.0225335,
            38.4256431
          ],
          [
            29.0221283,
            38.425753
          ],
          [
            29.0216763,
            38.4259056
          ],
          [
            29.0212788,
            38.4261254
          ],
          [
            29.0208502,
            38.426449
          ],
          [
            29.0200943,
            38.4270229
          ],
          [
            29.0196189,
            38.4273037
          ],
          [
            29.0191046,
            38.4275235
          ],
          [
            29.0186058,
            38.4276761
          ],
          [
            29.0181071,
            38.4277371
          ],
          [
            29.0176005,
            38.4277371
          ],
          [
            29.017094,
            38.4276883
          ],
          [
            29.0158237,
            38.4275235
          ],
          [
            29.0152704,
            38.4275235
          ],
          [
            29.0147171,
            38.427554
          ],
          [
            29.014195,
            38.4276212
          ],
          [
            29.011218,
            38.428195
          ],
          [
            29.0106959,
            38.42825
          ],
          [
            29.0101738,
            38.42825
          ],
          [
            29.0096828,
            38.428195
          ],
          [
            29.0091295,
            38.4280485
          ],
          [
            29.0086775,
            38.4278715
          ],
          [
            29.0082489,
            38.4276089
          ],
          [
            29.0079216,
            38.4273586
          ],
          [
            29.0075787,
            38.4270106
          ],
          [
            29.0073527,
            38.4266688
          ],
          [
            29.0071968,
            38.426333
          ],
          [
            29.0070877,
            38.4259606
          ],
          [
            29.0070409,
            38.4254722
          ],
          [
            29.0070176,
            38.4245747
          ],
          [
            29.0069474,
            38.4242267
          ],
          [
            29.0068149,
            38.4238481
          ],
          [
            29.0056148,
            38.4220104
          ],
          [
            29.0039471,
            38.4194461
          ],
          [
            29.0036744,
            38.4191408
          ],
          [
            29.003347,
            38.4188599
          ],
          [
            29.0029496,
            38.4185974
          ],
          [
            29.0025054,
            38.4183959
          ],
          [
            29.0019911,
            38.4182371
          ],
          [
            29.0014767,
            38.4181455
          ],
          [
            29.0008611,
            38.4181333
          ],
          [
            28.999318,
            38.418231
          ],
          [
            28.9988894,
            38.4182005
          ],
          [
            28.998414,
            38.4181394
          ],
          [
            28.9979932,
            38.4180356
          ],
          [
            28.9975958,
            38.4178769
          ],
          [
            28.996645,
            38.4173518
          ],
          [
            28.9962554,
            38.4171808
          ],
          [
            28.9957488,
            38.4170098
          ],
          [
            28.9815554,
            38.4139033
          ],
          [
            28.9808158,
            38.4137026
          ],
          [
            28.9801521,
            38.413473
          ],
          [
            28.9793031,
            38.4131403
          ],
          [
            28.9785672,
            38.4127836
          ],
          [
            28.9776639,
            38.4122609
          ],
          [
            28.9771156,
            38.4118013
          ],
          [
            28.9764844,
            38.4113311
          ],
          [
            28.9760012,
            38.4108853
          ],
          [
            28.9755414,
            38.4103907
          ],
          [
            28.9750505,
            38.4097923
          ],
          [
            28.9747232,
            38.4093099
          ],
          [
            28.9743569,
            38.4087542
          ],
          [
            28.9740919,
            38.4081801
          ],
          [
            28.9738426,
            38.4075634
          ],
          [
            28.9736399,
            38.4069038
          ],
          [
            28.9735153,
            38.4062321
          ],
          [
            28.9733222,
            38.4041191
          ],
          [
            28.9732899,
            38.4037657
          ],
          [
            28.9732271,
            38.4030779
          ],
          [
            28.9731446,
            38.4026469
          ],
          [
            28.9730768,
            38.4024362
          ],
          [
            28.9729457,
            38.4021538
          ],
          [
            28.972771,
            38.4018517
          ],
          [
            28.9725829,
            38.4015878
          ],
          [
            28.972215,
            38.4011236
          ],
          [
            28.9720515,
            38.4009617
          ]
        ]
      },
      "id": "way/89051273"
    },
    {
      "type": "Feature",
      "properties": {
        "@id": "way/89051289",
        "axle_load": "22.5",
        "electrified": "no",
        "gauge": "1435",
        "name": "İzmir-Afyonkarahisar demiryolu",
        "operator": "TCDD",
        "railway": "rail",
        "railway:etcs": "no",
        "source": "bing",
        "usage": "main"
      },
      "geometry": {
        "type": "LineString",
        "coordinates": [
          [
            29.4230744,
            38.6715192
          ],
          [
            29.4185904,
            38.6697003
          ],
          [
            29.4179397,
            38.6694296
          ],
          [
            29.4175573,
            38.6693682
          ],
          [
            29.417077,
            38.6693351
          ],
          [
            29.4151132,
            38.6692745
          ],
          [
            29.4123158,
            38.6691945
          ],
          [
            29.4120861,
            38.6691865
          ],
          [
            29.4117648,
            38.6691752
          ],
          [
            29.4112986,
            38.6691311
          ],
          [
            29.4108676,
            38.6690483
          ],
          [
            29.4104791,
            38.6689436
          ],
          [
            29.4100977,
            38.6687671
          ],
          [
            29.4097233,
            38.668563
          ],
          [
            29.4093913,
            38.6683313
          ],
          [
            29.4091016,
            38.668039
          ],
          [
            29.4088514,
            38.6677239
          ],
          [
            29.4086722,
            38.6674808
          ],
          [
            29.4085736,
            38.6672413
          ],
          [
            29.4084772,
            38.666957
          ],
          [
            29.4083746,
            38.6666686
          ],
          [
            29.408269,
            38.666443
          ],
          [
            29.4081502,
            38.6662015
          ],
          [
            29.407971,
            38.6657395
          ],
          [
            29.4078533,
            38.6653778
          ],
          [
            29.4073228,
            38.6639431
          ],
          [
            29.40593,
            38.6599981
          ],
          [
            29.4049504,
            38.6572883
          ],
          [
            29.4048944,
            38.6571226
          ],
          [
            29.4026566,
            38.6509231
          ],
          [
            29.4023176,
            38.650165
          ],
          [
            29.4017741,
            38.6491756
          ],
          [
            29.4006237,
            38.6475557
          ],
          [
            29.396997,
            38.6427527
          ],
          [
            29.3968499,
            38.6425655
          ],
          [
            29.3912474,
            38.6350844
          ],
          [
            29.3906276,
            38.6343077
          ],
          [
            29.3880904,
            38.6309361
          ],
          [
            29.384592,
            38.6262552
          ],
          [
            29.3808858,
            38.6212518
          ],
          [
            29.3759502,
            38.6126982
          ],
          [
            29.3753713,
            38.6118656
          ],
          [
            29.3633365,
            38.5947529
          ]
        ]
      },
      "id": "way/89051289"
    },
    {
      "type": "Feature",
      "properties": {
        "@id": "way/89051355",
        "axle_load": "22.5",
        "bridge": "yes",
        "electrified": "no",
        "gauge": "1435",
        "layer": "1",
        "operator": "TCDD",
        "railway": "rail",
        "railway:etcs": "no",
        "source": "bing",
        "usage": "main"
      },
      "geometry": {
        "type": "LineString",
        "coordinates": [
          [
            29.3633365,
            38.5947529
          ],
          [
            29.3631963,
            38.5945521
          ]
        ]
      },
      "id": "way/89051355"
    },
    {
      "type": "Feature",
      "properties": {
        "@id": "way/89051366",
        "axle_load": "22.5",
        "electrified": "no",
        "gauge": "1435",
        "layer": "-1",
        "operator": "TCDD",
        "railway": "rail",
        "railway:etcs": "no",
        "source": "bing",
        "tunnel": "yes",
        "usage": "main"
      },
      "geometry": {
        "type": "LineString",
        "coordinates": [
          [
            28.8554035,
            38.3839693
          ],
          [
            28.8567381,
            38.3842307
          ],
          [
            28.8581499,
            38.384338
          ]
        ]
      },
      "id": "way/89051366"
    },
    {
      "type": "Feature",
      "properties": {
        "@id": "way/89352970",
        "axle_load": "22.5",
        "electrified": "contact_line",
        "frequency": "50",
        "gauge": "1435",
        "name": "İzmir-Afyonkarahisar demiryolu",
        "operator": "TCDD",
        "railway": "rail",
        "railway:etcs": "no",
        "usage": "main",
        "voltage": "25000"
      },
      "geometry": {
        "type": "LineString",
        "coordinates": [
          [
            27.3665687,
            38.6435174
          ],
          [
            27.3693261,
            38.6422475
          ],
          [
            27.3706803,
            38.641618
          ],
          [
            27.3802284,
            38.637271
          ],
          [
            27.3893179,
            38.6330762
          ],
          [
            27.3916649,
            38.6320044
          ],
          [
            27.3917244,
            38.6319772
          ],
          [
            27.3987293,
            38.6287783
          ],
          [
            27.4033044,
            38.6266289
          ],
          [
            27.4035231,
            38.6265262
          ],
          [
            27.4042543,
            38.6261934
          ],
          [
            27.4045072,
            38.6260783
          ],
          [
            27.4062888,
            38.6252561
          ],
          [
            27.4077597,
            38.6246784
          ],
          [
            27.4104017,
            38.6238338
          ],
          [
            27.4123128,
            38.6233492
          ],
          [
            27.4165763,
            38.6224269
          ],
          [
            27.4178559,
            38.6221169
          ],
          [
            27.4187881,
            38.6219203
          ],
          [
            27.4188402,
            38.6219119
          ],
          [
            27.4208174,
            38.6215928
          ],
          [
            27.4218654,
            38.6214939
          ],
          [
            27.4225308,
            38.6214421
          ],
          [
            27.4233118,
            38.6214071
          ],
          [
            27.4257647,
            38.6214255
          ],
          [
            27.428338,
            38.6214044
          ],
          [
            27.4286337,
            38.6214042
          ]
        ]
      },
      "id": "way/89352970"
    },
    {
      "type": "Feature",
      "properties": {
        "@id": "way/130849064",
        "axle_load": "22.5",
        "bridge": "yes",
        "electrified": "no",
        "gauge": "1435",
        "layer": "1",
        "operator": "TCDD",
        "railway": "rail",
        "railway:etcs": "no",
        "usage": "main"
      },
      "geometry": {
        "type": "LineString",
        "coordinates": [
          [
            28.0137473,
            38.5079312
          ],
          [
            28.0140014,
            38.5078461
          ]
        ]
      },
      "id": "way/130849064"
    },
    {
      "type": "Feature",
      "properties": {
        "@id": "way/130849065",
        "axle_load": "22.5",
        "bridge": "yes",
        "electrified": "no",
        "gauge": "1435",
        "layer": "1",
        "operator": "TCDD",
        "railway": "rail",
        "railway:etcs": "no",
        "usage": "main"
      },
      "geometry": {
        "type": "LineString",
        "coordinates": [
          [
            27.9737042,
            38.5211892
          ],
          [
            27.9739557,
            38.5211832
          ]
        ]
      },
      "id": "way/130849065"
    },
    {
      "type": "Feature",
      "properties": {
        "@id": "way/130849067",
        "axle_load": "22.5",
        "electrified": "no",
        "gauge": "1435",
        "name": "İzmir-Afyonkarahisar demiryolu",
        "operator": "TCDD",
        "railway": "rail",
        "railway:etcs": "no",
        "usage": "main"
      },
      "geometry": {
        "type": "LineString",
        "coordinates": [
          [
            27.9739557,
            38.5211832
          ],
          [
            27.9746499,
            38.521185
          ],
          [
            27.9753457,
            38.5211443
          ],
          [
            27.9760979,
            38.5210862
          ],
          [
            27.9767515,
            38.5209964
          ],
          [
            27.9780131,
            38.5207803
          ],
          [
            27.9793937,
            38.5204662
          ],
          [
            27.9795677,
            38.5204197
          ],
          [
            27.9806428,
            38.5200888
          ],
          [
            27.9983082,
            38.5135748
          ],
          [
            28.0063684,
            38.5106481
          ],
          [
            28.0137473,
            38.5079312
          ]
        ]
      },
      "id": "way/130849067"
    },
    {
      "type": "Feature",
      "properties": {
        "@id": "way/135417603",
        "axle_load": "22.5",
        "bridge": "yes",
        "electrified": "no",
        "gauge": "1435",
        "layer": "1",
        "operator": "TCDD",
        "railway": "rail",
        "railway:etcs": "no",
        "usage": "main"
      },
      "geometry": {
        "type": "LineString",
        "coordinates": [
          [
            27.6873827,
            38.5134671
          ],
          [
            27.6881582,
            38.5133461
          ]
        ]
      },
      "id": "way/135417603"
    },
    {
      "type": "Feature",
      "properties": {
        "@id": "way/135417604",
        "axle_load": "22.5",
        "electrified": "no",
        "gauge": "1435",
        "name": "İzmir-Afyonkarahisar demiryolu",
        "operator": "TCDD",
        "railway": "rail",
        "railway:etcs": "no",
        "usage": "main"
      },
      "geometry": {
        "type": "LineString",
        "coordinates": [
          [
            27.6071021,
            38.5524316
          ],
          [
            27.6072141,
            38.5523737
          ],
          [
            27.6087979,
            38.5515547
          ],
          [
            27.616888,
            38.5474257
          ],
          [
            27.6248652,
            38.5433416
          ],
          [
            27.6331201,
            38.5391094
          ],
          [
            27.6335407,
            38.5388937
          ],
          [
            27.6454202,
            38.5328029
          ],
          [
            27.6494598,
            38.5307506
          ],
          [
            27.6529044,
            38.5289558
          ],
          [
            27.6701179,
            38.5201675
          ],
          [
            27.6717234,
            38.5193661
          ],
          [
            27.6755106,
            38.5173885
          ],
          [
            27.6771324,
            38.5165272
          ],
          [
            27.6776697,
            38.5162415
          ],
          [
            27.6801347,
            38.515138
          ],
          [
            27.681986,
            38.5145528
          ],
          [
            27.6840404,
            38.5140645
          ],
          [
            27.6873827,
            38.5134671
          ]
        ]
      },
      "id": "way/135417604"
    },
    {
      "type": "Feature",
      "properties": {
        "@id": "way/137723257",
        "axle_load": "22.5",
        "electrified": "no",
        "gauge": "1435",
        "name": "İzmir-Afyonkarahisar demiryolu",
        "operator": "TCDD",
        "railway": "rail",
        "railway:etcs": "no",
        "usage": "main"
      },
      "geometry": {
        "type": "LineString",
        "coordinates": [
          [
            28.0140014,
            38.5078461
          ],
          [
            28.0276396,
            38.5027237
          ]
        ]
      },
      "id": "way/137723257"
    },
    {
      "type": "Feature",
      "properties": {
        "@id": "way/137723258",
        "axle_load": "22.5",
        "bridge": "yes",
        "electrified": "no",
        "gauge": "1435",
        "layer": "1",
        "operator": "TCDD",
        "railway": "rail",
        "railway:etcs": "no",
        "usage": "main"
      },
      "geometry": {
        "type": "LineString",
        "coordinates": [
          [
            28.0276396,
            38.5027237
          ],
          [
            28.0279445,
            38.5026119
          ]
        ]
      },
      "id": "way/137723258"
    },
    {
      "type": "Feature",
      "properties": {
        "@id": "way/158940041",
        "axle_load": "22.5",
        "bridge": "yes",
        "electrified": "no",
        "gauge": "1435",
        "layer": "1",
        "operator": "TCDD",
        "railway": "rail",
        "railway:etcs": "no",
        "usage": "main"
      },
      "geometry": {
        "type": "LineString",
        "coordinates": [
          [
            28.7266874,
            38.3620767
          ],
          [
            28.7251364,
            38.3610636
          ]
        ]
      },
      "id": "way/158940041"
    },
    {
      "type": "Feature",
      "properties": {
        "@id": "way/176517700",
        "axle_load": "22.5",
        "bridge": "yes",
        "electrified": "no",
        "gauge": "1435",
        "layer": "1",
        "operator": "TCDD",
        "railway": "rail",
        "railway:etcs": "no",
        "usage": "main"
      },
      "geometry": {
        "type": "LineString",
        "coordinates": [
          [
            28.5013988,
            38.3679926
          ],
          [
            28.501163,
            38.3681691
          ]
        ]
      },
      "id": "way/176517700"
    },
    {
      "type": "Feature",
      "properties": {
        "@id": "way/176517701",
        "axle_load": "22.5",
        "electrified": "no",
        "gauge": "1435",
        "name": "İzmir-Afyonkarahisar demiryolu",
        "operator": "TCDD",
        "railway": "rail",
        "railway:etcs": "no",
        "usage": "main"
      },
      "geometry": {
        "type": "LineString",
        "coordinates": [
          [
            28.6953244,
            38.3619501
          ],
          [
            28.6941513,
            38.3621378
          ],
          [
            28.693317,
            38.3621325
          ],
          [
            28.6924929,
            38.3620451
          ],
          [
            28.6917869,
            38.3618677
          ],
          [
            28.6910966,
            38.3616552
          ],
          [
            28.6900686,
            38.3610919
          ],
          [
            28.6891842,
            38.360433
          ],
          [
            28.6868346,
            38.3585411
          ],
          [
            28.6863247,
            38.358178
          ],
          [
            28.6857848,
            38.3578386
          ],
          [
            28.6847287,
            38.357368
          ],
          [
            28.6835581,
            38.3570663
          ],
          [
            28.6828087,
            38.3569678
          ],
          [
            28.6820675,
            38.3569267
          ],
          [
            28.6812208,
            38.3569646
          ],
          [
            28.6804229,
            38.3570631
          ],
          [
            28.6795763,
            38.3572727
          ],
          [
            28.6788158,
            38.357528
          ],
          [
            28.6784375,
            38.357675
          ],
          [
            28.6783368,
            38.3577142
          ],
          [
            28.6779114,
            38.3579461
          ],
          [
            28.6761405,
            38.3591264
          ],
          [
            28.6755297,
            38.3595311
          ],
          [
            28.6749989,
            38.3598289
          ],
          [
            28.6748131,
            38.3599331
          ],
          [
            28.6710701,
            38.3615894
          ],
          [
            28.6701932,
            38.3619204
          ],
          [
            28.6693281,
            38.3621006
          ],
          [
            28.6688371,
            38.3621041
          ],
          [
            28.6684101,
            38.3620575
          ],
          [
            28.6679525,
            38.3619615
          ],
          [
            28.6676228,
            38.3618656
          ],
          [
            28.6673075,
            38.3617267
          ],
          [
            28.6669444,
            38.3615314
          ],
          [
            28.6655772,
            38.3607031
          ],
          [
            28.6649615,
            38.3604268
          ],
          [
            28.6645417,
            38.3602795
          ],
          [
            28.6640258,
            38.3601981
          ],
          [
            28.6636473,
            38.3601635
          ],
          [
            28.663241,
            38.3601831
          ],
          [
            28.6629067,
            38.3602278
          ],
          [
            28.6624935,
            38.3603296
          ],
          [
            28.661945,
            38.3605177
          ],
          [
            28.6616521,
            38.3606682
          ],
          [
            28.6610445,
            38.3610811
          ],
          [
            28.6601061,
            38.3619249
          ],
          [
            28.6600634,
            38.3619633
          ],
          [
            28.6595255,
            38.3622721
          ],
          [
            28.6589341,
            38.3624691
          ],
          [
            28.6583447,
            38.3625553
          ],
          [
            28.6578826,
            38.3625782
          ],
          [
            28.6574684,
            38.3625823
          ],
          [
            28.6564105,
            38.3624849
          ],
          [
            28.6560177,
            38.3624888
          ],
          [
            28.6556568,
            38.3625427
          ],
          [
            28.6553348,
            38.3625982
          ],
          [
            28.6549968,
            38.362685
          ],
          [
            28.6543528,
            38.362955
          ],
          [
            28.6531943,
            38.3636474
          ],
          [
            28.6522601,
            38.3641091
          ],
          [
            28.6516267,
            38.3643366
          ],
          [
            28.6509907,
            38.3645081
          ],
          [
            28.6498305,
            38.3647103
          ],
          [
            28.6490797,
            38.3647868
          ],
          [
            28.6488985,
            38.3648053
          ],
          [
            28.6484758,
            38.3648063
          ],
          [
            28.6473955,
            38.3647395
          ],
          [
            28.6465034,
            38.3646563
          ],
          [
            28.6443199,
            38.3644107
          ],
          [
            28.634843,
            38.3633804
          ],
          [
            28.6176686,
            38.3615133
          ],
          [
            28.6174961,
            38.3614944
          ],
          [
            28.6173219,
            38.361476
          ],
          [
            28.6125553,
            38.3609725
          ],
          [
            28.6119712,
            38.3609108
          ],
          [
            28.6052329,
            38.3601721
          ]
        ]
      },
      "id": "way/176517701"
    },
    {
      "type": "Feature",
      "properties": {
        "@id": "way/176517702",
        "electrified": "no",
        "gauge": "1435",
        "railway": "rail",
        "service": "siding",
        "source": "bing"
      },
      "geometry": {
        "type": "LineString",
        "coordinates": [
          [
            28.5121522,
            38.3598618
          ],
          [
            28.5125304,
            38.3596362
          ],
          [
            28.5132646,
            38.3591089
          ],
          [
            28.5150556,
            38.3577207
          ],
          [
            28.5166558,
            38.3565118
          ],
          [
            28.5174185,
            38.3559117
          ],
          [
            28.5175015,
            38.3558109
          ]
        ]
      },
      "id": "way/176517702"
    },
    {
      "type": "Feature",
      "properties": {
        "@id": "way/176743741",
        "axle_load": "22.5",
        "electrified": "no",
        "gauge": "1435",
        "maxspeed": "50",
        "name": "Çobanisa-Kemalpaşa Şube Demiryolu",
        "operator": "TCDD",
        "railway": "rail",
        "railway:etcs": "no",
        "source": "bing",
        "usage": "branch"
      },
      "geometry": {
        "type": "LineString",
        "coordinates": [
          [
            27.5828523,
            38.54942
          ],
          [
            27.5840735,
            38.550355
          ],
          [
            27.5855791,
            38.5513706
          ],
          [
            27.5893551,
            38.5538618
          ],
          [
            27.5904171,
            38.5545457
          ],
          [
            27.5906496,
            38.5547622
          ],
          [
            27.5908152,
            38.5549536
          ],
          [
            27.5909967,
            38.5551605
          ],
          [
            27.5911488,
            38.5553554
          ],
          [
            27.5912692,
            38.5555673
          ],
          [
            27.5914567,
            38.5558956
          ],
          [
            27.5915565,
            38.556079
          ],
          [
            27.5916718,
            38.5563226
          ],
          [
            27.5917485,
            38.5565722
          ],
          [
            27.5918099,
            38.5568338
          ],
          [
            27.5918688,
            38.5571371
          ],
          [
            27.5918887,
            38.557345
          ],
          [
            27.5919087,
            38.557589
          ],
          [
            27.5919024,
            38.5578725
          ],
          [
            27.5918506,
            38.5582631
          ],
          [
            27.5918065,
            38.5584974
          ],
          [
            27.5917043,
            38.5588196
          ],
          [
            27.5916032,
            38.5591191
          ],
          [
            27.5914944,
            38.5593524
          ],
          [
            27.5913398,
            38.5596014
          ],
          [
            27.5911467,
            38.5598684
          ],
          [
            27.5909095,
            38.5601633
          ],
          [
            27.5906569,
            38.5604342
          ],
          [
            27.5901223,
            38.5609058
          ],
          [
            27.5894637,
            38.5613547
          ],
          [
            27.5824636,
            38.5649216
          ]
        ]
      },
      "id": "way/176743741"
    },
    {
      "type": "Feature",
      "properties": {
        "@id": "way/176743742",
        "axle_load": "22.5",
        "bridge": "yes",
        "electrified": "no",
        "gauge": "1435",
        "layer": "1",
        "maxspeed": "50",
        "name": "Çobanisa-Kemalpaşa Şube Demiryolu",
        "operator": "TCDD",
        "railway": "rail",
        "railway:etcs": "no",
        "source": "bing",
        "usage": "branch"
      },
      "geometry": {
        "type": "LineString",
        "coordinates": [
          [
            27.5801128,
            38.5465906
          ],
          [
            27.5802394,
            38.546746
          ]
        ]
      },
      "id": "way/176743742"
    },
    {
      "type": "Feature",
      "properties": {
        "@id": "way/176743744",
        "axle_load": "22.5",
        "bridge": "yes",
        "electrified": "no",
        "gauge": "1435",
        "layer": "1",
        "maxspeed": "50",
        "name": "Çobanisa-Kemalpaşa Şube Demiryolu",
        "operator": "TCDD",
        "railway": "rail",
        "railway:etcs": "no",
        "source": "bing",
        "usage": "branch"
      },
      "geometry": {
        "type": "LineString",
        "coordinates": [
          [
            27.5825057,
            38.5491306
          ],
          [
            27.5828523,
            38.54942
          ]
        ]
      },
      "id": "way/176743744"
    },
    {
      "type": "Feature",
      "properties": {
        "@id": "way/176743746",
        "axle_load": "22.5",
        "electrified": "no",
        "gauge": "1435",
        "maxspeed": "50",
        "name": "Çobanisa-Kemalpaşa Şube Demiryolu",
        "operator": "TCDD",
        "railway": "rail",
        "railway:etcs": "no",
        "source": "bing",
        "usage": "branch"
      },
      "geometry": {
        "type": "LineString",
        "coordinates": [
          [
            27.5802394,
            38.546746
          ],
          [
            27.5812273,
            38.5479009
          ],
          [
            27.5825057,
            38.5491306
          ]
        ]
      },
      "id": "way/176743746"
    },
    {
      "type": "Feature",
      "properties": {
        "@id": "way/176751327",
        "axle_load": "22.5",
        "bridge": "yes",
        "electrified": "contact_line",
        "frequency": "50",
        "gauge": "1435",
        "layer": "1",
        "operator": "TCDD",
        "railway": "rail",
        "railway:etcs": "yes",
        "usage": "main",
        "voltage": "25000"
      },
      "geometry": {
        "type": "LineString",
        "coordinates": [
          [
            27.4639264,
            38.6253166
          ],
          [
            27.4637947,
            38.6251519
          ]
        ]
      },
      "id": "way/176751327"
    },
    {
      "type": "Feature",
      "properties": {
        "@id": "way/176751328",
        "axle_load": "22.5",
        "electrified": "contact_line",
        "frequency": "50",
        "gauge": "1435",
        "name": "Manisa-Bandırma demiryolu",
        "operator": "TCDD",
        "railway": "rail",
        "railway:etcs": "yes",
        "usage": "main",
        "voltage": "25000"
      },
      "geometry": {
        "type": "LineString",
        "coordinates": [
          [
            27.4637947,
            38.6251519
          ],
          [
            27.4628107,
            38.6241032
          ],
          [
            27.4618804,
            38.6234107
          ],
          [
            27.4606291,
            38.6227448
          ],
          [
            27.4584765,
            38.6218778
          ],
          [
            27.456307,
            38.6210273
          ],
          [
            27.4548225,
            38.6204182
          ],
          [
            27.4533196,
            38.619873
          ],
          [
            27.4518883,
            38.6195055
          ],
          [
            27.4504409,
            38.6192544
          ],
          [
            27.4504245,
            38.6192529
          ],
          [
            27.4493676,
            38.6191552
          ],
          [
            27.4481247,
            38.6191319
          ],
          [
            27.446192,
            38.6192483
          ],
          [
            27.4450542,
            38.6194306
          ],
          [
            27.4447446,
            38.6194928
          ],
          [
            27.443996,
            38.6196676
          ],
          [
            27.4407641,
            38.6206116
          ],
          [
            27.4406595,
            38.6206445
          ],
          [
            27.4403017,
            38.620757
          ]
        ]
      },
      "id": "way/176751328"
    },
    {
      "type": "Feature",
      "properties": {
        "@id": "way/179622027",
        "axle_load": "22.5",
        "bridge": "yes",
        "electrified": "no",
        "gauge": "1435",
        "layer": "1",
        "operator": "TCDD",
        "railway": "rail",
        "railway:etcs": "no",
        "usage": "main"
      },
      "geometry": {
        "type": "LineString",
        "coordinates": [
          [
            28.4406986,
            38.3970017
          ],
          [
            28.4405205,
            38.397073
          ]
        ]
      },
      "id": "way/179622027"
    },
    {
      "type": "Feature",
      "properties": {
        "@id": "way/179622028",
        "axle_load": "22.5",
        "electrified": "no",
        "gauge": "1435",
        "name": "İzmir-Afyonkarahisar demiryolu",
        "operator": "TCDD",
        "railway": "rail",
        "railway:etcs": "no",
        "usage": "main"
      },
      "geometry": {
        "type": "LineString",
        "coordinates": [
          [
            28.501163,
            38.3681691
          ],
          [
            28.4976466,
            38.3708186
          ],
          [
            28.495871,
            38.3721645
          ],
          [
            28.4949832,
            38.3728289
          ],
          [
            28.4941291,
            38.3734774
          ],
          [
            28.4911492,
            38.3757358
          ],
          [
            28.4894954,
            38.3768116
          ],
          [
            28.4885474,
            38.3773255
          ],
          [
            28.487465,
            38.3778734
          ],
          [
            28.4863373,
            38.3783663
          ],
          [
            28.4853809,
            38.3787481
          ],
          [
            28.4845008,
            38.3790857
          ],
          [
            28.4706544,
            38.3847601
          ],
          [
            28.4588262,
            38.3895802
          ],
          [
            28.4484079,
            38.3938527
          ],
          [
            28.4406986,
            38.3970017
          ]
        ]
      },
      "id": "way/179622028"
    },
    {
      "type": "Feature",
      "properties": {
        "@id": "way/179658277",
        "axle_load": "22.5",
        "bridge": "yes",
        "electrified": "no",
        "gauge": "1435",
        "layer": "1",
        "operator": "TCDD",
        "railway": "rail",
        "railway:etcs": "no",
        "usage": "main"
      },
      "geometry": {
        "type": "LineString",
        "coordinates": [
          [
            28.3683484,
            38.4263744
          ],
          [
            28.3681662,
            38.4264201
          ]
        ]
      },
      "id": "way/179658277"
    },
    {
      "type": "Feature",
      "properties": {
        "@id": "way/179658278",
        "axle_load": "22.5",
        "electrified": "no",
        "gauge": "1435",
        "name": "İzmir-Afyonkarahisar demiryolu",
        "operator": "TCDD",
        "railway": "rail",
        "railway:etcs": "no",
        "usage": "main"
      },
      "geometry": {
        "type": "LineString",
        "coordinates": [
          [
            28.4405205,
            38.397073
          ],
          [
            28.432664,
            38.4002869
          ],
          [
            28.4196844,
            38.4056024
          ],
          [
            28.3928463,
            38.4165865
          ],
          [
            28.3768164,
            38.4231152
          ],
          [
            28.3759337,
            38.4234743
          ],
          [
            28.3707457,
            38.4255849
          ],
          [
            28.3695936,
            38.4260139
          ],
          [
            28.3683484,
            38.4263744
          ]
        ]
      },
      "id": "way/179658278"
    },
    {
      "type": "Feature",
      "properties": {
        "@id": "way/187478500",
        "axle_load": "22.5",
        "electrified": "no",
        "gauge": "1435",
        "maxspeed": "50",
        "name": "Çobanisa-Kemalpaşa Şube Demiryolu",
        "operator": "TCDD",
        "railway": "rail",
        "railway:etcs": "no",
        "source": "bing",
        "usage": "branch"
      },
      "geometry": {
        "type": "LineString",
        "coordinates": [
          [
            27.5794673,
            38.5300565
          ],
          [
            27.5782656,
            38.5333635
          ],
          [
            27.5777237,
            38.5351738
          ],
          [
            27.5775814,
            38.5358487
          ],
          [
            27.5774037,
            38.5369211
          ],
          [
            27.5773041,
            38.5381309
          ],
          [
            27.5773248,
            38.5392859
          ],
          [
            27.5774652,
            38.5405416
          ],
          [
            27.5777132,
            38.5416926
          ],
          [
            27.5780838,
            38.5428384
          ],
          [
            27.5784822,
            38.5438536
          ],
          [
            27.5791909,
            38.545198
          ],
          [
            27.5797742,
            38.5461188
          ],
          [
            27.5801128,
            38.5465906
          ]
        ]
      },
      "id": "way/187478500"
    },
    {
      "type": "Feature",
      "properties": {
        "@id": "way/187478502",
        "axle_load": "22.5",
        "bridge": "yes",
        "electrified": "no",
        "gauge": "1435",
        "layer": "1",
        "maxspeed": "50",
        "name": "Çobanisa-Kemalpaşa Şube Demiryolu",
        "operator": "TCDD",
        "railway": "rail",
        "railway:etcs": "no",
        "source": "bing",
        "usage": "branch"
      },
      "geometry": {
        "type": "LineString",
        "coordinates": [
          [
            27.5795398,
            38.5298724
          ],
          [
            27.5794673,
            38.5300565
          ]
        ]
      },
      "id": "way/187478502"
    },
    {
      "type": "Feature",
      "properties": {
        "@id": "way/188365678",
        "axle_load": "22.5",
        "electrified": "no",
        "gauge": "1435",
        "name": "İzmir-Afyonkarahisar demiryolu",
        "operator": "TCDD",
        "railway": "rail",
        "railway:etcs": "no",
        "usage": "main"
      },
      "geometry": {
        "type": "LineString",
        "coordinates": [
          [
            28.8554035,
            38.3839693
          ],
          [
            28.8548013,
            38.3837758
          ],
          [
            28.854325,
            38.3834842
          ],
          [
            28.8535246,
            38.3829622
          ],
          [
            28.8528543,
            38.3826695
          ],
          [
            28.8523233,
            38.3825089
          ],
          [
            28.8517173,
            38.3823987
          ],
          [
            28.8511845,
            38.3823105
          ],
          [
            28.8501152,
            38.3820625
          ],
          [
            28.8497456,
            38.3820299
          ],
          [
            28.8493801,
            38.3820393
          ],
          [
            28.8490334,
            38.3820676
          ],
          [
            28.8485724,
            38.3821345
          ],
          [
            28.8482015,
            38.3822244
          ],
          [
            28.8480407,
            38.3822713
          ]
        ]
      },
      "id": "way/188365678"
    },
    {
      "type": "Feature",
      "properties": {
        "@id": "way/188365682",
        "axle_load": "22.5",
        "electrified": "no",
        "gauge": "1435",
        "name": "İzmir-Afyonkarahisar demiryolu",
        "operator": "TCDD",
        "railway": "rail",
        "railway:etcs": "no",
        "usage": "main"
      },
      "geometry": {
        "type": "LineString",
        "coordinates": [
          [
            28.7476855,
            38.3744948
          ],
          [
            28.7467651,
            38.3741911
          ],
          [
            28.7460744,
            38.3736493
          ],
          [
            28.7456335,
            38.3731215
          ],
          [
            28.7453152,
            38.3725065
          ],
          [
            28.7452145,
            38.3716792
          ],
          [
            28.7450501,
            38.3708575
          ],
          [
            28.7448886,
            38.3704479
          ],
          [
            28.7446067,
            38.3700549
          ],
          [
            28.7441035,
            38.3692582
          ],
          [
            28.74385,
            38.36836
          ],
          [
            28.7436817,
            38.3679049
          ],
          [
            28.7434294,
            38.3674828
          ],
          [
            28.7428367,
            38.3669034
          ],
          [
            28.7421332,
            38.3665016
          ],
          [
            28.741058,
            38.3661185
          ],
          [
            28.7402764,
            38.3657646
          ],
          [
            28.7392225,
            38.3650919
          ],
          [
            28.7380534,
            38.3647065
          ]
        ]
      },
      "id": "way/188365682"
    },
    {
      "type": "Feature",
      "properties": {
        "@id": "way/188365684",
        "axle_load": "22.5",
        "electrified": "no",
        "gauge": "1435",
        "layer": "-1",
        "name": "İzmir-Afyonkarahisar demiryolu",
        "operator": "TCDD",
        "railway": "rail",
        "railway:etcs": "no",
        "tunnel": "yes",
        "usage": "main"
      },
      "geometry": {
        "type": "LineString",
        "coordinates": [
          [
            28.8127104,
            38.379791
          ],
          [
            28.8103946,
            38.3780048
          ]
        ]
      },
      "id": "way/188365684"
    },
    {
      "type": "Feature",
      "properties": {
        "@id": "way/188365685",
        "axle_load": "22.5",
        "electrified": "no",
        "gauge": "1435",
        "layer": "-1",
        "operator": "TCDD",
        "railway": "rail",
        "railway:etcs": "no",
        "tunnel": "yes",
        "usage": "main"
      },
      "geometry": {
        "type": "LineString",
        "coordinates": [
          [
            28.7284434,
            38.3629004
          ],
          [
            28.7274231,
            38.3624935
          ]
        ]
      },
      "id": "way/188365685"
    },
    {
      "type": "Feature",
      "properties": {
        "@id": "way/188365686",
        "axle_load": "22.5",
        "electrified": "no",
        "gauge": "1435",
        "layer": "-1",
        "operator": "TCDD",
        "railway": "rail",
        "railway:etcs": "no",
        "tunnel": "yes",
        "usage": "main"
      },
      "geometry": {
        "type": "LineString",
        "coordinates": [
          [
            28.7911399,
            38.3660791
          ],
          [
            28.7906266,
            38.3667647
          ]
        ]
      },
      "id": "way/188365686"
    },
    {
      "type": "Feature",
      "properties": {
        "@id": "way/188365693",
        "axle_load": "22.5",
        "electrified": "no",
        "gauge": "1435",
        "layer": "-1",
        "operator": "TCDD",
        "railway": "rail",
        "railway:etcs": "no",
        "tunnel": "yes",
        "usage": "main"
      },
      "geometry": {
        "type": "LineString",
        "coordinates": [
          [
            28.8411603,
            38.3847183
          ],
          [
            28.840422,
            38.384307
          ],
          [
            28.8398248,
            38.3837713
          ]
        ]
      },
      "id": "way/188365693"
    },
    {
      "type": "Feature",
      "properties": {
        "@id": "way/188365695",
        "axle_load": "22.5",
        "electrified": "no",
        "gauge": "1435",
        "layer": "-1",
        "operator": "TCDD",
        "railway": "rail",
        "railway:etcs": "no",
        "tunnel": "yes",
        "usage": "main"
      },
      "geometry": {
        "type": "LineString",
        "coordinates": [
          [
            28.6966946,
            38.3616983
          ],
          [
            28.6953244,
            38.3619501
          ]
        ]
      },
      "id": "way/188365695"
    },
    {
      "type": "Feature",
      "properties": {
        "@id": "way/188365697",
        "axle_load": "22.5",
        "electrified": "no",
        "gauge": "1435",
        "layer": "-1",
        "operator": "TCDD",
        "railway": "rail",
        "railway:etcs": "no",
        "tunnel": "yes",
        "usage": "main"
      },
      "geometry": {
        "type": "LineString",
        "coordinates": [
          [
            28.7313821,
            38.3637423
          ],
          [
            28.7305551,
            38.3633281
          ]
        ]
      },
      "id": "way/188365697"
    },
    {
      "type": "Feature",
      "properties": {
        "@id": "way/188365698",
        "axle_load": "22.5",
        "electrified": "no",
        "gauge": "1435",
        "operator": "TCDD",
        "railway": "rail",
        "railway:etcs": "no",
        "usage": "main"
      },
      "geometry": {
        "type": "LineString",
        "coordinates": [
          [
            28.7274231,
            38.3624935
          ],
          [
            28.7266874,
            38.3620767
          ]
        ]
      },
      "id": "way/188365698"
    },
    {
      "type": "Feature",
      "properties": {
        "@id": "way/188365700",
        "axle_load": "22.5",
        "electrified": "no",
        "gauge": "1435",
        "name": "İzmir-Afyonkarahisar demiryolu",
        "operator": "TCDD",
        "railway": "rail",
        "railway:etcs": "no",
        "usage": "main"
      },
      "geometry": {
        "type": "LineString",
        "coordinates": [
          [
            28.7839059,
            38.3669775
          ],
          [
            28.7832131,
            38.3652834
          ],
          [
            28.7830712,
            38.3645134
          ],
          [
            28.7832362,
            38.363654
          ],
          [
            28.7838744,
            38.3623315
          ],
          [
            28.7839691,
            38.3616038
          ],
          [
            28.7838305,
            38.3608893
          ],
          [
            28.7835598,
            38.360211
          ],
          [
            28.7831325,
            38.3595997
          ],
          [
            28.7822524,
            38.3589063
          ],
          [
            28.7812425,
            38.3585394
          ],
          [
            28.7798836,
            38.3581655
          ],
          [
            28.7790331,
            38.357498
          ],
          [
            28.7765343,
            38.3550489
          ],
          [
            28.7757948,
            38.3545829
          ],
          [
            28.7750248,
            38.3543512
          ],
          [
            28.7712256,
            38.3538891
          ],
          [
            28.7702117,
            38.3538733
          ],
          [
            28.7692639,
            38.3541223
          ],
          [
            28.7678131,
            38.3545399
          ]
        ]
      },
      "id": "way/188365700"
    },
    {
      "type": "Feature",
      "properties": {
        "@id": "way/188365701",
        "axle_load": "22.5",
        "electrified": "no",
        "gauge": "1435",
        "name": "İzmir-Afyonkarahisar demiryolu",
        "operator": "TCDD",
        "railway": "rail",
        "railway:etcs": "no",
        "usage": "main"
      },
      "geometry": {
        "type": "LineString",
        "coordinates": [
          [
            28.8103946,
            38.3780048
          ],
          [
            28.809741,
            38.3775803
          ],
          [
            28.8092274,
            38.3770898
          ],
          [
            28.8090205,
            38.3767905
          ],
          [
            28.8088632,
            38.3764968
          ],
          [
            28.8087522,
            38.3761655
          ],
          [
            28.8086765,
            38.3758453
          ],
          [
            28.8086526,
            38.3751455
          ],
          [
            28.8086005,
            38.3748674
          ],
          [
            28.8085039,
            38.3746045
          ],
          [
            28.808344,
            38.3742273
          ],
          [
            28.8081275,
            38.3738889
          ],
          [
            28.8078043,
            38.3735401
          ],
          [
            28.8074457,
            38.3732855
          ],
          [
            28.8070058,
            38.3730266
          ],
          [
            28.8049693,
            38.3721411
          ],
          [
            28.8042503,
            38.3716066
          ],
          [
            28.8037087,
            38.3709331
          ],
          [
            28.8028496,
            38.3700619
          ],
          [
            28.8019097,
            38.3695898
          ],
          [
            28.8006944,
            38.3692298
          ],
          [
            28.8000669,
            38.3688686
          ],
          [
            28.7996556,
            38.3684244
          ],
          [
            28.7994524,
            38.3681413
          ],
          [
            28.7987879,
            38.3670001
          ],
          [
            28.7985103,
            38.3666526
          ],
          [
            28.7982107,
            38.3663794
          ],
          [
            28.7979005,
            38.3661524
          ],
          [
            28.7975065,
            38.3659399
          ],
          [
            28.7970695,
            38.3657863
          ],
          [
            28.796331,
            38.3656304
          ],
          [
            28.7944383,
            38.3653212
          ],
          [
            28.7938759,
            38.3652811
          ],
          [
            28.7933328,
            38.3652921
          ],
          [
            28.7928863,
            38.3653788
          ],
          [
            28.7923258,
            38.3654934
          ],
          [
            28.7916953,
            38.3657568
          ],
          [
            28.7911399,
            38.3660791
          ]
        ]
      },
      "id": "way/188365701"
    },
    {
      "type": "Feature",
      "properties": {
        "@id": "way/188365704",
        "axle_load": "22.5",
        "electrified": "no",
        "gauge": "1435",
        "layer": "-1",
        "operator": "TCDD",
        "railway": "rail",
        "railway:etcs": "no",
        "tunnel": "yes",
        "usage": "main"
      },
      "geometry": {
        "type": "LineString",
        "coordinates": [
          [
            28.7535177,
            38.3619531
          ],
          [
            28.7541448,
            38.3624607
          ],
          [
            28.7546129,
            38.3630799
          ]
        ]
      },
      "id": "way/188365704"
    },
    {
      "type": "Feature",
      "properties": {
        "@id": "way/188365705",
        "axle_load": "22.5",
        "electrified": "no",
        "gauge": "1435",
        "name": "İzmir-Afyonkarahisar demiryolu",
        "operator": "TCDD",
        "railway": "rail",
        "railway:etcs": "no",
        "usage": "main"
      },
      "geometry": {
        "type": "LineString",
        "coordinates": [
          [
            28.7906266,
            38.3667647
          ],
          [
            28.7901181,
            38.3676707
          ],
          [
            28.7895701,
            38.3682298
          ]
        ]
      },
      "id": "way/188365705"
    },
    {
      "type": "Feature",
      "properties": {
        "@id": "way/188365706",
        "axle_load": "22.5",
        "electrified": "no",
        "gauge": "1435",
        "layer": "-1",
        "operator": "TCDD",
        "railway": "rail",
        "railway:etcs": "no",
        "tunnel": "yes",
        "usage": "main"
      },
      "geometry": {
        "type": "LineString",
        "coordinates": [
          [
            28.7678131,
            38.3545399
          ],
          [
            28.7671629,
            38.3546275
          ],
          [
            28.7663785,
            38.3545836
          ]
        ]
      },
      "id": "way/188365706"
    },
    {
      "type": "Feature",
      "properties": {
        "@id": "way/188365707",
        "axle_load": "22.5",
        "electrified": "no",
        "gauge": "1435",
        "layer": "-1",
        "name": "İzmir-Afyonkarahisar demiryolu",
        "operator": "TCDD",
        "railway": "rail",
        "railway:etcs": "no",
        "tunnel": "yes",
        "usage": "main"
      },
      "geometry": {
        "type": "LineString",
        "coordinates": [
          [
            28.7520136,
            38.3710946
          ],
          [
            28.7520972,
            38.3718643
          ],
          [
            28.7520634,
            38.3726163
          ]
        ]
      },
      "id": "way/188365707"
    },
    {
      "type": "Feature",
      "properties": {
        "@id": "way/188365708",
        "axle_load": "22.5",
        "electrified": "no",
        "gauge": "1435",
        "layer": "-1",
        "operator": "TCDD",
        "railway": "rail",
        "railway:etcs": "no",
        "tunnel": "yes",
        "usage": "main"
      },
      "geometry": {
        "type": "LineString",
        "coordinates": [
          [
            28.7380534,
            38.3647065
          ],
          [
            28.7373039,
            38.3646841
          ],
          [
            28.7365743,
            38.36479
          ]
        ]
      },
      "id": "way/188365708"
    },
    {
      "type": "Feature",
      "properties": {
        "@id": "way/188365709",
        "axle_load": "22.5",
        "electrified": "no",
        "gauge": "1435",
        "operator": "TCDD",
        "railway": "rail",
        "railway:etcs": "no",
        "usage": "main"
      },
      "geometry": {
        "type": "LineString",
        "coordinates": [
          [
            28.7546129,
            38.3630799
          ],
          [
            28.7548399,
            38.3637984
          ],
          [
            28.754875,
            38.3642198
          ],
          [
            28.7548404,
            38.3645487
          ]
        ]
      },
      "id": "way/188365709"
    },
    {
      "type": "Feature",
      "properties": {
        "@id": "way/188365710",
        "axle_load": "22.5",
        "electrified": "no",
        "gauge": "1435",
        "name": "İzmir-Afyonkarahisar demiryolu",
        "operator": "TCDD",
        "railway": "rail",
        "railway:etcs": "no",
        "usage": "main"
      },
      "geometry": {
        "type": "LineString",
        "coordinates": [
          [
            28.7875677,
            38.3689397
          ],
          [
            28.7870498,
            38.3689307
          ],
          [
            28.7865641,
            38.368888
          ],
          [
            28.7861937,
            38.3687913
          ],
          [
            28.7858554,
            38.3686609
          ]
        ]
      },
      "id": "way/188365710"
    },
    {
      "type": "Feature",
      "properties": {
        "@id": "way/188365711",
        "axle_load": "22.5",
        "electrified": "no",
        "gauge": "1435",
        "layer": "-1",
        "name": "İzmir-Afyonkarahisar demiryolu",
        "operator": "TCDD",
        "railway": "rail",
        "railway:etcs": "no",
        "tunnel": "yes",
        "usage": "main"
      },
      "geometry": {
        "type": "LineString",
        "coordinates": [
          [
            28.7548404,
            38.3645487
          ],
          [
            28.7547479,
            38.3649107
          ],
          [
            28.7545562,
            38.3652497
          ],
          [
            28.754231,
            38.3656681
          ],
          [
            28.7524263,
            38.3671406
          ]
        ]
      },
      "id": "way/188365711"
    },
    {
      "type": "Feature",
      "properties": {
        "@id": "way/188365712",
        "axle_load": "22.5",
        "electrified": "no",
        "gauge": "1435",
        "operator": "TCDD",
        "railway": "rail",
        "railway:etcs": "no",
        "usage": "main"
      },
      "geometry": {
        "type": "LineString",
        "coordinates": [
          [
            28.7305551,
            38.3633281
          ],
          [
            28.7294878,
            38.3631056
          ],
          [
            28.7284434,
            38.3629004
          ]
        ]
      },
      "id": "way/188365712"
    },
    {
      "type": "Feature",
      "properties": {
        "@id": "way/188365713",
        "axle_load": "22.5",
        "electrified": "no",
        "gauge": "1435",
        "layer": "-1",
        "operator": "TCDD",
        "railway": "rail",
        "railway:etcs": "no",
        "tunnel": "yes",
        "usage": "main"
      },
      "geometry": {
        "type": "LineString",
        "coordinates": [
          [
            28.7488782,
            38.3575403
          ],
          [
            28.7487382,
            38.3582579
          ],
          [
            28.7487726,
            38.3589202
          ]
        ]
      },
      "id": "way/188365713"
    },
    {
      "type": "Feature",
      "properties": {
        "@id": "way/188365714",
        "axle_load": "22.5",
        "electrified": "no",
        "gauge": "1435",
        "layer": "-1",
        "operator": "TCDD",
        "railway": "rail",
        "railway:etcs": "no",
        "tunnel": "yes",
        "usage": "main"
      },
      "geometry": {
        "type": "LineString",
        "coordinates": [
          [
            28.8452617,
            38.3843367
          ],
          [
            28.8449726,
            38.3845245
          ],
          [
            28.8446462,
            38.3846922
          ],
          [
            28.8443071,
            38.3848447
          ]
        ]
      },
      "id": "way/188365714"
    },
    {
      "type": "Feature",
      "properties": {
        "@id": "way/188365715",
        "axle_load": "22.5",
        "electrified": "no",
        "gauge": "1435",
        "name": "İzmir-Afyonkarahisar demiryolu",
        "operator": "TCDD",
        "railway": "rail",
        "railway:etcs": "no",
        "usage": "main"
      },
      "geometry": {
        "type": "LineString",
        "coordinates": [
          [
            28.7251364,
            38.3610636
          ],
          [
            28.7243387,
            38.3604441
          ],
          [
            28.7239482,
            38.359975
          ],
          [
            28.7236461,
            38.3594028
          ],
          [
            28.7234805,
            38.3579967
          ],
          [
            28.7232862,
            38.357427
          ],
          [
            28.7229079,
            38.3568814
          ],
          [
            28.7219514,
            38.3561184
          ],
          [
            28.7201237,
            38.3547995
          ],
          [
            28.7196623,
            38.3545095
          ],
          [
            28.7191585,
            38.354275
          ],
          [
            28.7186372,
            38.354108
          ],
          [
            28.7180167,
            38.3540159
          ],
          [
            28.7174024,
            38.3540232
          ],
          [
            28.7167738,
            38.3541055
          ],
          [
            28.7159768,
            38.3543704
          ],
          [
            28.7152788,
            38.3547907
          ],
          [
            28.7151006,
            38.3549031
          ],
          [
            28.7132682,
            38.3561036
          ],
          [
            28.7128114,
            38.356399
          ],
          [
            28.7123303,
            38.3566348
          ],
          [
            28.7117107,
            38.3568855
          ],
          [
            28.7112848,
            38.3570176
          ],
          [
            28.7108134,
            38.3571369
          ],
          [
            28.7105114,
            38.3572008
          ],
          [
            28.7101939,
            38.3572431
          ],
          [
            28.7095233,
            38.3572857
          ],
          [
            28.7091265,
            38.3572687
          ],
          [
            28.7085644,
            38.3572228
          ],
          [
            28.7083955,
            38.3572069
          ],
          [
            28.7079164,
            38.3571465
          ],
          [
            28.7069513,
            38.3569026
          ],
          [
            28.7061182,
            38.3565478
          ],
          [
            28.7047522,
            38.3561997
          ],
          [
            28.7037357,
            38.3562245
          ],
          [
            28.7028504,
            38.35643
          ],
          [
            28.7019035,
            38.3569474
          ],
          [
            28.7012252,
            38.3576816
          ],
          [
            28.7001653,
            38.3596925
          ],
          [
            28.6995437,
            38.3604759
          ],
          [
            28.6988898,
            38.3609791
          ],
          [
            28.6983818,
            38.361269
          ],
          [
            28.6977766,
            38.3614852
          ],
          [
            28.6966946,
            38.3616983
          ]
        ]
      },
      "id": "way/188365715"
    },
    {
      "type": "Feature",
      "properties": {
        "@id": "way/188365716",
        "axle_load": "22.5",
        "electrified": "no",
        "gauge": "1435",
        "name": "İzmir-Afyonkarahisar demiryolu",
        "operator": "TCDD",
        "railway": "rail",
        "railway:etcs": "no",
        "usage": "main"
      },
      "geometry": {
        "type": "LineString",
        "coordinates": [
          [
            28.7520634,
            38.3726163
          ],
          [
            28.7517827,
            38.3732049
          ],
          [
            28.7514449,
            38.3736339
          ],
          [
            28.7506135,
            38.374159
          ]
        ]
      },
      "id": "way/188365716"
    },
    {
      "type": "Feature",
      "properties": {
        "@id": "way/188365717",
        "axle_load": "22.5",
        "electrified": "no",
        "gauge": "1435",
        "name": "İzmir-Afyonkarahisar demiryolu",
        "operator": "TCDD",
        "railway": "rail",
        "railway:etcs": "no",
        "usage": "main"
      },
      "geometry": {
        "type": "LineString",
        "coordinates": [
          [
            28.7524263,
            38.3671406
          ],
          [
            28.7517459,
            38.3679617
          ],
          [
            28.7515702,
            38.3689892
          ],
          [
            28.7520136,
            38.3710946
          ]
        ]
      },
      "id": "way/188365717"
    },
    {
      "type": "Feature",
      "properties": {
        "@id": "way/188365718",
        "axle_load": "22.5",
        "electrified": "no",
        "gauge": "1435",
        "layer": "-1",
        "name": "İzmir-Afyonkarahisar demiryolu",
        "operator": "TCDD",
        "railway": "rail",
        "railway:etcs": "no",
        "tunnel": "yes",
        "usage": "main"
      },
      "geometry": {
        "type": "LineString",
        "coordinates": [
          [
            28.8198992,
            38.3845851
          ],
          [
            28.8194722,
            38.3847357
          ],
          [
            28.8189179,
            38.3848919
          ],
          [
            28.8183654,
            38.384967
          ],
          [
            28.8179631,
            38.3849734
          ],
          [
            28.8175751,
            38.3849576
          ],
          [
            28.8168889,
            38.3848385
          ],
          [
            28.8163479,
            38.3846674
          ],
          [
            28.8158316,
            38.3844853
          ]
        ]
      },
      "id": "way/188365718"
    },
    {
      "type": "Feature",
      "properties": {
        "@id": "way/188365720",
        "axle_load": "22.5",
        "electrified": "no",
        "gauge": "1435",
        "layer": "-1",
        "name": "İzmir-Afyonkarahisar demiryolu",
        "operator": "TCDD",
        "railway": "rail",
        "railway:etcs": "no",
        "tunnel": "yes",
        "usage": "main"
      },
      "geometry": {
        "type": "LineString",
        "coordinates": [
          [
            28.757408,
            38.3521457
          ],
          [
            28.7568248,
            38.3521655
          ],
          [
            28.7563631,
            38.3523615
          ],
          [
            28.7551453,
            38.3532907
          ]
        ]
      },
      "id": "way/188365720"
    },
    {
      "type": "Feature",
      "properties": {
        "@id": "way/188365721",
        "axle_load": "22.5",
        "electrified": "no",
        "gauge": "1435",
        "name": "İzmir-Afyonkarahisar demiryolu",
        "operator": "TCDD",
        "railway": "rail",
        "railway:etcs": "no",
        "usage": "main"
      },
      "geometry": {
        "type": "LineString",
        "coordinates": [
          [
            28.7487726,
            38.3589202
          ],
          [
            28.7489438,
            38.3594428
          ],
          [
            28.7492993,
            38.3599913
          ],
          [
            28.7499013,
            38.3604793
          ],
          [
            28.7504689,
            38.360852
          ],
          [
            28.7535177,
            38.3619531
          ]
        ]
      },
      "id": "way/188365721"
    },
    {
      "type": "Feature",
      "properties": {
        "@id": "way/188365722",
        "axle_load": "22.5",
        "electrified": "no",
        "gauge": "1435",
        "layer": "-1",
        "name": "İzmir-Afyonkarahisar demiryolu",
        "operator": "TCDD",
        "railway": "rail",
        "railway:etcs": "no",
        "tunnel": "yes",
        "usage": "main"
      },
      "geometry": {
        "type": "LineString",
        "coordinates": [
          [
            28.8334931,
            38.3834708
          ],
          [
            28.8331015,
            38.38366
          ],
          [
            28.8327706,
            38.3837759
          ],
          [
            28.8324075,
            38.3838515
          ],
          [
            28.8319136,
            38.3839015
          ],
          [
            28.8300507,
            38.3838875
          ],
          [
            28.8278066,
            38.3837247
          ]
        ]
      },
      "id": "way/188365722"
    },
    {
      "type": "Feature",
      "properties": {
        "@id": "way/188365723",
        "axle_load": "22.5",
        "bridge": "viaduct",
        "electrified": "no",
        "gauge": "1435",
        "layer": "1",
        "name": "199 köprüsü",
        "operator": "TCDD",
        "railway": "rail",
        "railway:etcs": "no",
        "usage": "main"
      },
      "geometry": {
        "type": "LineString",
        "coordinates": [
          [
            28.7895701,
            38.3682298
          ],
          [
            28.7890798,
            38.3685567
          ],
          [
            28.788644,
            38.3687689
          ],
          [
            28.7882742,
            38.3688724
          ],
          [
            28.7875677,
            38.3689397
          ]
        ]
      },
      "id": "way/188365723"
    },
    {
      "type": "Feature",
      "properties": {
        "@id": "way/188365724",
        "axle_load": "22.5",
        "electrified": "no",
        "gauge": "1435",
        "layer": "-1",
        "operator": "TCDD",
        "railway": "rail",
        "railway:etcs": "no",
        "tunnel": "yes",
        "usage": "main"
      },
      "geometry": {
        "type": "LineString",
        "coordinates": [
          [
            28.7858554,
            38.3686609
          ],
          [
            28.7855081,
            38.3685019
          ],
          [
            28.785402,
            38.3684533
          ],
          [
            28.785019,
            38.3682357
          ],
          [
            28.7844498,
            38.3678275
          ],
          [
            28.7839059,
            38.3669775
          ]
        ]
      },
      "id": "way/188365724"
    },
    {
      "type": "Feature",
      "properties": {
        "@id": "way/188365725",
        "axle_load": "22.5",
        "electrified": "no",
        "gauge": "1435",
        "name": "İzmir-Afyonkarahisar demiryolu",
        "operator": "TCDD",
        "railway": "rail",
        "railway:etcs": "no",
        "usage": "main"
      },
      "geometry": {
        "type": "LineString",
        "coordinates": [
          [
            28.8278066,
            38.3837247
          ],
          [
            28.8230262,
            38.3834171
          ],
          [
            28.8225416,
            38.383445
          ],
          [
            28.8220477,
            38.3835388
          ],
          [
            28.8215775,
            38.3836909
          ],
          [
            28.8211446,
            38.383876
          ],
          [
            28.8198992,
            38.3845851
          ]
        ]
      },
      "id": "way/188365725"
    },
    {
      "type": "Feature",
      "properties": {
        "@id": "way/188365726",
        "axle_load": "22.5",
        "electrified": "no",
        "gauge": "1435",
        "layer": "-1",
        "operator": "TCDD",
        "railway": "rail",
        "railway:etcs": "no",
        "tunnel": "yes",
        "usage": "main"
      },
      "geometry": {
        "type": "LineString",
        "coordinates": [
          [
            28.7506135,
            38.374159
          ],
          [
            28.7499706,
            38.374382
          ],
          [
            28.7491667,
            38.3745038
          ],
          [
            28.7483965,
            38.3745514
          ],
          [
            28.7476855,
            38.3744948
          ]
        ]
      },
      "id": "way/188365726"
    },
    {
      "type": "Feature",
      "properties": {
        "@id": "way/188365729",
        "axle_load": "22.5",
        "electrified": "no",
        "gauge": "1435",
        "name": "İzmir-Afyonkarahisar demiryolu",
        "operator": "TCDD",
        "railway": "rail",
        "railway:etcs": "no",
        "usage": "main"
      },
      "geometry": {
        "type": "LineString",
        "coordinates": [
          [
            28.7365743,
            38.36479
          ],
          [
            28.7356218,
            38.3650072
          ],
          [
            28.7348552,
            38.3650554
          ],
          [
            28.7340414,
            38.3649342
          ],
          [
            28.7335808,
            38.3647908
          ],
          [
            28.7330788,
            38.3646345
          ],
          [
            28.7313821,
            38.3637423
          ]
        ]
      },
      "id": "way/188365729"
    },
    {
      "type": "Feature",
      "properties": {
        "@id": "way/188365730",
        "axle_load": "22.5",
        "electrified": "no",
        "gauge": "1435",
        "name": "İzmir-Afyonkarahisar demiryolu",
        "operator": "TCDD",
        "railway": "rail",
        "railway:etcs": "no",
        "usage": "main"
      },
      "geometry": {
        "type": "LineString",
        "coordinates": [
          [
            28.8158316,
            38.3844853
          ],
          [
            28.8153451,
            38.3843103
          ],
          [
            28.8149436,
            38.3841187
          ],
          [
            28.8145535,
            38.3838883
          ],
          [
            28.8142568,
            38.3835558
          ],
          [
            28.8140167,
            38.3832288
          ],
          [
            28.8138161,
            38.3827726
          ],
          [
            28.8136722,
            38.3823163
          ],
          [
            28.8134761,
            38.381233
          ],
          [
            28.8133117,
            38.3807723
          ],
          [
            28.8130535,
            38.380265
          ],
          [
            28.8127104,
            38.379791
          ]
        ]
      },
      "id": "way/188365730"
    },
    {
      "type": "Feature",
      "properties": {
        "@id": "way/188365732",
        "axle_load": "22.5",
        "electrified": "no",
        "gauge": "1435",
        "name": "İzmir-Afyonkarahisar demiryolu",
        "operator": "TCDD",
        "railway": "rail",
        "railway:etcs": "no",
        "usage": "main"
      },
      "geometry": {
        "type": "LineString",
        "coordinates": [
          [
            28.8443071,
            38.3848447
          ],
          [
            28.8437511,
            38.3850187
          ],
          [
            28.8433543,
            38.3851154
          ],
          [
            28.8430159,
            38.3851537
          ],
          [
            28.8426449,
            38.3851399
          ],
          [
            28.8422971,
            38.3850827
          ],
          [
            28.8419081,
            38.3849844
          ],
          [
            28.8415378,
            38.3848714
          ],
          [
            28.8411603,
            38.3847183
          ]
        ]
      },
      "id": "way/188365732"
    },
    {
      "type": "Feature",
      "properties": {
        "@id": "way/188365734",
        "axle_load": "22.5",
        "electrified": "no",
        "gauge": "1435",
        "name": "İzmir-Afyonkarahisar demiryolu",
        "operator": "TCDD",
        "railway": "rail",
        "railway:etcs": "no",
        "usage": "main"
      },
      "geometry": {
        "type": "LineString",
        "coordinates": [
          [
            28.7663785,
            38.3545836
          ],
          [
            28.7659867,
            38.3545101
          ],
          [
            28.7654556,
            38.3543839
          ],
          [
            28.7647855,
            38.3541163
          ],
          [
            28.7631626,
            38.3524559
          ],
          [
            28.761834,
            38.3519744
          ],
          [
            28.7605003,
            38.351933
          ],
          [
            28.7590344,
            38.3521608
          ],
          [
            28.757408,
            38.3521457
          ]
        ]
      },
      "id": "way/188365734"
    },
    {
      "type": "Feature",
      "properties": {
        "@id": "way/188365736",
        "axle_load": "22.5",
        "electrified": "no",
        "gauge": "1435",
        "name": "İzmir-Afyonkarahisar demiryolu",
        "operator": "TCDD",
        "railway": "rail",
        "railway:etcs": "no",
        "usage": "main"
      },
      "geometry": {
        "type": "LineString",
        "coordinates": [
          [
            28.7551453,
            38.3532907
          ],
          [
            28.7544187,
            38.3539881
          ],
          [
            28.7536312,
            38.3543696
          ],
          [
            28.752965,
            38.3545909
          ],
          [
            28.7522866,
            38.3547944
          ],
          [
            28.7514461,
            38.3550873
          ],
          [
            28.7497614,
            38.3564925
          ],
          [
            28.7495229,
            38.3566914
          ],
          [
            28.7491472,
            38.3570974
          ],
          [
            28.7488782,
            38.3575403
          ]
        ]
      },
      "id": "way/188365736"
    },
    {
      "type": "Feature",
      "properties": {
        "@id": "way/188365739",
        "axle_load": "22.5",
        "electrified": "no",
        "gauge": "1435",
        "name": "İzmir-Afyonkarahisar demiryolu",
        "operator": "TCDD",
        "railway": "rail",
        "railway:etcs": "no",
        "usage": "main"
      },
      "geometry": {
        "type": "LineString",
        "coordinates": [
          [
            28.8381471,
            38.3827772
          ],
          [
            28.8374902,
            38.3825754
          ],
          [
            28.8370945,
            38.382509
          ],
          [
            28.8367081,
            38.3824646
          ],
          [
            28.8363223,
            38.3824556
          ],
          [
            28.8359458,
            38.3824649
          ],
          [
            28.8356219,
            38.3824999
          ],
          [
            28.8353401,
            38.3825495
          ],
          [
            28.8350136,
            38.3826265
          ],
          [
            28.8347384,
            38.3827182
          ],
          [
            28.8341224,
            38.3830246
          ],
          [
            28.8334931,
            38.3834708
          ]
        ]
      },
      "id": "way/188365739"
    },
    {
      "type": "Feature",
      "properties": {
        "@id": "way/188479923",
        "axle_load": "22.5",
        "bridge": "yes",
        "electrified": "no",
        "gauge": "1435",
        "layer": "1",
        "operator": "TCDD",
        "railway": "rail",
        "railway:etcs": "no",
        "usage": "main"
      },
      "geometry": {
        "type": "LineString",
        "coordinates": [
          [
            28.0637509,
            38.4904239
          ],
          [
            28.0642174,
            38.4903918
          ]
        ]
      },
      "id": "way/188479923"
    },
    {
      "type": "Feature",
      "properties": {
        "@id": "way/188479925",
        "axle_load": "22.5",
        "electrified": "no",
        "gauge": "1435",
        "name": "İzmir-Afyonkarahisar demiryolu",
        "operator": "TCDD",
        "railway": "rail",
        "railway:etcs": "no",
        "usage": "main"
      },
      "geometry": {
        "type": "LineString",
        "coordinates": [
          [
            28.0279445,
            38.5026119
          ],
          [
            28.0406693,
            38.4979425
          ],
          [
            28.0427693,
            38.4971815
          ],
          [
            28.0433646,
            38.4969648
          ],
          [
            28.0579588,
            38.4915593
          ],
          [
            28.0598116,
            38.490965
          ],
          [
            28.0610762,
            38.4907295
          ],
          [
            28.0617409,
            38.4906309
          ],
          [
            28.0624341,
            38.4905608
          ],
          [
            28.0637509,
            38.4904239
          ]
        ]
      },
      "id": "way/188479925"
    },
    {
      "type": "Feature",
      "properties": {
        "@id": "way/206648609",
        "electrified": "no",
        "gauge": "1435",
        "railway": "rail",
        "service": "siding",
        "source": "bing"
      },
      "geometry": {
        "type": "LineString",
        "coordinates": [
          [
            28.5125304,
            38.3596362
          ],
          [
            28.5128879,
            38.3594181
          ],
          [
            28.5131328,
            38.3592873
          ],
          [
            28.5133281,
            38.3591618
          ],
          [
            28.5135199,
            38.359052
          ],
          [
            28.5137061,
            38.3589096
          ],
          [
            28.5151563,
            38.3578005
          ],
          [
            28.5167552,
            38.3565927
          ],
          [
            28.5169997,
            38.356348
          ],
          [
            28.5172049,
            38.3561428
          ]
        ]
      },
      "id": "way/206648609"
    },
    {
      "type": "Feature",
      "properties": {
        "@id": "way/206648610",
        "electrified": "no",
        "gauge": "1435",
        "railway": "rail",
        "service": "siding",
        "source": "bing"
      },
      "geometry": {
        "type": "LineString",
        "coordinates": [
          [
            28.5135199,
            38.359052
          ],
          [
            28.5136494,
            38.3589802
          ],
          [
            28.5143929,
            38.3585861
          ],
          [
            28.5150881,
            38.358238
          ],
          [
            28.5154399,
            38.3580081
          ],
          [
            28.5157415,
            38.3577387
          ],
          [
            28.5169561,
            38.3565564
          ],
          [
            28.5172664,
            38.356171
          ],
          [
            28.5175359,
            38.3558364
          ],
          [
            28.5175736,
            38.3557963
          ],
          [
            28.5176242,
            38.3557427
          ],
          [
            28.5177355,
            38.3556412
          ]
        ]
      },
      "id": "way/206648610"
    },
    {
      "type": "Feature",
      "properties": {
        "@id": "way/206648612",
        "electrified": "no",
        "gauge": "1435",
        "railway": "rail",
        "service": "siding"
      },
      "geometry": {
        "type": "LineString",
        "coordinates": [
          [
            28.5157459,
            38.3574154
          ],
          [
            28.5163082,
            38.356989
          ],
          [
            28.5167552,
            38.3565927
          ]
        ]
      },
      "id": "way/206648612"
    },
    {
      "type": "Feature",
      "properties": {
        "@id": "way/206648613",
        "electrified": "no",
        "gauge": "1435",
        "railway": "rail",
        "service": "siding",
        "source": "bing"
      },
      "geometry": {
        "type": "LineString",
        "coordinates": [
          [
            28.5131328,
            38.3592873
          ],
          [
            28.5133119,
            38.3591483
          ],
          [
            28.51512,
            38.3577718
          ],
          [
            28.5167194,
            38.3565636
          ],
          [
            28.5169997,
            38.356348
          ]
        ]
      },
      "id": "way/206648613"
    },
    {
      "type": "Feature",
      "properties": {
        "@id": "way/206648614",
        "electrified": "no",
        "gauge": "1435",
        "railway": "rail",
        "service": "siding",
        "source": "bing"
      },
      "geometry": {
        "type": "LineString",
        "coordinates": [
          [
            28.5128879,
            38.3594181
          ],
          [
            28.5132868,
            38.3591274
          ],
          [
            28.5150878,
            38.3577462
          ],
          [
            28.5166876,
            38.3565377
          ],
          [
            28.5172049,
            38.3561428
          ],
          [
            28.5175359,
            38.3558364
          ]
        ]
      },
      "id": "way/206648614"
    },
    {
      "type": "Feature",
      "properties": {
        "@id": "way/206648615",
        "electrified": "no",
        "gauge": "1435",
        "railway": "rail",
        "service": "yard"
      },
      "geometry": {
        "type": "LineString",
        "coordinates": [
          [
            28.5187302,
            38.354539
          ],
          [
            28.5186151,
            38.3546559
          ],
          [
            28.5183803,
            38.3548996
          ],
          [
            28.5181101,
            38.3551658
          ],
          [
            28.5178957,
            38.355416
          ],
          [
            28.5176991,
            38.3556118
          ]
        ]
      },
      "id": "way/206648615"
    },
    {
      "type": "Feature",
      "properties": {
        "@id": "way/206648616",
        "electrified": "no",
        "gauge": "1435",
        "railway": "rail",
        "service": "siding"
      },
      "geometry": {
        "type": "LineString",
        "coordinates": [
          [
            28.5172664,
            38.356171
          ],
          [
            28.5169229,
            38.3565295
          ],
          [
            28.5165351,
            38.3569078
          ],
          [
            28.5157052,
            38.3577262
          ],
          [
            28.5154031,
            38.3579921
          ],
          [
            28.5150663,
            38.358215
          ],
          [
            28.5143666,
            38.3585539
          ],
          [
            28.5137061,
            38.3589096
          ]
        ]
      },
      "id": "way/206648616"
    },
    {
      "type": "Feature",
      "properties": {
        "@id": "way/206648617",
        "electrified": "no",
        "gauge": "1435",
        "railway": "rail",
        "service": "yard"
      },
      "geometry": {
        "type": "LineString",
        "coordinates": [
          [
            28.5187476,
            38.3545474
          ],
          [
            28.5185808,
            38.3547962
          ],
          [
            28.5183241,
            38.3550544
          ],
          [
            28.5180554,
            38.3553248
          ],
          [
            28.5176991,
            38.3556118
          ],
          [
            28.5175895,
            38.3557021
          ],
          [
            28.5175359,
            38.3557463
          ],
          [
            28.5174848,
            38.3557884
          ],
          [
            28.5173939,
            38.3558939
          ]
        ]
      },
      "id": "way/206648617"
    },
    {
      "type": "Feature",
      "properties": {
        "@id": "way/206680068",
        "electrified": "no",
        "gauge": "1435",
        "railway": "rail",
        "service": "siding"
      },
      "geometry": {
        "type": "LineString",
        "coordinates": [
          [
            27.4334946,
            38.6215353
          ],
          [
            27.4358756,
            38.6215215
          ],
          [
            27.4364322,
            38.6214663
          ],
          [
            27.4368721,
            38.6214269
          ],
          [
            27.4370798,
            38.621408
          ],
          [
            27.4371513,
            38.6214015
          ],
          [
            27.4374667,
            38.6213729
          ],
          [
            27.4383414,
            38.6212295
          ]
        ]
      },
      "id": "way/206680068"
    },
    {
      "type": "Feature",
      "properties": {
        "@id": "way/206680069",
        "axle_load": "22.5",
        "electrified": "contact_line",
        "frequency": "50",
        "gauge": "1435",
        "railway": "rail",
        "railway:etcs": "yes",
        "service": "crossover",
        "voltage": "25000"
      },
      "geometry": {
        "type": "LineString",
        "coordinates": [
          [
            27.4394789,
            38.6209761
          ],
          [
            27.4392835,
            38.6210066
          ],
          [
            27.4387749,
            38.621086
          ]
        ]
      },
      "id": "way/206680069"
    },
    {
      "type": "Feature",
      "properties": {
        "@id": "way/206680070",
        "electrified": "no",
        "gauge": "1435",
        "railway": "rail",
        "service": "siding"
      },
      "geometry": {
        "type": "LineString",
        "coordinates": [
          [
            27.4393006,
            38.6209425
          ],
          [
            27.4392416,
            38.6209455
          ],
          [
            27.4389551,
            38.6209619
          ],
          [
            27.4386501,
            38.6209469
          ],
          [
            27.4381782,
            38.6209295
          ],
          [
            27.4378034,
            38.6209439
          ],
          [
            27.4376234,
            38.6209571
          ],
          [
            27.4372294,
            38.620989
          ],
          [
            27.4370409,
            38.6210062
          ]
        ]
      },
      "id": "way/206680070"
    },
    {
      "type": "Feature",
      "properties": {
        "@id": "way/206680072",
        "axle_load": "22.5",
        "bridge": "yes",
        "electrified": "contact_line",
        "frequency": "50",
        "gauge": "1435",
        "layer": "1",
        "name": "İzmir-Afyonkarahisar demiryolu",
        "operator": "TCDD",
        "railway": "rail",
        "railway:etcs": "yes",
        "usage": "main",
        "voltage": "25000"
      },
      "geometry": {
        "type": "LineString",
        "coordinates": [
          [
            27.4315616,
            38.6214018
          ],
          [
            27.4316407,
            38.6214009
          ]
        ]
      },
      "id": "way/206680072"
    },
    {
      "type": "Feature",
      "properties": {
        "@id": "way/206680073",
        "axle_load": "22.5",
        "bridge": "yes",
        "electrified": "contact_line",
        "frequency": "50",
        "gauge": "1435",
        "layer": "1",
        "name": "İzmir-Afyonkarahisar demiryolu",
        "operator": "TCDD",
        "railway": "rail",
        "railway:etcs": "yes",
        "usage": "main",
        "voltage": "25000"
      },
      "geometry": {
        "type": "LineString",
        "coordinates": [
          [
            27.4316414,
            38.6213618
          ],
          [
            27.4315586,
            38.621363
          ]
        ]
      },
      "id": "way/206680073"
    },
    {
      "type": "Feature",
      "properties": {
        "@id": "way/206680074",
        "bridge": "yes",
        "electrified": "no",
        "gauge": "1435",
        "layer": "1",
        "railway": "rail",
        "service": "siding"
      },
      "geometry": {
        "type": "LineString",
        "coordinates": [
          [
            27.4316401,
            38.62144
          ],
          [
            27.4315645,
            38.6214406
          ]
        ]
      },
      "id": "way/206680074"
    },
    {
      "type": "Feature",
      "properties": {
        "@id": "way/206680075",
        "axle_load": "22.5",
        "electrified": "contact_line",
        "frequency": "50",
        "gauge": "1435",
        "railway": "rail",
        "railway:etcs": "yes",
        "service": "crossover",
        "voltage": "25000"
      },
      "geometry": {
        "type": "LineString",
        "coordinates": [
          [
            27.4403017,
            38.620757
          ],
          [
            27.4396419,
            38.6209251
          ]
        ]
      },
      "id": "way/206680075"
    },
    {
      "type": "Feature",
      "properties": {
        "@id": "way/206680076",
        "electrified": "no",
        "gauge": "1435",
        "railway": "rail",
        "service": "siding"
      },
      "geometry": {
        "type": "LineString",
        "coordinates": [
          [
            27.4339834,
            38.6215773
          ],
          [
            27.4365234,
            38.6215574
          ]
        ]
      },
      "id": "way/206680076"
    },
    {
      "type": "Feature",
      "properties": {
        "@id": "way/206680077",
        "axle_load": "22.5",
        "electrified": "contact_line",
        "frequency": "50",
        "gauge": "1435",
        "name": "İzmir-Afyonkarahisar demiryolu",
        "operator": "TCDD",
        "railway": "rail",
        "railway:etcs": "yes",
        "usage": "main",
        "voltage": "25000"
      },
      "geometry": {
        "type": "LineString",
        "coordinates": [
          [
            27.4316407,
            38.6214009
          ],
          [
            27.4352436,
            38.6213955
          ]
        ]
      },
      "id": "way/206680077"
    },
    {
      "type": "Feature",
      "properties": {
        "@id": "way/206680079",
        "axle_load": "22.5",
        "electrified": "contact_line",
        "frequency": "50",
        "gauge": "1435",
        "name": "İzmir-Afyonkarahisar demiryolu",
        "operator": "TCDD",
        "railway": "rail",
        "railway:etcs": "yes",
        "usage": "main",
        "voltage": "25000"
      },
      "geometry": {
        "type": "LineString",
        "coordinates": [
          [
            27.4387749,
            38.621086
          ],
          [
            27.4384345,
            38.6211404
          ],
          [
            27.438344,
            38.6211557
          ],
          [
            27.4379687,
            38.6211955
          ],
          [
            27.4376885,
            38.621226
          ],
          [
            27.4374168,
            38.6212512
          ],
          [
            27.4370678,
            38.6212632
          ],
          [
            27.4369903,
            38.6212659
          ],
          [
            27.4368508,
            38.6212706
          ],
          [
            27.436758,
            38.6212738
          ],
          [
            27.4329322,
            38.6212925
          ],
          [
            27.4325145,
            38.6213104
          ],
          [
            27.4319392,
            38.6213576
          ]
        ]
      },
      "id": "way/206680079"
    },
    {
      "type": "Feature",
      "properties": {
        "@id": "way/206680081",
        "electrified": "no",
        "gauge": "1435",
        "railway": "rail",
        "service": "siding"
      },
      "geometry": {
        "type": "LineString",
        "coordinates": [
          [
            27.4315645,
            38.6214406
          ],
          [
            27.4295131,
            38.6214513
          ],
          [
            27.4289958,
            38.621404
          ]
        ]
      },
      "id": "way/206680081"
    },
    {
      "type": "Feature",
      "properties": {
        "@id": "way/206680085",
        "axle_load": "22.5",
        "electrified": "contact_line",
        "frequency": "50",
        "gauge": "1435",
        "name": "İzmir-Afyonkarahisar demiryolu",
        "operator": "TCDD",
        "railway": "rail",
        "railway:etcs": "yes",
        "usage": "main",
        "voltage": "25000"
      },
      "geometry": {
        "type": "LineString",
        "coordinates": [
          [
            27.4315586,
            38.621363
          ],
          [
            27.4295147,
            38.6213776
          ],
          [
            27.4290091,
            38.6213765
          ],
          [
            27.4286337,
            38.6214042
          ]
        ]
      },
      "id": "way/206680085"
    },
    {
      "type": "Feature",
      "properties": {
        "@id": "way/206680088",
        "electrified": "no",
        "gauge": "1435",
        "railway": "rail",
        "service": "siding"
      },
      "geometry": {
        "type": "LineString",
        "coordinates": [
          [
            27.4322888,
            38.6214393
          ],
          [
            27.4339806,
            38.6214502
          ],
          [
            27.4368721,
            38.6214269
          ],
          [
            27.4370901,
            38.6214248
          ],
          [
            27.4371653,
            38.6214247
          ],
          [
            27.4372364,
            38.6214247
          ],
          [
            27.4375771,
            38.621426
          ],
          [
            27.4379725,
            38.6214502
          ]
        ]
      },
      "id": "way/206680088"
    },
    {
      "type": "Feature",
      "properties": {
        "@id": "way/206680094",
        "electrified": "no",
        "gauge": "1435",
        "railway": "rail",
        "service": "yard"
      },
      "geometry": {
        "type": "LineString",
        "coordinates": [
          [
            27.443621,
            38.6198904
          ],
          [
            27.4402418,
            38.6208855
          ],
          [
            27.4398073,
            38.6209549
          ]
        ]
      },
      "id": "way/206680094"
    },
    {
      "type": "Feature",
      "properties": {
        "@id": "way/206680097",
        "electrified": "no",
        "gauge": "1435",
        "railway": "rail",
        "service": "siding"
      },
      "geometry": {
        "type": "LineString",
        "coordinates": [
          [
            27.4329956,
            38.6214925
          ],
          [
            27.4339815,
            38.6214925
          ],
          [
            27.4364322,
            38.6214663
          ]
        ]
      },
      "id": "way/206680097"
    },
    {
      "type": "Feature",
      "properties": {
        "@id": "way/206680098",
        "electrified": "no",
        "gauge": "1435",
        "railway": "rail",
        "service": "siding"
      },
      "geometry": {
        "type": "LineString",
        "coordinates": [
          [
            27.4381535,
            38.6214502
          ],
          [
            27.4383587,
            38.6214546
          ],
          [
            27.4386083,
            38.6214453
          ],
          [
            27.4390345,
            38.6214069
          ],
          [
            27.4393759,
            38.6213502
          ]
        ]
      },
      "id": "way/206680098"
    },
    {
      "type": "Feature",
      "properties": {
        "@id": "way/206680099",
        "electrified": "no",
        "gauge": "1435",
        "railway": "rail",
        "service": "siding"
      },
      "geometry": {
        "type": "LineString",
        "coordinates": [
          [
            27.4397018,
            38.6208589
          ],
          [
            27.4393006,
            38.6209425
          ],
          [
            27.4392467,
            38.620953
          ],
          [
            27.4387373,
            38.6210354
          ],
          [
            27.4383926,
            38.6210911
          ],
          [
            27.4376013,
            38.6211933
          ],
          [
            27.4370593,
            38.6212491
          ],
          [
            27.4369846,
            38.6212568
          ],
          [
            27.4368508,
            38.6212706
          ]
        ]
      },
      "id": "way/206680099"
    },
    {
      "type": "Feature",
      "properties": {
        "@id": "way/206680100",
        "electrified": "no",
        "gauge": "1435",
        "railway": "rail",
        "service": "yard"
      },
      "geometry": {
        "type": "LineString",
        "coordinates": [
          [
            27.4436007,
            38.6198493
          ],
          [
            27.4401094,
            38.6208788
          ],
          [
            27.4398073,
            38.6209549
          ],
          [
            27.4394722,
            38.6210201
          ]
        ]
      },
      "id": "way/206680100"
    },
    {
      "type": "Feature",
      "properties": {
        "@id": "way/206680101",
        "electrified": "no",
        "gauge": "1435",
        "railway": "rail",
        "service": "siding"
      },
      "geometry": {
        "type": "LineString",
        "coordinates": [
          [
            27.4365238,
            38.6215998
          ],
          [
            27.4342696,
            38.6216045
          ],
          [
            27.4339834,
            38.6215773
          ],
          [
            27.4334946,
            38.6215353
          ],
          [
            27.4329956,
            38.6214925
          ],
          [
            27.4322888,
            38.6214393
          ],
          [
            27.4316401,
            38.62144
          ]
        ]
      },
      "id": "way/206680101"
    },
    {
      "type": "Feature",
      "properties": {
        "@id": "way/206719696",
        "axle_load": "22.5",
        "electrified": "no",
        "gauge": "1435",
        "operator": "TCDD",
        "railway": "rail",
        "railway:etcs": "no",
        "usage": "main"
      },
      "geometry": {
        "type": "LineString",
        "coordinates": [
          [
            27.441422,
            38.6202683
          ],
          [
            27.4404116,
            38.6206188
          ],
          [
            27.4401026,
            38.6207342
          ],
          [
            27.4397018,
            38.6208589
          ],
          [
            27.4392647,
            38.6209789
          ],
          [
            27.4392595,
            38.6209803
          ],
          [
            27.4387749,
            38.621086
          ]
        ]
      },
      "id": "way/206719696"
    },
    {
      "type": "Feature",
      "properties": {
        "@id": "way/206719697",
        "electrified": "no",
        "gauge": "1435",
        "railway": "rail",
        "service": "siding"
      },
      "geometry": {
        "type": "LineString",
        "coordinates": [
          [
            27.4381232,
            38.6213373
          ],
          [
            27.4376716,
            38.6213954
          ],
          [
            27.4372364,
            38.6214247
          ]
        ]
      },
      "id": "way/206719697"
    },
    {
      "type": "Feature",
      "properties": {
        "@id": "way/206719698",
        "electrified": "contact_line",
        "frequency": "50",
        "gauge": "1435",
        "operator": "TCDD",
        "railway": "rail",
        "service": "crossover",
        "voltage": "25000"
      },
      "geometry": {
        "type": "LineString",
        "coordinates": [
          [
            27.442823,
            38.6196456
          ],
          [
            27.4417005,
            38.6202203
          ],
          [
            27.4413449,
            38.6203875
          ],
          [
            27.4406595,
            38.6206445
          ]
        ]
      },
      "id": "way/206719698"
    },
    {
      "type": "Feature",
      "properties": {
        "@id": "way/206720901",
        "electrified": "no",
        "gauge": "1435",
        "railway": "rail",
        "service": "yard"
      },
      "geometry": {
        "type": "LineString",
        "coordinates": [
          [
            28.5169512,
            38.3559514
          ],
          [
            28.5167982,
            38.3561689
          ],
          [
            28.5167025,
            38.3563163
          ],
          [
            28.5166008,
            38.3564508
          ],
          [
            28.516524,
            38.3565305
          ],
          [
            28.5164423,
            38.3566185
          ]
        ]
      },
      "id": "way/206720901"
    },
    {
      "type": "Feature",
      "properties": {
        "@id": "way/239848006",
        "axle_load": "22.5",
        "electrified": "no",
        "gauge": "1435",
        "name": "İzmir-Afyonkarahisar demiryolu",
        "operator": "TCDD",
        "railway": "rail",
        "railway:etcs": "no",
        "usage": "main"
      },
      "geometry": {
        "type": "LineString",
        "coordinates": [
          [
            27.791084,
            38.5102702
          ],
          [
            27.7951012,
            38.5113821
          ],
          [
            27.8003979,
            38.5128892
          ],
          [
            27.815898,
            38.5171247
          ],
          [
            27.8173801,
            38.5175221
          ],
          [
            27.8179415,
            38.5176291
          ],
          [
            27.8189676,
            38.5178411
          ],
          [
            27.8199101,
            38.5179876
          ],
          [
            27.8210594,
            38.5180976
          ],
          [
            27.8217698,
            38.518154
          ],
          [
            27.822622,
            38.5182015
          ],
          [
            27.8243712,
            38.5182154
          ],
          [
            27.8257722,
            38.5182266
          ],
          [
            27.8312086,
            38.5181822
          ],
          [
            27.8332923,
            38.5181652
          ],
          [
            27.8389383,
            38.5181469
          ],
          [
            27.8423576,
            38.5181358
          ],
          [
            27.8460862,
            38.518126
          ],
          [
            27.851189,
            38.5181141
          ],
          [
            27.8521873,
            38.5181188
          ],
          [
            27.8530262,
            38.5181433
          ],
          [
            27.8539217,
            38.5182121
          ],
          [
            27.8546725,
            38.5182657
          ],
          [
            27.8688203,
            38.519887
          ],
          [
            27.8825061,
            38.5213871
          ],
          [
            27.8856171,
            38.5217805
          ],
          [
            27.8987084,
            38.5233104
          ],
          [
            27.9018553,
            38.5235396
          ],
          [
            27.902723,
            38.5235124
          ],
          [
            27.9036111,
            38.523453
          ],
          [
            27.9050476,
            38.5233073
          ],
          [
            27.9065925,
            38.5230392
          ],
          [
            27.9082402,
            38.5226377
          ],
          [
            27.9243965,
            38.5175511
          ],
          [
            27.9275941,
            38.516661
          ],
          [
            27.9289998,
            38.5164188
          ],
          [
            27.9298644,
            38.516332
          ],
          [
            27.9304197,
            38.5162763
          ],
          [
            27.9311317,
            38.5162381
          ],
          [
            27.9378634,
            38.5162551
          ],
          [
            27.9379676,
            38.5162554
          ],
          [
            27.9382226,
            38.516256
          ],
          [
            27.9383947,
            38.5162564
          ]
        ]
      },
      "id": "way/239848006"
    },
    {
      "type": "Feature",
      "properties": {
        "@id": "way/239848007",
        "axle_load": "22.5",
        "bridge": "yes",
        "electrified": "no",
        "gauge": "1435",
        "layer": "1",
        "operator": "TCDD",
        "railway": "rail",
        "railway:etcs": "no",
        "usage": "main"
      },
      "geometry": {
        "type": "LineString",
        "coordinates": [
          [
            27.9383947,
            38.5162564
          ],
          [
            27.9386478,
            38.5162595
          ]
        ]
      },
      "id": "way/239848007"
    },
    {
      "type": "Feature",
      "properties": {
        "@id": "way/254316522",
        "axle_load": "22.5",
        "bridge": "yes",
        "electrified": "no",
        "gauge": "1435",
        "layer": "1",
        "operator": "TCDD",
        "railway": "rail",
        "railway:etcs": "no",
        "usage": "main"
      },
      "geometry": {
        "type": "LineString",
        "coordinates": [
          [
            28.2547233,
            38.4645034
          ],
          [
            28.2544115,
            38.4645692
          ]
        ]
      },
      "id": "way/254316522"
    },
    {
      "type": "Feature",
      "properties": {
        "@id": "way/275974120",
        "axle_load": "22.5",
        "electrified": "contact_line",
        "frequency": "50",
        "gauge": "1435",
        "name": "İzmir-Afyonkarahisar demiryolu",
        "operator": "TCDD",
        "railway": "rail",
        "railway:etcs": "yes",
        "usage": "main",
        "voltage": "25000"
      },
      "geometry": {
        "type": "LineString",
        "coordinates": [
          [
            27.4352585,
            38.6213094
          ],
          [
            27.4329306,
            38.6213325
          ],
          [
            27.4319392,
            38.6213576
          ]
        ]
      },
      "id": "way/275974120"
    },
    {
      "type": "Feature",
      "properties": {
        "@id": "way/276035449",
        "axle_load": "22.5",
        "electrified": "contact_line",
        "frequency": "50",
        "gauge": "1435",
        "name": "İzmir-Afyonkarahisar demiryolu",
        "operator": "TCDD",
        "railway": "rail",
        "railway:etcs": "yes",
        "usage": "main",
        "voltage": "25000"
      },
      "geometry": {
        "type": "LineString",
        "coordinates": [
          [
            27.4286337,
            38.6214042
          ],
          [
            27.4289958,
            38.621404
          ],
          [
            27.4315616,
            38.6214018
          ]
        ]
      },
      "id": "way/276035449"
    },
    {
      "type": "Feature",
      "properties": {
        "@id": "way/390961106",
        "electrified": "no",
        "gauge": "1435",
        "railway": "rail",
        "service": "yard"
      },
      "geometry": {
        "type": "LineString",
        "coordinates": [
          [
            28.128081,
            38.4835324
          ],
          [
            28.1298274,
            38.4833415
          ],
          [
            28.1302804,
            38.4833159
          ],
          [
            28.1308315,
            38.4833378
          ],
          [
            28.1312051,
            38.4833086
          ],
          [
            28.1317094,
            38.4832135
          ],
          [
            28.1319273,
            38.4831292
          ],
          [
            28.1327122,
            38.4827806
          ],
          [
            28.1329834,
            38.4826664
          ],
          [
            28.1333651,
            38.4825056
          ]
        ]
      },
      "id": "way/390961106"
    },
    {
      "type": "Feature",
      "properties": {
        "@id": "way/497855064",
        "axle_load": "22.5",
        "bridge": "yes",
        "electrified": "contact_line",
        "frequency": "50",
        "gauge": "1435",
        "layer": "1",
        "operator": "TCDD",
        "railway": "rail",
        "railway:etcs": "no",
        "usage": "main",
        "voltage": "25000"
      },
      "geometry": {
        "type": "LineString",
        "coordinates": [
          [
            27.3663747,
            38.6436067
          ],
          [
            27.3665687,
            38.6435174
          ]
        ]
      },
      "id": "way/497855064"
    },
    {
      "type": "Feature",
      "properties": {
        "@id": "way/497855065",
        "axle_load": "22.5",
        "electrified": "contact_line",
        "frequency": "50",
        "gauge": "1435",
        "name": "İzmir-Afyonkarahisar demiryolu",
        "operator": "TCDD",
        "railway": "rail",
        "railway:etcs": "no",
        "usage": "main",
        "voltage": "25000"
      },
      "geometry": {
        "type": "LineString",
        "coordinates": [
          [
            27.1620072,
            38.62749
          ],
          [
            27.1638444,
            38.6280364
          ],
          [
            27.165834,
            38.6285439
          ],
          [
            27.166025,
            38.6285774
          ],
          [
            27.1667317,
            38.6287013
          ],
          [
            27.1676161,
            38.6287944
          ],
          [
            27.1686596,
            38.6288216
          ],
          [
            27.1696494,
            38.6287802
          ],
          [
            27.1707399,
            38.6286535
          ],
          [
            27.1719193,
            38.6283809
          ],
          [
            27.1730917,
            38.6280181
          ],
          [
            27.1740959,
            38.6276103
          ],
          [
            27.1753178,
            38.6269158
          ],
          [
            27.176293,
            38.6261748
          ],
          [
            27.1781217,
            38.624556
          ],
          [
            27.1801833,
            38.6227161
          ],
          [
            27.1808088,
            38.6219917
          ],
          [
            27.1813037,
            38.6210261
          ],
          [
            27.1815447,
            38.620541
          ],
          [
            27.181878,
            38.6201003
          ],
          [
            27.1822034,
            38.6198094
          ],
          [
            27.1825386,
            38.6195493
          ],
          [
            27.1830693,
            38.6192839
          ],
          [
            27.1835905,
            38.619109
          ],
          [
            27.1840323,
            38.6190136
          ],
          [
            27.1844493,
            38.6189765
          ],
          [
            27.1849611,
            38.6189726
          ],
          [
            27.1853891,
            38.6190296
          ],
          [
            27.1858859,
            38.6191344
          ],
          [
            27.1863631,
            38.6193057
          ],
          [
            27.1883774,
            38.620081
          ],
          [
            27.1897752,
            38.6206274
          ],
          [
            27.1911485,
            38.6211623
          ],
          [
            27.1922269,
            38.6216101
          ],
          [
            27.1930107,
            38.6219927
          ],
          [
            27.1935984,
            38.6223322
          ],
          [
            27.1941533,
            38.6226948
          ],
          [
            27.1946034,
            38.6230529
          ],
          [
            27.1947818,
            38.6231948
          ],
          [
            27.1960671,
            38.6242909
          ],
          [
            27.1973407,
            38.6253721
          ],
          [
            27.2002261,
            38.6277985
          ],
          [
            27.2011843,
            38.6286063
          ],
          [
            27.201666,
            38.6289398
          ],
          [
            27.2023778,
            38.6293728
          ],
          [
            27.2037352,
            38.6300544
          ],
          [
            27.204423,
            38.6303928
          ],
          [
            27.2050819,
            38.6307693
          ],
          [
            27.2057607,
            38.6312613
          ],
          [
            27.2065451,
            38.6320121
          ],
          [
            27.2080672,
            38.6335653
          ],
          [
            27.2084623,
            38.6338785
          ],
          [
            27.2088628,
            38.6341701
          ],
          [
            27.2095186,
            38.6345523
          ],
          [
            27.214954,
            38.6377427
          ],
          [
            27.2155536,
            38.6380884
          ],
          [
            27.2160633,
            38.6382956
          ],
          [
            27.2165844,
            38.6384764
          ],
          [
            27.2172029,
            38.6386146
          ],
          [
            27.2180914,
            38.6387017
          ],
          [
            27.2193084,
            38.6386963
          ],
          [
            27.2230559,
            38.6385652
          ],
          [
            27.2240866,
            38.6385476
          ],
          [
            27.224945,
            38.6385795
          ],
          [
            27.2256696,
            38.6386661
          ],
          [
            27.2264092,
            38.6388292
          ],
          [
            27.2270832,
            38.6390365
          ],
          [
            27.2277213,
            38.6392954
          ],
          [
            27.2282634,
            38.6395468
          ],
          [
            27.2289844,
            38.6399978
          ],
          [
            27.2297325,
            38.640596
          ],
          [
            27.231004,
            38.6416663
          ],
          [
            27.2333209,
            38.6435873
          ],
          [
            27.2344514,
            38.6445214
          ],
          [
            27.2350195,
            38.6449533
          ],
          [
            27.2357568,
            38.6454361
          ],
          [
            27.2367322,
            38.6460326
          ],
          [
            27.2380745,
            38.6467429
          ],
          [
            27.2392572,
            38.6472695
          ],
          [
            27.2401685,
            38.6476191
          ],
          [
            27.2412511,
            38.6479687
          ],
          [
            27.2422571,
            38.6482166
          ],
          [
            27.2442517,
            38.6487217
          ],
          [
            27.2453278,
            38.6489577
          ],
          [
            27.2464064,
            38.6490896
          ],
          [
            27.2471573,
            38.6490999
          ],
          [
            27.2477881,
            38.6490632
          ],
          [
            27.2484171,
            38.6489648
          ],
          [
            27.2493928,
            38.6487498
          ],
          [
            27.251004,
            38.6483269
          ],
          [
            27.2518854,
            38.6480023
          ],
          [
            27.2529069,
            38.6474508
          ],
          [
            27.2538893,
            38.646945
          ],
          [
            27.2547026,
            38.646693
          ],
          [
            27.2555047,
            38.646535
          ],
          [
            27.2563449,
            38.6464258
          ],
          [
            27.2568178,
            38.6463808
          ],
          [
            27.2573096,
            38.6463631
          ],
          [
            27.2576892,
            38.6463792
          ],
          [
            27.2581424,
            38.6464202
          ],
          [
            27.2585914,
            38.6465053
          ],
          [
            27.2599547,
            38.6467952
          ],
          [
            27.2606126,
            38.6469087
          ],
          [
            27.2614326,
            38.6470045
          ],
          [
            27.2621001,
            38.6470494
          ],
          [
            27.2627071,
            38.6470554
          ],
          [
            27.2633229,
            38.6470385
          ],
          [
            27.265709,
            38.6468605
          ],
          [
            27.2664817,
            38.6468255
          ],
          [
            27.2672302,
            38.6468572
          ],
          [
            27.2678888,
            38.646943
          ],
          [
            27.2683504,
            38.647037
          ],
          [
            27.2691489,
            38.6472091
          ],
          [
            27.2696198,
            38.6473183
          ],
          [
            27.2700851,
            38.6474242
          ],
          [
            27.2705902,
            38.6475375
          ],
          [
            27.2710839,
            38.6476192
          ],
          [
            27.2715861,
            38.6476746
          ],
          [
            27.2731237,
            38.6477677
          ],
          [
            27.2786678,
            38.6481126
          ]
        ]
      },
      "id": "way/497855065"
    },
    {
      "type": "Feature",
      "properties": {
        "@id": "way/553031420",
        "axle_load": "22.5",
        "electrified": "no",
        "gauge": "1435",
        "maxspeed": "50",
        "name": "Çobanisa-Kemalpaşa Şube Demiryolu",
        "operator": "TCDD",
        "railway": "rail",
        "railway:etcs": "no",
        "source": "bing",
        "usage": "branch"
      },
      "geometry": {
        "type": "LineString",
        "coordinates": [
          [
            27.3943046,
            38.4697766
          ],
          [
            27.3948046,
            38.4697827
          ],
          [
            27.3952632,
            38.469786
          ],
          [
            27.3971361,
            38.4697995
          ],
          [
            27.3975394,
            38.4697827
          ],
          [
            27.3979627,
            38.4697576
          ],
          [
            27.3983428,
            38.469721
          ],
          [
            27.4032413,
            38.4692373
          ],
          [
            27.4037039,
            38.4691889
          ],
          [
            27.4045131,
            38.4691023
          ],
          [
            27.404972,
            38.4690784
          ],
          [
            27.4054071,
            38.4691281
          ],
          [
            27.4058154,
            38.4692339
          ],
          [
            27.4060399,
            38.4693146
          ],
          [
            27.4065822,
            38.469547
          ]
        ]
      },
      "id": "way/553031420"
    },
    {
      "type": "Feature",
      "properties": {
        "@id": "way/553034004",
        "axle_load": "22.5",
        "electrified": "no",
        "gauge": "1435",
        "layer": "-1",
        "maxspeed": "50",
        "name": "Çobanisa-Kemalpaşa Şube Demiryolu",
        "operator": "TCDD",
        "railway": "rail",
        "railway:etcs": "no",
        "source": "bing",
        "tunnel": "yes",
        "usage": "branch"
      },
      "geometry": {
        "type": "LineString",
        "coordinates": [
          [
            27.4065822,
            38.469547
          ],
          [
            27.4073669,
            38.4698445
          ],
          [
            27.4081775,
            38.4700747
          ]
        ]
      },
      "id": "way/553034004"
    },
    {
      "type": "Feature",
      "properties": {
        "@id": "way/553034007",
        "axle_load": "22.5",
        "electrified": "no",
        "gauge": "1435",
        "maxspeed": "50",
        "name": "Çobanisa-Kemalpaşa Şube Demiryolu",
        "operator": "TCDD",
        "railway": "rail",
        "railway:etcs": "no",
        "source": "bing",
        "usage": "branch"
      },
      "geometry": {
        "type": "LineString",
        "coordinates": [
          [
            27.4081775,
            38.4700747
          ],
          [
            27.408442,
            38.4701335
          ],
          [
            27.4088354,
            38.4702089
          ],
          [
            27.4091358,
            38.4702519
          ],
          [
            27.4095568,
            38.4703034
          ],
          [
            27.409915,
            38.4703338
          ],
          [
            27.4103522,
            38.4703443
          ],
          [
            27.4109155,
            38.4703275
          ],
          [
            27.4115822,
            38.4703
          ],
          [
            27.4228227,
            38.4696587
          ],
          [
            27.4246269,
            38.4695337
          ],
          [
            27.4262829,
            38.4694006
          ],
          [
            27.4277647,
            38.4692583
          ],
          [
            27.4307075,
            38.4689415
          ],
          [
            27.4311902,
            38.4688806
          ],
          [
            27.4336832,
            38.4685427
          ],
          [
            27.4368823,
            38.4680808
          ],
          [
            27.4373583,
            38.4680293
          ],
          [
            27.4377055,
            38.4680126
          ],
          [
            27.4381328,
            38.4680053
          ],
          [
            27.438491,
            38.468012
          ],
          [
            27.4387585,
            38.4680222
          ],
          [
            27.4390554,
            38.4680494
          ],
          [
            27.4393895,
            38.46809
          ],
          [
            27.4398048,
            38.46816
          ],
          [
            27.440119,
            38.4682309
          ],
          [
            27.4404031,
            38.4683022
          ],
          [
            27.440737,
            38.4684005
          ],
          [
            27.4411799,
            38.4685563
          ],
          [
            27.442011,
            38.4688741
          ],
          [
            27.4423106,
            38.4689801
          ],
          [
            27.4425665,
            38.4690582
          ],
          [
            27.4427995,
            38.4691168
          ],
          [
            27.443078,
            38.4691659
          ],
          [
            27.4433237,
            38.4691941
          ],
          [
            27.4435874,
            38.4692024
          ],
          [
            27.4438793,
            38.4692014
          ],
          [
            27.4443173,
            38.4691941
          ],
          [
            27.4448368,
            38.4691847
          ],
          [
            27.445726,
            38.4691545
          ],
          [
            27.4468172,
            38.4691397
          ],
          [
            27.4472165,
            38.4691355
          ],
          [
            27.4476022,
            38.4691378
          ]
        ]
      },
      "id": "way/553034007"
    },
    {
      "type": "Feature",
      "properties": {
        "@id": "way/598627008",
        "electrified": "no",
        "gauge": "1435",
        "railway": "rail",
        "service": "yard",
        "source": "bing",
        "usage": "industrial"
      },
      "geometry": {
        "type": "LineString",
        "coordinates": [
          [
            27.3948046,
            38.4697827
          ],
          [
            27.3959796,
            38.4697158
          ],
          [
            27.3971388,
            38.4697158
          ],
          [
            27.3975394,
            38.4697075
          ],
          [
            27.3979547,
            38.4696834
          ],
          [
            27.3983366,
            38.4696494
          ],
          [
            27.402256,
            38.4692375
          ],
          [
            27.4024498,
            38.4692223
          ],
          [
            27.4026795,
            38.469215
          ],
          [
            27.4028785,
            38.4692129
          ],
          [
            27.403231,
            38.4692108
          ],
          [
            27.4034407,
            38.4692066
          ],
          [
            27.4037039,
            38.4691889
          ]
        ]
      },
      "id": "way/598627008"
    },
    {
      "type": "Feature",
      "properties": {
        "@id": "way/598627010",
        "electrified": "no",
        "gauge": "1435",
        "railway": "rail",
        "service": "yard",
        "source": "bing",
        "usage": "industrial"
      },
      "geometry": {
        "type": "LineString",
        "coordinates": [
          [
            27.3952632,
            38.469786
          ],
          [
            27.3959554,
            38.4697589
          ],
          [
            27.3971401,
            38.4697597
          ],
          [
            27.3975434,
            38.4697524
          ],
          [
            27.3979587,
            38.4697273
          ],
          [
            27.3983356,
            38.4696894
          ],
          [
            27.402369,
            38.4692826
          ],
          [
            27.4025259,
            38.4692683
          ],
          [
            27.4026808,
            38.46926
          ],
          [
            27.402964,
            38.4692537
          ],
          [
            27.4032413,
            38.4692373
          ]
        ]
      },
      "id": "way/598627010"
    },
    {
      "type": "Feature",
      "properties": {
        "@id": "way/598627012",
        "electrified": "no",
        "gauge": "1435",
        "railway": "rail",
        "source": "bing",
        "usage": "industrial"
      },
      "geometry": {
        "type": "LineString",
        "coordinates": [
          [
            27.4326492,
            38.4696689
          ],
          [
            27.4366413,
            38.4693765
          ],
          [
            27.4378874,
            38.4692681
          ],
          [
            27.4384838,
            38.4692455
          ],
          [
            27.4387537,
            38.4692457
          ],
          [
            27.4390237,
            38.4692543
          ]
        ]
      },
      "id": "way/598627012"
    },
    {
      "type": "Feature",
      "properties": {
        "@id": "way/598627014",
        "axle_load": "22.5",
        "electrified": "no",
        "gauge": "1435",
        "maxspeed": "50",
        "name": "Çobanisa-Kemalpaşa Şube Demiryolu",
        "operator": "TCDD",
        "railway": "rail",
        "railway:etcs": "no",
        "source": "bing",
        "usage": "branch"
      },
      "geometry": {
        "type": "LineString",
        "coordinates": [
          [
            27.4878025,
            38.4651566
          ],
          [
            27.4889353,
            38.4645926
          ],
          [
            27.4892553,
            38.4644034
          ],
          [
            27.4902819,
            38.4638053
          ],
          [
            27.4955678,
            38.4603998
          ],
          [
            27.4974896,
            38.4593361
          ],
          [
            27.4992789,
            38.4584536
          ],
          [
            27.5008239,
            38.4577566
          ],
          [
            27.5027758,
            38.4572088
          ],
          [
            27.5045464,
            38.4567763
          ],
          [
            27.5064084,
            38.4564344
          ],
          [
            27.5083896,
            38.4562524
          ],
          [
            27.5101354,
            38.4561928
          ],
          [
            27.5112459,
            38.4562075
          ]
        ]
      },
      "id": "way/598627014"
    },
    {
      "type": "Feature",
      "properties": {
        "@id": "way/657295754",
        "electrified": "no",
        "gauge": "1435",
        "railway": "rail",
        "service": "siding"
      },
      "geometry": {
        "type": "LineString",
        "coordinates": [
          [
            28.1353964,
            38.4820306
          ],
          [
            28.1349074,
            38.4821822
          ],
          [
            28.1340356,
            38.4823672
          ],
          [
            28.1333651,
            38.4825056
          ],
          [
            28.1331127,
            38.4825547
          ],
          [
            28.1326618,
            38.4826423
          ],
          [
            28.1284654,
            38.4834577
          ],
          [
            28.128081,
            38.4835324
          ],
          [
            28.1267612,
            38.4837929
          ],
          [
            28.1263512,
            38.4838344
          ]
        ]
      },
      "id": "way/657295754"
    },
    {
      "type": "Feature",
      "properties": {
        "@id": "way/669394808",
        "axle_load": "22.5",
        "electrified": "no",
        "gauge": "1435",
        "layer": "-1",
        "maxspeed": "50",
        "name": "Çobanisa-Kemalpaşa Şube Demiryolu",
        "operator": "TCDD",
        "railway": "rail",
        "railway:etcs": "no",
        "source": "bing",
        "tunnel": "yes",
        "usage": "branch"
      },
      "geometry": {
        "type": "LineString",
        "coordinates": [
          [
            27.4756696,
            38.4681602
          ],
          [
            27.4779686,
            38.4677356
          ],
          [
            27.4805833,
            38.4671854
          ],
          [
            27.4838125,
            38.4664788
          ],
          [
            27.4846399,
            38.4662263
          ],
          [
            27.4864216,
            38.4657088
          ],
          [
            27.4878025,
            38.4651566
          ]
        ]
      },
      "id": "way/669394808"
    },
    {
      "type": "Feature",
      "properties": {
        "@id": "way/669394809",
        "axle_load": "22.5",
        "electrified": "no",
        "gauge": "1435",
        "maxspeed": "50",
        "name": "Çobanisa-Kemalpaşa Şube Demiryolu",
        "operator": "TCDD",
        "railway": "rail",
        "railway:etcs": "no",
        "source": "bing",
        "usage": "branch"
      },
      "geometry": {
        "type": "LineString",
        "coordinates": [
          [
            27.4497761,
            38.4692359
          ],
          [
            27.4583703,
            38.4697242
          ],
          [
            27.4601203,
            38.4698192
          ],
          [
            27.4612986,
            38.4698192
          ],
          [
            27.4627887,
            38.4697921
          ],
          [
            27.463755,
            38.4697504
          ],
          [
            27.4640082,
            38.4697395
          ],
          [
            27.4646774,
            38.4697107
          ],
          [
            27.4664621,
            38.4695207
          ],
          [
            27.4680975,
            38.469319
          ],
          [
            27.4705048,
            38.4689717
          ],
          [
            27.4744158,
            38.4683502
          ],
          [
            27.4756696,
            38.4681602
          ]
        ]
      },
      "id": "way/669394809"
    },
    {
      "type": "Feature",
      "properties": {
        "@id": "way/669394810",
        "axle_load": "22.5",
        "electrified": "no",
        "gauge": "1435",
        "layer": "-1",
        "maxspeed": "50",
        "name": "Çobanisa-Kemalpaşa Şube Demiryolu",
        "operator": "TCDD",
        "railway": "rail",
        "railway:etcs": "no",
        "source": "bing",
        "tunnel": "yes",
        "usage": "branch"
      },
      "geometry": {
        "type": "LineString",
        "coordinates": [
          [
            27.5254306,
            38.4577375
          ],
          [
            27.5267501,
            38.4582392
          ],
          [
            27.5280612,
            38.4588063
          ]
        ]
      },
      "id": "way/669394810"
    },
    {
      "type": "Feature",
      "properties": {
        "@id": "way/669394811",
        "axle_load": "22.5",
        "electrified": "no",
        "gauge": "1435",
        "maxspeed": "50",
        "name": "Çobanisa-Kemalpaşa Şube Demiryolu",
        "operator": "TCDD",
        "railway": "rail",
        "railway:etcs": "no",
        "source": "bing",
        "usage": "branch"
      },
      "geometry": {
        "type": "LineString",
        "coordinates": [
          [
            27.5280612,
            38.4588063
          ],
          [
            27.5300156,
            38.4598643
          ],
          [
            27.5392138,
            38.4649978
          ],
          [
            27.5423038,
            38.4669458
          ]
        ]
      },
      "id": "way/669394811"
    },
    {
      "type": "Feature",
      "properties": {
        "@id": "way/669394812",
        "axle_load": "22.5",
        "electrified": "no",
        "gauge": "1435",
        "maxspeed": "50",
        "name": "Çobanisa-Kemalpaşa Şube Demiryolu",
        "operator": "TCDD",
        "railway": "rail",
        "railway:etcs": "no",
        "source": "bing",
        "tunnel": "yes",
        "usage": "branch"
      },
      "geometry": {
        "type": "LineString",
        "coordinates": [
          [
            27.5423038,
            38.4669458
          ],
          [
            27.543951,
            38.4680581
          ],
          [
            27.5447428,
            38.4686828
          ]
        ]
      },
      "id": "way/669394812"
    },
    {
      "type": "Feature",
      "properties": {
        "@id": "way/669394813",
        "axle_load": "22.5",
        "electrified": "no",
        "gauge": "1435",
        "maxspeed": "50",
        "name": "Çobanisa-Kemalpaşa Şube Demiryolu",
        "operator": "TCDD",
        "railway": "rail",
        "railway:etcs": "no",
        "source": "bing",
        "usage": "branch"
      },
      "geometry": {
        "type": "LineString",
        "coordinates": [
          [
            27.5447428,
            38.4686828
          ],
          [
            27.5452627,
            38.4690792
          ],
          [
            27.5509495,
            38.4740763
          ],
          [
            27.5553884,
            38.4779259
          ]
        ]
      },
      "id": "way/669394813"
    },
    {
      "type": "Feature",
      "properties": {
        "@id": "way/681611092",
        "axle_load": "22.5",
        "electrified": "contact_line",
        "frequency": "50",
        "gauge": "1435",
        "name": "Manisa-Bandırma demiryolu",
        "operator": "TCDD",
        "railway": "rail",
        "railway:etcs": "yes",
        "usage": "main",
        "voltage": "25000"
      },
      "geometry": {
        "type": "LineString",
        "coordinates": [
          [
            27.466883,
            38.6290676
          ],
          [
            27.4639264,
            38.6253166
          ]
        ]
      },
      "id": "way/681611092"
    },
    {
      "type": "Feature",
      "properties": {
        "@id": "way/681614057",
        "axle_load": "22.5",
        "bridge": "yes",
        "electrified": "no",
        "gauge": "1435",
        "layer": "1",
        "maxspeed": "50",
        "name": "Çobanisa-Kemalpaşa Şube Demiryolu",
        "operator": "TCDD",
        "railway": "rail",
        "railway:etcs": "no",
        "source": "bing",
        "usage": "branch"
      },
      "geometry": {
        "type": "LineString",
        "coordinates": [
          [
            27.5553884,
            38.4779259
          ],
          [
            27.5554962,
            38.4780138
          ]
        ]
      },
      "id": "way/681614057"
    },
    {
      "type": "Feature",
      "properties": {
        "@id": "way/681614058",
        "axle_load": "22.5",
        "electrified": "no",
        "gauge": "1435",
        "maxspeed": "50",
        "name": "Çobanisa-Kemalpaşa Şube Demiryolu",
        "operator": "TCDD",
        "railway": "rail",
        "railway:etcs": "no",
        "source": "bing",
        "usage": "branch"
      },
      "geometry": {
        "type": "LineString",
        "coordinates": [
          [
            27.5554962,
            38.4780138
          ],
          [
            27.5589784,
            38.481089
          ],
          [
            27.5638309,
            38.4853267
          ],
          [
            27.5642231,
            38.4856392
          ],
          [
            27.5662735,
            38.4874537
          ],
          [
            27.5667411,
            38.4878611
          ],
          [
            27.5700045,
            38.4906993
          ],
          [
            27.5745839,
            38.4947196
          ],
          [
            27.578899,
            38.4984759
          ],
          [
            27.5797313,
            38.4991977
          ],
          [
            27.5800683,
            38.4995214
          ],
          [
            27.5808175,
            38.5003323
          ],
          [
            27.5808575,
            38.5003756
          ],
          [
            27.5815964,
            38.5011904
          ],
          [
            27.5824864,
            38.5023337
          ],
          [
            27.5831245,
            38.503293
          ],
          [
            27.5835779,
            38.5040815
          ],
          [
            27.5840985,
            38.5053168
          ],
          [
            27.584468,
            38.506263
          ],
          [
            27.5848083,
            38.5075186
          ]
        ]
      },
      "id": "way/681614058"
    },
    {
      "type": "Feature",
      "properties": {
        "@id": "way/706625588",
        "axle_load": "22.5",
        "electrified": "contact_line",
        "frequency": "50",
        "gauge": "1435",
        "name": "Manisa-Bandırma demiryolu",
        "operator": "TCDD",
        "railway": "rail",
        "railway:etcs": "yes",
        "usage": "main",
        "voltage": "25000"
      },
      "geometry": {
        "type": "LineString",
        "coordinates": [
          [
            27.4743882,
            38.6361103
          ],
          [
            27.47127,
            38.6341141
          ],
          [
            27.4700858,
            38.6331068
          ],
          [
            27.467262,
            38.6295456
          ],
          [
            27.466883,
            38.6290676
          ]
        ]
      },
      "id": "way/706625588"
    },
    {
      "type": "Feature",
      "properties": {
        "@id": "way/724359163",
        "axle_load": "22.5",
        "bridge": "yes",
        "electrified": "no",
        "gauge": "1435",
        "maxspeed": "50",
        "name": "Çobanisa-Kemalpaşa Şube Demiryolu",
        "operator": "TCDD",
        "railway": "rail",
        "railway:etcs": "no",
        "source": "bing",
        "usage": "branch"
      },
      "geometry": {
        "type": "LineString",
        "coordinates": [
          [
            27.4494642,
            38.4692087
          ],
          [
            27.4497761,
            38.4692359
          ]
        ]
      },
      "id": "way/724359163"
    },
    {
      "type": "Feature",
      "properties": {
        "@id": "way/724359164",
        "axle_load": "22.5",
        "electrified": "no",
        "gauge": "1435",
        "maxspeed": "50",
        "name": "Çobanisa-Kemalpaşa Şube Demiryolu",
        "operator": "TCDD",
        "railway": "rail",
        "railway:etcs": "no",
        "source": "bing",
        "usage": "branch"
      },
      "geometry": {
        "type": "LineString",
        "coordinates": [
          [
            27.4476022,
            38.4691378
          ],
          [
            27.4483695,
            38.469167
          ],
          [
            27.4494642,
            38.4692087
          ]
        ]
      },
      "id": "way/724359164"
    },
    {
      "type": "Feature",
      "properties": {
        "@id": "way/746392861",
        "axle_load": "22.5",
        "bridge": "yes",
        "electrified": "no",
        "gauge": "1435",
        "layer": "1",
        "operator": "TCDD",
        "railway": "rail",
        "railway:etcs": "no",
        "usage": "main"
      },
      "geometry": {
        "type": "LineString",
        "coordinates": [
          [
            27.7906874,
            38.5101577
          ],
          [
            27.791084,
            38.5102702
          ]
        ]
      },
      "id": "way/746392861"
    },
    {
      "type": "Feature",
      "properties": {
        "@id": "way/985239933",
        "electrified": "no",
        "gauge": "1435",
        "railway": "rail",
        "service": "spur"
      },
      "geometry": {
        "type": "LineString",
        "coordinates": [
          [
            27.315924,
            38.6504265
          ],
          [
            27.3162663,
            38.6504711
          ],
          [
            27.3168211,
            38.6505755
          ],
          [
            27.3174122,
            38.6506921
          ],
          [
            27.3177692,
            38.6507411
          ],
          [
            27.318605,
            38.650907
          ],
          [
            27.3191893,
            38.6510098
          ],
          [
            27.3197776,
            38.6510806
          ],
          [
            27.3229292,
            38.6512798
          ],
          [
            27.3232117,
            38.6512765
          ],
          [
            27.3239926,
            38.6512382
          ],
          [
            27.3243524,
            38.651233
          ],
          [
            27.3248316,
            38.6512348
          ],
          [
            27.3253327,
            38.651198
          ],
          [
            27.3258231,
            38.651148
          ],
          [
            27.32618,
            38.651118
          ],
          [
            27.3266792,
            38.6511128
          ],
          [
            27.3269113,
            38.6511064
          ]
        ]
      },
      "id": "way/985239933"
    },
    {
      "type": "Feature",
      "properties": {
        "@id": "way/985239934",
        "electrified": "no",
        "gauge": "1435",
        "name": "Manisa OSB İltisak Hattı",
        "railway": "rail",
        "usage": "industrial"
      },
      "geometry": {
        "type": "LineString",
        "coordinates": [
          [
            27.3420694,
            38.6496318
          ],
          [
            27.3422089,
            38.6494402
          ],
          [
            27.3423215,
            38.6492339
          ],
          [
            27.342409,
            38.649037
          ],
          [
            27.3424708,
            38.648832
          ],
          [
            27.3424991,
            38.6486934
          ],
          [
            27.3425196,
            38.6485407
          ],
          [
            27.3425148,
            38.6484475
          ],
          [
            27.3425093,
            38.6482453
          ],
          [
            27.3424605,
            38.647978
          ],
          [
            27.3419436,
            38.6458251
          ],
          [
            27.3415265,
            38.6444925
          ],
          [
            27.3406619,
            38.6418385
          ],
          [
            27.340451,
            38.6414449
          ],
          [
            27.3399441,
            38.6407818
          ],
          [
            27.3397846,
            38.6404823
          ],
          [
            27.3396868,
            38.6402532
          ],
          [
            27.3395916,
            38.6399377
          ],
          [
            27.3395453,
            38.6397327
          ],
          [
            27.3395324,
            38.6395659
          ],
          [
            27.3395324,
            38.639373
          ],
          [
            27.3395659,
            38.6391258
          ],
          [
            27.3396071,
            38.6389268
          ],
          [
            27.33971,
            38.6386133
          ],
          [
            27.3398644,
            38.6381852
          ],
          [
            27.3400496,
            38.6375361
          ],
          [
            27.3401371,
            38.6372045
          ],
          [
            27.3401705,
            38.6369271
          ],
          [
            27.3401886,
            38.6367006
          ],
          [
            27.3404896,
            38.6320573
          ]
        ]
      },
      "id": "way/985239934"
    },
    {
      "type": "Feature",
      "properties": {
        "@id": "way/985239935",
        "electrified": "no",
        "gauge": "1435",
        "railway": "rail",
        "service": "yard",
        "usage": "industrial"
      },
      "geometry": {
        "type": "LineString",
        "coordinates": [
          [
            27.3308246,
            38.6282702
          ],
          [
            27.331393,
            38.6282724
          ],
          [
            27.3376538,
            38.6282819
          ],
          [
            27.3379889,
            38.6282819
          ],
          [
            27.3381856,
            38.6282935
          ],
          [
            27.3384103,
            38.6283282
          ],
          [
            27.3387459,
            38.6284064
          ],
          [
            27.3389707,
            38.6284907
          ],
          [
            27.3391594,
            38.6285803
          ],
          [
            27.3392944,
            38.6286527
          ],
          [
            27.3395694,
            38.6288132
          ],
          [
            27.3397621,
            38.6289854
          ],
          [
            27.3399002,
            38.6291083
          ],
          [
            27.3400015,
            38.6292338
          ],
          [
            27.3401471,
            38.629457
          ],
          [
            27.3402561,
            38.6296829
          ],
          [
            27.3403152,
            38.6298738
          ],
          [
            27.3403624,
            38.6300816
          ],
          [
            27.3404158,
            38.6304359
          ],
          [
            27.3404481,
            38.6308948
          ],
          [
            27.340455,
            38.6312849
          ],
          [
            27.3404475,
            38.6315885
          ],
          [
            27.340471,
            38.6318499
          ],
          [
            27.3404896,
            38.6320573
          ]
        ]
      },
      "id": "way/985239935"
    },
    {
      "type": "Feature",
      "properties": {
        "@id": "way/985239936",
        "electrified": "no",
        "gauge": "1435",
        "railway": "rail",
        "service": "yard",
        "usage": "industrial"
      },
      "geometry": {
        "type": "LineString",
        "coordinates": [
          [
            27.3308766,
            38.6277735
          ],
          [
            27.3313979,
            38.6277701
          ],
          [
            27.3315923,
            38.6277494
          ],
          [
            27.3320139,
            38.6277433
          ],
          [
            27.3365038,
            38.6277366
          ],
          [
            27.3372413,
            38.6277312
          ],
          [
            27.337667,
            38.6277398
          ],
          [
            27.337946,
            38.6277619
          ],
          [
            27.3382234,
            38.6277945
          ],
          [
            27.3383922,
            38.627832
          ],
          [
            27.3386114,
            38.6278939
          ],
          [
            27.3389041,
            38.6279873
          ],
          [
            27.3392048,
            38.6281391
          ],
          [
            27.3394219,
            38.6282744
          ],
          [
            27.3396042,
            38.6283969
          ],
          [
            27.3397529,
            38.628526
          ],
          [
            27.339833,
            38.6285956
          ],
          [
            27.3399729,
            38.628738
          ],
          [
            27.3400958,
            38.6289068
          ],
          [
            27.3402042,
            38.629109
          ],
          [
            27.3402828,
            38.6292932
          ],
          [
            27.3403856,
            38.6295781
          ],
          [
            27.3404433,
            38.6299034
          ],
          [
            27.3405043,
            38.6303464
          ],
          [
            27.3405402,
            38.6307166
          ],
          [
            27.3405444,
            38.6308635
          ],
          [
            27.340533,
            38.6311775
          ],
          [
            27.3405303,
            38.6312743
          ],
          [
            27.3405167,
            38.6317714
          ]
        ]
      },
      "id": "way/985239936"
    },
    {
      "type": "Feature",
      "properties": {
        "@id": "way/985239937",
        "electrified": "no",
        "gauge": "1435",
        "railway": "rail",
        "service": "yard",
        "usage": "industrial"
      },
      "geometry": {
        "type": "LineString",
        "coordinates": [
          [
            27.3404483,
            38.6287655
          ],
          [
            27.3404762,
            38.6297103
          ],
          [
            27.3405183,
            38.6300763
          ],
          [
            27.340558,
            38.6303969
          ]
        ]
      },
      "id": "way/985239937"
    },
    {
      "type": "Feature",
      "properties": {
        "@id": "way/985239938",
        "electrified": "no",
        "gauge": "1435",
        "railway": "rail",
        "service": "yard",
        "usage": "industrial"
      },
      "geometry": {
        "type": "LineString",
        "coordinates": [
          [
            27.3405795,
            38.6280561
          ],
          [
            27.3405165,
            38.628413
          ],
          [
            27.340558,
            38.6303969
          ],
          [
            27.3405679,
            38.6305134
          ],
          [
            27.3405739,
            38.6305832
          ],
          [
            27.3405951,
            38.6309458
          ]
        ]
      },
      "id": "way/985239938"
    },
    {
      "type": "Feature",
      "properties": {
        "@id": "way/985239940",
        "electrified": "no",
        "gauge": "1435",
        "railway": "rail",
        "usage": "industrial"
      },
      "geometry": {
        "type": "LineString",
        "coordinates": [
          [
            27.33322,
            38.6514064
          ],
          [
            27.3342052,
            38.6514043
          ],
          [
            27.3353508,
            38.6513476
          ],
          [
            27.3365201,
            38.651221
          ],
          [
            27.3376119,
            38.6510478
          ],
          [
            27.3387118,
            38.6508317
          ],
          [
            27.3406808,
            38.6504351
          ],
          [
            27.3408575,
            38.6503873
          ],
          [
            27.3409759,
            38.6503471
          ],
          [
            27.3410968,
            38.6503009
          ],
          [
            27.3412254,
            38.6502467
          ]
        ]
      },
      "id": "way/985239940"
    },
    {
      "type": "Feature",
      "properties": {
        "@id": "way/985239941",
        "electrified": "no",
        "gauge": "1435",
        "layer": "-1",
        "railway": "rail",
        "tunnel": "yes",
        "usage": "industrial"
      },
      "geometry": {
        "type": "LineString",
        "coordinates": [
          [
            27.3412254,
            38.6502467
          ],
          [
            27.3413219,
            38.6502033
          ],
          [
            27.3416353,
            38.6500106
          ],
          [
            27.3418635,
            38.6498388
          ],
          [
            27.3420694,
            38.6496318
          ]
        ]
      },
      "id": "way/985239941"
    },
    {
      "type": "Feature",
      "properties": {
        "@id": "way/1024304313",
        "axle_load": "22.5",
        "electrified": "no",
        "gauge": "1435",
        "operator": "TCDD",
        "railway": "rail",
        "railway:etcs": "no",
        "usage": "main"
      },
      "geometry": {
        "type": "LineString",
        "coordinates": [
          [
            28.8398248,
            38.3837713
          ],
          [
            28.8395062,
            38.3835176
          ],
          [
            28.8391549,
            38.3832748
          ]
        ]
      },
      "id": "way/1024304313"
    },
    {
      "type": "Feature",
      "properties": {
        "@id": "way/1024304314",
        "axle_load": "22.5",
        "bridge": "yes",
        "electrified": "no",
        "gauge": "1435",
        "layer": "1",
        "name": "İzmir-Afyonkarahisar demiryolu",
        "operator": "TCDD",
        "railway": "rail",
        "railway:etcs": "no",
        "usage": "main"
      },
      "geometry": {
        "type": "LineString",
        "coordinates": [
          [
            28.8391549,
            38.3832748
          ],
          [
            28.838694,
            38.3830202
          ],
          [
            28.8381471,
            38.3827772
          ]
        ]
      },
      "id": "way/1024304314"
    },
    {
      "type": "Feature",
      "properties": {
        "@id": "way/1024315733",
        "axle_load": "22.5",
        "bridge": "yes",
        "electrified": "no",
        "gauge": "1435",
        "layer": "1",
        "operator": "TCDD",
        "railway": "rail",
        "railway:etcs": "no",
        "source": "bing",
        "usage": "main"
      },
      "geometry": {
        "type": "LineString",
        "coordinates": [
          [
            28.9718781,
            38.4007898
          ],
          [
            28.9720515,
            38.4009617
          ]
        ]
      },
      "id": "way/1024315733"
    },
    {
      "type": "Feature",
      "properties": {
        "@id": "way/1024315734",
        "axle_load": "22.5",
        "electrified": "no",
        "gauge": "1435",
        "name": "İzmir-Afyonkarahisar demiryolu",
        "operator": "TCDD",
        "railway": "rail",
        "railway:etcs": "no",
        "source": "bing",
        "usage": "main"
      },
      "geometry": {
        "type": "LineString",
        "coordinates": [
          [
            28.9646259,
            38.394768
          ],
          [
            28.9650787,
            38.3951035
          ],
          [
            28.9654672,
            38.3954184
          ],
          [
            28.9661763,
            38.3960121
          ],
          [
            28.9718781,
            38.4007898
          ]
        ]
      },
      "id": "way/1024315734"
    },
    {
      "type": "Feature",
      "properties": {
        "@id": "way/1024315773",
        "axle_load": "22.5",
        "bridge": "yes",
        "electrified": "no",
        "gauge": "1435",
        "layer": "1",
        "operator": "TCDD",
        "railway": "rail",
        "railway:etcs": "no",
        "source": "bing",
        "usage": "main"
      },
      "geometry": {
        "type": "LineString",
        "coordinates": [
          [
            28.9644762,
            38.3946726
          ],
          [
            28.9646259,
            38.394768
          ]
        ]
      },
      "id": "way/1024315773"
    },
    {
      "type": "Feature",
      "properties": {
        "@id": "way/1049957051",
        "electrified": "no",
        "gauge": "1435",
        "railway": "rail",
        "source": "bing",
        "usage": "industrial"
      },
      "geometry": {
        "type": "LineString",
        "coordinates": [
          [
            27.4393168,
            38.4692568
          ],
          [
            27.4425871,
            38.4693392
          ],
          [
            27.4430697,
            38.4693396
          ],
          [
            27.4435899,
            38.4693266
          ],
          [
            27.4439716,
            38.4693093
          ],
          [
            27.444415,
            38.4692791
          ],
          [
            27.4448347,
            38.4692419
          ],
          [
            27.4453028,
            38.4691857
          ],
          [
            27.445726,
            38.4691545
          ]
        ]
      },
      "id": "way/1049957051"
    },
    {
      "type": "Feature",
      "properties": {
        "@id": "way/1049957052",
        "electrified": "no",
        "gauge": "1435",
        "layer": "-1",
        "railway": "rail",
        "source": "bing",
        "tunnel": "yes",
        "usage": "industrial"
      },
      "geometry": {
        "type": "LineString",
        "coordinates": [
          [
            27.4390237,
            38.4692543
          ],
          [
            27.4393168,
            38.4692568
          ]
        ]
      },
      "id": "way/1049957052"
    },
    {
      "type": "Feature",
      "properties": {
        "@id": "way/1049957060",
        "axle_load": "22.5",
        "electrified": "no",
        "gauge": "1435",
        "maxspeed": "50",
        "name": "Çobanisa-Kemalpaşa Şube Demiryolu",
        "operator": "TCDD",
        "railway": "rail",
        "railway:etcs": "no",
        "source": "bing",
        "usage": "branch"
      },
      "geometry": {
        "type": "LineString",
        "coordinates": [
          [
            27.5113777,
            38.4562093
          ],
          [
            27.5132932,
            38.4562348
          ],
          [
            27.5166371,
            38.4562506
          ],
          [
            27.5187026,
            38.456316
          ],
          [
            27.520488,
            38.4565161
          ],
          [
            27.5222085,
            38.4568344
          ],
          [
            27.5241678,
            38.4573792
          ],
          [
            27.5254306,
            38.4577375
          ]
        ]
      },
      "id": "way/1049957060"
    },
    {
      "type": "Feature",
      "properties": {
        "@id": "way/1049957061",
        "axle_load": "22.5",
        "bridge": "yes",
        "electrified": "no",
        "gauge": "1435",
        "layer": "1",
        "maxspeed": "50",
        "name": "Çobanisa-Kemalpaşa Şube Demiryolu",
        "operator": "TCDD",
        "railway": "rail",
        "railway:etcs": "no",
        "source": "bing",
        "usage": "branch"
      },
      "geometry": {
        "type": "LineString",
        "coordinates": [
          [
            27.5112459,
            38.4562075
          ],
          [
            27.5113777,
            38.4562093
          ]
        ]
      },
      "id": "way/1049957061"
    },
    {
      "type": "Feature",
      "properties": {
        "@id": "way/1050285211",
        "electrified": "no",
        "gauge": "1435",
        "railway": "rail",
        "service": "siding"
      },
      "geometry": {
        "type": "LineString",
        "coordinates": [
          [
            27.4680698,
            38.6256062
          ],
          [
            27.4684028,
            38.6254014
          ],
          [
            27.4792581,
            38.6154618
          ],
          [
            27.4794034,
            38.6152298
          ]
        ]
      },
      "id": "way/1050285211"
    },
    {
      "type": "Feature",
      "properties": {
        "@id": "way/1050285212",
        "axle_load": "22.5",
        "electrified": "no",
        "gauge": "1435",
        "name": "İzmir-Afyonkarahisar demiryolu",
        "operator": "TCDD",
        "railway": "rail",
        "railway:etcs": "no",
        "usage": "main"
      },
      "geometry": {
        "type": "LineString",
        "coordinates": [
          [
            27.441422,
            38.6202683
          ],
          [
            27.4418842,
            38.6200558
          ],
          [
            27.442823,
            38.6196456
          ],
          [
            27.443681,
            38.6193087
          ],
          [
            27.4443297,
            38.61909
          ],
          [
            27.4451639,
            38.6188451
          ],
          [
            27.4461022,
            38.6186153
          ],
          [
            27.4470935,
            38.6184129
          ],
          [
            27.4482241,
            38.6181927
          ],
          [
            27.4490853,
            38.6181037
          ],
          [
            27.4497069,
            38.6180434
          ]
        ]
      },
      "id": "way/1050285212"
    },
    {
      "type": "Feature",
      "properties": {
        "@id": "way/1050285213",
        "axle_load": "22.5",
        "bridge": "yes",
        "electrified": "no",
        "gauge": "1435",
        "layer": "1",
        "name": "Kasaba Demiryolu",
        "operator": "TCDD",
        "railway": "rail",
        "railway:etcs": "no",
        "usage": "main"
      },
      "geometry": {
        "type": "LineString",
        "coordinates": [
          [
            27.4497069,
            38.6180434
          ],
          [
            27.4498583,
            38.618041
          ]
        ]
      },
      "id": "way/1050285213"
    },
    {
      "type": "Feature",
      "properties": {
        "@id": "way/1050286474",
        "axle_load": "22.5",
        "electrified": "no",
        "gauge": "1435",
        "maxspeed": "50",
        "name": "Çobanisa-Kemalpaşa Şube Demiryolu",
        "operator": "TCDD",
        "railway": "rail",
        "railway:etcs": "no",
        "source": "bing",
        "usage": "branch"
      },
      "geometry": {
        "type": "LineString",
        "coordinates": [
          [
            27.5848286,
            38.5076164
          ],
          [
            27.5850557,
            38.5089831
          ],
          [
            27.58519,
            38.5101131
          ],
          [
            27.5852404,
            38.511322
          ],
          [
            27.5851404,
            38.5123863
          ],
          [
            27.5850039,
            38.5133497
          ],
          [
            27.5848206,
            38.5141865
          ],
          [
            27.5845351,
            38.5152376
          ],
          [
            27.5837039,
            38.517749
          ],
          [
            27.5835901,
            38.518053
          ],
          [
            27.5823039,
            38.5218119
          ],
          [
            27.5810807,
            38.5254728
          ],
          [
            27.5799535,
            38.5286383
          ],
          [
            27.5795398,
            38.5298724
          ]
        ]
      },
      "id": "way/1050286474"
    },
    {
      "type": "Feature",
      "properties": {
        "@id": "way/1050286475",
        "axle_load": "22.5",
        "electrified": "no",
        "gauge": "1435",
        "layer": "-1",
        "maxspeed": "50",
        "name": "Çobanisa-Kemalpaşa Şube Demiryolu",
        "operator": "TCDD",
        "railway": "rail",
        "railway:etcs": "no",
        "source": "bing",
        "tunnel": "yes",
        "usage": "branch"
      },
      "geometry": {
        "type": "LineString",
        "coordinates": [
          [
            27.5848083,
            38.5075186
          ],
          [
            27.5848286,
            38.5076164
          ]
        ]
      },
      "id": "way/1050286475"
    },
    {
      "type": "Feature",
      "properties": {
        "@id": "way/1126531429",
        "electrified": "no",
        "gauge": "1435",
        "railway": "rail",
        "service": "spur"
      },
      "geometry": {
        "type": "LineString",
        "coordinates": [
          [
            27.3174122,
            38.6506921
          ],
          [
            27.3185777,
            38.6509499
          ],
          [
            27.3191652,
            38.6510517
          ],
          [
            27.3197696,
            38.6511205
          ],
          [
            27.3229583,
            38.6513205
          ],
          [
            27.3232206,
            38.6513156
          ],
          [
            27.3240515,
            38.6512744
          ],
          [
            27.3248316,
            38.6512348
          ]
        ]
      },
      "id": "way/1126531429"
    },
    {
      "type": "Feature",
      "properties": {
        "@id": "way/1137776460",
        "electrified": "no",
        "gauge": "1435",
        "railway": "rail",
        "service": "spur",
        "usage": "industrial"
      },
      "geometry": {
        "type": "LineString",
        "coordinates": [
          [
            27.4090232,
            38.4713785
          ],
          [
            27.4117925,
            38.4711725
          ],
          [
            27.4135859,
            38.4710375
          ],
          [
            27.4158194,
            38.4708817
          ],
          [
            27.4310315,
            38.4697737
          ],
          [
            27.4315265,
            38.4697466
          ],
          [
            27.4326492,
            38.4696689
          ]
        ]
      },
      "id": "way/1137776460"
    },
    {
      "type": "Feature",
      "properties": {
        "@id": "way/1152439189",
        "axle_load": "22.5",
        "electrified": "no",
        "gauge": "1435",
        "name": "İzmir-Afyonkarahisar demiryolu",
        "operator": "TCDD",
        "railway": "rail",
        "railway:etcs": "no",
        "usage": "main"
      },
      "geometry": {
        "type": "LineString",
        "coordinates": [
          [
            27.4498583,
            38.618041
          ],
          [
            27.4498663,
            38.6180402
          ],
          [
            27.4507841,
            38.6180291
          ],
          [
            27.4534459,
            38.6180962
          ],
          [
            27.4554416,
            38.618287
          ],
          [
            27.455539,
            38.6182963
          ],
          [
            27.4560961,
            38.6183496
          ],
          [
            27.4577175,
            38.6184047
          ],
          [
            27.4590048,
            38.6183763
          ]
        ]
      },
      "id": "way/1152439189"
    },
    {
      "type": "Feature",
      "properties": {
        "@id": "way/1152439190",
        "axle_load": "22.5",
        "bridge": "yes",
        "electrified": "no",
        "gauge": "1435",
        "layer": "1",
        "name": "Kasaba Demiryolu",
        "operator": "TCDD",
        "railway": "rail",
        "railway:etcs": "no",
        "usage": "main"
      },
      "geometry": {
        "type": "LineString",
        "coordinates": [
          [
            27.4590048,
            38.6183763
          ],
          [
            27.4590682,
            38.6183749
          ]
        ]
      },
      "id": "way/1152439190"
    },
    {
      "type": "Feature",
      "properties": {
        "@id": "way/1182858470",
        "axle_load": "22.5",
        "electrified": "contact_line",
        "frequency": "50",
        "gauge": "1435",
        "name": "Muradiye saydingi",
        "railway": "rail",
        "railway:etcs": "no",
        "service": "siding",
        "voltage": "25000"
      },
      "geometry": {
        "type": "LineString",
        "coordinates": [
          [
            27.3172852,
            38.6505009
          ],
          [
            27.3177586,
            38.6505077
          ],
          [
            27.3279782,
            38.651132
          ],
          [
            27.3307885,
            38.6513038
          ],
          [
            27.3311414,
            38.6513277
          ],
          [
            27.3316961,
            38.6513959
          ]
        ]
      },
      "id": "way/1182858470"
    },
    {
      "type": "Feature",
      "properties": {
        "@id": "way/1197021547",
        "electrified": "no",
        "gauge": "1435",
        "name": "Çobanisa-Kemalpaşa Şube Demiryolu",
        "operator": "TCDD",
        "railway": "rail",
        "usage": "branch"
      },
      "geometry": {
        "type": "LineString",
        "coordinates": [
          [
            27.5893551,
            38.5538618
          ],
          [
            27.5901423,
            38.5542426
          ],
          [
            27.5934369,
            38.5561139
          ],
          [
            27.5943022,
            38.5564608
          ],
          [
            27.5952448,
            38.5566834
          ],
          [
            27.5961544,
            38.5568056
          ],
          [
            27.5969936,
            38.5568069
          ],
          [
            27.5973568,
            38.5567884
          ],
          [
            27.59772,
            38.5567367
          ],
          [
            27.5981268,
            38.5566627
          ],
          [
            27.5984623,
            38.5565785
          ],
          [
            27.5988627,
            38.5564814
          ],
          [
            27.5992992,
            38.5563144
          ],
          [
            27.6017323,
            38.5551239
          ],
          [
            27.6020183,
            38.5550246
          ]
        ]
      },
      "id": "way/1197021547"
    },
    {
      "type": "Feature",
      "properties": {
        "@id": "way/1213728014",
        "axle_load": "22.5",
        "electrified": "no",
        "gauge": "1435",
        "name": "İzmir-Afyonkarahisar demiryolu",
        "operator": "TCDD",
        "railway": "rail",
        "railway:etcs": "no",
        "usage": "main"
      },
      "geometry": {
        "type": "LineString",
        "coordinates": [
          [
            28.2107583,
            38.4744145
          ],
          [
            28.2111841,
            38.4742969
          ],
          [
            28.2115397,
            38.4741999
          ],
          [
            28.2142392,
            38.4734639
          ],
          [
            28.2163606,
            38.4728855
          ],
          [
            28.2175461,
            38.472547
          ],
          [
            28.2187548,
            38.4722304
          ],
          [
            28.2198659,
            38.4719501
          ],
          [
            28.2215564,
            38.4715849
          ],
          [
            28.2269667,
            38.4704247
          ],
          [
            28.2321255,
            38.4693226
          ],
          [
            28.2421139,
            38.4671327
          ],
          [
            28.2537118,
            38.4646899
          ],
          [
            28.2544115,
            38.4645692
          ]
        ]
      },
      "id": "way/1213728014"
    },
    {
      "type": "Feature",
      "properties": {
        "@id": "way/1213728015",
        "axle_load": "22.5",
        "bridge": "yes",
        "electrified": "no",
        "gauge": "1435",
        "layer": "1",
        "operator": "TCDD",
        "railway": "rail",
        "railway:etcs": "no",
        "usage": "main"
      },
      "geometry": {
        "type": "LineString",
        "coordinates": [
          [
            28.2106607,
            38.4744415
          ],
          [
            28.2107583,
            38.4744145
          ]
        ]
      },
      "id": "way/1213728015"
    },
    {
      "type": "Feature",
      "properties": {
        "@id": "way/1231460253",
        "electrified": "no",
        "gauge": "1435",
        "railway": "rail",
        "service": "siding"
      },
      "geometry": {
        "type": "LineString",
        "coordinates": [
          [
            28.6119712,
            38.3609108
          ],
          [
            28.6125365,
            38.3609083
          ],
          [
            28.6171811,
            38.3613845
          ],
          [
            28.6174961,
            38.3614944
          ]
        ]
      },
      "id": "way/1231460253"
    },
    {
      "type": "Feature",
      "properties": {
        "@id": "way/1243782564",
        "electrified": "no",
        "gauge": "1435",
        "railway": "rail",
        "service": "spur",
        "usage": "industrial"
      },
      "geometry": {
        "type": "LineString",
        "coordinates": [
          [
            27.4164022,
            38.470882
          ],
          [
            27.4310409,
            38.4698142
          ],
          [
            27.4321596,
            38.4697457
          ]
        ]
      },
      "id": "way/1243782564"
    },
    {
      "type": "Feature",
      "properties": {
        "@id": "way/1243782565",
        "electrified": "no",
        "gauge": "1435",
        "railway": "rail",
        "service": "spur",
        "usage": "industrial"
      },
      "geometry": {
        "type": "LineString",
        "coordinates": [
          [
            27.4168304,
            38.4708827
          ],
          [
            27.4310518,
            38.4698551
          ],
          [
            27.4317294,
            38.469804
          ]
        ]
      },
      "id": "way/1243782565"
    },
    {
      "type": "Feature",
      "properties": {
        "@id": "way/1243782566",
        "electrified": "no",
        "gauge": "1435",
        "railway": "rail",
        "service": "spur",
        "usage": "industrial"
      },
      "geometry": {
        "type": "LineString",
        "coordinates": [
          [
            27.4172691,
            38.4708903
          ],
          [
            27.4310622,
            38.4698915
          ],
          [
            27.4313398,
            38.4698697
          ]
        ]
      },
      "id": "way/1243782566"
    },
    {
      "type": "Feature",
      "properties": {
        "@id": "way/1243782567",
        "electrified": "no",
        "gauge": "1435",
        "railway": "rail",
        "service": "spur",
        "usage": "industrial"
      },
      "geometry": {
        "type": "LineString",
        "coordinates": [
          [
            27.4177569,
            38.4709038
          ],
          [
            27.4307608,
            38.4699606
          ]
        ]
      },
      "id": "way/1243782567"
    },
    {
      "type": "Feature",
      "properties": {
        "@id": "way/1243782568",
        "electrified": "no",
        "gauge": "1435",
        "railway": "rail",
        "service": "spur",
        "usage": "industrial"
      },
      "geometry": {
        "type": "LineString",
        "coordinates": [
          [
            27.4158194,
            38.4708817
          ],
          [
            27.4164022,
            38.470882
          ],
          [
            27.4168304,
            38.4708827
          ],
          [
            27.4172691,
            38.4708903
          ],
          [
            27.4177569,
            38.4709038
          ],
          [
            27.4183479,
            38.4709116
          ],
          [
            27.430179,
            38.4700534
          ],
          [
            27.4307608,
            38.4699606
          ],
          [
            27.4310744,
            38.4699166
          ],
          [
            27.4313398,
            38.4698697
          ],
          [
            27.4317294,
            38.469804
          ],
          [
            27.4321596,
            38.4697457
          ],
          [
            27.4326492,
            38.4696689
          ]
        ]
      },
      "id": "way/1243782568"
    },
    {
      "type": "Feature",
      "properties": {
        "@id": "way/1311822758",
        "axle_load": "22.5",
        "electrified": "no",
        "gauge": "1435",
        "name": "İzmir-Afyonkarahisar demiryolu",
        "railway": "rail",
        "railway:etcs": "no",
        "service": "siding",
        "source": "bing"
      },
      "geometry": {
        "type": "LineString",
        "coordinates": [
          [
            28.9665087,
            38.3963478
          ],
          [
            28.9667544,
            38.3966071
          ],
          [
            28.9717938,
            38.4008297
          ]
        ]
      },
      "id": "way/1311822758"
    },
    {
      "type": "Feature",
      "properties": {
        "@id": "way/1311822759",
        "axle_load": "22.5",
        "bridge": "yes",
        "electrified": "no",
        "gauge": "1435",
        "layer": "1",
        "railway": "rail",
        "railway:etcs": "no",
        "service": "siding",
        "source": "bing"
      },
      "geometry": {
        "type": "LineString",
        "coordinates": [
          [
            28.9717938,
            38.4008297
          ],
          [
            28.9719751,
            38.4010091
          ]
        ]
      },
      "id": "way/1311822759"
    },
    {
      "type": "Feature",
      "properties": {
        "@id": "way/1311822760",
        "axle_load": "22.5",
        "electrified": "no",
        "gauge": "1435",
        "railway": "rail",
        "railway:etcs": "no",
        "service": "siding",
        "source": "bing"
      },
      "geometry": {
        "type": "LineString",
        "coordinates": [
          [
            28.9719751,
            38.4010091
          ],
          [
            28.9721352,
            38.4011676
          ],
          [
            28.9724989,
            38.4016266
          ],
          [
            28.9726839,
            38.4018862
          ],
          [
            28.9728554,
            38.4021826
          ],
          [
            28.9729835,
            38.4024587
          ],
          [
            28.973049,
            38.4026619
          ],
          [
            28.9731235,
            38.4030843
          ],
          [
            28.97315,
            38.4033033
          ],
          [
            28.9732157,
            38.4035342
          ]
        ]
      },
      "id": "way/1311822760"
    },
    {
      "type": "Feature",
      "properties": {
        "@id": "way/1311822761",
        "axle_load": "22.5",
        "electrified": "no",
        "gauge": "1435",
        "railway": "rail",
        "railway:etcs": "no",
        "service": "siding",
        "source": "bing"
      },
      "geometry": {
        "type": "LineString",
        "coordinates": [
          [
            28.9720097,
            38.4009815
          ],
          [
            28.9721727,
            38.4011469
          ],
          [
            28.9725384,
            38.4016083
          ],
          [
            28.9727249,
            38.40187
          ],
          [
            28.9728979,
            38.402169
          ],
          [
            28.9730274,
            38.4024481
          ],
          [
            28.973094,
            38.4026549
          ],
          [
            28.9731759,
            38.4030824
          ],
          [
            28.9732157,
            38.4035342
          ],
          [
            28.9732899,
            38.4037657
          ]
        ]
      },
      "id": "way/1311822761"
    },
    {
      "type": "Feature",
      "properties": {
        "@id": "way/1311822764",
        "axle_load": "22.5",
        "bridge": "yes",
        "electrified": "no",
        "gauge": "1435",
        "layer": "1",
        "railway": "rail",
        "railway:etcs": "no",
        "service": "siding",
        "source": "bing"
      },
      "geometry": {
        "type": "LineString",
        "coordinates": [
          [
            28.9718272,
            38.400801
          ],
          [
            28.9720097,
            38.4009815
          ]
        ]
      },
      "id": "way/1311822764"
    },
    {
      "type": "Feature",
      "properties": {
        "@id": "way/1311822765",
        "axle_load": "22.5",
        "electrified": "no",
        "gauge": "1435",
        "name": "İzmir-Afyonkarahisar demiryolu",
        "railway": "rail",
        "railway:etcs": "no",
        "service": "siding",
        "source": "bing"
      },
      "geometry": {
        "type": "LineString",
        "coordinates": [
          [
            28.9661763,
            38.3960121
          ],
          [
            28.9665087,
            38.3963478
          ],
          [
            28.9718272,
            38.400801
          ]
        ]
      },
      "id": "way/1311822765"
    },
    {
      "type": "Feature",
      "properties": {
        "@id": "way/1332586116",
        "electrified": "no",
        "gauge": "1435",
        "railway": "rail",
        "service": "yard",
        "usage": "industrial"
      },
      "geometry": {
        "type": "LineString",
        "coordinates": [
          [
            27.340471,
            38.6318499
          ],
          [
            27.3404915,
            38.6312798
          ],
          [
            27.340496,
            38.6308192
          ],
          [
            27.3404911,
            38.6306883
          ],
          [
            27.3404787,
            38.6305634
          ],
          [
            27.340448,
            38.6303152
          ],
          [
            27.3403961,
            38.6299079
          ],
          [
            27.3403404,
            38.6295897
          ],
          [
            27.3402439,
            38.6293046
          ],
          [
            27.3401629,
            38.6291227
          ],
          [
            27.340051,
            38.6289374
          ],
          [
            27.3396765,
            38.6285365
          ],
          [
            27.3395566,
            38.6284195
          ],
          [
            27.3392617,
            38.6282256
          ],
          [
            27.3389447,
            38.6280645
          ],
          [
            27.3387806,
            38.6279883
          ],
          [
            27.3384037,
            38.6278705
          ],
          [
            27.3382064,
            38.6278324
          ],
          [
            27.3379703,
            38.6277986
          ],
          [
            27.3377408,
            38.6277822
          ],
          [
            27.337242,
            38.6277804
          ],
          [
            27.3313979,
            38.6277701
          ]
        ]
      },
      "id": "way/1332586116"
    },
    {
      "type": "Feature",
      "properties": {
        "@id": "way/1332586117",
        "electrified": "no",
        "gauge": "1435",
        "railway": "rail",
        "service": "crossover",
        "usage": "industrial"
      },
      "geometry": {
        "type": "LineString",
        "coordinates": [
          [
            27.337242,
            38.6277804
          ],
          [
            27.3365038,
            38.6277366
          ]
        ]
      },
      "id": "way/1332586117"
    },
    {
      "type": "Feature",
      "properties": {
        "@id": "way/1332586118",
        "electrified": "no",
        "gauge": "1435",
        "railway": "rail",
        "service": "yard",
        "usage": "industrial"
      },
      "geometry": {
        "type": "LineString",
        "coordinates": [
          [
            27.3404158,
            38.6304359
          ],
          [
            27.3402778,
            38.6299093
          ],
          [
            27.3402105,
            38.6296999
          ],
          [
            27.34012,
            38.6295065
          ],
          [
            27.3400154,
            38.6293351
          ],
          [
            27.3398372,
            38.6291235
          ],
          [
            27.3396962,
            38.6289921
          ],
          [
            27.3395298,
            38.6288462
          ],
          [
            27.3392919,
            38.6286885
          ],
          [
            27.3391188,
            38.628602
          ],
          [
            27.3389085,
            38.6285035
          ],
          [
            27.3387015,
            38.6284283
          ],
          [
            27.3383979,
            38.6283604
          ],
          [
            27.3381543,
            38.6283198
          ],
          [
            27.3379845,
            38.6283088
          ],
          [
            27.3317715,
            38.6283032
          ],
          [
            27.331393,
            38.6282724
          ]
        ]
      },
      "id": "way/1332586118"
    },
    {
      "type": "Feature",
      "properties": {
        "@id": "way/1334334601",
        "axle_load": "22.5",
        "electrified": "contact_line",
        "frequency": "50",
        "gauge": "1435",
        "name": "İzmir-Afyonkarahisar demiryolu",
        "operator": "TCDD",
        "railway": "rail",
        "railway:etcs": "yes",
        "usage": "main",
        "voltage": "25000"
      },
      "geometry": {
        "type": "LineString",
        "coordinates": [
          [
            27.4403017,
            38.620757
          ],
          [
            27.4394722,
            38.6210201
          ],
          [
            27.439316,
            38.6210546
          ],
          [
            27.4388415,
            38.621144
          ],
          [
            27.4386015,
            38.6211888
          ],
          [
            27.4383414,
            38.6212295
          ],
          [
            27.4378599,
            38.6212868
          ],
          [
            27.4374553,
            38.6213288
          ],
          [
            27.4371282,
            38.6213633
          ],
          [
            27.4370569,
            38.6213708
          ],
          [
            27.4367678,
            38.6213871
          ],
          [
            27.4365217,
            38.6213879
          ],
          [
            27.4352436,
            38.6213955
          ]
        ]
      },
      "id": "way/1334334601"
    },
    {
      "type": "Feature",
      "properties": {
        "@id": "way/1334334602",
        "axle_load": "22.5",
        "electrified": "no",
        "gauge": "1435",
        "name": "İzmir-Afyonkarahisar demiryolu",
        "operator": "TCDD",
        "railway": "rail",
        "railway:etcs": "no",
        "usage": "main"
      },
      "geometry": {
        "type": "LineString",
        "coordinates": [
          [
            27.4352585,
            38.6213094
          ],
          [
            27.4367618,
            38.6213098
          ],
          [
            27.4370123,
            38.6213033
          ],
          [
            27.4370899,
            38.6212998
          ],
          [
            27.437427,
            38.6212844
          ],
          [
            27.4377009,
            38.6212609
          ],
          [
            27.4379821,
            38.6212279
          ],
          [
            27.4383427,
            38.6211926
          ],
          [
            27.4385936,
            38.6211504
          ],
          [
            27.4388269,
            38.6211096
          ],
          [
            27.4392891,
            38.621015
          ],
          [
            27.4394789,
            38.6209761
          ]
        ]
      },
      "id": "way/1334334602"
    },
    {
      "type": "Feature",
      "properties": {
        "@id": "way/1334334604",
        "axle_load": "22.5",
        "electrified": "contact_line",
        "frequency": "50",
        "gauge": "1435",
        "operator": "TCDD",
        "railway": "rail",
        "railway:etcs": "yes",
        "usage": "main",
        "voltage": "25000"
      },
      "geometry": {
        "type": "LineString",
        "coordinates": [
          [
            27.4394789,
            38.6209761
          ],
          [
            27.4396419,
            38.6209251
          ]
        ]
      },
      "id": "way/1334334604"
    },
    {
      "type": "Feature",
      "properties": {
        "@id": "way/1334334605",
        "axle_load": "22.5",
        "electrified": "contact_line",
        "frequency": "50",
        "gauge": "1435",
        "operator": "TCDD",
        "railway": "rail",
        "railway:etcs": "yes",
        "usage": "main",
        "voltage": "25000"
      },
      "geometry": {
        "type": "LineString",
        "coordinates": [
          [
            27.4319392,
            38.6213576
          ],
          [
            27.4317022,
            38.6213609
          ],
          [
            27.4316414,
            38.6213618
          ]
        ]
      },
      "id": "way/1334334605"
    },
    {
      "type": "Feature",
      "properties": {
        "@id": "way/1334334606",
        "axle_load": "22.5",
        "electrified": "contact_line",
        "frequency": "50",
        "gauge": "1435",
        "name": "Muradiye saydingi",
        "railway": "rail",
        "railway:etcs": "no",
        "service": "yard",
        "voltage": "25000"
      },
      "geometry": {
        "type": "LineString",
        "coordinates": [
          [
            27.3177586,
            38.6505077
          ],
          [
            27.3181178,
            38.6504889
          ],
          [
            27.3279768,
            38.6510985
          ],
          [
            27.3303614,
            38.6512451
          ]
        ]
      },
      "id": "way/1334334606"
    },
    {
      "type": "Feature",
      "properties": {
        "@id": "way/1334702085",
        "axle_load": "22.5",
        "electrified": "no",
        "gauge": "1435",
        "name": "İzmir-Afyonkarahisar demiryolu",
        "operator": "TCDD",
        "railway": "rail",
        "railway:etcs": "no",
        "usage": "main"
      },
      "geometry": {
        "type": "LineString",
        "coordinates": [
          [
            27.4396419,
            38.6209251
          ],
          [
            27.440595,
            38.6206171
          ],
          [
            27.4410582,
            38.6204355
          ],
          [
            27.441422,
            38.6202683
          ]
        ]
      },
      "id": "way/1334702085"
    },
    {
      "type": "Feature",
      "properties": {
        "@id": "way/1334702086",
        "electrified": "no",
        "gauge": "1435",
        "railway": "rail",
        "service": "yard"
      },
      "geometry": {
        "type": "LineString",
        "coordinates": [
          [
            27.4424544,
            38.6197365
          ],
          [
            27.4409109,
            38.6204079
          ],
          [
            27.4404116,
            38.6206188
          ]
        ]
      },
      "id": "way/1334702086"
    },
    {
      "type": "Feature",
      "properties": {
        "@id": "way/1340578266",
        "axle_load": "22.5",
        "electrified": "no",
        "gauge": "1435",
        "name": "İzmir-Afyonkarahisar demiryolu",
        "operator": "TCDD",
        "railway": "rail",
        "railway:etcs": "no",
        "usage": "main"
      },
      "geometry": {
        "type": "LineString",
        "coordinates": [
          [
            28.5150245,
            38.3576979
          ],
          [
            28.5132366,
            38.3590819
          ],
          [
            28.5121522,
            38.3598618
          ],
          [
            28.5013988,
            38.3679926
          ]
        ]
      },
      "id": "way/1340578266"
    },
    {
      "type": "Feature",
      "properties": {
        "@id": "way/1340578267",
        "axle_load": "22.5",
        "electrified": "no",
        "gauge": "1435",
        "name": "İzmir-Afyonkarahisar demiryolu",
        "operator": "TCDD",
        "railway": "rail",
        "railway:etcs": "no",
        "usage": "main"
      },
      "geometry": {
        "type": "LineString",
        "coordinates": [
          [
            28.0642174,
            38.4903918
          ],
          [
            28.0644697,
            38.4903717
          ],
          [
            28.0754964,
            38.489496
          ],
          [
            28.0836792,
            38.4888407
          ],
          [
            28.0865955,
            38.488605
          ],
          [
            28.1018982,
            38.4874057
          ],
          [
            28.1090293,
            38.4868235
          ],
          [
            28.1113745,
            38.4866408
          ],
          [
            28.113569,
            38.4863834
          ],
          [
            28.1157713,
            38.4859317
          ]
        ]
      },
      "id": "way/1340578267"
    },
    {
      "type": "Feature",
      "properties": {
        "@id": "way/1340578268",
        "axle_load": "22.5",
        "bridge": "yes",
        "electrified": "no",
        "gauge": "1435",
        "layer": "1",
        "operator": "TCDD",
        "railway": "rail",
        "railway:etcs": "no",
        "usage": "main"
      },
      "geometry": {
        "type": "LineString",
        "coordinates": [
          [
            28.1157713,
            38.4859317
          ],
          [
            28.1158712,
            38.4859112
          ]
        ]
      },
      "id": "way/1340578268"
    },
    {
      "type": "Feature",
      "properties": {
        "@id": "way/1340578269",
        "axle_load": "22.5",
        "electrified": "no",
        "gauge": "1435",
        "name": "İzmir-Afyonkarahisar demiryolu",
        "operator": "TCDD",
        "railway": "rail",
        "railway:etcs": "no",
        "usage": "main"
      },
      "geometry": {
        "type": "LineString",
        "coordinates": [
          [
            28.1667106,
            38.4783931
          ],
          [
            28.1729113,
            38.4781278
          ],
          [
            28.1796636,
            38.4778152
          ],
          [
            28.1821921,
            38.4777039
          ],
          [
            28.196451,
            38.4771074
          ],
          [
            28.2004363,
            38.4768958
          ],
          [
            28.2019283,
            38.4766856
          ],
          [
            28.2033346,
            38.4764153
          ],
          [
            28.2048571,
            38.4760514
          ],
          [
            28.2066137,
            38.4755597
          ],
          [
            28.2106607,
            38.4744415
          ]
        ]
      },
      "id": "way/1340578269"
    },
    {
      "type": "Feature",
      "properties": {
        "@id": "way/1340578270",
        "axle_load": "22.5",
        "bridge": "yes",
        "electrified": "no",
        "gauge": "1435",
        "layer": "1",
        "operator": "TCDD",
        "railway": "rail",
        "railway:etcs": "no",
        "usage": "main"
      },
      "geometry": {
        "type": "LineString",
        "coordinates": [
          [
            28.1666074,
            38.4783968
          ],
          [
            28.1667106,
            38.4783931
          ]
        ]
      },
      "id": "way/1340578270"
    },
    {
      "type": "Feature",
      "properties": {
        "@id": "way/1391441661",
        "axle_load": "22.5",
        "electrified": "no",
        "gauge": "1435",
        "name": "İzmir-Afyonkarahisar demiryolu",
        "operator": "TCDD",
        "railway": "rail",
        "railway:etcs": "no",
        "usage": "main"
      },
      "geometry": {
        "type": "LineString",
        "coordinates": [
          [
            28.8474559,
            38.3825684
          ],
          [
            28.8473419,
            38.3826429
          ],
          [
            28.8470571,
            38.3828433
          ],
          [
            28.8464287,
            38.383361
          ],
          [
            28.8452617,
            38.3843367
          ]
        ]
      },
      "id": "way/1391441661"
    },
    {
      "type": "Feature",
      "properties": {
        "@id": "way/1391441662",
        "axle_load": "22.5",
        "electrified": "no",
        "gauge": "1435",
        "layer": "-1",
        "operator": "TCDD",
        "railway": "rail",
        "railway:etcs": "no",
        "tunnel": "yes",
        "usage": "main"
      },
      "geometry": {
        "type": "LineString",
        "coordinates": [
          [
            28.8480407,
            38.3822713
          ],
          [
            28.8478658,
            38.3823366
          ],
          [
            28.8475838,
            38.3824866
          ],
          [
            28.8474559,
            38.3825684
          ]
        ]
      },
      "id": "way/1391441662"
    },
    {
      "type": "Feature",
      "properties": {
        "@id": "way/1391534554",
        "electrified": "no",
        "gauge": "1435",
        "name": "İzmir-Afyonkarahisar demiryolu",
        "railway": "rail",
        "service": "siding"
      },
      "geometry": {
        "type": "LineString",
        "coordinates": [
          [
            28.7085644,
            38.3572228
          ],
          [
            28.7089232,
            38.3572186
          ],
          [
            28.7095324,
            38.3572115
          ],
          [
            28.710191,
            38.3571653
          ],
          [
            28.7104936,
            38.3571301
          ],
          [
            28.7107724,
            38.3570856
          ],
          [
            28.7112358,
            38.3569724
          ],
          [
            28.7116637,
            38.3568308
          ],
          [
            28.7119432,
            38.3567205
          ],
          [
            28.7123579,
            38.3565468
          ],
          [
            28.7126852,
            38.3563667
          ],
          [
            28.7145423,
            38.3551579
          ],
          [
            28.7147805,
            38.3550492
          ],
          [
            28.7151006,
            38.3549031
          ]
        ]
      },
      "id": "way/1391534554"
    },
    {
      "type": "Feature",
      "properties": {
        "@id": "way/1392110364",
        "axle_load": "22.5",
        "electrified": "contact_line",
        "frequency": "50",
        "gauge": "1435",
        "name": "İzmir-Afyonkarahisar demiryolu",
        "operator": "TCDD",
        "railway": "rail",
        "railway:etcs": "no",
        "usage": "main",
        "voltage": "25000"
      },
      "geometry": {
        "type": "LineString",
        "coordinates": [
          [
            27.2790434,
            38.6481345
          ],
          [
            27.2905225,
            38.6488611
          ],
          [
            27.3108457,
            38.6501203
          ],
          [
            27.315924,
            38.6504265
          ],
          [
            27.3172852,
            38.6505009
          ],
          [
            27.3218848,
            38.6508012
          ],
          [
            27.3269113,
            38.6511064
          ],
          [
            27.3279781,
            38.6511662
          ],
          [
            27.3316961,
            38.6513959
          ],
          [
            27.3330776,
            38.6514763
          ],
          [
            27.3342583,
            38.6514734
          ],
          [
            27.3353788,
            38.6514056
          ],
          [
            27.336509,
            38.6512879
          ],
          [
            27.3374376,
            38.6511275
          ],
          [
            27.3383727,
            38.6509484
          ],
          [
            27.3407612,
            38.6504669
          ],
          [
            27.3430676,
            38.6500048
          ],
          [
            27.3576715,
            38.6470789
          ],
          [
            27.3591328,
            38.6467092
          ],
          [
            27.3599589,
            38.6464348
          ],
          [
            27.3607963,
            38.6461467
          ],
          [
            27.3631915,
            38.6450784
          ],
          [
            27.3663747,
            38.6436067
          ]
        ]
      },
      "id": "way/1392110364"
    },
    {
      "type": "Feature",
      "properties": {
        "@id": "way/1392110365",
        "axle_load": "22.5",
        "bridge": "yes",
        "electrified": "contact_line",
        "frequency": "50",
        "gauge": "1435",
        "layer": "1",
        "operator": "TCDD",
        "railway": "rail",
        "railway:etcs": "no",
        "usage": "main",
        "voltage": "25000"
      },
      "geometry": {
        "type": "LineString",
        "coordinates": [
          [
            27.2786678,
            38.6481126
          ],
          [
            27.2790434,
            38.6481345
          ]
        ]
      },
      "id": "way/1392110365"
    },
    {
      "type": "Feature",
      "properties": {
        "@id": "way/1411270238",
        "electrified": "contact_line",
        "frequency": "50",
        "gauge": "1435",
        "name": "Ayvacık saydingi",
        "railway": "rail",
        "service": "siding",
        "voltage": "25000"
      },
      "geometry": {
        "type": "LineString",
        "coordinates": [
          [
            27.214954,
            38.6377427
          ],
          [
            27.2145316,
            38.6374441
          ],
          [
            27.2117121,
            38.6357907
          ],
          [
            27.209824,
            38.6346834
          ],
          [
            27.2095186,
            38.6345523
          ]
        ]
      },
      "id": "way/1411270238"
    },
    {
      "type": "Feature",
      "properties": {
        "@id": "way/1411270239",
        "electrified": "contact_line",
        "frequency": "50",
        "gauge": "1435",
        "name": "Ayvacık saydingi",
        "railway": "rail",
        "service": "siding",
        "voltage": "25000"
      },
      "geometry": {
        "type": "LineString",
        "coordinates": [
          [
            27.2145316,
            38.6374441
          ],
          [
            27.2142332,
            38.6372192
          ],
          [
            27.2102558,
            38.6348874
          ],
          [
            27.209824,
            38.6346834
          ]
        ]
      },
      "id": "way/1411270239"
    },
    {
      "type": "Feature",
      "properties": {
        "@id": "way/1418045635",
        "electrified": "contact_line",
        "frequency": "50",
        "gauge": "1435",
        "railway": "rail",
        "service": "crossover",
        "voltage": "25000"
      },
      "geometry": {
        "type": "LineString",
        "coordinates": [
          [
            27.3303614,
            38.6512451
          ],
          [
            27.3307885,
            38.6513038
          ]
        ]
      },
      "id": "way/1418045635"
    },
    {
      "type": "Feature",
      "properties": {
        "@id": "way/1418045636",
        "electrified": "no",
        "gauge": "1435",
        "railway": "rail",
        "service": "spur"
      },
      "geometry": {
        "type": "LineString",
        "coordinates": [
          [
            27.3311414,
            38.6513277
          ],
          [
            27.3316387,
            38.6513519
          ],
          [
            27.3320479,
            38.6513355
          ],
          [
            27.33322,
            38.6514064
          ]
        ]
      },
      "id": "way/1418045636"
    },
    {
      "type": "Feature",
      "properties": {
        "@id": "way/1418045637",
        "axle_load": "22.5",
        "electrified": "no",
        "gauge": "1435",
        "railway": "rail",
        "railway:etcs": "no",
        "service": "spur"
      },
      "geometry": {
        "type": "LineString",
        "coordinates": [
          [
            27.3303614,
            38.6512451
          ],
          [
            27.3320479,
            38.6513355
          ]
        ]
      },
      "id": "way/1418045637"
    },
    {
      "type": "Feature",
      "properties": {
        "@id": "way/1418046722",
        "electrified": "no",
        "gauge": "1435",
        "railway": "rail",
        "service": "yard",
        "usage": "industrial"
      },
      "geometry": {
        "type": "LineString",
        "coordinates": [
          [
            27.3404896,
            38.6320573
          ],
          [
            27.3405167,
            38.6317714
          ],
          [
            27.3405465,
            38.6316682
          ],
          [
            27.3405644,
            38.6312696
          ],
          [
            27.3405951,
            38.6309458
          ],
          [
            27.3405976,
            38.6303227
          ],
          [
            27.3405818,
            38.6283985
          ],
          [
            27.3405795,
            38.6280561
          ],
          [
            27.3405773,
            38.6277055
          ]
        ]
      },
      "id": "way/1418046722"
    },
    {
      "type": "Feature",
      "properties": {
        "@id": "way/1418092649",
        "electrified": "no",
        "gauge": "1435",
        "operator": "TCDD",
        "railway": "rail",
        "usage": "branch"
      },
      "geometry": {
        "type": "LineString",
        "coordinates": [
          [
            27.5731192,
            38.5715585
          ],
          [
            27.5733357,
            38.5712472
          ],
          [
            27.5761804,
            38.5684542
          ],
          [
            27.5765393,
            38.5681529
          ],
          [
            27.5771268,
            38.5677365
          ],
          [
            27.5777815,
            38.5673524
          ],
          [
            27.58234,
            38.5649858
          ],
          [
            27.5824636,
            38.5649216
          ]
        ]
      },
      "id": "way/1418092649"
    },
    {
      "type": "Feature",
      "properties": {
        "@id": "way/1418092650",
        "electrified": "no",
        "gauge": "1435",
        "railway": "rail",
        "service": "crossover"
      },
      "geometry": {
        "type": "LineString",
        "coordinates": [
          [
            27.5824636,
            38.5649216
          ],
          [
            27.5829926,
            38.5647289
          ]
        ]
      },
      "id": "way/1418092650"
    },
    {
      "type": "Feature",
      "properties": {
        "@id": "way/1418092651",
        "electrified": "no",
        "gauge": "1435",
        "railway": "rail",
        "service": "crossover"
      },
      "geometry": {
        "type": "LineString",
        "coordinates": [
          [
            27.58234,
            38.5649858
          ],
          [
            27.5819392,
            38.5652624
          ]
        ]
      },
      "id": "way/1418092651"
    },
    {
      "type": "Feature",
      "properties": {
        "@id": "way/1418092652",
        "electrified": "no",
        "gauge": "1435",
        "railway": "rail",
        "service": "siding"
      },
      "geometry": {
        "type": "LineString",
        "coordinates": [
          [
            27.5901423,
            38.5542426
          ],
          [
            27.5904312,
            38.5543682
          ],
          [
            27.5934711,
            38.5560803
          ],
          [
            27.5943318,
            38.5564297
          ],
          [
            27.5952532,
            38.5566438
          ],
          [
            27.5961526,
            38.5567655
          ],
          [
            27.5969883,
            38.5567654
          ],
          [
            27.5973497,
            38.5567469
          ],
          [
            27.5977076,
            38.5566869
          ],
          [
            27.5981073,
            38.5566143
          ],
          [
            27.5984516,
            38.5565259
          ],
          [
            27.598845,
            38.5564275
          ],
          [
            27.5993063,
            38.5562576
          ],
          [
            27.6014488,
            38.5552267
          ],
          [
            27.6017323,
            38.5551239
          ]
        ]
      },
      "id": "way/1418092652"
    },
    {
      "type": "Feature",
      "properties": {
        "@id": "way/1418096295",
        "electrified": "no",
        "gauge": "1435",
        "railway": "rail",
        "service": "spur",
        "usage": "industrial"
      },
      "geometry": {
        "type": "LineString",
        "coordinates": [
          [
            27.4091546,
            38.471789
          ],
          [
            27.4104156,
            38.4714271
          ],
          [
            27.4108617,
            38.4713235
          ],
          [
            27.4117925,
            38.4711725
          ]
        ]
      },
      "id": "way/1418096295"
    },
    {
      "type": "Feature",
      "properties": {
        "@id": "way/1418343059",
        "electrified": "no",
        "gauge": "1435",
        "railway": "rail",
        "service": "siding"
      },
      "geometry": {
        "type": "LineString",
        "coordinates": [
          [
            27.7024465,
            38.5108039
          ],
          [
            27.702851,
            38.5107839
          ],
          [
            27.7032796,
            38.5107107
          ],
          [
            27.7078483,
            38.5099007
          ],
          [
            27.7082349,
            38.5098321
          ],
          [
            27.7084916,
            38.5097866
          ],
          [
            27.7113433,
            38.509281
          ],
          [
            27.7115633,
            38.5091971
          ]
        ]
      },
      "id": "way/1418343059"
    },
    {
      "type": "Feature",
      "properties": {
        "@id": "way/1418343060",
        "electrified": "no",
        "gauge": "1435",
        "railway": "rail",
        "service": "siding"
      },
      "geometry": {
        "type": "LineString",
        "coordinates": [
          [
            27.7121623,
            38.5090951
          ],
          [
            27.7118277,
            38.5090932
          ],
          [
            27.7084377,
            38.5096936
          ],
          [
            27.707206,
            38.5099117
          ],
          [
            27.7036094,
            38.5105487
          ],
          [
            27.703269,
            38.5106613
          ]
        ]
      },
      "id": "way/1418343060"
    },
    {
      "type": "Feature",
      "properties": {
        "@id": "way/1418343061",
        "electrified": "no",
        "gauge": "1435",
        "railway": "rail",
        "service": "siding"
      },
      "geometry": {
        "type": "LineString",
        "coordinates": [
          [
            27.7032796,
            38.5107107
          ],
          [
            27.7036557,
            38.5106911
          ],
          [
            27.7076479,
            38.5099808
          ],
          [
            27.7078483,
            38.5099007
          ]
        ]
      },
      "id": "way/1418343061"
    },
    {
      "type": "Feature",
      "properties": {
        "@id": "way/1418343062",
        "electrified": "no",
        "gauge": "1435",
        "railway": "rail",
        "service": "yard"
      },
      "geometry": {
        "type": "LineString",
        "coordinates": [
          [
            27.7049227,
            38.5108143
          ],
          [
            27.7055084,
            38.5107396
          ],
          [
            27.7061738,
            38.5105416
          ],
          [
            27.7071329,
            38.510212
          ],
          [
            27.7082349,
            38.5098321
          ]
        ]
      },
      "id": "way/1418343062"
    },
    {
      "type": "Feature",
      "properties": {
        "@id": "way/1418345901",
        "electrified": "no",
        "gauge": "1435",
        "railway": "rail",
        "service": "siding"
      },
      "geometry": {
        "type": "LineString",
        "coordinates": [
          [
            27.8332923,
            38.5181652
          ],
          [
            27.8336914,
            38.5181253
          ],
          [
            27.8341298,
            38.5180816
          ],
          [
            27.8389779,
            38.5180719
          ],
          [
            27.8416136,
            38.5180666
          ],
          [
            27.8419596,
            38.5180988
          ],
          [
            27.8423576,
            38.5181358
          ]
        ]
      },
      "id": "way/1418345901"
    },
    {
      "type": "Feature",
      "properties": {
        "@id": "way/1418345902",
        "electrified": "no",
        "gauge": "1435",
        "railway": "rail",
        "service": "siding"
      },
      "geometry": {
        "type": "LineString",
        "coordinates": [
          [
            27.8419596,
            38.5180988
          ],
          [
            27.8389586,
            38.5181084
          ],
          [
            27.8336914,
            38.5181253
          ]
        ]
      },
      "id": "way/1418345902"
    },
    {
      "type": "Feature",
      "properties": {
        "@id": "way/1418348746",
        "electrified": "no",
        "gauge": "1435",
        "railway": "rail",
        "service": "siding"
      },
      "geometry": {
        "type": "LineString",
        "coordinates": [
          [
            27.9382226,
            38.516256
          ],
          [
            27.937969,
            38.5162158
          ],
          [
            27.9379238,
            38.5162086
          ],
          [
            27.9378637,
            38.5162086
          ],
          [
            27.9376697,
            38.5162087
          ],
          [
            27.9310681,
            38.5162021
          ],
          [
            27.9304576,
            38.5162341
          ],
          [
            27.9298644,
            38.516332
          ]
        ]
      },
      "id": "way/1418348746"
    },
    {
      "type": "Feature",
      "properties": {
        "@id": "way/1418348747",
        "electrified": "no",
        "gauge": "1435",
        "railway": "rail",
        "service": "siding"
      },
      "geometry": {
        "type": "LineString",
        "coordinates": [
          [
            27.9304576,
            38.5162341
          ],
          [
            27.9310694,
            38.5161625
          ],
          [
            27.9312585,
            38.5161657
          ],
          [
            27.9373831,
            38.5161561
          ],
          [
            27.9376697,
            38.5162087
          ]
        ]
      },
      "id": "way/1418348747"
    },
    {
      "type": "Feature",
      "properties": {
        "@id": "way/1418354782",
        "electrified": "no",
        "gauge": "1435",
        "railway": "rail",
        "service": "yard"
      },
      "geometry": {
        "type": "LineString",
        "coordinates": [
          [
            28.1284654,
            38.4834577
          ],
          [
            28.1288361,
            38.483418
          ],
          [
            28.1292762,
            38.4833709
          ],
          [
            28.1326909,
            38.482722
          ],
          [
            28.1329834,
            38.4826664
          ]
        ]
      },
      "id": "way/1418354782"
    },
    {
      "type": "Feature",
      "properties": {
        "@id": "way/1418354783",
        "electrified": "no",
        "gauge": "1435",
        "railway": "rail",
        "service": "yard"
      },
      "geometry": {
        "type": "LineString",
        "coordinates": [
          [
            28.1288361,
            38.483418
          ],
          [
            28.1326773,
            38.4826847
          ],
          [
            28.1328313,
            38.4826553
          ],
          [
            28.1331127,
            38.4825547
          ]
        ]
      },
      "id": "way/1418354783"
    },
    {
      "type": "Feature",
      "properties": {
        "@id": "way/1418358232",
        "electrified": "no",
        "gauge": "1435",
        "railway": "rail",
        "service": "siding"
      },
      "geometry": {
        "type": "LineString",
        "coordinates": [
          [
            28.3638586,
            38.4271371
          ],
          [
            28.3635354,
            38.4272345
          ],
          [
            28.3629447,
            38.4273259
          ],
          [
            28.3620433,
            38.4275034
          ],
          [
            28.3611864,
            38.427732
          ],
          [
            28.3600796,
            38.4281217
          ],
          [
            28.3574934,
            38.4293049
          ],
          [
            28.3564253,
            38.4297935
          ],
          [
            28.3559583,
            38.4299513
          ]
        ]
      },
      "id": "way/1418358232"
    },
    {
      "type": "Feature",
      "properties": {
        "@id": "way/1418358233",
        "axle_load": "22.5",
        "electrified": "no",
        "gauge": "1435",
        "name": "İzmir-Afyonkarahisar demiryolu",
        "operator": "TCDD",
        "railway": "rail",
        "railway:etcs": "no",
        "usage": "main"
      },
      "geometry": {
        "type": "LineString",
        "coordinates": [
          [
            28.3681662,
            38.4264201
          ],
          [
            28.3670655,
            38.4266761
          ],
          [
            28.3638586,
            38.4271371
          ],
          [
            28.3629476,
            38.4272681
          ],
          [
            28.362035,
            38.4274437
          ],
          [
            28.3611552,
            38.4276861
          ],
          [
            28.3600656,
            38.4280724
          ],
          [
            28.3574569,
            38.4292658
          ],
          [
            28.3559583,
            38.4299513
          ],
          [
            28.3510187,
            38.4322097
          ]
        ]
      },
      "id": "way/1418358233"
    },
    {
      "type": "Feature",
      "properties": {
        "@id": "way/1418358234",
        "axle_load": "22.5",
        "bridge": "yes",
        "electrified": "no",
        "gauge": "1435",
        "layer": "1",
        "operator": "TCDD",
        "railway": "rail",
        "railway:etcs": "no",
        "usage": "main"
      },
      "geometry": {
        "type": "LineString",
        "coordinates": [
          [
            28.3510187,
            38.4322097
          ],
          [
            28.3507071,
            38.4323455
          ]
        ]
      },
      "id": "way/1418358234"
    },
    {
      "type": "Feature",
      "properties": {
        "@id": "way/1418365573",
        "electrified": "no",
        "gauge": "1435",
        "railway": "rail",
        "service": "siding"
      },
      "geometry": {
        "type": "LineString",
        "coordinates": [
          [
            28.6125553,
            38.3609725
          ],
          [
            28.6129584,
            38.3610767
          ],
          [
            28.6145025,
            38.3612372
          ],
          [
            28.6146309,
            38.3612503
          ],
          [
            28.6147715,
            38.3612655
          ],
          [
            28.6148179,
            38.3612692
          ],
          [
            28.6156227,
            38.3613571
          ],
          [
            28.6169484,
            38.3615067
          ],
          [
            28.6173219,
            38.361476
          ]
        ]
      },
      "id": "way/1418365573"
    },
    {
      "type": "Feature",
      "properties": {
        "@id": "way/1418681684",
        "electrified": "no",
        "gauge": "1435",
        "name": "İzmir-Afyonkarahisar demiryolu",
        "railway": "rail",
        "service": "siding"
      },
      "geometry": {
        "type": "LineString",
        "coordinates": [
          [
            28.7147805,
            38.3550492
          ],
          [
            28.7127638,
            38.3563726
          ],
          [
            28.7123833,
            38.3565671
          ],
          [
            28.7117979,
            38.3568148
          ],
          [
            28.7116837,
            38.3568541
          ],
          [
            28.7115067,
            38.356915
          ],
          [
            28.7112741,
            38.3569875
          ],
          [
            28.7107996,
            38.3571131
          ],
          [
            28.7104954,
            38.3571651
          ],
          [
            28.7101973,
            38.3572001
          ],
          [
            28.7095272,
            38.3572484
          ],
          [
            28.7089232,
            38.3572186
          ]
        ]
      },
      "id": "way/1418681684"
    },
    {
      "type": "Feature",
      "properties": {
        "@id": "way/1418916429",
        "electrified": "no",
        "gauge": "1435",
        "name": "İzmir-Afyonkarahisar demiryolu",
        "railway": "rail",
        "service": "siding"
      },
      "geometry": {
        "type": "LineString",
        "coordinates": [
          [
            28.8598505,
            38.384312
          ],
          [
            28.8601707,
            38.384326
          ],
          [
            28.8656883,
            38.3839838
          ],
          [
            28.8658821,
            38.3839421
          ]
        ]
      },
      "id": "way/1418916429"
    },
    {
      "type": "Feature",
      "properties": {
        "@id": "way/1418916430",
        "electrified": "no",
        "gauge": "1435",
        "name": "İzmir-Afyonkarahisar demiryolu",
        "railway": "rail",
        "service": "siding"
      },
      "geometry": {
        "type": "LineString",
        "coordinates": [
          [
            28.8656977,
            38.3839534
          ],
          [
            28.8655248,
            38.3839197
          ],
          [
            28.8603434,
            38.3842437
          ],
          [
            28.8600986,
            38.3842968
          ]
        ]
      },
      "id": "way/1418916430"
    },
    {
      "type": "Feature",
      "properties": {
        "@id": "way/1418922060",
        "electrified": "no",
        "gauge": "1435",
        "railway": "rail",
        "service": "siding"
      },
      "geometry": {
        "type": "LineString",
        "coordinates": [
          [
            29.101619,
            38.389871
          ],
          [
            29.101834,
            38.3899645
          ],
          [
            29.1065398,
            38.3911499
          ],
          [
            29.1069231,
            38.3912069
          ]
        ]
      },
      "id": "way/1418922060"
    },
    {
      "type": "Feature",
      "properties": {
        "@id": "way/1418922061",
        "electrified": "no",
        "gauge": "1435",
        "railway": "rail",
        "service": "siding"
      },
      "geometry": {
        "type": "LineString",
        "coordinates": [
          [
            29.101834,
            38.3899645
          ],
          [
            29.102007,
            38.3900414
          ],
          [
            29.1062452,
            38.3911169
          ],
          [
            29.1065398,
            38.3911499
          ]
        ]
      },
      "id": "way/1418922061"
    },
    {
      "type": "Feature",
      "properties": {
        "@id": "way/1418931626",
        "electrified": "no",
        "gauge": "1435",
        "railway": "rail",
        "service": "siding"
      },
      "geometry": {
        "type": "LineString",
        "coordinates": [
          [
            29.2315466,
            38.426149
          ],
          [
            29.2312491,
            38.4259249
          ],
          [
            29.2256077,
            38.4197966
          ],
          [
            29.2254839,
            38.4195717
          ]
        ]
      },
      "id": "way/1418931626"
    },
    {
      "type": "Feature",
      "properties": {
        "@id": "way/1418931627",
        "electrified": "no",
        "gauge": "1435",
        "railway": "rail",
        "service": "siding"
      },
      "geometry": {
        "type": "LineString",
        "coordinates": [
          [
            29.2258702,
            38.4199908
          ],
          [
            29.2260958,
            38.4201405
          ],
          [
            29.2281902,
            38.4224071
          ],
          [
            29.2282682,
            38.4225924
          ]
        ]
      },
      "id": "way/1418931627"
    },
    {
      "type": "Feature",
      "properties": {
        "@id": "way/1483973186",
        "axle_load": "22.5",
        "electrified": "no",
        "gauge": "1435",
        "name": "İzmir-Afyonkarahisar demiryolu",
        "operator": "TCDD",
        "railway": "rail",
        "railway:etcs": "no",
        "usage": "main"
      },
      "geometry": {
        "type": "LineString",
        "coordinates": [
          [
            28.5927145,
            38.3588321
          ],
          [
            28.583089,
            38.3578023
          ],
          [
            28.5826037,
            38.35775
          ],
          [
            28.5525476,
            38.3545078
          ],
          [
            28.5373597,
            38.3528612
          ],
          [
            28.5295256,
            38.3520059
          ],
          [
            28.5274178,
            38.3518074
          ],
          [
            28.5261307,
            38.3517942
          ],
          [
            28.5246675,
            38.351977
          ],
          [
            28.5233558,
            38.3522933
          ],
          [
            28.5225679,
            38.3525542
          ],
          [
            28.5218183,
            38.3528727
          ],
          [
            28.5209934,
            38.353288
          ],
          [
            28.5202562,
            38.3537373
          ],
          [
            28.5190907,
            38.3546087
          ],
          [
            28.5177355,
            38.3556412
          ],
          [
            28.5176119,
            38.355729
          ],
          [
            28.517555,
            38.355771
          ],
          [
            28.5175015,
            38.3558109
          ],
          [
            28.5173939,
            38.3558939
          ],
          [
            28.5164423,
            38.3566185
          ],
          [
            28.5150245,
            38.3576979
          ]
        ]
      },
      "id": "way/1483973186"
    },
    {
      "type": "Feature",
      "properties": {
        "@id": "way/1483973187",
        "axle_load": "22.5",
        "bridge": "yes",
        "electrified": "no",
        "gauge": "1435",
        "layer": "1",
        "name": "İzmir-Afyonkarahisar demiryolu",
        "operator": "TCDD",
        "railway": "rail",
        "railway:etcs": "no",
        "usage": "main"
      },
      "geometry": {
        "type": "LineString",
        "coordinates": [
          [
            28.6052329,
            38.3601721
          ],
          [
            28.6048625,
            38.3601383
          ]
        ]
      },
      "id": "way/1483973187"
    },
    {
      "type": "Feature",
      "properties": {
        "@id": "way/1514067641",
        "axle_load": "22.5",
        "electrified": "no",
        "gauge": "1435",
        "name": "İzmir-Afyonkarahisar demiryolu",
        "operator": "TCDD",
        "railway": "rail",
        "railway:etcs": "no",
        "usage": "main"
      },
      "geometry": {
        "type": "LineString",
        "coordinates": [
          [
            28.6048625,
            38.3601383
          ],
          [
            28.593005,
            38.3588482
          ]
        ]
      },
      "id": "way/1514067641"
    },
    {
      "type": "Feature",
      "properties": {
        "@id": "way/1514067642",
        "axle_load": "22.5",
        "bridge": "yes",
        "electrified": "no",
        "gauge": "1435",
        "layer": "1",
        "name": "İzmir-Afyonkarahisar demiryolu",
        "operator": "TCDD",
        "railway": "rail",
        "railway:etcs": "no",
        "usage": "main"
      },
      "geometry": {
        "type": "LineString",
        "coordinates": [
          [
            28.593005,
            38.3588482
          ],
          [
            28.5927145,
            38.3588321
          ]
        ]
      },
      "id": "way/1514067642"
    }
  ]
}