{
  "type": "FeatureCollection",
  "generator": "overpass-turbo",
  "copyright": "The data included in this document is from www.openstreetmap.org. The data is made available under ODbL.",
  "timestamp": "2026-05-13T11:22:44Z",
  "features": [
    {
      "type": "Feature",
      "properties": {
        "@id": "relation/1316776",
        "from": "Balıkesir",
        "name": "Balıkesir - Bandırma hattı",
        "name:en": "Balıkesir - Bandırma railway",
        "network": "TR-railway",
        "operator": "TCDD",
        "operator:wikidata": "Q28220824",
        "route": "railway",
        "to": "Basmane",
        "type": "route"
      },
      "geometry": {
        "type": "MultiLineString",
        "coordinates": [
          [
            [
              27.9613857,
              40.3501988
            ],
            [
              27.9611411,
              40.3502453
            ],
            [
              27.960914,
              40.3502942
            ]
          ],
          [
            [
              27.9658064,
              40.3524179
            ],
            [
              27.9655346,
              40.3521098
            ],
            [
              27.964232,
              40.3506354
            ],
            [
              27.9639059,
              40.3503829
            ],
            [
              27.9635032,
              40.3501933
            ],
            [
              27.9631771,
              40.3500869
            ],
            [
              27.9628346,
              40.3500295
            ],
            [
              27.9627996,
              40.3500236
            ],
            [
              27.9624473,
              40.3500057
            ],
            [
              27.9619409,
              40.35007
            ],
            [
              27.9616747,
              40.3501182
            ],
            [
              27.9613857,
              40.3501988
            ],
            [
              27.9609331,
              40.350338
            ],
            [
              27.960821,
              40.3503725
            ],
            [
              27.9602532,
              40.3505471
            ],
            [
              27.957476,
              40.3513135
            ]
          ],
          [
            [
              27.9515327,
              40.3546026
            ],
            [
              27.9525149,
              40.3539315
            ],
            [
              27.9530745,
              40.3535655
            ],
            [
              27.9533804,
              40.3533654
            ],
            [
              27.9536278,
              40.3532157
            ],
            [
              27.9539217,
              40.3530414
            ],
            [
              27.9544195,
              40.3527461
            ],
            [
              27.9553488,
              40.3522111
            ],
            [
              27.955642,
              40.3520384
            ],
            [
              27.9559226,
              40.3518888
            ],
            [
              27.9564218,
              40.3516294
            ],
            [
              27.956963,
              40.3514229
            ],
            [
              27.9574635,
              40.3512689
            ],
            [
              27.9602299,
              40.3504916
            ],
            [
              27.9608052,
              40.3503256
            ],
            [
              27.960914,
              40.3502942
            ],
            [
              27.9613585,
              40.3501659
            ],
            [
              27.9616731,
              40.3500751
            ],
            [
              27.9622588,
              40.3499296
            ],
            [
              27.9630539,
              40.3497806
            ],
            [
              27.9638977,
              40.3496517
            ],
            [
              27.9676961,
              40.3489901
            ],
            [
              27.9690153,
              40.3487291
            ],
            [
              27.9699814,
              40.3485281
            ],
            [
              27.9707758,
              40.3483909
            ],
            [
              27.971344,
              40.3482877
            ],
            [
              27.9721009,
              40.3481751
            ],
            [
              27.9731426,
              40.3479942
            ],
            [
              27.974319,
              40.3477935
            ],
            [
              27.9747062,
              40.3477324
            ],
            [
              27.9748555,
              40.3476977
            ],
            [
              27.9753812,
              40.3474736
            ],
            [
              27.9758891,
              40.3471884
            ],
            [
              27.9762188,
              40.3469167
            ],
            [
              27.9765039,
              40.3466044
            ],
            [
              27.9767088,
              40.346292
            ],
            [
              27.9768781,
              40.3459049
            ],
            [
              27.976994,
              40.3455518
            ],
            [
              27.9770029,
              40.34509
            ],
            [
              27.976952,
              40.3441281
            ],
            [
              27.9769427,
              40.3439522
            ],
            [
              27.9768158,
              40.3415518
            ],
            [
              27.976896,
              40.3408727
            ],
            [
              27.9770563,
              40.3403226
            ],
            [
              27.9773593,
              40.3397114
            ],
            [
              27.9778048,
              40.3390933
            ],
            [
              27.9784069,
              40.3384596
            ],
            [
              27.9785419,
              40.3383013
            ],
            [
              27.9786901,
              40.3381276
            ],
            [
              27.9801864,
              40.33633
            ],
            [
              27.9851401,
              40.3303785
            ],
            [
              27.985348,
              40.3301362
            ],
            [
              27.9856544,
              40.3297688
            ],
            [
              27.9857067,
              40.3297061
            ],
            [
              27.9908134,
              40.3235825
            ],
            [
              27.9947236,
              40.3188364
            ],
            [
              27.9994709,
              40.3131639
            ],
            [
              28.0003789,
              40.3122315
            ],
            [
              28.0013679,
              40.3112443
            ],
            [
              28.0024289,
              40.310449
            ],
            [
              28.0035617,
              40.3096537
            ],
            [
              28.0224273,
              40.2972135
            ],
            [
              28.0295573,
              40.2925113
            ],
            [
              28.0340704,
              40.2895352
            ],
            [
              28.0341554,
              40.2894791
            ],
            [
              28.034778,
              40.2890686
            ],
            [
              28.040049,
              40.2855969
            ],
            [
              28.0423965,
              40.2840507
            ],
            [
              28.0478147,
              40.2804817
            ],
            [
              28.048516,
              40.2799933
            ],
            [
              28.0489476,
              40.2795434
            ],
            [
              28.0492497,
              40.2791483
            ],
            [
              28.0495086,
              40.2786215
            ],
            [
              28.0496237,
              40.2781057
            ],
            [
              28.0496812,
              40.2776008
            ],
            [
              28.0496093,
              40.2769643
            ],
            [
              28.0494223,
              40.2764485
            ],
            [
              28.049149,
              40.2758229
            ],
            [
              28.0490195,
              40.2752961
            ],
            [
              28.0489763,
              40.2747802
            ],
            [
              28.0490483,
              40.2742863
            ],
            [
              28.0492065,
              40.2737485
            ],
            [
              28.0496863,
              40.2729788
            ],
            [
              28.0499968,
              40.2724565
            ],
            [
              28.0501063,
              40.2722724
            ],
            [
              28.0527699,
              40.2680427
            ],
            [
              28.0534266,
              40.2669998
            ],
            [
              28.0535679,
              40.2667755
            ],
            [
              28.0556368,
              40.2635186
            ],
            [
              28.0599955,
              40.2565696
            ],
            [
              28.0614628,
              40.2542312
            ],
            [
              28.0619376,
              40.2533639
            ],
            [
              28.0623547,
              40.2523868
            ],
            [
              28.0626424,
              40.2514755
            ],
            [
              28.0627431,
              40.2511681
            ],
            [
              28.0629301,
              40.250136
            ],
            [
              28.0630345,
              40.2492589
            ],
            [
              28.0630165,
              40.2478962
            ],
            [
              28.0628438,
              40.2466665
            ],
            [
              28.0626137,
              40.2456453
            ],
            [
              28.0618512,
              40.2433505
            ],
            [
              28.0616498,
              40.2425818
            ],
            [
              28.0614916,
              40.2416375
            ],
            [
              28.0614485,
              40.2408249
            ],
            [
              28.0614197,
              40.2398037
            ],
            [
              28.061506,
              40.2388593
            ],
            [
              28.0617575,
              40.237275
            ],
            [
              28.0619128,
              40.2364282
            ],
            [
              28.0630461,
              40.2302472
            ],
            [
              28.0644813,
              40.2224196
            ],
            [
              28.0663821,
              40.2120513
            ],
            [
              28.0667131,
              40.2101622
            ],
            [
              28.0667704,
              40.2098353
            ],
            [
              28.0684965,
              40.1999847
            ],
            [
              28.0686273,
              40.1988956
            ],
            [
              28.0685844,
              40.1977929
            ],
            [
              28.0683594,
              40.1966844
            ],
            [
              28.0679617,
              40.19558
            ],
            [
              28.0673763,
              40.1945244
            ],
            [
              28.0651225,
              40.1915945
            ],
            [
              28.0645935,
              40.190536
            ],
            [
              28.0643543,
              40.1894414
            ],
            [
              28.0644233,
              40.1883324
            ],
            [
              28.0647929,
              40.1872655
            ],
            [
              28.0654506,
              40.1862922
            ],
            [
              28.0663488,
              40.185435
            ],
            [
              28.0684125,
              40.1839673
            ],
            [
              28.0693307,
              40.1832171
            ],
            [
              28.070077,
              40.1823882
            ],
            [
              28.0714234,
              40.1806312
            ],
            [
              28.0726454,
              40.1790365
            ],
            [
              28.0731719,
              40.178137
            ],
            [
              28.0738516,
              40.1762822
            ],
            [
              28.0743263,
              40.1753937
            ],
            [
              28.0755328,
              40.1733924
            ],
            [
              28.077217,
              40.1705983
            ],
            [
              28.0815047,
              40.1634848
            ],
            [
              28.083575,
              40.16005
            ],
            [
              28.0839718,
              40.1590876
            ],
            [
              28.0839978,
              40.1580675
            ],
            [
              28.0833427,
              40.15606
            ],
            [
              28.0833442,
              40.1559292
            ],
            [
              28.0833543,
              40.1550287
            ],
            [
              28.0840608,
              40.1525448
            ],
            [
              28.0842785,
              40.1517794
            ],
            [
              28.0848061,
              40.1507543
            ],
            [
              28.0855947,
              40.1499164
            ],
            [
              28.0870542,
              40.1486553
            ],
            [
              28.087528,
              40.1481293
            ],
            [
              28.0879489,
              40.1472614
            ],
            [
              28.0882566,
              40.1463437
            ],
            [
              28.0883743,
              40.145919
            ],
            [
              28.0883949,
              40.1458452
            ],
            [
              28.0895855,
              40.1415816
            ],
            [
              28.0896308,
              40.1414192
            ],
            [
              28.0897437,
              40.1404386
            ],
            [
              28.0893736,
              40.1388977
            ],
            [
              28.0893202,
              40.1383111
            ],
            [
              28.0894395,
              40.1376958
            ],
            [
              28.0897726,
              40.1370738
            ],
            [
              28.0903262,
              40.1365221
            ],
            [
              28.0910863,
              40.1360677
            ],
            [
              28.0930418,
              40.1354787
            ],
            [
              28.0940373,
              40.1350641
            ],
            [
              28.0948858,
              40.1344478
            ],
            [
              28.0955348,
              40.1336898
            ],
            [
              28.0959356,
              40.1328493
            ],
            [
              28.0963521,
              40.1310259
            ],
            [
              28.0968548,
              40.1301942
            ],
            [
              28.0976576,
              40.1294747
            ],
            [
              28.0986762,
              40.1289276
            ],
            [
              28.0998146,
              40.1284792
            ],
            [
              28.1008685,
              40.1279173
            ],
            [
              28.1016994,
              40.1271241
            ],
            [
              28.102204,
              40.1262033
            ],
            [
              28.1023353,
              40.1252065
            ],
            [
              28.1020649,
              40.1232605
            ],
            [
              28.1022424,
              40.1223176
            ],
            [
              28.1027688,
              40.1214397
            ],
            [
              28.1035755,
              40.1207017
            ],
            [
              28.1082206,
              40.1169721
            ],
            [
              28.1101581,
              40.1154779
            ],
            [
              28.1112107,
              40.1147645
            ],
            [
              28.111492,
              40.1146048
            ],
            [
              28.1123378,
              40.1141244
            ],
            [
              28.1135599,
              40.1135415
            ],
            [
              28.1148618,
              40.1130273
            ],
            [
              28.122242,
              40.1108373
            ],
            [
              28.1230297,
              40.1106138
            ],
            [
              28.1269608,
              40.1095122
            ],
            [
              28.1284943,
              40.1089192
            ],
            [
              28.1295069,
              40.1083483
            ],
            [
              28.1298294,
              40.1081665
            ],
            [
              28.13039,
              40.1077577
            ],
            [
              28.1312574,
              40.1072091
            ],
            [
              28.1468388,
              40.0972112
            ],
            [
              28.1481528,
              40.0963042
            ],
            [
              28.1493781,
              40.0953131
            ],
            [
              28.1505033,
              40.0942823
            ],
            [
              28.1515213,
              40.0931913
            ],
            [
              28.1524159,
              40.0920687
            ],
            [
              28.1531887,
              40.0908976
            ],
            [
              28.1538128,
              40.0897053
            ],
            [
              28.1565933,
              40.082715
            ],
            [
              28.1567989,
              40.0821657
            ],
            [
              28.1571825,
              40.0812422
            ],
            [
              28.1580944,
              40.0789796
            ],
            [
              28.1585988,
              40.0777462
            ],
            [
              28.1590339,
              40.0765168
            ],
            [
              28.1593851,
              40.0752757
            ],
            [
              28.1598882,
              40.0723253
            ],
            [
              28.1603139,
              40.0697497
            ],
            [
              28.160409,
              40.0691744
            ],
            [
              28.1618201,
              40.0602891
            ],
            [
              28.1618892,
              40.0598127
            ],
            [
              28.1649764,
              40.040393
            ],
            [
              28.1669951,
              40.0275888
            ],
            [
              28.1683533,
              40.0190834
            ],
            [
              28.1683937,
              40.0188304
            ],
            [
              28.1684252,
              40.0186533
            ],
            [
              28.1689292,
              40.0157027
            ],
            [
              28.1697677,
              40.0103775
            ],
            [
              28.1715503,
              39.9990559
            ],
            [
              28.1716773,
              39.9982822
            ],
            [
              28.1730439,
              39.9896998
            ],
            [
              28.1731077,
              39.9893007
            ],
            [
              28.1734677,
              39.9868752
            ],
            [
              28.1739558,
              39.9834912
            ],
            [
              28.1737692,
              39.9824191
            ],
            [
              28.1726855,
              39.9803063
            ],
            [
              28.1725674,
              39.9791577
            ],
            [
              28.1726513,
              39.9769605
            ],
            [
              28.1726525,
              39.9769299
            ],
            [
              28.1729217,
              39.9732044
            ],
            [
              28.172821,
              39.9721331
            ],
            [
              28.1726182,
              39.9715375
            ],
            [
              28.172347,
              39.9710083
            ],
            [
              28.1699435,
              39.9665422
            ],
            [
              28.1695807,
              39.9658681
            ],
            [
              28.1691015,
              39.9648638
            ],
            [
              28.1688221,
              39.9638277
            ],
            [
              28.1687696,
              39.9633826
            ],
            [
              28.1686979,
              39.9627739
            ],
            [
              28.1684912,
              39.956264
            ],
            [
              28.1683603,
              39.9521423
            ],
            [
              28.168203,
              39.9511952
            ],
            [
              28.167903,
              39.9502653
            ],
            [
              28.1674621,
              39.9493611
            ],
            [
              28.1669108,
              39.9484943
            ],
            [
              28.1634213,
              39.9434726
            ],
            [
              28.1626061,
              39.9427256
            ],
            [
              28.1615734,
              39.9421291
            ],
            [
              28.1592119,
              39.9412345
            ],
            [
              28.1581873,
              39.9405907
            ],
            [
              28.1573649,
              39.9397747
            ],
            [
              28.1567899,
              39.9388831
            ],
            [
              28.1567587,
              39.9388254
            ],
            [
              28.1563197,
              39.9380125
            ],
            [
              28.1554061,
              39.9348096
            ],
            [
              28.155331,
              39.9345061
            ],
            [
              28.1552795,
              39.9343037
            ],
            [
              28.1523765,
              39.9235431
            ],
            [
              28.1523604,
              39.9234852
            ],
            [
              28.1522861,
              39.9232344
            ],
            [
              28.1521451,
              39.9227095
            ],
            [
              28.1519458,
              39.9223336
            ],
            [
              28.1515845,
              39.9219025
            ],
            [
              28.1507532,
              39.9212192
            ],
            [
              28.1505488,
              39.9210607
            ],
            [
              28.1503184,
              39.92087
            ],
            [
              28.150023,
              39.9206667
            ],
            [
              28.1496973,
              39.9204975
            ],
            [
              28.1493289,
              39.9203399
            ],
            [
              28.1489478,
              39.9202325
            ],
            [
              28.1485532,
              39.9201394
            ],
            [
              28.1483399,
              39.9201041
            ],
            [
              28.1476776,
              39.9200827
            ],
            [
              28.1458531,
              39.9200438
            ],
            [
              28.1453726,
              39.9199875
            ],
            [
              28.1448939,
              39.9199095
            ],
            [
              28.1439373,
              39.9196624
            ],
            [
              28.1430415,
              39.9193082
            ],
            [
              28.1421915,
              39.9188586
            ],
            [
              28.1414175,
              39.9183331
            ],
            [
              28.1407158,
              39.9177308
            ],
            [
              28.1398798,
              39.9171985
            ],
            [
              28.1388749,
              39.9168424
            ],
            [
              28.1383217,
              39.9167256
            ],
            [
              28.1377609,
              39.9166614
            ],
            [
              28.1371748,
              39.9166536
            ],
            [
              28.1365911,
              39.9166944
            ],
            [
              28.1360177,
              39.9168073
            ],
            [
              28.1354569,
              39.916963
            ],
            [
              28.1343226,
              39.9173347
            ],
            [
              28.133739,
              39.9174301
            ],
            [
              28.1331391,
              39.9174445
            ],
            [
              28.1325286,
              39.9173892
            ],
            [
              28.1319576,
              39.917255
            ],
            [
              28.1315719,
              39.9171207
            ],
            [
              28.1312979,
              39.9170097
            ],
            [
              28.1309477,
              39.9168034
            ],
            [
              28.1305493,
              39.9164784
            ],
            [
              28.1302169,
              39.9160892
            ],
            [
              28.1299673,
              39.9157065
            ],
            [
              28.1272765,
              39.9099161
            ],
            [
              28.1262451,
              39.9077505
            ],
            [
              28.1259919,
              39.9073033
            ],
            [
              28.1256569,
              39.9068848
            ],
            [
              28.1252433,
              39.9065305
            ],
            [
              28.1247891,
              39.9061957
            ],
            [
              28.123736,
              39.9056877
            ],
            [
              28.1225586,
              39.9053626
            ],
            [
              28.1219877,
              39.9053528
            ],
            [
              28.1211808,
              39.9054307
            ],
            [
              28.1188158,
              39.9059504
            ],
            [
              28.11792,
              39.9061081
            ],
            [
              28.1172907,
              39.9061315
            ],
            [
              28.1166665,
              39.9060594
            ],
            [
              28.1161424,
              39.9059069
            ],
            [
              28.1156058,
              39.9057168
            ],
            [
              28.1146967,
              39.9051835
            ],
            [
              28.1141427,
              39.9044939
            ],
            [
              28.1138321,
              39.9037352
            ],
            [
              28.1136907,
              39.9028641
            ],
            [
              28.1135758,
              39.9024505
            ],
            [
              28.1134129,
              39.9020308
            ],
            [
              28.1130792,
              39.9016789
            ],
            [
              28.1126863,
              39.9013354
            ],
            [
              28.1118255,
              39.9008617
            ],
            [
              28.1107171,
              39.9003468
            ],
            [
              28.1103604,
              39.9000347
            ],
            [
              28.1099668,
              39.8996327
            ],
            [
              28.1095244,
              39.8987856
            ],
            [
              28.1089798,
              39.8974174
            ],
            [
              28.1088358,
              39.8970721
            ],
            [
              28.1085079,
              39.8964714
            ],
            [
              28.1083234,
              39.8961335
            ],
            [
              28.1079636,
              39.8957743
            ],
            [
              28.1075602,
              39.8954675
            ],
            [
              28.1061126,
              39.8946936
            ],
            [
              28.1054614,
              39.8942212
            ],
            [
              28.1049341,
              39.8935016
            ],
            [
              28.1047748,
              39.893059
            ],
            [
              28.1046899,
              39.8925648
            ],
            [
              28.10475,
              39.892057
            ],
            [
              28.104923,
              39.8915801
            ],
            [
              28.1054154,
              39.8906368
            ],
            [
              28.1055499,
              39.8901779
            ],
            [
              28.1055711,
              39.8896728
            ],
            [
              28.1054685,
              39.8891948
            ],
            [
              28.1052986,
              39.8887223
            ],
            [
              28.1048774,
              39.8878289
            ],
            [
              28.104623,
              39.8868715
            ],
            [
              28.1040705,
              39.8831117
            ],
            [
              28.1039768,
              39.8828205
            ],
            [
              28.1037838,
              39.8822209
            ],
            [
              28.1034122,
              39.8813409
            ],
            [
              28.1029132,
              39.8805126
            ],
            [
              28.1023254,
              39.8797199
            ],
            [
              28.1022111,
              39.8796038
            ],
            [
              28.1015931,
              39.8789762
            ],
            [
              28.0985352,
              39.8761814
            ],
            [
              28.0977707,
              39.8754852
            ],
            [
              28.0969107,
              39.8748687
            ],
            [
              28.0960144,
              39.8743289
            ],
            [
              28.0941904,
              39.8733422
            ],
            [
              28.0934555,
              39.8727277
            ],
            [
              28.0929939,
              39.8719712
            ],
            [
              28.0907723,
              39.8663685
            ],
            [
              28.0907055,
              39.8645995
            ],
            [
              28.090405,
              39.8637751
            ],
            [
              28.0897347,
              39.8629752
            ],
            [
              28.0892282,
              39.8626248
            ],
            [
              28.0887536,
              39.8624271
            ],
            [
              28.0883939,
              39.8623042
            ],
            [
              28.0879968,
              39.862211
            ],
            [
              28.0875657,
              39.8621635
            ],
            [
              28.0862325,
              39.862059
            ],
            [
              28.0859391,
              39.8620122
            ],
            [
              28.085528,
              39.8618962
            ],
            [
              28.0850968,
              39.8617282
            ],
            [
              28.0846031,
              39.8614659
            ],
            [
              28.0841414,
              39.8611023
            ],
            [
              28.083812,
              39.8607137
            ],
            [
              28.0835363,
              39.8602628
            ],
            [
              28.078517,
              39.8492566
            ],
            [
              28.0739344,
              39.8392067
            ],
            [
              28.0725809,
              39.836238
            ],
            [
              28.0720828,
              39.8354335
            ],
            [
              28.0713963,
              39.8347074
            ],
            [
              28.0705569,
              39.8340838
            ],
            [
              28.0694488,
              39.8335403
            ],
            [
              28.0686152,
              39.8331315
            ],
            [
              28.0676323,
              39.8327265
            ],
            [
              28.0666595,
              39.8324852
            ],
            [
              28.0665624,
              39.8324733
            ],
            [
              28.066014,
              39.8324388
            ],
            [
              28.0654686,
              39.832448
            ],
            [
              28.0643867,
              39.8325976
            ],
            [
              28.0612581,
              39.8332282
            ],
            [
              28.0602242,
              39.8333754
            ],
            [
              28.0597297,
              39.8333524
            ],
            [
              28.0592472,
              39.8332972
            ],
            [
              28.0587677,
              39.8331683
            ],
            [
              28.0583092,
              39.8330072
            ],
            [
              28.0508008,
              39.8289879
            ],
            [
              28.0499106,
              39.8285481
            ],
            [
              28.0468533,
              39.8273783
            ],
            [
              28.0457709,
              39.8270334
            ],
            [
              28.0446149,
              39.8268587
            ],
            [
              28.0440248,
              39.8268585
            ],
            [
              28.0434232,
              39.8268935
            ],
            [
              28.0422387,
              39.8269674
            ],
            [
              28.0415126,
              39.8269456
            ],
            [
              28.0410479,
              39.8268542
            ],
            [
              28.0404979,
              39.82668
            ],
            [
              28.0400103,
              39.8264492
            ],
            [
              28.039551,
              39.826201
            ],
            [
              28.0389839,
              39.8259615
            ],
            [
              28.0383886,
              39.8258134
            ],
            [
              28.0378166,
              39.8257585
            ],
            [
              28.0366249,
              39.8257724
            ],
            [
              28.0360476,
              39.8257162
            ],
            [
              28.0355073,
              39.8256076
            ],
            [
              28.0349259,
              39.8254002
            ],
            [
              28.0346586,
              39.8252549
            ],
            [
              28.0345224,
              39.8251809
            ],
            [
              28.0341399,
              39.8249127
            ],
            [
              28.0337644,
              39.824542
            ],
            [
              28.0334897,
              39.8241687
            ],
            [
              28.0333306,
              39.8237414
            ],
            [
              28.0327491,
              39.8212328
            ],
            [
              28.0325898,
              39.820806
            ],
            [
              28.032335,
              39.8204255
            ],
            [
              28.0320872,
              39.8201156
            ],
            [
              28.0316094,
              39.8197432
            ],
            [
              28.0305441,
              39.8191533
            ],
            [
              28.0300192,
              39.8188106
            ],
            [
              28.0297017,
              39.8185014
            ],
            [
              28.0294012,
              39.8181181
            ],
            [
              28.0292084,
              39.8177479
            ],
            [
              28.0291168,
              39.8173287
            ],
            [
              28.0289693,
              39.8165333
            ],
            [
              28.0288625,
              39.8161582
            ],
            [
              28.0286637,
              39.8157703
            ],
            [
              28.0280727,
              39.8151171
            ],
            [
              28.0276831,
              39.8148081
            ],
            [
              28.0273904,
              39.8145079
            ],
            [
              28.0271614,
              39.8142941
            ],
            [
              28.0268662,
              39.8138285
            ],
            [
              28.0267588,
              39.8136016
            ],
            [
              28.0266062,
              39.8131463
            ],
            [
              28.0263619,
              39.8124822
            ],
            [
              28.0261634,
              39.8118158
            ],
            [
              28.0260387,
              39.8111232
            ],
            [
              28.0259752,
              39.8104308
            ],
            [
              28.0259899,
              39.8100952
            ],
            [
              28.026078,
              39.8097297
            ],
            [
              28.0266219,
              39.8086524
            ],
            [
              28.0267676,
              39.8082421
            ],
            [
              28.0268335,
              39.8078027
            ],
            [
              28.0267948,
              39.8073357
            ],
            [
              28.0265819,
              39.8067158
            ],
            [
              28.0263743,
              39.8063886
            ],
            [
              28.02611,
              39.8060856
            ],
            [
              28.0258539,
              39.805867
            ],
            [
              28.02561,
              39.8056921
            ],
            [
              28.025224,
              39.8054628
            ],
            [
              28.024656,
              39.805179
            ],
            [
              28.0241075,
              39.8050213
            ],
            [
              28.0234442,
              39.8048881
            ],
            [
              28.0226672,
              39.804862
            ],
            [
              28.0220446,
              39.8048885
            ],
            [
              28.0210722,
              39.8048316
            ],
            [
              28.0203176,
              39.8046731
            ],
            [
              28.0197061,
              39.8044085
            ],
            [
              28.019197,
              39.8040833
            ],
            [
              28.0186817,
              39.8034731
            ],
            [
              28.0175349,
              39.8018454
            ],
            [
              28.0171365,
              39.8014503
            ],
            [
              28.0168336,
              39.8012316
            ],
            [
              28.0160144,
              39.8007444
            ],
            [
              28.0156668,
              39.8004805
            ],
            [
              28.0152135,
              39.8000307
            ],
            [
              28.014868,
              39.799506
            ],
            [
              28.0147765,
              39.7993123
            ],
            [
              28.0145392,
              39.7986316
            ],
            [
              28.0142786,
              39.7980296
            ],
            [
              28.0136578,
              39.7973426
            ],
            [
              28.0129025,
              39.7966655
            ],
            [
              28.0125757,
              39.7963477
            ],
            [
              28.0122597,
              39.795923
            ],
            [
              28.0120559,
              39.7955582
            ],
            [
              28.0119623,
              39.7951404
            ],
            [
              28.0119229,
              39.7946851
            ],
            [
              28.0120192,
              39.7942196
            ],
            [
              28.0123469,
              39.7930886
            ],
            [
              28.0123762,
              39.7927438
            ],
            [
              28.0123503,
              39.7922148
            ],
            [
              28.0122251,
              39.7918242
            ],
            [
              28.0120134,
              39.7914043
            ],
            [
              28.0085081,
              39.7864286
            ],
            [
              28.0081024,
              39.7858527
            ],
            [
              28.0079036,
              39.7855705
            ],
            [
              28.0068174,
              39.78402
            ],
            [
              28.0061156,
              39.782863
            ],
            [
              28.0057374,
              39.7820852
            ],
            [
              28.0055299,
              39.7814807
            ],
            [
              28.0042345,
              39.7769924
            ],
            [
              28.0040887,
              39.7764873
            ],
            [
              28.0037581,
              39.7753417
            ],
            [
              28.0029971,
              39.7725863
            ],
            [
              28.0027488,
              39.7721137
            ],
            [
              28.0023775,
              39.7716676
            ],
            [
              28.0006389,
              39.7697821
            ],
            [
              28.0002465,
              39.7692624
            ],
            [
              27.999923,
              39.7687078
            ],
            [
              27.9998955,
              39.768643
            ],
            [
              27.999784,
              39.7682736
            ],
            [
              27.9997575,
              39.7681856
            ],
            [
              27.9997168,
              39.7680508
            ],
            [
              27.9996396,
              39.767369
            ],
            [
              27.9996876,
              39.7666614
            ],
            [
              27.999901,
              39.7655431
            ],
            [
              28.0002946,
              39.7639939
            ],
            [
              28.0007853,
              39.7623702
            ],
            [
              28.0008351,
              39.7616455
            ],
            [
              28.000618,
              39.7609093
            ],
            [
              28.000189,
              39.7602425
            ],
            [
              27.9996931,
              39.7596033
            ],
            [
              27.9991031,
              39.7590087
            ],
            [
              27.9983521,
              39.7585272
            ],
            [
              27.9975036,
              39.7581739
            ],
            [
              27.9957363,
              39.7576001
            ],
            [
              27.9949027,
              39.7572487
            ],
            [
              27.9944718,
              39.757012
            ],
            [
              27.9939742,
              39.7566501
            ],
            [
              27.9935341,
              39.7562376
            ],
            [
              27.9929529,
              39.7556141
            ],
            [
              27.9924215,
              39.755044
            ],
            [
              27.9896491,
              39.7520658
            ],
            [
              27.9891497,
              39.7514457
            ],
            [
              27.9889961,
              39.7511061
            ],
            [
              27.9888981,
              39.75073
            ],
            [
              27.9888774,
              39.7500294
            ],
            [
              27.9891003,
              39.7493493
            ],
            [
              27.9895549,
              39.7487152
            ],
            [
              27.9907621,
              39.7476119
            ],
            [
              27.9911231,
              39.746979
            ],
            [
              27.9912479,
              39.746632
            ],
            [
              27.9912863,
              39.7462776
            ],
            [
              27.9912911,
              39.7459306
            ],
            [
              27.9912095,
              39.7455762
            ],
            [
              27.989771,
              39.7412476
            ],
            [
              27.9893368,
              39.7405101
            ],
            [
              27.9886888,
              39.7398096
            ],
            [
              27.9883911,
              39.7394219
            ],
            [
              27.9881271,
              39.7390195
            ],
            [
              27.9879878,
              39.7385654
            ],
            [
              27.9879413,
              39.7380714
            ],
            [
              27.9879974,
              39.7375833
            ],
            [
              27.9881968,
              39.737104
            ],
            [
              27.9884728,
              39.7366787
            ],
            [
              27.9888329,
              39.7362283
            ],
            [
              27.9891545,
              39.7357926
            ],
            [
              27.9893713,
              39.7353231
            ],
            [
              27.9894522,
              39.7348806
            ],
            [
              27.9894618,
              39.7344228
            ],
            [
              27.9893562,
              39.7339834
            ],
            [
              27.9891641,
              39.7335329
            ],
            [
              27.9889049,
              39.73316
            ],
            [
              27.988516,
              39.7328055
            ],
            [
              27.9880598,
              39.7325028
            ],
            [
              27.9875653,
              39.7322443
            ],
            [
              27.9870036,
              39.7320707
            ],
            [
              27.9864034,
              39.7319747
            ],
            [
              27.985784,
              39.73196
            ],
            [
              27.9851499,
              39.7320303
            ],
            [
              27.9845597,
              39.7321889
            ],
            [
              27.9840084,
              39.7323853
            ],
            [
              27.982977,
              39.7327931
            ],
            [
              27.9819368,
              39.7331216
            ],
            [
              27.9813861,
              39.7331895
            ],
            [
              27.9808243,
              39.733208
            ],
            [
              27.9802289,
              39.7331083
            ],
            [
              27.9796555,
              39.7329528
            ],
            [
              27.9785231,
              39.7325504
            ],
            [
              27.9774201,
              39.7321002
            ],
            [
              27.9759166,
              39.7315268
            ],
            [
              27.9750785,
              39.7311904
            ],
            [
              27.9744993,
              39.730906
            ],
            [
              27.9740131,
              39.730572
            ],
            [
              27.9686243,
              39.7261205
            ],
            [
              27.9682821,
              39.7258026
            ],
            [
              27.9679756,
              39.7254133
            ],
            [
              27.967776,
              39.7250186
            ],
            [
              27.9676762,
              39.7246677
            ],
            [
              27.9676477,
              39.7242346
            ],
            [
              27.9676762,
              39.7238124
            ],
            [
              27.9677903,
              39.7234342
            ],
            [
              27.9679614,
              39.7231271
            ],
            [
              27.9682037,
              39.7228037
            ],
            [
              27.9684603,
              39.7224966
            ],
            [
              27.968774,
              39.7222444
            ],
            [
              27.9706273,
              39.7209615
            ],
            [
              27.9710621,
              39.7207477
            ],
            [
              27.9715896,
              39.7205722
            ],
            [
              27.9720814,
              39.7204735
            ],
            [
              27.9725661,
              39.7204077
            ],
            [
              27.9738848,
              39.7203968
            ],
            [
              27.9743909,
              39.7203529
            ],
            [
              27.9748899,
              39.7202487
            ],
            [
              27.9752463,
              39.7201281
            ],
            [
              27.9756526,
              39.7199307
            ],
            [
              27.9760589,
              39.719695
            ],
            [
              27.9763725,
              39.7194318
            ],
            [
              27.9766577,
              39.7190974
            ],
            [
              27.9769285,
              39.7186971
            ],
            [
              27.9770925,
              39.7182804
            ],
            [
              27.9771566,
              39.7178637
            ],
            [
              27.9771638,
              39.7174909
            ],
            [
              27.9768187,
              39.7157827
            ],
            [
              27.9766862,
              39.7152702
            ],
            [
              27.9765008,
              39.7149029
            ],
            [
              27.9763013,
              39.7146287
            ],
            [
              27.976066,
              39.7143381
            ],
            [
              27.975731,
              39.7140694
            ],
            [
              27.9754102,
              39.7138556
            ],
            [
              27.9750396,
              39.7136691
            ],
            [
              27.9743695,
              39.7134004
            ],
            [
              27.9739062,
              39.7132085
            ],
            [
              27.9734999,
              39.7130111
            ],
            [
              27.973115,
              39.7127699
            ],
            [
              27.9727158,
              39.7124518
            ],
            [
              27.9704919,
              39.710412
            ],
            [
              27.9699858,
              39.709913
            ],
            [
              27.9697505,
              39.7096278
            ],
            [
              27.9695367,
              39.709244
            ],
            [
              27.9694013,
              39.7089533
            ],
            [
              27.9693228,
              39.7086024
            ],
            [
              27.9692587,
              39.7079992
            ],
            [
              27.9691874,
              39.7075769
            ],
            [
              27.9690947,
              39.7072369
            ],
            [
              27.9688952,
              39.7068202
            ],
            [
              27.9686671,
              39.706524
            ],
            [
              27.9680398,
              39.7058715
            ],
            [
              27.9676549,
              39.7054547
            ],
            [
              27.9673769,
              39.7050873
            ],
            [
              27.9671844,
              39.7047144
            ],
            [
              27.9670276,
              39.7042427
            ],
            [
              27.9669634,
              39.7038808
            ],
            [
              27.9669349,
              39.7034421
            ],
            [
              27.9669919,
              39.7030637
            ],
            [
              27.9670917,
              39.7026962
            ],
            [
              27.9672913,
              39.7022465
            ],
            [
              27.9675907,
              39.701742
            ],
            [
              27.9678972,
              39.7013526
            ],
            [
              27.9688809,
              39.7000967
            ],
            [
              27.9691732,
              39.6996963
            ],
            [
              27.9694398,
              39.6992878
            ],
            [
              27.9695659,
              39.6988422
            ],
            [
              27.9695752,
              39.6983931
            ],
            [
              27.9695425,
              39.6972325
            ],
            [
              27.96965,
              39.6968085
            ],
            [
              27.9698227,
              39.6964132
            ],
            [
              27.9700656,
              39.6960539
            ],
            [
              27.9704018,
              39.6957233
            ],
            [
              27.9707334,
              39.6954538
            ],
            [
              27.9712316,
              39.6951657
            ],
            [
              27.971744,
              39.6949686
            ],
            [
              27.9725681,
              39.6947458
            ],
            [
              27.9730137,
              39.6946087
            ],
            [
              27.9734257,
              39.6944459
            ],
            [
              27.9738044,
              39.6942316
            ],
            [
              27.9741942,
              39.6939402
            ],
            [
              27.9745395,
              39.6935889
            ],
            [
              27.9747957,
              39.6932375
            ],
            [
              27.9749739,
              39.6927833
            ],
            [
              27.975063,
              39.6923119
            ],
            [
              27.9750518,
              39.6918834
            ],
            [
              27.9749405,
              39.6914549
            ],
            [
              27.9747511,
              39.6910349
            ],
            [
              27.9744727,
              39.6906493
            ],
            [
              27.9741497,
              39.6903236
            ],
            [
              27.9737153,
              39.6900236
            ],
            [
              27.9732364,
              39.6897836
            ],
            [
              27.9726795,
              39.6895951
            ],
            [
              27.9716549,
              39.6893808
            ],
            [
              27.9709755,
              39.6892265
            ],
            [
              27.9703629,
              39.6890723
            ],
            [
              27.9698283,
              39.6888666
            ],
            [
              27.9692864,
              39.6885805
            ],
            [
              27.9687909,
              39.6882318
            ],
            [
              27.9683769,
              39.6878369
            ],
            [
              27.9680583,
              39.6874338
            ],
            [
              27.9677929,
              39.6869899
            ],
            [
              27.9676266,
              39.6865133
            ],
            [
              27.9675416,
              39.6860775
            ],
            [
              27.9673334,
              39.6831068
            ],
            [
              27.9672889,
              39.6824982
            ],
            [
              27.9672221,
              39.6820097
            ],
            [
              27.9670216,
              39.6814697
            ],
            [
              27.9667766,
              39.6810068
            ],
            [
              27.9663524,
              39.6804966
            ],
            [
              27.9659412,
              39.6801239
            ],
            [
              27.965195,
              39.6796696
            ],
            [
              27.9648129,
              39.679497
            ],
            [
              27.9643708,
              39.6793439
            ],
            [
              27.9633127,
              39.6790696
            ],
            [
              27.9628593,
              39.6789604
            ],
            [
              27.9546837,
              39.6769528
            ],
            [
              27.9492035,
              39.6756426
            ],
            [
              27.945351,
              39.6746735
            ],
            [
              27.9382539,
              39.672929
            ],
            [
              27.9367733,
              39.6725017
            ],
            [
              27.9354912,
              39.6720516
            ],
            [
              27.9343432,
              39.671583
            ],
            [
              27.933214,
              39.671071
            ],
            [
              27.9297835,
              39.6692294
            ],
            [
              27.9263154,
              39.6673485
            ],
            [
              27.9198505,
              39.6638596
            ],
            [
              27.9133322,
              39.6603413
            ],
            [
              27.9124846,
              39.6598788
            ],
            [
              27.909955,
              39.6585052
            ],
            [
              27.9059675,
              39.6563398
            ],
            [
              27.9003927,
              39.653333
            ],
            [
              27.899036,
              39.6526131
            ],
            [
              27.8948519,
              39.6503757
            ],
            [
              27.894601,
              39.6502422
            ],
            [
              27.8943786,
              39.6501189
            ],
            [
              27.8935542,
              39.6496619
            ],
            [
              27.8934881,
              39.6496253
            ],
            [
              27.8933421,
              39.6495444
            ],
            [
              27.8932562,
              39.6494967
            ],
            [
              27.8926603,
              39.6491664
            ],
            [
              27.8923668,
              39.6490198
            ],
            [
              27.8904731,
              39.6480003
            ],
            [
              27.8885066,
              39.6469433
            ],
            [
              27.8904731,
              39.6480003
            ],
            [
              27.8923668,
              39.6490198
            ],
            [
              27.8926603,
              39.6491664
            ]
          ]
        ]
      },
      "id": "relation/1316776"
    },
    {
      "type": "Feature",
      "properties": {
        "@id": "relation/1318375",
        "from": "Manisa",
        "gauge": "1435",
        "name": "Manisa - Balıkesir hattı",
        "name:en": "Manisa - Balıkesir railway",
        "name:tr": "Manisa - Balıkesir hattı",
        "network": "TR-railway",
        "operator": "TCDD",
        "operator:wikidata": "Q28220824",
        "route": "railway",
        "to": "Balıkesir",
        "type": "route"
      },
      "geometry": {
        "type": "MultiLineString",
        "coordinates": [
          [
            [
              27.8885066,
              39.6469433
            ],
            [
              27.887058,
              39.6461642
            ],
            [
              27.8865011,
              39.6458623
            ],
            [
              27.8859509,
              39.6455614
            ],
            [
              27.8855561,
              39.6453449
            ],
            [
              27.8851573,
              39.6451262
            ],
            [
              27.8848784,
              39.6448947
            ],
            [
              27.884597,
              39.6445863
            ],
            [
              27.884358,
              39.644262
            ],
            [
              27.8841683,
              39.6439248
            ],
            [
              27.8840085,
              39.6436004
            ],
            [
              27.8839157,
              39.6433804
            ],
            [
              27.8838533,
              39.6431598
            ],
            [
              27.8838221,
              39.6429971
            ],
            [
              27.8838018,
              39.6427688
            ],
            [
              27.8837341,
              39.6419245
            ],
            [
              27.883405,
              39.637444
            ],
            [
              27.883168,
              39.6341434
            ],
            [
              27.8829698,
              39.6314069
            ],
            [
              27.8827178,
              39.6282628
            ],
            [
              27.8826724,
              39.6274043
            ],
            [
              27.8826304,
              39.6269239
            ],
            [
              27.8824733,
              39.6248713
            ],
            [
              27.8822698,
              39.6234928
            ],
            [
              27.8820767,
              39.6226609
            ],
            [
              27.8818054,
              39.6218169
            ],
            [
              27.8812158,
              39.6202695
            ],
            [
              27.8805375,
              39.6187101
            ],
            [
              27.8802716,
              39.6180527
            ],
            [
              27.8793569,
              39.6157909
            ],
            [
              27.8791444,
              39.6152655
            ],
            [
              27.8776834,
              39.6117685
            ],
            [
              27.8769269,
              39.6098632
            ],
            [
              27.8763883,
              39.6086207
            ],
            [
              27.8761326,
              39.6081665
            ],
            [
              27.8758457,
              39.6077123
            ],
            [
              27.8752039,
              39.6069002
            ],
            [
              27.8745059,
              39.6060963
            ],
            [
              27.8723759,
              39.6035636
            ],
            [
              27.8707532,
              39.6016621
            ],
            [
              27.8699392,
              39.6007052
            ],
            [
              27.8691252,
              39.5997645
            ],
            [
              27.8685227,
              39.5990965
            ],
            [
              27.8678335,
              39.5984599
            ],
            [
              27.8673166,
              39.5980548
            ],
            [
              27.8664772,
              39.5974931
            ],
            [
              27.8659647,
              39.5971901
            ],
            [
              27.8653903,
              39.5969075
            ],
            [
              27.8645597,
              39.5965398
            ],
            [
              27.8628594,
              39.5958768
            ],
            [
              27.8609665,
              39.5951446
            ],
            [
              27.8600425,
              39.5948189
            ],
            [
              27.8591633,
              39.5945912
            ],
            [
              27.8583253,
              39.5944211
            ],
            [
              27.8570721,
              39.5942539
            ],
            [
              27.8559498,
              39.5942049
            ],
            [
              27.8403853,
              39.5947609
            ],
            [
              27.84027,
              39.594765
            ],
            [
              27.8354679,
              39.5949365
            ],
            [
              27.8291288,
              39.5951744
            ],
            [
              27.8285627,
              39.5951734
            ],
            [
              27.8279883,
              39.5951525
            ],
            [
              27.827562,
              39.5951254
            ],
            [
              27.8271382,
              39.595071
            ],
            [
              27.8175662,
              39.5934786
            ],
            [
              27.8169737,
              39.5933305
            ],
            [
              27.815629,
              39.5930983
            ],
            [
              27.8146866,
              39.5929451
            ],
            [
              27.8140058,
              39.5927923
            ],
            [
              27.8135325,
              39.5926494
            ],
            [
              27.8133436,
              39.5925848
            ],
            [
              27.8127787,
              39.5923397
            ],
            [
              27.8122438,
              39.5920457
            ],
            [
              27.8096513,
              39.5900796
            ],
            [
              27.8089218,
              39.5897077
            ],
            [
              27.8063367,
              39.5888169
            ],
            [
              27.8011966,
              39.5871188
            ],
            [
              27.8004596,
              39.5869919
            ],
            [
              27.7998461,
              39.5869775
            ],
            [
              27.7992363,
              39.5870582
            ],
            [
              27.7986415,
              39.5872139
            ],
            [
              27.7962144,
              39.5880076
            ],
            [
              27.7957065,
              39.5881177
            ],
            [
              27.7949446,
              39.5882139
            ],
            [
              27.7941196,
              39.5882339
            ],
            [
              27.7934689,
              39.5881728
            ],
            [
              27.7927989,
              39.5880471
            ],
            [
              27.7920168,
              39.5878242
            ],
            [
              27.7891841,
              39.5867174
            ],
            [
              27.7883151,
              39.5865195
            ],
            [
              27.7854467,
              39.5862098
            ],
            [
              27.784762,
              39.5861835
            ],
            [
              27.7841692,
              39.5862404
            ],
            [
              27.7834789,
              39.5864116
            ],
            [
              27.7823759,
              39.586858
            ],
            [
              27.7816127,
              39.587049
            ],
            [
              27.7809164,
              39.5870965
            ],
            [
              27.7801153,
              39.5870158
            ],
            [
              27.7795916,
              39.5868733
            ],
            [
              27.7789877,
              39.5866216
            ],
            [
              27.7785563,
              39.5863414
            ],
            [
              27.7781435,
              39.5859758
            ],
            [
              27.7777244,
              39.5854106
            ],
            [
              27.7775457,
              39.5848693
            ],
            [
              27.7775088,
              39.5840524
            ],
            [
              27.7784084,
              39.5808847
            ],
            [
              27.7784701,
              39.5803528
            ],
            [
              27.7784331,
              39.5799396
            ],
            [
              27.7782729,
              39.5794457
            ],
            [
              27.778125,
              39.5789517
            ],
            [
              27.7778292,
              39.5781918
            ],
            [
              27.7775766,
              39.5778261
            ],
            [
              27.7774464,
              39.5776617
            ],
            [
              27.7771514,
              39.5773891
            ],
            [
              27.7767447,
              39.5771374
            ],
            [
              27.7763257,
              39.5769189
            ],
            [
              27.7759066,
              39.576767
            ],
            [
              27.7754814,
              39.5766672
            ],
            [
              27.7750439,
              39.5766102
            ],
            [
              27.7746372,
              39.5765912
            ],
            [
              27.7742955,
              39.5766146
            ],
            [
              27.7737877,
              39.5766819
            ],
            [
              27.7733124,
              39.5767955
            ],
            [
              27.771677,
              39.577428
            ],
            [
              27.7712803,
              39.5775259
            ],
            [
              27.7708994,
              39.5775809
            ],
            [
              27.7705106,
              39.5775992
            ],
            [
              27.7701694,
              39.5775992
            ],
            [
              27.769733,
              39.5775564
            ],
            [
              27.7694632,
              39.5775075
            ],
            [
              27.7689791,
              39.5773791
            ],
            [
              27.7657734,
              39.576058
            ],
            [
              27.7652815,
              39.5759296
            ],
            [
              27.7647975,
              39.5758623
            ],
            [
              27.7642658,
              39.5758623
            ],
            [
              27.7629724,
              39.5758218
            ],
            [
              27.7625349,
              39.5757885
            ],
            [
              27.7620357,
              39.5756888
            ],
            [
              27.7615428,
              39.5755321
            ],
            [
              27.7610857,
              39.5753164
            ],
            [
              27.7606193,
              39.5749683
            ],
            [
              27.7602426,
              39.5746249
            ],
            [
              27.7601026,
              39.5744799
            ],
            [
              27.7599873,
              39.5743609
            ],
            [
              27.7571419,
              39.571425
            ],
            [
              27.7570118,
              39.5712907
            ],
            [
              27.7566587,
              39.5709555
            ],
            [
              27.7563167,
              39.5706638
            ],
            [
              27.7559746,
              39.5704562
            ],
            [
              27.7555711,
              39.5702913
            ],
            [
              27.7551077,
              39.5701249
            ],
            [
              27.7545872,
              39.570027
            ],
            [
              27.7540476,
              39.5699536
            ],
            [
              27.7518513,
              39.5698362
            ],
            [
              27.7512101,
              39.5698362
            ],
            [
              27.7505309,
              39.5698949
            ],
            [
              27.7495727,
              39.5700616
            ],
            [
              27.7489557,
              39.5702374
            ],
            [
              27.7474084,
              39.5707452
            ],
            [
              27.7466466,
              39.5708553
            ],
            [
              27.745861,
              39.5708227
            ],
            [
              27.7449168,
              39.5706045
            ],
            [
              27.7419265,
              39.5697648
            ],
            [
              27.7389597,
              39.5688702
            ],
            [
              27.7383884,
              39.5687152
            ],
            [
              27.7370325,
              39.5683194
            ],
            [
              27.736636,
              39.5682269
            ],
            [
              27.7361791,
              39.5681871
            ],
            [
              27.7354055,
              39.5681795
            ],
            [
              27.7347211,
              39.5682511
            ],
            [
              27.7338236,
              39.5684803
            ],
            [
              27.7328792,
              39.5687176
            ],
            [
              27.7323157,
              39.5688504
            ],
            [
              27.7317626,
              39.5689268
            ],
            [
              27.7302819,
              39.5690558
            ],
            [
              27.7261118,
              39.5690178
            ],
            [
              27.7251518,
              39.5690837
            ],
            [
              27.7237795,
              39.5694939
            ],
            [
              27.7224229,
              39.5699967
            ],
            [
              27.7219585,
              39.5701214
            ],
            [
              27.7212486,
              39.5702007
            ],
            [
              27.720709,
              39.5702252
            ],
            [
              27.7201462,
              39.5701726
            ],
            [
              27.7196158,
              39.5700007
            ],
            [
              27.7190783,
              39.5697674
            ],
            [
              27.7185513,
              39.5694416
            ],
            [
              27.7181861,
              39.5690354
            ],
            [
              27.7177687,
              39.5684924
            ],
            [
              27.7162608,
              39.5650654
            ],
            [
              27.7161877,
              39.5647276
            ],
            [
              27.7161616,
              39.5644259
            ],
            [
              27.7162138,
              39.5634645
            ],
            [
              27.716146,
              39.5630422
            ],
            [
              27.7160207,
              39.562652
            ],
            [
              27.7158433,
              39.5623141
            ],
            [
              27.7155459,
              39.5619038
            ],
            [
              27.7152798,
              39.5616222
            ],
            [
              27.7149459,
              39.5613487
            ],
            [
              27.7146067,
              39.5611998
            ],
            [
              27.714401,
              39.561112
            ],
            [
              27.7138397,
              39.5609303
            ],
            [
              27.7134528,
              39.5608315
            ],
            [
              27.712945,
              39.5607458
            ],
            [
              27.7124451,
              39.5607397
            ],
            [
              27.7120008,
              39.5607703
            ],
            [
              27.7114453,
              39.5608682
            ],
            [
              27.7111438,
              39.5609905
            ],
            [
              27.7108865,
              39.5611234
            ],
            [
              27.710419,
              39.5614055
            ],
            [
              27.710276,
              39.5615056
            ],
            [
              27.7097386,
              39.5620647
            ],
            [
              27.7095403,
              39.5624026
            ],
            [
              27.7094255,
              39.5626962
            ],
            [
              27.7092846,
              39.5630985
            ],
            [
              27.7092325,
              39.5634323
            ],
            [
              27.709269,
              39.5638265
            ],
            [
              27.7093003,
              39.5640598
            ],
            [
              27.7094099,
              39.5643092
            ],
            [
              27.7100602,
              39.5654805
            ],
            [
              27.711125,
              39.5668258
            ],
            [
              27.7117391,
              39.5676943
            ],
            [
              27.7120042,
              39.5681745
            ],
            [
              27.7120925,
              39.5686104
            ],
            [
              27.7121146,
              39.5690566
            ],
            [
              27.7120351,
              39.5694551
            ],
            [
              27.7118981,
              39.569782
            ],
            [
              27.7116772,
              39.5701669
            ],
            [
              27.7111117,
              39.5707594
            ],
            [
              27.7107494,
              39.571008
            ],
            [
              27.710365,
              39.571243
            ],
            [
              27.7099763,
              39.5713997
            ],
            [
              27.7095212,
              39.5715257
            ],
            [
              27.7091236,
              39.57157
            ],
            [
              27.7086729,
              39.5715972
            ],
            [
              27.7081162,
              39.571587
            ],
            [
              27.7070471,
              39.5715734
            ],
            [
              27.7062695,
              39.5716551
            ],
            [
              27.7053682,
              39.5718731
            ],
            [
              27.7049087,
              39.5719684
            ],
            [
              27.7044713,
              39.5720365
            ],
            [
              27.7041125,
              39.5720642
            ],
            [
              27.7038087,
              39.5720761
            ],
            [
              27.7032334,
              39.5720761
            ],
            [
              27.7026779,
              39.5719767
            ],
            [
              27.7021493,
              39.5717672
            ],
            [
              27.7016903,
              39.571533
            ],
            [
              27.7013566,
              39.5713061
            ],
            [
              27.7010723,
              39.571064
            ],
            [
              27.7007915,
              39.5707587
            ],
            [
              27.7005481,
              39.5703644
            ],
            [
              27.699554,
              39.5687807
            ],
            [
              27.699015,
              39.5679838
            ],
            [
              27.6987941,
              39.5675955
            ],
            [
              27.6986828,
              39.567191
            ],
            [
              27.6986197,
              39.5667987
            ],
            [
              27.698646,
              39.5664164
            ],
            [
              27.698673,
              39.5661672
            ],
            [
              27.698768,
              39.5658861
            ],
            [
              27.6990455,
              39.5652652
            ],
            [
              27.6996947,
              39.5636596
            ],
            [
              27.6997976,
              39.5631818
            ],
            [
              27.6997929,
              39.5627052
            ],
            [
              27.6996621,
              39.5622562
            ],
            [
              27.6994491,
              39.5617986
            ],
            [
              27.6992034,
              39.5614705
            ],
            [
              27.6988469,
              39.5611235
            ],
            [
              27.6983869,
              39.5608019
            ],
            [
              27.69782,
              39.5605332
            ],
            [
              27.6973138,
              39.5603909
            ],
            [
              27.6967654,
              39.5603107
            ],
            [
              27.6961925,
              39.5603002
            ],
            [
              27.6956059,
              39.5603704
            ],
            [
              27.6950504,
              39.5604851
            ],
            [
              27.6946735,
              39.5606304
            ],
            [
              27.6937983,
              39.5609679
            ],
            [
              27.6930398,
              39.5611836
            ],
            [
              27.6924749,
              39.5612607
            ],
            [
              27.69198,
              39.56126
            ],
            [
              27.6893997,
              39.5610633
            ],
            [
              27.6888343,
              39.5609716
            ],
            [
              27.6883582,
              39.5608033
            ],
            [
              27.6878127,
              39.5605816
            ],
            [
              27.6874688,
              39.5603202
            ],
            [
              27.6870909,
              39.5599746
            ],
            [
              27.6843439,
              39.5574152
            ],
            [
              27.684087,
              39.557135
            ],
            [
              27.6833222,
              39.5560579
            ],
            [
              27.6829708,
              39.5556898
            ],
            [
              27.6825442,
              39.5553564
            ],
            [
              27.68213,
              39.5551147
            ],
            [
              27.6815378,
              39.5548974
            ],
            [
              27.6805599,
              39.5545771
            ],
            [
              27.6801898,
              39.5544226
            ],
            [
              27.6798426,
              39.554212
            ],
            [
              27.6790115,
              39.5536517
            ],
            [
              27.6785557,
              39.5533245
            ],
            [
              27.6782132,
              39.5530102
            ],
            [
              27.6779329,
              39.5526855
            ],
            [
              27.6771714,
              39.5514892
            ],
            [
              27.677014,
              39.551244
            ],
            [
              27.6768077,
              39.5509687
            ],
            [
              27.6763808,
              39.5505741
            ],
            [
              27.6760335,
              39.5503221
            ],
            [
              27.6756663,
              39.5501392
            ],
            [
              27.6752722,
              39.5499683
            ],
            [
              27.6747988,
              39.5498579
            ],
            [
              27.6742843,
              39.5497938
            ],
            [
              27.673754,
              39.5497527
            ],
            [
              27.673268,
              39.5497429
            ],
            [
              27.6729198,
              39.5497027
            ],
            [
              27.6725813,
              39.5496495
            ],
            [
              27.6722888,
              39.5495869
            ],
            [
              27.672007,
              39.5495071
            ],
            [
              27.6716997,
              39.5493675
            ],
            [
              27.6714178,
              39.549199
            ],
            [
              27.6711167,
              39.5489869
            ],
            [
              27.6708327,
              39.5487601
            ],
            [
              27.6693743,
              39.547338
            ],
            [
              27.668808,
              39.5467873
            ],
            [
              27.6686584,
              39.5465751
            ],
            [
              27.6681878,
              39.5458849
            ],
            [
              27.6680124,
              39.5454557
            ],
            [
              27.6674449,
              39.5439936
            ],
            [
              27.6673313,
              39.5437177
            ],
            [
              27.6670472,
              39.5433729
            ],
            [
              27.6667543,
              39.543053
            ],
            [
              27.6664187,
              39.5427206
            ],
            [
              27.665504,
              39.5421497
            ],
            [
              27.6652215,
              39.5419686
            ],
            [
              27.664889,
              39.5416813
            ],
            [
              27.6646155,
              39.5413643
            ],
            [
              27.6644688,
              39.5411507
            ],
            [
              27.6642199,
              39.5406638
            ],
            [
              27.6639607,
              39.5401697
            ],
            [
              27.6636424,
              39.5397514
            ],
            [
              27.6632027,
              39.5393714
            ],
            [
              27.6627792,
              39.5391134
            ],
            [
              27.6623909,
              39.5389595
            ],
            [
              27.6619502,
              39.538828
            ],
            [
              27.661123,
              39.5386466
            ],
            [
              27.6608456,
              39.5385813
            ],
            [
              27.6603983,
              39.5384266
            ],
            [
              27.6600116,
              39.5382556
            ],
            [
              27.6596261,
              39.5380195
            ],
            [
              27.6592761,
              39.5377326
            ],
            [
              27.6589976,
              39.5374329
            ],
            [
              27.6587793,
              39.5371038
            ],
            [
              27.6586696,
              39.5368931
            ],
            [
              27.6585959,
              39.5366716
            ],
            [
              27.6585022,
              39.536349
            ],
            [
              27.658463,
              39.5360406
            ],
            [
              27.6584458,
              39.5357756
            ],
            [
              27.6585617,
              39.5353624
            ],
            [
              27.6589505,
              39.5349164
            ],
            [
              27.6594548,
              39.5341982
            ],
            [
              27.6599627,
              39.5335405
            ],
            [
              27.6603709,
              39.5330711
            ],
            [
              27.6606868,
              39.5328267
            ],
            [
              27.6610565,
              39.5325846
            ],
            [
              27.6614725,
              39.5323876
            ],
            [
              27.6637498,
              39.5316226
            ],
            [
              27.6644799,
              39.5313472
            ],
            [
              27.6651226,
              39.531029
            ],
            [
              27.6656939,
              39.530625
            ],
            [
              27.6661303,
              39.5302578
            ],
            [
              27.6665032,
              39.5298723
            ],
            [
              27.6668048,
              39.5294806
            ],
            [
              27.6670666,
              39.5289726
            ],
            [
              27.6672412,
              39.5285442
            ],
            [
              27.6702168,
              39.5170494
            ],
            [
              27.6703913,
              39.5166515
            ],
            [
              27.6706532,
              39.5161863
            ],
            [
              27.670923,
              39.515868
            ],
            [
              27.6710433,
              39.5157385
            ],
            [
              27.6714052,
              39.5153497
            ],
            [
              27.6742409,
              39.512304
            ],
            [
              27.6743617,
              39.5121681
            ],
            [
              27.6745772,
              39.5119362
            ],
            [
              27.6748335,
              39.5116298
            ],
            [
              27.6750512,
              39.5112443
            ],
            [
              27.6751794,
              39.5108885
            ],
            [
              27.6752519,
              39.5105978
            ],
            [
              27.67531,
              39.5100998
            ],
            [
              27.6752793,
              39.5096017
            ],
            [
              27.6745824,
              39.5066998
            ],
            [
              27.6744081,
              39.5062807
            ],
            [
              27.6741519,
              39.5058458
            ],
            [
              27.673817,
              39.505443
            ],
            [
              27.6713635,
              39.5026527
            ],
            [
              27.6705719,
              39.5017195
            ],
            [
              27.6701671,
              39.501185
            ],
            [
              27.6697567,
              39.5006035
            ],
            [
              27.6694497,
              39.5000096
            ],
            [
              27.6692399,
              39.4995411
            ],
            [
              27.6689861,
              39.4988257
            ],
            [
              27.6685004,
              39.4971819
            ],
            [
              27.6679108,
              39.4951544
            ],
            [
              27.6678671,
              39.4950096
            ],
            [
              27.6676653,
              39.4943415
            ],
            [
              27.6671538,
              39.4925654
            ],
            [
              27.666911,
              39.4919095
            ],
            [
              27.6665909,
              39.4912707
            ],
            [
              27.6660721,
              39.4904955
            ],
            [
              27.6654651,
              39.4897204
            ],
            [
              27.6649353,
              39.4891667
            ],
            [
              27.6644832,
              39.4887946
            ],
            [
              27.6639111,
              39.4883421
            ],
            [
              27.6632612,
              39.4878896
            ],
            [
              27.6626607,
              39.4875189
            ],
            [
              27.6588532,
              39.4854854
            ],
            [
              27.6561082,
              39.4840083
            ],
            [
              27.6554607,
              39.4835971
            ],
            [
              27.6550869,
              39.4833242
            ],
            [
              27.6547,
              39.4829496
            ],
            [
              27.6542045,
              39.4823748
            ],
            [
              27.6539337,
              39.4818238
            ],
            [
              27.6537198,
              39.4812183
            ],
            [
              27.6529009,
              39.4787907
            ],
            [
              27.6528282,
              39.4783105
            ],
            [
              27.6528123,
              39.4778524
            ],
            [
              27.6528789,
              39.4774469
            ],
            [
              27.6530108,
              39.4769652
            ],
            [
              27.6532305,
              39.4765487
            ],
            [
              27.6534975,
              39.4761507
            ],
            [
              27.6592205,
              39.4688276
            ],
            [
              27.6595031,
              39.4684514
            ],
            [
              27.6596938,
              39.4680478
            ],
            [
              27.6597856,
              39.4677315
            ],
            [
              27.6598421,
              39.4673498
            ],
            [
              27.6598139,
              39.4669626
            ],
            [
              27.6597079,
              39.4665427
            ],
            [
              27.6595596,
              39.4662155
            ],
            [
              27.6593335,
              39.4658828
            ],
            [
              27.6590015,
              39.4655283
            ],
            [
              27.6586554,
              39.4652611
            ],
            [
              27.6581891,
              39.4649993
            ],
            [
              27.6577865,
              39.4648357
            ],
            [
              27.6572991,
              39.464683
            ],
            [
              27.656741,
              39.4646067
            ],
            [
              27.6560275,
              39.4645903
            ],
            [
              27.6534562,
              39.4646449
            ],
            [
              27.6528487,
              39.4645903
            ],
            [
              27.6523471,
              39.4645085
            ],
            [
              27.6517679,
              39.4643449
            ],
            [
              27.6511321,
              39.4640777
            ],
            [
              27.6505458,
              39.4637886
            ],
            [
              27.6499807,
              39.463456
            ],
            [
              27.6495003,
              39.4631506
            ],
            [
              27.649133,
              39.4628179
            ],
            [
              27.6488504,
              39.4624797
            ],
            [
              27.6486314,
              39.4621034
            ],
            [
              27.6485043,
              39.4617326
            ],
            [
              27.6484336,
              39.4613181
            ],
            [
              27.6484357,
              39.4606761
            ],
            [
              27.6485538,
              39.4603696
            ],
            [
              27.6487282,
              39.460046
            ],
            [
              27.6491873,
              39.4593752
            ],
            [
              27.6495971,
              39.4589934
            ],
            [
              27.650028,
              39.4587752
            ],
            [
              27.6504447,
              39.4586334
            ],
            [
              27.6508964,
              39.4585652
            ],
            [
              27.6514593,
              39.4585312
            ],
            [
              27.6523534,
              39.4585738
            ],
            [
              27.6541746,
              39.4587357
            ],
            [
              27.654662,
              39.458797
            ],
            [
              27.6551,
              39.4588789
            ],
            [
              27.6555874,
              39.4590152
            ],
            [
              27.6573464,
              39.4596261
            ],
            [
              27.658081,
              39.4599042
            ],
            [
              27.6585967,
              39.4601714
            ],
            [
              27.6589994,
              39.4603842
            ],
            [
              27.6593667,
              39.460695
            ],
            [
              27.6606806,
              39.4617913
            ],
            [
              27.6610267,
              39.4620094
            ],
            [
              27.66138,
              39.4621839
            ],
            [
              27.661825,
              39.4623475
            ],
            [
              27.6623336,
              39.4624403
            ],
            [
              27.6628281,
              39.4625002
            ],
            [
              27.6633226,
              39.4624784
            ],
            [
              27.6637959,
              39.4624293
            ],
            [
              27.664248,
              39.4623257
            ],
            [
              27.6646294,
              39.4621894
            ],
            [
              27.6651592,
              39.4619167
            ],
            [
              27.6657738,
              39.4614258
            ],
            [
              27.6660528,
              39.4610686
            ],
            [
              27.6662436,
              39.4607141
            ],
            [
              27.6663637,
              39.4602833
            ],
            [
              27.666399,
              39.4596233
            ],
            [
              27.6663707,
              39.458778
            ],
            [
              27.6662776,
              39.4583208
            ],
            [
              27.6661562,
              39.4577925
            ],
            [
              27.666112,
              39.4572215
            ],
            [
              27.6661235,
              39.4568158
            ],
            [
              27.6661765,
              39.4563249
            ],
            [
              27.6664061,
              39.4550772
            ],
            [
              27.666459,
              39.4545523
            ],
            [
              27.6663266,
              39.454
            ],
            [
              27.6661412,
              39.4535432
            ],
            [
              27.6658674,
              39.4531409
            ],
            [
              27.6655142,
              39.4527864
            ],
            [
              27.6650727,
              39.4524727
            ],
            [
              27.6645517,
              39.4522
            ],
            [
              27.6638718,
              39.4519955
            ],
            [
              27.6632714,
              39.4519205
            ],
            [
              27.6627857,
              39.4519136
            ],
            [
              27.6621676,
              39.4519955
            ],
            [
              27.661629,
              39.4521318
            ],
            [
              27.6598188,
              39.4528614
            ],
            [
              27.6578409,
              39.4538364
            ],
            [
              27.6572846,
              39.4540545
            ],
            [
              27.6566841,
              39.4542659
            ],
            [
              27.6554832,
              39.4546273
            ],
            [
              27.6548916,
              39.4547363
            ],
            [
              27.6544678,
              39.45475
            ],
            [
              27.6540086,
              39.4547159
            ],
            [
              27.653417,
              39.4546204
            ],
            [
              27.6529048,
              39.4544636
            ],
            [
              27.6524015,
              39.4542318
            ],
            [
              27.6495317,
              39.4528137
            ],
            [
              27.6490726,
              39.4524932
            ],
            [
              27.6487105,
              39.4521182
            ],
            [
              27.6484456,
              39.4517227
            ],
            [
              27.6483043,
              39.451375
            ],
            [
              27.6482337,
              39.4509864
            ],
            [
              27.6481807,
              39.4505841
            ],
            [
              27.648216,
              39.4501545
            ],
            [
              27.648375,
              39.4497113
            ],
            [
              27.648631,
              39.4492954
            ],
            [
              27.6489489,
              39.4489477
            ],
            [
              27.6492492,
              39.4486954
            ],
            [
              27.6502116,
              39.448034
            ],
            [
              27.6505737,
              39.4477135
            ],
            [
              27.6508297,
              39.4473726
            ],
            [
              27.6511123,
              39.4468816
            ],
            [
              27.6512359,
              39.4463293
            ],
            [
              27.6512271,
              39.4458792
            ],
            [
              27.6511388,
              39.4455042
            ],
            [
              27.6509092,
              39.4450542
            ],
            [
              27.650662,
              39.4446518
            ],
            [
              27.6503176,
              39.4442973
            ],
            [
              27.6499467,
              39.444045
            ],
            [
              27.6495229,
              39.4437926
            ],
            [
              27.6489313,
              39.4435744
            ],
            [
              27.6484721,
              39.4434722
            ],
            [
              27.6472846,
              39.4432782
            ],
            [
              27.6464571,
              39.443143
            ],
            [
              27.645733,
              39.4430203
            ],
            [
              27.6450884,
              39.4428225
            ],
            [
              27.6444791,
              39.4425361
            ],
            [
              27.6436238,
              39.4420716
            ],
            [
              27.6372429,
              39.4376766
            ],
            [
              27.6357425,
              39.4366194
            ],
            [
              27.6354105,
              39.4363571
            ],
            [
              27.6351879,
              39.4361446
            ],
            [
              27.6348936,
              39.4357756
            ],
            [
              27.6346464,
              39.4353391
            ],
            [
              27.6344461,
              39.4347793
            ],
            [
              27.6343825,
              39.4343047
            ],
            [
              27.6343825,
              39.4337973
            ],
            [
              27.6344463,
              39.4332451
            ],
            [
              27.6346708,
              39.4326875
            ],
            [
              27.6349463,
              39.4322456
            ],
            [
              27.6353638,
              39.431817
            ],
            [
              27.6358018,
              39.4314514
            ],
            [
              27.6363386,
              39.4311404
            ],
            [
              27.6369038,
              39.4309003
            ],
            [
              27.6374972,
              39.4307148
            ],
            [
              27.6412362,
              39.4297582
            ],
            [
              27.6450786,
              39.428846
            ],
            [
              27.653688,
              39.4268353
            ],
            [
              27.6542752,
              39.4266181
            ],
            [
              27.654752,
              39.4263589
            ],
            [
              27.65522,
              39.4259837
            ],
            [
              27.6555587,
              39.425706
            ],
            [
              27.6558236,
              39.4253334
            ],
            [
              27.6560063,
              39.4249237
            ],
            [
              27.6561061,
              39.4244552
            ],
            [
              27.6560849,
              39.424206
            ],
            [
              27.6560757,
              39.4240971
            ],
            [
              27.6560349,
              39.4236174
            ],
            [
              27.6558273,
              39.4231019
            ],
            [
              27.6554647,
              39.4222175
            ],
            [
              27.6551836,
              39.421706
            ],
            [
              27.6549494,
              39.4213609
            ],
            [
              27.6548169,
              39.4212464
            ],
            [
              27.6545097,
              39.4209839
            ],
            [
              27.6538695,
              39.4206094
            ],
            [
              27.6528111,
              39.4200536
            ],
            [
              27.6525982,
              39.4199364
            ],
            [
              27.6521253,
              39.4196165
            ],
            [
              27.6519157,
              39.4193515
            ],
            [
              27.651727,
              39.4190266
            ],
            [
              27.6516072,
              39.4187195
            ],
            [
              27.651494,
              39.4184559
            ],
            [
              27.6514136,
              39.4181264
            ],
            [
              27.6513973,
              39.4178461
            ],
            [
              27.6508774,
              39.4029896
            ],
            [
              27.6503409,
              39.3847248
            ],
            [
              27.6501544,
              39.3791958
            ],
            [
              27.650151,
              39.3790762
            ],
            [
              27.6501029,
              39.3769524
            ],
            [
              27.6500295,
              39.3752179
            ],
            [
              27.6499616,
              39.3742328
            ],
            [
              27.6499576,
              39.3740576
            ],
            [
              27.6499499,
              39.373019
            ],
            [
              27.6508475,
              39.361578
            ],
            [
              27.650961,
              39.3609373
            ],
            [
              27.651131,
              39.3602974
            ],
            [
              27.6513124,
              39.3597539
            ],
            [
              27.6515845,
              39.3591403
            ],
            [
              27.6519133,
              39.3585179
            ],
            [
              27.6523895,
              39.357843
            ],
            [
              27.6540221,
              39.3558004
            ],
            [
              27.6577402,
              39.3512592
            ],
            [
              27.6580945,
              39.3507332
            ],
            [
              27.6582306,
              39.3503891
            ],
            [
              27.658389,
              39.3499128
            ],
            [
              27.6584286,
              39.3495206
            ],
            [
              27.658406,
              39.3489951
            ],
            [
              27.6582533,
              39.3484691
            ],
            [
              27.6580832,
              39.348057
            ],
            [
              27.6577771,
              39.3475573
            ],
            [
              27.6573916,
              39.3471627
            ],
            [
              27.6528793,
              39.3428841
            ],
            [
              27.6524954,
              39.3424622
            ],
            [
              27.6524485,
              39.3424106
            ],
            [
              27.6521311,
              39.3419635
            ],
            [
              27.6519156,
              39.3414812
            ],
            [
              27.651859,
              39.3409551
            ],
            [
              27.6519156,
              39.3404816
            ],
            [
              27.6520857,
              39.3399994
            ],
            [
              27.6523465,
              39.339596
            ],
            [
              27.6527433,
              39.3391313
            ],
            [
              27.6532308,
              39.3388244
            ],
            [
              27.6536503,
              39.3385964
            ],
            [
              27.6542171,
              39.3383948
            ],
            [
              27.6559631,
              39.3380528
            ],
            [
              27.6564619,
              39.3378599
            ],
            [
              27.6569835,
              39.3375881
            ],
            [
              27.6574143,
              39.3372461
            ],
            [
              27.6577771,
              39.3368515
            ],
            [
              27.6580432,
              39.3364435
            ],
            [
              27.6581883,
              39.3360731
            ],
            [
              27.6582463,
              39.335613
            ],
            [
              27.6582173,
              39.3352257
            ],
            [
              27.6581375,
              39.3348441
            ],
            [
              27.6579633,
              39.3344569
            ],
            [
              27.6577732,
              39.3341504
            ],
            [
              27.6575817,
              39.333917
            ],
            [
              27.6573379,
              39.333688
            ],
            [
              27.6570128,
              39.3334366
            ],
            [
              27.6565658,
              39.3331896
            ],
            [
              27.656235,
              39.3330325
            ],
            [
              27.6558054,
              39.3328933
            ],
            [
              27.6552888,
              39.33279
            ],
            [
              27.6546909,
              39.3327676
            ],
            [
              27.6541743,
              39.3328125
            ],
            [
              27.6536286,
              39.3329472
            ],
            [
              27.6526825,
              39.3332255
            ],
            [
              27.6521775,
              39.3333423
            ],
            [
              27.6516202,
              39.3334096
            ],
            [
              27.6510745,
              39.3333872
            ],
            [
              27.6504941,
              39.3333019
            ],
            [
              27.6500877,
              39.3332076
            ],
            [
              27.6495653,
              39.3329921
            ],
            [
              27.6488281,
              39.3326149
            ],
            [
              27.648416,
              39.3324488
            ],
            [
              27.6480096,
              39.3323321
            ],
            [
              27.6474582,
              39.3322198
            ],
            [
              27.6462218,
              39.3320178
            ],
            [
              27.6457342,
              39.3318786
            ],
            [
              27.6453627,
              39.3317214
            ],
            [
              27.6450318,
              39.3315688
            ],
            [
              27.6446893,
              39.3313263
            ],
            [
              27.6441785,
              39.3308683
            ],
            [
              27.6438476,
              39.3305989
            ],
            [
              27.6434239,
              39.3303206
            ],
            [
              27.6429769,
              39.330123
            ],
            [
              27.6424603,
              39.329912
            ],
            [
              27.641874,
              39.3297638
            ],
            [
              27.6407189,
              39.3295079
            ],
            [
              27.6401094,
              39.3293283
            ],
            [
              27.6395695,
              39.3291038
            ],
            [
              27.6389368,
              39.3287356
            ],
            [
              27.6383796,
              39.3283315
            ],
            [
              27.6380429,
              39.3280037
            ],
            [
              27.637683,
              39.3276041
            ],
            [
              27.6373928,
              39.3271775
            ],
            [
              27.6368424,
              39.3258282
            ],
            [
              27.6301528,
              39.3114827
            ],
            [
              27.6275831,
              39.3061022
            ],
            [
              27.6272078,
              39.3055134
            ],
            [
              27.6268059,
              39.3049346
            ],
            [
              27.6263777,
              39.3044053
            ],
            [
              27.6258263,
              39.303853
            ],
            [
              27.6252243,
              39.303338
            ],
            [
              27.622842,
              39.3015437
            ],
            [
              27.616914,
              39.2972483
            ],
            [
              27.6148345,
              39.2958666
            ],
            [
              27.6135732,
              39.2948685
            ],
            [
              27.6121986,
              39.2936402
            ],
            [
              27.60955,
              39.2911613
            ],
            [
              27.6060623,
              39.2879639
            ],
            [
              27.6026028,
              39.2848805
            ],
            [
              27.6017461,
              39.2840306
            ],
            [
              27.6011304,
              39.2832191
            ],
            [
              27.6006454,
              39.2824365
            ],
            [
              27.6003667,
              39.2819787
            ],
            [
              27.598048,
              39.278169
            ],
            [
              27.5976272,
              39.277595
            ],
            [
              27.5971123,
              39.2770689
            ],
            [
              27.5965498,
              39.2766337
            ],
            [
              27.5929927,
              39.2747467
            ],
            [
              27.5922784,
              39.2743138
            ],
            [
              27.5918535,
              39.2739281
            ],
            [
              27.5916267,
              39.2736225
            ],
            [
              27.5914094,
              39.2732425
            ],
            [
              27.591338,
              39.2728363
            ],
            [
              27.5913374,
              39.2723107
            ],
            [
              27.5913774,
              39.2718759
            ],
            [
              27.591502,
              39.2715436
            ],
            [
              27.5917848,
              39.271037
            ],
            [
              27.592139,
              39.2706509
            ],
            [
              27.5925771,
              39.2703116
            ],
            [
              27.5931213,
              39.2700571
            ],
            [
              27.5938015,
              39.2698464
            ],
            [
              27.596001,
              39.269232
            ],
            [
              27.5965792,
              39.2689336
            ],
            [
              27.5971127,
              39.2685939
            ],
            [
              27.5974802,
              39.2681974
            ],
            [
              27.5977823,
              39.2677099
            ],
            [
              27.5979704,
              39.2671689
            ],
            [
              27.598011,
              39.2666835
            ],
            [
              27.5978891,
              39.2660804
            ],
            [
              27.5976743,
              39.2655512
            ],
            [
              27.5972268,
              39.265056
            ],
            [
              27.5967866,
              39.2646966
            ],
            [
              27.5961891,
              39.264391
            ],
            [
              27.5948139,
              39.2637889
            ],
            [
              27.5940503,
              39.2632937
            ],
            [
              27.5935195,
              39.2627624
            ],
            [
              27.5930913,
              39.2621206
            ],
            [
              27.5916541,
              39.2597194
            ],
            [
              27.5913053,
              39.2590471
            ],
            [
              27.5910933,
              39.2583449
            ],
            [
              27.5901509,
              39.2536332
            ],
            [
              27.5899922,
              39.2530362
            ],
            [
              27.5897654,
              39.2525709
            ],
            [
              27.5894026,
              39.2520091
            ],
            [
              27.5890058,
              39.2515525
            ],
            [
              27.585082,
              39.2468572
            ],
            [
              27.58361,
              39.2449721
            ],
            [
              27.5831409,
              39.2444417
            ],
            [
              27.5811567,
              39.2422901
            ],
            [
              27.5804525,
              39.2412869
            ],
            [
              27.579909,
              39.2403551
            ],
            [
              27.5766254,
              39.2347116
            ],
            [
              27.5762853,
              39.2340267
            ],
            [
              27.5759678,
              39.2332451
            ],
            [
              27.5757184,
              39.2323318
            ],
            [
              27.5749262,
              39.2288608
            ],
            [
              27.5748421,
              39.2281019
            ],
            [
              27.5749035,
              39.2272475
            ],
            [
              27.5750029,
              39.2266619
            ],
            [
              27.5751059,
              39.226315
            ],
            [
              27.5751572,
              39.2261097
            ],
            [
              27.5754335,
              39.2253922
            ],
            [
              27.5758799,
              39.2246302
            ],
            [
              27.5764301,
              39.2238509
            ],
            [
              27.5771679,
              39.2231328
            ],
            [
              27.5779203,
              39.2223359
            ],
            [
              27.5784926,
              39.2218017
            ],
            [
              27.5792309,
              39.221194
            ],
            [
              27.5799523,
              39.2207206
            ],
            [
              27.5807075,
              39.2202876
            ],
            [
              27.5813349,
              39.2199723
            ],
            [
              27.5832935,
              39.2191315
            ],
            [
              27.5839633,
              39.2187374
            ],
            [
              27.5844126,
              39.2183564
            ],
            [
              27.5848281,
              39.2178966
            ],
            [
              27.5851503,
              39.2173711
            ],
            [
              27.5853453,
              39.2167865
            ],
            [
              27.5854131,
              39.2161953
            ],
            [
              27.5853622,
              39.2155384
            ],
            [
              27.5851927,
              39.2150326
            ],
            [
              27.5849977,
              39.2142509
            ],
            [
              27.5849163,
              39.213576
            ],
            [
              27.5849553,
              39.2130159
            ],
            [
              27.5851503,
              39.2123787
            ],
            [
              27.5855488,
              39.2117612
            ],
            [
              27.5859897,
              39.2112685
            ],
            [
              27.5865408,
              39.2108152
            ],
            [
              27.5916533,
              39.2073399
            ],
            [
              27.5924418,
              39.2069654
            ],
            [
              27.5931879,
              39.2067224
            ],
            [
              27.5938153,
              39.2066501
            ],
            [
              27.5944512,
              39.2066041
            ],
            [
              27.5950786,
              39.2066369
            ],
            [
              27.59574,
              39.2067289
            ],
            [
              27.5964691,
              39.2069457
            ],
            [
              27.5971319,
              39.2071384
            ],
            [
              27.5994196,
              39.2078392
            ],
            [
              27.6002929,
              39.2080232
            ],
            [
              27.6011069,
              39.2080889
            ],
            [
              27.6022006,
              39.208102
            ],
            [
              27.6067737,
              39.2079936
            ],
            [
              27.6073501,
              39.2079411
            ],
            [
              27.6079181,
              39.207836
            ],
            [
              27.6084521,
              39.2076521
            ],
            [
              27.6092347,
              39.2074098
            ],
            [
              27.6095737,
              39.207285
            ],
            [
              27.6106475,
              39.2068639
            ],
            [
              27.6111731,
              39.206634
            ],
            [
              27.6117521,
              39.2063037
            ],
            [
              27.6173056,
              39.2028871
            ],
            [
              27.6174897,
              39.2027295
            ],
            [
              27.618467,
              39.2021474
            ],
            [
              27.6225806,
              39.1996624
            ],
            [
              27.6241655,
              39.1987024
            ],
            [
              27.6282045,
              39.1962546
            ],
            [
              27.6295654,
              39.1953986
            ],
            [
              27.6303403,
              39.1949169
            ],
            [
              27.6311469,
              39.1944322
            ],
            [
              27.6344784,
              39.1924169
            ],
            [
              27.6359932,
              39.1915845
            ],
            [
              27.6371416,
              39.1909987
            ],
            [
              27.6455745,
              39.1868588
            ],
            [
              27.6459691,
              39.1865828
            ],
            [
              27.65494,
              39.1820972
            ],
            [
              27.6560235,
              39.1813446
            ],
            [
              27.656874,
              39.180414
            ],
            [
              27.6601489,
              39.1762598
            ],
            [
              27.6606207,
              39.1757313
            ],
            [
              27.6615237,
              39.1748872
            ],
            [
              27.6627076,
              39.1742394
            ],
            [
              27.6640426,
              39.1738196
            ],
            [
              27.6681484,
              39.1728363
            ],
            [
              27.6694032,
              39.1723292
            ],
            [
              27.6704631,
              39.171618
            ],
            [
              27.6712664,
              39.1707135
            ],
            [
              27.671774,
              39.1696657
            ],
            [
              27.672577,
              39.167478
            ],
            [
              27.6730462,
              39.166441
            ],
            [
              27.6737742,
              39.1655168
            ],
            [
              27.6747591,
              39.1647429
            ],
            [
              27.6768691,
              39.1632928
            ],
            [
              27.6778639,
              39.1624945
            ],
            [
              27.6786249,
              39.1615439
            ],
            [
              27.6833586,
              39.1513447
            ],
            [
              27.6835804,
              39.1508617
            ],
            [
              27.6840584,
              39.1497096
            ],
            [
              27.6843569,
              39.1485005
            ],
            [
              27.6847189,
              39.141451
            ],
            [
              27.6853267,
              39.129492
            ],
            [
              27.6856377,
              39.1223963
            ],
            [
              27.6856598,
              39.1216122
            ],
            [
              27.6856756,
              39.1210526
            ],
            [
              27.6860645,
              39.1130823
            ],
            [
              27.6861366,
              39.1125505
            ],
            [
              27.6861946,
              39.1120662
            ],
            [
              27.6863008,
              39.1116109
            ],
            [
              27.686547,
              39.1110572
            ],
            [
              27.6868785,
              39.110539
            ],
            [
              27.6873127,
              39.1100202
            ],
            [
              27.6878827,
              39.1095415
            ],
            [
              27.6885794,
              39.1091076
            ],
            [
              27.6901778,
              39.108275
            ],
            [
              27.6903803,
              39.1081695
            ],
            [
              27.7007018,
              39.1027929
            ],
            [
              27.7017613,
              39.1021954
            ],
            [
              27.7026856,
              39.1016028
            ],
            [
              27.7028848,
              39.1014497
            ],
            [
              27.70434,
              39.1004391
            ],
            [
              27.7055493,
              39.0996361
            ],
            [
              27.7080667,
              39.0979613
            ],
            [
              27.7237609,
              39.0869338
            ],
            [
              27.7255176,
              39.0857163
            ],
            [
              27.7298265,
              39.0828226
            ],
            [
              27.7388336,
              39.0765747
            ],
            [
              27.7407992,
              39.0752112
            ],
            [
              27.7417451,
              39.0744457
            ],
            [
              27.7422552,
              39.074069
            ],
            [
              27.742663,
              39.0736427
            ],
            [
              27.7430866,
              39.0732394
            ],
            [
              27.7434664,
              39.0728059
            ],
            [
              27.7438079,
              39.0723814
            ],
            [
              27.7440945,
              39.0719148
            ],
            [
              27.7443655,
              39.0714689
            ],
            [
              27.7445448,
              39.0710275
            ],
            [
              27.7448096,
              39.0704967
            ],
            [
              27.7449931,
              39.0699168
            ],
            [
              27.7465938,
              39.062904
            ],
            [
              27.7468944,
              39.0615818
            ],
            [
              27.7472903,
              39.0604054
            ],
            [
              27.7475812,
              39.0598051
            ],
            [
              27.7490122,
              39.0569769
            ],
            [
              27.7491506,
              39.0564909
            ],
            [
              27.7492137,
              39.0560034
            ],
            [
              27.749234,
              39.0555808
            ],
            [
              27.7491871,
              39.0551523
            ],
            [
              27.7490137,
              39.0545384
            ],
            [
              27.7487355,
              39.0539505
            ],
            [
              27.7477772,
              39.052504
            ],
            [
              27.7475077,
              39.0520594
            ],
            [
              27.7473288,
              39.0516269
            ],
            [
              27.7469378,
              39.0498134
            ],
            [
              27.7468332,
              39.0491318
            ],
            [
              27.7466531,
              39.0485002
            ],
            [
              27.7458885,
              39.0466349
            ],
            [
              27.7457613,
              39.0462196
            ],
            [
              27.7456595,
              39.0457999
            ],
            [
              27.7456254,
              39.0452094
            ],
            [
              27.7458004,
              39.0444801
            ],
            [
              27.7459118,
              39.0440227
            ],
            [
              27.7461266,
              39.0435374
            ],
            [
              27.7463811,
              39.0428603
            ],
            [
              27.74646,
              39.0426186
            ],
            [
              27.7466043,
              39.042395
            ],
            [
              27.7467514,
              39.0421712
            ],
            [
              27.7469321,
              39.0419206
            ],
            [
              27.7496518,
              39.039248
            ],
            [
              27.7501213,
              39.0387866
            ],
            [
              27.7509559,
              39.0378663
            ],
            [
              27.7548852,
              39.0327359
            ],
            [
              27.7551052,
              39.0324316
            ],
            [
              27.7554263,
              39.0320446
            ],
            [
              27.7560569,
              39.0314325
            ],
            [
              27.7566143,
              39.0309541
            ],
            [
              27.7568828,
              39.0306856
            ],
            [
              27.7573683,
              39.0302083
            ],
            [
              27.757615,
              39.0298711
            ],
            [
              27.7578242,
              39.0295067
            ],
            [
              27.7581073,
              39.0287808
            ],
            [
              27.7581975,
              39.0283894
            ],
            [
              27.7582372,
              39.0279926
            ],
            [
              27.7582476,
              39.0276514
            ],
            [
              27.7582161,
              39.0273006
            ],
            [
              27.7580911,
              39.0267378
            ],
            [
              27.7572946,
              39.0244779
            ],
            [
              27.7570978,
              39.023401
            ],
            [
              27.7570124,
              39.0225249
            ],
            [
              27.7571477,
              39.0212503
            ],
            [
              27.7574629,
              39.019751
            ],
            [
              27.7575791,
              39.0191322
            ],
            [
              27.7576048,
              39.0188352
            ],
            [
              27.7575964,
              39.0185356
            ],
            [
              27.7575117,
              39.0179475
            ],
            [
              27.7572183,
              39.0166385
            ],
            [
              27.7569859,
              39.0156758
            ],
            [
              27.7567653,
              39.0150749
            ],
            [
              27.7566775,
              39.0147392
            ],
            [
              27.7566198,
              39.014433
            ],
            [
              27.7566222,
              39.0134803
            ],
            [
              27.7566232,
              39.0130839
            ],
            [
              27.756622,
              39.0128598
            ],
            [
              27.7566357,
              39.0125979
            ],
            [
              27.7567081,
              39.0121487
            ],
            [
              27.7568277,
              39.0117452
            ],
            [
              27.7569657,
              39.0114579
            ],
            [
              27.7571877,
              39.0110843
            ],
            [
              27.7574425,
              39.0107187
            ],
            [
              27.7584542,
              39.0092933
            ],
            [
              27.759015,
              39.0084885
            ],
            [
              27.7594556,
              39.0077248
            ],
            [
              27.759686,
              39.0069186
            ],
            [
              27.7600785,
              39.0051524
            ],
            [
              27.7601898,
              39.0047643
            ],
            [
              27.7603334,
              39.0044322
            ],
            [
              27.7605171,
              39.0041052
            ],
            [
              27.7607208,
              39.0038042
            ],
            [
              27.7609637,
              39.0035105
            ],
            [
              27.7620513,
              39.0024896
            ],
            [
              27.7623469,
              39.0021642
            ],
            [
              27.7626086,
              39.0018405
            ],
            [
              27.7631156,
              39.0008914
            ],
            [
              27.7632236,
              39.0004168
            ],
            [
              27.763423,
              38.9996771
            ],
            [
              27.7635165,
              38.998935
            ],
            [
              27.7634765,
              38.9973208
            ],
            [
              27.7634631,
              38.9962828
            ],
            [
              27.7636368,
              38.9951928
            ],
            [
              27.7645984,
              38.9919955
            ],
            [
              27.7647921,
              38.9912065
            ],
            [
              27.7648388,
              38.9904227
            ],
            [
              27.7646852,
              38.9897531
            ],
            [
              27.7643945,
              38.9891145
            ],
            [
              27.7631593,
              38.9873242
            ],
            [
              27.7626635,
              38.9866057
            ],
            [
              27.7622335,
              38.9859364
            ],
            [
              27.7619124,
              38.9852059
            ],
            [
              27.761799,
              38.9843947
            ],
            [
              27.7617235,
              38.9835945
            ],
            [
              27.7615666,
              38.9825615
            ],
            [
              27.7611782,
              38.9816856
            ],
            [
              27.7607649,
              38.9811204
            ],
            [
              27.7602737,
              38.9805955
            ],
            [
              27.758739,
              38.9793584
            ],
            [
              27.7583612,
              38.9790427
            ],
            [
              27.7579787,
              38.9786719
            ],
            [
              27.7576765,
              38.9783195
            ],
            [
              27.7574498,
              38.9779524
            ],
            [
              27.7572315,
              38.9775012
            ],
            [
              27.7570171,
              38.9768356
            ],
            [
              27.7566648,
              38.9740081
            ],
            [
              27.7565561,
              38.973094
            ],
            [
              27.7565608,
              38.9726167
            ],
            [
              27.7566858,
              38.9721544
            ],
            [
              27.757033,
              38.9714125
            ],
            [
              27.7575956,
              38.9707232
            ],
            [
              27.7580813,
              38.9703405
            ],
            [
              27.7586574,
              38.9699917
            ],
            [
              27.7592808,
              38.969731
            ],
            [
              27.7600282,
              38.96948
            ],
            [
              27.7658272,
              38.9676128
            ],
            [
              27.7692153,
              38.9664969
            ],
            [
              27.7735572,
              38.965047
            ],
            [
              27.7799271,
              38.9629606
            ],
            [
              27.78497,
              38.9613088
            ],
            [
              27.7878075,
              38.9603712
            ],
            [
              27.7918684,
              38.9590884
            ],
            [
              27.795856,
              38.9577492
            ],
            [
              27.7960925,
              38.9576704
            ],
            [
              27.7984437,
              38.9569133
            ],
            [
              27.7989145,
              38.9567537
            ],
            [
              27.8002275,
              38.9563219
            ],
            [
              27.8007206,
              38.9561118
            ],
            [
              27.8015103,
              38.9557475
            ],
            [
              27.8020218,
              38.9554647
            ],
            [
              27.8024803,
              38.9551754
            ],
            [
              27.8031441,
              38.9547208
            ],
            [
              27.8035999,
              38.954365
            ],
            [
              27.8039476,
              38.9540632
            ],
            [
              27.804368,
              38.9536546
            ],
            [
              27.8048938,
              38.9530628
            ],
            [
              27.8053515,
              38.9524471
            ],
            [
              27.8054337,
              38.9523206
            ],
            [
              27.8057225,
              38.9518508
            ],
            [
              27.8059947,
              38.9513457
            ],
            [
              27.8062609,
              38.9507439
            ],
            [
              27.8064216,
              38.9502342
            ],
            [
              27.8065639,
              38.9497531
            ],
            [
              27.8066568,
              38.9491999
            ],
            [
              27.8067249,
              38.9487376
            ],
            [
              27.8067249,
              38.9481259
            ],
            [
              27.8066755,
              38.947453
            ],
            [
              27.8066012,
              38.9468954
            ],
            [
              27.8064962,
              38.9463664
            ],
            [
              27.8063845,
              38.9459518
            ],
            [
              27.8062109,
              38.9455082
            ],
            [
              27.8042647,
              38.941608
            ],
            [
              27.8040665,
              38.9412005
            ],
            [
              27.7988096,
              38.9307492
            ],
            [
              27.7986038,
              38.9303178
            ],
            [
              27.7951155,
              38.9233928
            ],
            [
              27.7916839,
              38.9165302
            ],
            [
              27.7914569,
              38.916067
            ],
            [
              27.7912792,
              38.9155903
            ],
            [
              27.7911381,
              38.9151509
            ],
            [
              27.7910278,
              38.9147504
            ],
            [
              27.7909727,
              38.9144747
            ],
            [
              27.7909176,
              38.914098
            ],
            [
              27.7908808,
              38.9136879
            ],
            [
              27.7908397,
              38.9127048
            ],
            [
              27.7908316,
              38.9120593
            ],
            [
              27.790799,
              38.9098525
            ],
            [
              27.7907145,
              38.9041375
            ],
            [
              27.7907047,
              38.9032839
            ],
            [
              27.7906995,
              38.9027313
            ],
            [
              27.7906505,
              38.9021943
            ],
            [
              27.7906014,
              38.9018051
            ],
            [
              27.7904616,
              38.9012776
            ],
            [
              27.7902727,
              38.9007126
            ],
            [
              27.7899686,
              38.9000675
            ],
            [
              27.7897952,
              38.8996935
            ],
            [
              27.7893673,
              38.8991459
            ],
            [
              27.7891069,
              38.8988326
            ],
            [
              27.7887717,
              38.8984125
            ],
            [
              27.7883697,
              38.8980839
            ],
            [
              27.7879047,
              38.8977053
            ],
            [
              27.7875209,
              38.8974192
            ],
            [
              27.7872796,
              38.8972673
            ],
            [
              27.7868902,
              38.8970316
            ],
            [
              27.7850971,
              38.8962184
            ],
            [
              27.784538,
              38.8959849
            ],
            [
              27.7809226,
              38.8944726
            ],
            [
              27.7795094,
              38.8939084
            ],
            [
              27.7749198,
              38.891968
            ],
            [
              27.7686901,
              38.8893725
            ],
            [
              27.768403,
              38.8892542
            ],
            [
              27.7637577,
              38.8873082
            ],
            [
              27.7628033,
              38.8868743
            ],
            [
              27.7617222,
              38.8862892
            ],
            [
              27.7609076,
              38.8857759
            ],
            [
              27.7599682,
              38.8851738
            ],
            [
              27.7597374,
              38.8850007
            ],
            [
              27.7584198,
              38.8840079
            ],
            [
              27.7567644,
              38.8826338
            ],
            [
              27.7482171,
              38.8755132
            ],
            [
              27.7481788,
              38.8754815
            ],
            [
              27.7467155,
              38.8742572
            ],
            [
              27.7461696,
              38.8738005
            ],
            [
              27.7395894,
              38.8682948
            ],
            [
              27.7392711,
              38.8680285
            ],
            [
              27.7382321,
              38.867227
            ],
            [
              27.7376163,
              38.8668263
            ],
            [
              27.7369244,
              38.8664322
            ],
            [
              27.7361229,
              38.866038
            ],
            [
              27.7086606,
              38.8546053
            ],
            [
              27.7085172,
              38.854533
            ],
            [
              27.7060962,
              38.8535345
            ],
            [
              27.7052104,
              38.853114
            ],
            [
              27.7043247,
              38.8525491
            ],
            [
              27.7035801,
              38.8519189
            ],
            [
              27.7031367,
              38.8514752
            ],
            [
              27.7027997,
              38.8511054
            ],
            [
              27.7024773,
              38.8506571
            ],
            [
              27.7020639,
              38.8500067
            ],
            [
              27.7015533,
              38.8488465
            ],
            [
              27.699685,
              38.8449479
            ],
            [
              27.6941331,
              38.8329569
            ],
            [
              27.6940701,
              38.832806
            ],
            [
              27.6932402,
              38.8310771
            ],
            [
              27.6930124,
              38.8304594
            ],
            [
              27.6928437,
              38.8297168
            ],
            [
              27.6927425,
              38.8289873
            ],
            [
              27.6926834,
              38.8282447
            ],
            [
              27.6928244,
              38.8258662
            ],
            [
              27.6929206,
              38.8251379
            ],
            [
              27.6930799,
              38.82442
            ],
            [
              27.6933246,
              38.8237562
            ],
            [
              27.693662,
              38.823053
            ],
            [
              27.6940416,
              38.822468
            ],
            [
              27.694407,
              38.8219341
            ],
            [
              27.6947524,
              38.8214295
            ],
            [
              27.6955845,
              38.8201652
            ],
            [
              27.6960466,
              38.8190035
            ],
            [
              27.6963298,
              38.8178267
            ],
            [
              27.6963664,
              38.8163747
            ],
            [
              27.6962466,
              38.8153523
            ],
            [
              27.6955364,
              38.8130068
            ],
            [
              27.6940926,
              38.8080379
            ],
            [
              27.6936721,
              38.8071836
            ],
            [
              27.6931852,
              38.8065188
            ],
            [
              27.6899307,
              38.8032054
            ],
            [
              27.6893234,
              38.8025216
            ],
            [
              27.6845215,
              38.7954752
            ],
            [
              27.6834388,
              38.794505
            ],
            [
              27.6822574,
              38.7935975
            ],
            [
              27.6802046,
              38.7920583
            ],
            [
              27.6778806,
              38.7905775
            ],
            [
              27.6770526,
              38.7900115
            ],
            [
              27.6762296,
              38.789613
            ],
            [
              27.6754316,
              38.7893021
            ],
            [
              27.6745825,
              38.789093
            ],
            [
              27.6726457,
              38.7887494
            ],
            [
              27.672027,
              38.788568
            ],
            [
              27.6710882,
              38.7881194
            ],
            [
              27.6704835,
              38.7876375
            ],
            [
              27.6701225,
              38.7871797
            ],
            [
              27.6697917,
              38.7864986
            ],
            [
              27.6696377,
              38.7859858
            ],
            [
              27.6696446,
              38.7852563
            ],
            [
              27.6697833,
              38.784543
            ],
            [
              27.6698086,
              38.7839064
            ],
            [
              27.6697581,
              38.7834471
            ],
            [
              27.6696149,
              38.7829549
            ],
            [
              27.6693371,
              38.7824233
            ],
            [
              27.6689583,
              38.7819245
            ],
            [
              27.6683606,
              38.7814061
            ],
            [
              27.6660454,
              38.7796866
            ],
            [
              27.6652625,
              38.7790566
            ],
            [
              27.6645132,
              38.7783216
            ],
            [
              27.6613815,
              38.774838
            ],
            [
              27.6597399,
              38.7730119
            ],
            [
              27.6586875,
              38.7718567
            ],
            [
              27.6580645,
              38.771266
            ],
            [
              27.6573069,
              38.7707015
            ],
            [
              27.6564482,
              38.7701436
            ],
            [
              27.6553085,
              38.7695579
            ],
            [
              27.6274201,
              38.7568781
            ],
            [
              27.6090772,
              38.7485763
            ],
            [
              27.60712,
              38.7476583
            ],
            [
              27.6026615,
              38.745615
            ],
            [
              27.6009824,
              38.7448948
            ],
            [
              27.5884452,
              38.7391877
            ],
            [
              27.5833798,
              38.7361764
            ],
            [
              27.5830415,
              38.7359788
            ],
            [
              27.5774213,
              38.7327917
            ],
            [
              27.5768314,
              38.7324572
            ],
            [
              27.5766337,
              38.7323448
            ],
            [
              27.5742429,
              38.7309857
            ],
            [
              27.572178,
              38.7298057
            ],
            [
              27.5503062,
              38.7173321
            ],
            [
              27.5491559,
              38.7166188
            ],
            [
              27.5483908,
              38.7159042
            ],
            [
              27.5477256,
              38.7152603
            ],
            [
              27.547241,
              38.7146731
            ],
            [
              27.5469139,
              38.7142303
            ],
            [
              27.5426953,
              38.7078795
            ],
            [
              27.5311616,
              38.6906018
            ],
            [
              27.5256975,
              38.6823297
            ],
            [
              27.5240708,
              38.679978
            ],
            [
              27.522766,
              38.6780232
            ],
            [
              27.5192451,
              38.6728174
            ],
            [
              27.5153819,
              38.6669603
            ],
            [
              27.5100901,
              38.6589649
            ],
            [
              27.5081638,
              38.6561126
            ],
            [
              27.5071056,
              38.6549551
            ],
            [
              27.506249,
              38.6543118
            ],
            [
              27.5031459,
              38.6524993
            ],
            [
              27.5022287,
              38.6519924
            ],
            [
              27.5007933,
              38.6512272
            ],
            [
              27.4787065,
              38.6385279
            ],
            [
              27.4749718,
              38.6364501
            ],
            [
              27.4743882,
              38.6361103
            ],
            [
              27.47127,
              38.6341141
            ],
            [
              27.4700858,
              38.6331068
            ],
            [
              27.467262,
              38.6295456
            ],
            [
              27.466883,
              38.6290676
            ],
            [
              27.4639264,
              38.6253166
            ],
            [
              27.4637947,
              38.6251519
            ],
            [
              27.4628107,
              38.6241032
            ],
            [
              27.4618804,
              38.6234107
            ],
            [
              27.4606291,
              38.6227448
            ],
            [
              27.4584765,
              38.6218778
            ],
            [
              27.456307,
              38.6210273
            ],
            [
              27.4548225,
              38.6204182
            ],
            [
              27.4533196,
              38.619873
            ],
            [
              27.4518883,
              38.6195055
            ],
            [
              27.4504409,
              38.6192544
            ],
            [
              27.4504245,
              38.6192529
            ],
            [
              27.4493676,
              38.6191552
            ],
            [
              27.4481247,
              38.6191319
            ],
            [
              27.446192,
              38.6192483
            ],
            [
              27.4450542,
              38.6194306
            ],
            [
              27.4447446,
              38.6194928
            ],
            [
              27.443996,
              38.6196676
            ],
            [
              27.4407641,
              38.6206116
            ],
            [
              27.4406595,
              38.6206445
            ],
            [
              27.4403017,
              38.620757
            ],
            [
              27.4394722,
              38.6210201
            ],
            [
              27.439316,
              38.6210546
            ],
            [
              27.4388415,
              38.621144
            ],
            [
              27.4386015,
              38.6211888
            ],
            [
              27.4383414,
              38.6212295
            ],
            [
              27.4378599,
              38.6212868
            ],
            [
              27.4374553,
              38.6213288
            ],
            [
              27.4371282,
              38.6213633
            ],
            [
              27.4370569,
              38.6213708
            ],
            [
              27.4367678,
              38.6213871
            ],
            [
              27.4365217,
              38.6213879
            ],
            [
              27.4352436,
              38.6213955
            ]
          ],
          [
            [
              27.784538,
              38.8959849
            ],
            [
              27.7850729,
              38.8962581
            ],
            [
              27.7861351,
              38.8967048
            ],
            [
              27.7868539,
              38.8970722
            ],
            [
              27.7872401,
              38.897306
            ],
            [
              27.7874789,
              38.8974563
            ],
            [
              27.7878597,
              38.8977402
            ],
            [
              27.7883238,
              38.898118
            ],
            [
              27.7887212,
              38.8984429
            ],
            [
              27.7890533,
              38.8988591
            ],
            [
              27.7893135,
              38.8991722
            ],
            [
              27.7897376,
              38.8997149
            ],
            [
              27.7899089,
              38.9000844
            ],
            [
              27.790212,
              38.9007273
            ],
            [
              27.7903998,
              38.9012888
            ],
            [
              27.7905385,
              38.9018125
            ],
            [
              27.7905872,
              38.9021985
            ],
            [
              27.790636,
              38.9027332
            ],
            [
              27.7906412,
              38.9032843
            ],
            [
              27.790654,
              38.9040115
            ],
            [
              27.7906564,
              38.9041455
            ],
            [
              27.7907381,
              38.9098406
            ],
            [
              27.7907699,
              38.9120568
            ],
            [
              27.7907778,
              38.9123281
            ],
            [
              27.7908174,
              38.9136902
            ],
            [
              27.7908544,
              38.9141025
            ],
            [
              27.7909098,
              38.9144813
            ],
            [
              27.7909653,
              38.9147594
            ],
            [
              27.7910762,
              38.9151621
            ],
            [
              27.7912179,
              38.9156032
            ],
            [
              27.7913966,
              38.9160827
            ],
            [
              27.7916246,
              38.9165478
            ],
            [
              27.7950389,
              38.9233757
            ],
            [
              27.7985605,
              38.9303303
            ],
            [
              27.7987665,
              38.930762
            ],
            [
              27.8040233,
              38.9412132
            ],
            [
              27.8042216,
              38.9416209
            ],
            [
              27.8061672,
              38.9455198
            ],
            [
              27.8063397,
              38.9459607
            ],
            [
              27.8064507,
              38.9463728
            ],
            [
              27.8065554,
              38.9469
            ],
            [
              27.8066294,
              38.9474559
            ],
            [
              27.8066787,
              38.9481269
            ],
            [
              27.8066787,
              38.9487355
            ],
            [
              27.8066109,
              38.9491955
            ],
            [
              27.8065184,
              38.9497467
            ],
            [
              27.8063767,
              38.9502259
            ],
            [
              27.8062165,
              38.9507338
            ],
            [
              27.8059515,
              38.9513329
            ],
            [
              27.8056804,
              38.951836
            ],
            [
              27.8053907,
              38.9523029
            ],
            [
              27.8053107,
              38.9524303
            ],
            [
              27.8048547,
              38.9530436
            ],
            [
              27.8043309,
              38.9536331
            ],
            [
              27.8039119,
              38.9540404
            ],
            [
              27.8035657,
              38.9543408
            ],
            [
              27.8031126,
              38.9546944
            ],
            [
              27.8024515,
              38.9551473
            ],
            [
              27.802003,
              38.9554376
            ],
            [
              27.8014807,
              38.9557099
            ],
            [
              27.8006679,
              38.9560866
            ],
            [
              27.8002182,
              38.9562781
            ],
            [
              27.7988876,
              38.9567308
            ],
            [
              27.7984437,
              38.9569133
            ]
          ]
        ]
      },
      "id": "relation/1318375"
    },
    {
      "type": "Feature",
      "properties": {
        "@id": "relation/2195007",
        "from": "Menemen",
        "gauge": "1435",
        "name": "Menemen - Manisa hattı",
        "name:en": "Menemen - Manisa railway",
        "network": "TR-railway",
        "operator": "TCDD",
        "operator:wikidata": "Q28220824",
        "route": "railway",
        "to": "Manisa",
        "type": "route"
      },
      "geometry": {
        "type": "LineString",
        "coordinates": [
          [
            27.0818123,
            38.6065245
          ],
          [
            27.0833927,
            38.6075358
          ],
          [
            27.0839091,
            38.607895
          ],
          [
            27.0850003,
            38.6085928
          ],
          [
            27.086094,
            38.6092856
          ],
          [
            27.087217,
            38.6099619
          ],
          [
            27.0890089,
            38.6111479
          ],
          [
            27.090936,
            38.6122677
          ],
          [
            27.0920603,
            38.6128178
          ],
          [
            27.0932835,
            38.6133094
          ],
          [
            27.0955891,
            38.6142252
          ],
          [
            27.0981452,
            38.6152167
          ],
          [
            27.0999815,
            38.6158636
          ],
          [
            27.1018945,
            38.6163955
          ],
          [
            27.1039317,
            38.6167953
          ],
          [
            27.1059494,
            38.6171404
          ],
          [
            27.107233,
            38.6173546
          ],
          [
            27.1094917,
            38.6177775
          ],
          [
            27.1131244,
            38.6184296
          ],
          [
            27.1136361,
            38.6185187
          ],
          [
            27.1195037,
            38.6195401
          ],
          [
            27.1228874,
            38.6201457
          ],
          [
            27.126392,
            38.6207507
          ],
          [
            27.1310312,
            38.6215781
          ],
          [
            27.135886,
            38.622434
          ],
          [
            27.1363752,
            38.6225195
          ],
          [
            27.1399667,
            38.6231565
          ],
          [
            27.1415492,
            38.6234515
          ],
          [
            27.1450956,
            38.6240738
          ],
          [
            27.1461634,
            38.6242664
          ],
          [
            27.1472693,
            38.6244681
          ],
          [
            27.148254,
            38.6246357
          ],
          [
            27.1514497,
            38.6252066
          ],
          [
            27.1541826,
            38.625679
          ],
          [
            27.1567097,
            38.6261549
          ],
          [
            27.1591842,
            38.6266944
          ],
          [
            27.1614102,
            38.6273078
          ],
          [
            27.1620072,
            38.62749
          ],
          [
            27.1638444,
            38.6280364
          ],
          [
            27.165834,
            38.6285439
          ],
          [
            27.166025,
            38.6285774
          ],
          [
            27.1667317,
            38.6287013
          ],
          [
            27.1676161,
            38.6287944
          ],
          [
            27.1686596,
            38.6288216
          ],
          [
            27.1696494,
            38.6287802
          ],
          [
            27.1707399,
            38.6286535
          ],
          [
            27.1719193,
            38.6283809
          ],
          [
            27.1730917,
            38.6280181
          ],
          [
            27.1740959,
            38.6276103
          ],
          [
            27.1753178,
            38.6269158
          ],
          [
            27.176293,
            38.6261748
          ],
          [
            27.1781217,
            38.624556
          ],
          [
            27.1801833,
            38.6227161
          ],
          [
            27.1808088,
            38.6219917
          ],
          [
            27.1813037,
            38.6210261
          ],
          [
            27.1815447,
            38.620541
          ],
          [
            27.181878,
            38.6201003
          ],
          [
            27.1822034,
            38.6198094
          ],
          [
            27.1825386,
            38.6195493
          ],
          [
            27.1830693,
            38.6192839
          ],
          [
            27.1835905,
            38.619109
          ],
          [
            27.1840323,
            38.6190136
          ],
          [
            27.1844493,
            38.6189765
          ],
          [
            27.1849611,
            38.6189726
          ],
          [
            27.1853891,
            38.6190296
          ],
          [
            27.1858859,
            38.6191344
          ],
          [
            27.1863631,
            38.6193057
          ],
          [
            27.1883774,
            38.620081
          ],
          [
            27.1897752,
            38.6206274
          ],
          [
            27.1911485,
            38.6211623
          ],
          [
            27.1922269,
            38.6216101
          ],
          [
            27.1930107,
            38.6219927
          ],
          [
            27.1935984,
            38.6223322
          ],
          [
            27.1941533,
            38.6226948
          ],
          [
            27.1946034,
            38.6230529
          ],
          [
            27.1947818,
            38.6231948
          ],
          [
            27.1960671,
            38.6242909
          ],
          [
            27.1973407,
            38.6253721
          ],
          [
            27.2002261,
            38.6277985
          ],
          [
            27.2011843,
            38.6286063
          ],
          [
            27.201666,
            38.6289398
          ],
          [
            27.2023778,
            38.6293728
          ],
          [
            27.2037352,
            38.6300544
          ],
          [
            27.204423,
            38.6303928
          ],
          [
            27.2050819,
            38.6307693
          ],
          [
            27.2057607,
            38.6312613
          ],
          [
            27.2065451,
            38.6320121
          ],
          [
            27.2080672,
            38.6335653
          ],
          [
            27.2084623,
            38.6338785
          ],
          [
            27.2088628,
            38.6341701
          ],
          [
            27.2095186,
            38.6345523
          ],
          [
            27.214954,
            38.6377427
          ],
          [
            27.2155536,
            38.6380884
          ],
          [
            27.2160633,
            38.6382956
          ],
          [
            27.2165844,
            38.6384764
          ],
          [
            27.2172029,
            38.6386146
          ],
          [
            27.2180914,
            38.6387017
          ],
          [
            27.2193084,
            38.6386963
          ],
          [
            27.2230559,
            38.6385652
          ],
          [
            27.2240866,
            38.6385476
          ],
          [
            27.224945,
            38.6385795
          ],
          [
            27.2256696,
            38.6386661
          ],
          [
            27.2264092,
            38.6388292
          ],
          [
            27.2270832,
            38.6390365
          ],
          [
            27.2277213,
            38.6392954
          ],
          [
            27.2282634,
            38.6395468
          ],
          [
            27.2289844,
            38.6399978
          ],
          [
            27.2297325,
            38.640596
          ],
          [
            27.231004,
            38.6416663
          ],
          [
            27.2333209,
            38.6435873
          ],
          [
            27.2344514,
            38.6445214
          ],
          [
            27.2350195,
            38.6449533
          ],
          [
            27.2357568,
            38.6454361
          ],
          [
            27.2367322,
            38.6460326
          ],
          [
            27.2380745,
            38.6467429
          ],
          [
            27.2392572,
            38.6472695
          ],
          [
            27.2401685,
            38.6476191
          ],
          [
            27.2412511,
            38.6479687
          ],
          [
            27.2422571,
            38.6482166
          ],
          [
            27.2442517,
            38.6487217
          ],
          [
            27.2453278,
            38.6489577
          ],
          [
            27.2464064,
            38.6490896
          ],
          [
            27.2471573,
            38.6490999
          ],
          [
            27.2477881,
            38.6490632
          ],
          [
            27.2484171,
            38.6489648
          ],
          [
            27.2493928,
            38.6487498
          ],
          [
            27.251004,
            38.6483269
          ],
          [
            27.2518854,
            38.6480023
          ],
          [
            27.2529069,
            38.6474508
          ],
          [
            27.2538893,
            38.646945
          ],
          [
            27.2547026,
            38.646693
          ],
          [
            27.2555047,
            38.646535
          ],
          [
            27.2563449,
            38.6464258
          ],
          [
            27.2568178,
            38.6463808
          ],
          [
            27.2573096,
            38.6463631
          ],
          [
            27.2576892,
            38.6463792
          ],
          [
            27.2581424,
            38.6464202
          ],
          [
            27.2585914,
            38.6465053
          ],
          [
            27.2599547,
            38.6467952
          ],
          [
            27.2606126,
            38.6469087
          ],
          [
            27.2614326,
            38.6470045
          ],
          [
            27.2621001,
            38.6470494
          ],
          [
            27.2627071,
            38.6470554
          ],
          [
            27.2633229,
            38.6470385
          ],
          [
            27.265709,
            38.6468605
          ],
          [
            27.2664817,
            38.6468255
          ],
          [
            27.2672302,
            38.6468572
          ],
          [
            27.2678888,
            38.646943
          ],
          [
            27.2683504,
            38.647037
          ],
          [
            27.2691489,
            38.6472091
          ],
          [
            27.2696198,
            38.6473183
          ],
          [
            27.2700851,
            38.6474242
          ],
          [
            27.2705902,
            38.6475375
          ],
          [
            27.2710839,
            38.6476192
          ],
          [
            27.2715861,
            38.6476746
          ],
          [
            27.2731237,
            38.6477677
          ],
          [
            27.2786678,
            38.6481126
          ],
          [
            27.2790434,
            38.6481345
          ],
          [
            27.2905225,
            38.6488611
          ],
          [
            27.3108457,
            38.6501203
          ],
          [
            27.315924,
            38.6504265
          ],
          [
            27.3172852,
            38.6505009
          ],
          [
            27.3218848,
            38.6508012
          ],
          [
            27.3269113,
            38.6511064
          ],
          [
            27.3279781,
            38.6511662
          ],
          [
            27.3316961,
            38.6513959
          ],
          [
            27.3330776,
            38.6514763
          ],
          [
            27.3342583,
            38.6514734
          ],
          [
            27.3353788,
            38.6514056
          ],
          [
            27.336509,
            38.6512879
          ],
          [
            27.3374376,
            38.6511275
          ],
          [
            27.3383727,
            38.6509484
          ],
          [
            27.3407612,
            38.6504669
          ],
          [
            27.3430676,
            38.6500048
          ],
          [
            27.3576715,
            38.6470789
          ],
          [
            27.3591328,
            38.6467092
          ],
          [
            27.3599589,
            38.6464348
          ],
          [
            27.3607963,
            38.6461467
          ],
          [
            27.3631915,
            38.6450784
          ],
          [
            27.3663747,
            38.6436067
          ],
          [
            27.3665687,
            38.6435174
          ],
          [
            27.3693261,
            38.6422475
          ],
          [
            27.3706803,
            38.641618
          ],
          [
            27.3802284,
            38.637271
          ],
          [
            27.3893179,
            38.6330762
          ],
          [
            27.3916649,
            38.6320044
          ],
          [
            27.3917244,
            38.6319772
          ],
          [
            27.3987293,
            38.6287783
          ],
          [
            27.4033044,
            38.6266289
          ],
          [
            27.4035231,
            38.6265262
          ],
          [
            27.4042543,
            38.6261934
          ],
          [
            27.4045072,
            38.6260783
          ],
          [
            27.4062888,
            38.6252561
          ],
          [
            27.4077597,
            38.6246784
          ],
          [
            27.4104017,
            38.6238338
          ],
          [
            27.4123128,
            38.6233492
          ],
          [
            27.4165763,
            38.6224269
          ],
          [
            27.4178559,
            38.6221169
          ],
          [
            27.4187881,
            38.6219203
          ],
          [
            27.4188402,
            38.6219119
          ],
          [
            27.4208174,
            38.6215928
          ],
          [
            27.4218654,
            38.6214939
          ],
          [
            27.4225308,
            38.6214421
          ],
          [
            27.4233118,
            38.6214071
          ],
          [
            27.4257647,
            38.6214255
          ],
          [
            27.428338,
            38.6214044
          ],
          [
            27.4286337,
            38.6214042
          ],
          [
            27.4289958,
            38.621404
          ],
          [
            27.4315616,
            38.6214018
          ],
          [
            27.4316407,
            38.6214009
          ],
          [
            27.4352436,
            38.6213955
          ]
        ]
      },
      "id": "relation/2195007"
    }
  ]
}