{
  "type": "FeatureCollection",
  "generator": "overpass-turbo",
  "copyright": "The data included in this document is from www.openstreetmap.org. The data is made available under ODbL.",
  "timestamp": "2026-05-25T18:32:58Z",
  "features": [
    {
      "type": "Feature",
      "properties": {
        "@id": "way/14490763",
        "axle_load": "22.5",
        "electrified": "no",
        "gauge": "1435",
        "name": "İzmir-Afyonkarahisar demiryolu",
        "operator": "TCDD",
        "passenger_lines": "2",
        "railway": "rail",
        "railway:etcs": "no",
        "source": "bing",
        "usage": "main"
      },
      "geometry": {
        "type": "LineString",
        "coordinates": [
          [
            30.5510289,
            38.7677028
          ],
          [
            30.5505623,
            38.7683591
          ],
          [
            30.5504046,
            38.7685076
          ],
          [
            30.5501617,
            38.7687186
          ],
          [
            30.5499456,
            38.7688728
          ],
          [
            30.5496448,
            38.7690363
          ],
          [
            30.5493615,
            38.7691483
          ],
          [
            30.5490723,
            38.7692544
          ],
          [
            30.5485905,
            38.7694078
          ],
          [
            30.5484816,
            38.7694453
          ],
          [
            30.5481245,
            38.7695451
          ],
          [
            30.5477886,
            38.7696188
          ],
          [
            30.5474675,
            38.7696675
          ],
          [
            30.5471996,
            38.7696883
          ],
          [
            30.546775,
            38.7696893
          ],
          [
            30.5464304,
            38.7696628
          ],
          [
            30.5461196,
            38.7696113
          ],
          [
            30.5457483,
            38.7695214
          ],
          [
            30.545429,
            38.7694107
          ],
          [
            30.5452529,
            38.7693259
          ],
          [
            30.5450407,
            38.7692244
          ],
          [
            30.5448471,
            38.7691007
          ],
          [
            30.5446541,
            38.7689669
          ],
          [
            30.5436654,
            38.7681447
          ],
          [
            30.5434013,
            38.767955
          ],
          [
            30.5432208,
            38.7678539
          ],
          [
            30.5429779,
            38.7677213
          ],
          [
            30.5426902,
            38.767578
          ],
          [
            30.5421979,
            38.7673972
          ],
          [
            30.5417167,
            38.7672595
          ],
          [
            30.5412307,
            38.7671592
          ],
          [
            30.5407632,
            38.767099
          ],
          [
            30.5402994,
            38.7670831
          ],
          [
            30.540132,
            38.7670749
          ],
          [
            30.5398606,
            38.7670615
          ],
          [
            30.5396934,
            38.7670574
          ],
          [
            30.5389602,
            38.7670688
          ],
          [
            30.5386062,
            38.7670731
          ],
          [
            30.5355036,
            38.7671032
          ],
          [
            30.5327459,
            38.767134
          ],
          [
            30.5324989,
            38.7671333
          ],
          [
            30.5314667,
            38.767144
          ],
          [
            30.5311686,
            38.7671592
          ],
          [
            30.53067,
            38.7672179
          ],
          [
            30.5301727,
            38.767316
          ],
          [
            30.5298423,
            38.7674153
          ],
          [
            30.5294744,
            38.7675407
          ],
          [
            30.5281835,
            38.7680928
          ],
          [
            30.5200649,
            38.7716884
          ],
          [
            30.5192381,
            38.7720287
          ],
          [
            30.5184072,
            38.7723349
          ],
          [
            30.5175373,
            38.7726158
          ],
          [
            30.5167477,
            38.7728498
          ],
          [
            30.5157845,
            38.7730966
          ],
          [
            30.5149343,
            38.773284
          ],
          [
            30.5065202,
            38.7751136
          ],
          [
            30.5032463,
            38.7758669
          ],
          [
            30.5018656,
            38.7763862
          ],
          [
            30.5009499,
            38.7768494
          ],
          [
            30.4999555,
            38.7774246
          ],
          [
            30.4990265,
            38.778116
          ],
          [
            30.4975715,
            38.7794095
          ],
          [
            30.4962383,
            38.7807011
          ],
          [
            30.4929123,
            38.7837625
          ],
          [
            30.4929024,
            38.7837716
          ],
          [
            30.4645398,
            38.809887
          ],
          [
            30.4613859,
            38.8128567
          ],
          [
            30.4581967,
            38.8157487
          ],
          [
            30.4537148,
            38.8199532
          ],
          [
            30.4463003,
            38.8267252
          ],
          [
            30.4460062,
            38.8269938
          ]
        ]
      },
      "id": "way/14490763"
    },
    {
      "type": "Feature",
      "properties": {
        "@id": "way/14491253",
        "axle_load": "22.5",
        "electrified": "no",
        "gauge": "1435",
        "maxspeed": "120",
        "name": "Afyonkarahisar-Karakuyu demiryolu",
        "operator": "TCDD",
        "passenger_lines": "1",
        "railway": "rail",
        "source": "bing",
        "usage": "main"
      },
      "geometry": {
        "type": "LineString",
        "coordinates": [
          [
            30.4002743,
            38.794904
          ],
          [
            30.4015722,
            38.7956517
          ],
          [
            30.4024589,
            38.7963258
          ],
          [
            30.4028368,
            38.7967234
          ],
          [
            30.4036116,
            38.797747
          ],
          [
            30.403999,
            38.7981667
          ],
          [
            30.4044808,
            38.7985275
          ],
          [
            30.4048391,
            38.7987413
          ],
          [
            30.4053652,
            38.7989628
          ],
          [
            30.4060908,
            38.7991702
          ],
          [
            30.4065564,
            38.7992409
          ],
          [
            30.4070886,
            38.7992833
          ],
          [
            30.407923,
            38.7993398
          ],
          [
            30.4085398,
            38.79942
          ],
          [
            30.4089631,
            38.7995142
          ],
          [
            30.4095376,
            38.7997216
          ],
          [
            30.4100516,
            38.7999949
          ],
          [
            30.4115875,
            38.8009186
          ],
          [
            30.4120652,
            38.8011683
          ],
          [
            30.4126578,
            38.8014322
          ],
          [
            30.4136192,
            38.8017621
          ],
          [
            30.4148588,
            38.8022098
          ],
          [
            30.4154031,
            38.8024407
          ],
          [
            30.415784,
            38.8026952
          ],
          [
            30.4160924,
            38.8029402
          ],
          [
            30.4163282,
            38.8031947
          ],
          [
            30.4164794,
            38.8034114
          ],
          [
            30.4167092,
            38.8038026
          ],
          [
            30.4168543,
            38.8042031
          ],
          [
            30.417072,
            38.8053011
          ],
          [
            30.4172534,
            38.8057016
          ],
          [
            30.4175195,
            38.8060927
          ],
          [
            30.4177674,
            38.8063519
          ],
          [
            30.4182028,
            38.8066817
          ],
          [
            30.4186684,
            38.8069173
          ],
          [
            30.4191884,
            38.8071058
          ],
          [
            30.4205308,
            38.8075158
          ],
          [
            30.4208936,
            38.8076713
          ],
          [
            30.4212565,
            38.807888
          ],
          [
            30.4216495,
            38.8082179
          ],
          [
            30.4219458,
            38.8085524
          ],
          [
            30.4222058,
            38.8089482
          ],
          [
            30.4223509,
            38.8093016
          ],
          [
            30.4224235,
            38.8096786
          ],
          [
            30.4224477,
            38.813514
          ],
          [
            30.4223933,
            38.814136
          ],
          [
            30.4222965,
            38.8146448
          ],
          [
            30.4221574,
            38.8150123
          ],
          [
            30.4218974,
            38.8155353
          ],
          [
            30.4214379,
            38.8163692
          ],
          [
            30.4213109,
            38.8167414
          ],
          [
            30.4212625,
            38.8171325
          ],
          [
            30.4212927,
            38.8175659
          ],
          [
            30.42145,
            38.8180512
          ],
          [
            30.4216979,
            38.8185035
          ],
          [
            30.4220184,
            38.8188757
          ],
          [
            30.4224054,
            38.8192055
          ],
          [
            30.422871,
            38.8194693
          ],
          [
            30.4234152,
            38.8197709
          ],
          [
            30.4247818,
            38.8203221
          ],
          [
            30.4252293,
            38.8205906
          ],
          [
            30.4256163,
            38.8209063
          ],
          [
            30.4259428,
            38.8212832
          ],
          [
            30.4261665,
            38.821693
          ],
          [
            30.4263177,
            38.8221736
          ],
          [
            30.4263359,
            38.8225552
          ],
          [
            30.4262814,
            38.8229886
          ],
          [
            30.4259005,
            38.8245008
          ],
          [
            30.4258461,
            38.8248965
          ],
          [
            30.4258823,
            38.8254242
          ],
          [
            30.4260275,
            38.8258623
          ],
          [
            30.4263056,
            38.8263805
          ],
          [
            30.4265838,
            38.8267668
          ],
          [
            30.4270131,
            38.8271625
          ],
          [
            30.4275755,
            38.8275393
          ],
          [
            30.4281741,
            38.8278078
          ],
          [
            30.4287909,
            38.8279916
          ],
          [
            30.4295457,
            38.8281066
          ],
          [
            30.4308952,
            38.8281235
          ],
          [
            30.4364888,
            38.8282189
          ]
        ]
      },
      "id": "way/14491253"
    },
    {
      "type": "Feature",
      "properties": {
        "@id": "way/16551425",
        "axle_load": "22.5",
        "electrified": "no",
        "gauge": "1435",
        "name": "İzmir-Afyonkarahisar demiryolu",
        "operator": "TCDD",
        "passenger_lines": "1",
        "railway": "rail",
        "railway:etcs": "no",
        "source": "bing",
        "usage": "main"
      },
      "geometry": {
        "type": "LineString",
        "coordinates": [
          [
            30.4460062,
            38.8269938
          ],
          [
            30.4434802,
            38.8293521
          ],
          [
            30.441747,
            38.8310681
          ],
          [
            30.4359105,
            38.8364837
          ],
          [
            30.433171,
            38.8389975
          ],
          [
            30.4328289,
            38.8393198
          ],
          [
            30.432397,
            38.8397526
          ],
          [
            30.4322156,
            38.8400298
          ],
          [
            30.4319864,
            38.8404059
          ],
          [
            30.4317762,
            38.8408128
          ],
          [
            30.4316972,
            38.8409795
          ]
        ]
      },
      "id": "way/16551425"
    },
    {
      "type": "Feature",
      "properties": {
        "@id": "way/25926548",
        "axle_load": "22.5",
        "construction:electrified": "contact_line",
        "construction:frequency": "50",
        "construction:railway:etcs": "1",
        "construction:voltage": "25000",
        "electrified": "no",
        "gauge": "1435",
        "name": "Eskişehir-Konya demiryolu",
        "operator": "TCDD",
        "railway": "rail",
        "railway:etcs": "no",
        "source": "osm-gpx",
        "usage": "main"
      },
      "geometry": {
        "type": "LineString",
        "coordinates": [
          [
            30.6344448,
            38.7071869
          ],
          [
            30.6351304,
            38.7069484
          ],
          [
            30.6480866,
            38.7031604
          ],
          [
            30.6504909,
            38.7024583
          ],
          [
            30.6659185,
            38.6979554
          ],
          [
            30.6821398,
            38.6932035
          ],
          [
            30.6829916,
            38.6929656
          ],
          [
            30.6835995,
            38.6928264
          ],
          [
            30.6842924,
            38.6927092
          ],
          [
            30.6848917,
            38.6926299
          ],
          [
            30.6853765,
            38.6925892
          ],
          [
            30.6862268,
            38.6925424
          ],
          [
            30.6866997,
            38.6925415
          ],
          [
            30.6871635,
            38.6925573
          ],
          [
            30.6875722,
            38.6925818
          ],
          [
            30.6880949,
            38.6926336
          ],
          [
            30.6890883,
            38.6927709
          ],
          [
            30.7007088,
            38.6947465
          ],
          [
            30.7016762,
            38.6948789
          ],
          [
            30.7025038,
            38.6949556
          ],
          [
            30.7033942,
            38.695021
          ],
          [
            30.7041401,
            38.6950567
          ],
          [
            30.70482,
            38.6950706
          ],
          [
            30.7058543,
            38.6950586
          ],
          [
            30.7067791,
            38.6950233
          ],
          [
            30.7076895,
            38.6949561
          ],
          [
            30.7084887,
            38.6948728
          ],
          [
            30.7094446,
            38.6947487
          ],
          [
            30.7102201,
            38.6946109
          ],
          [
            30.7107298,
            38.6945042
          ],
          [
            30.7113643,
            38.6943663
          ],
          [
            30.7334696,
            38.6890879
          ],
          [
            30.7342313,
            38.6889287
          ],
          [
            30.7349245,
            38.6888169
          ],
          [
            30.7356465,
            38.6887002
          ],
          [
            30.7363584,
            38.6886007
          ],
          [
            30.7457449,
            38.6873084
          ],
          [
            30.7462129,
            38.6872454
          ],
          [
            30.7489124,
            38.6868712
          ],
          [
            30.7492598,
            38.68682
          ],
          [
            30.7809913,
            38.6816105
          ],
          [
            30.7821694,
            38.6814362
          ],
          [
            30.7962893,
            38.6796426
          ],
          [
            30.7995869,
            38.6792051
          ],
          [
            30.8003839,
            38.6791276
          ],
          [
            30.8011963,
            38.6790529
          ],
          [
            30.8021537,
            38.6789776
          ],
          [
            30.8029266,
            38.678935
          ]
        ]
      },
      "id": "way/25926548"
    },
    {
      "type": "Feature",
      "properties": {
        "@id": "way/25926603",
        "axle_load": "22.5",
        "construction:electrified": "contact_line",
        "construction:frequency": "50",
        "construction:railway:etcs": "1",
        "construction:voltage": "25000",
        "electrified": "no",
        "gauge": "1435",
        "name": "Eskişehir-Konya demiryolu",
        "operator": "TCDD",
        "passenger_lines": "1",
        "railway": "rail",
        "usage": "main"
      },
      "geometry": {
        "type": "LineString",
        "coordinates": [
          [
            30.5021229,
            38.9339393
          ],
          [
            30.5020039,
            38.9337956
          ],
          [
            30.5014451,
            38.9331207
          ],
          [
            30.5012737,
            38.9329013
          ],
          [
            30.5007591,
            38.9320433
          ],
          [
            30.5005565,
            38.9314404
          ],
          [
            30.5004621,
            38.9308329
          ],
          [
            30.5004761,
            38.9303175
          ],
          [
            30.5006755,
            38.9275915
          ],
          [
            30.5009065,
            38.926592
          ],
          [
            30.5011479,
            38.9257646
          ],
          [
            30.5014517,
            38.9251339
          ],
          [
            30.5018987,
            38.9243609
          ],
          [
            30.5019636,
            38.9242487
          ],
          [
            30.5026548,
            38.9232531
          ],
          [
            30.5029364,
            38.9225035
          ],
          [
            30.5029488,
            38.9217718
          ],
          [
            30.5026125,
            38.9209525
          ],
          [
            30.5015768,
            38.9198983
          ],
          [
            30.5011568,
            38.9193973
          ],
          [
            30.5009328,
            38.9189398
          ],
          [
            30.5008399,
            38.9181288
          ],
          [
            30.5006948,
            38.9144738
          ],
          [
            30.5008068,
            38.9137221
          ],
          [
            30.5011008,
            38.913025
          ],
          [
            30.5021632,
            38.9112762
          ],
          [
            30.5027108,
            38.9108136
          ],
          [
            30.5038588,
            38.9100619
          ],
          [
            30.5042928,
            38.9095935
          ],
          [
            30.5046428,
            38.9089834
          ],
          [
            30.5048948,
            38.9079049
          ],
          [
            30.5052168,
            38.9071314
          ],
          [
            30.5089366,
            38.9001182
          ],
          [
            30.5100325,
            38.8969561
          ],
          [
            30.5138263,
            38.8824648
          ],
          [
            30.5164971,
            38.8721387
          ],
          [
            30.5175093,
            38.8678551
          ],
          [
            30.5179926,
            38.8646297
          ],
          [
            30.5179997,
            38.8645817
          ],
          [
            30.5199643,
            38.8512412
          ],
          [
            30.5202126,
            38.8495343
          ],
          [
            30.5214747,
            38.8408571
          ],
          [
            30.5225132,
            38.8337164
          ],
          [
            30.5227568,
            38.8320415
          ],
          [
            30.5231312,
            38.8294667
          ],
          [
            30.5238791,
            38.8243238
          ],
          [
            30.5250423,
            38.8167474
          ],
          [
            30.5262465,
            38.8121826
          ],
          [
            30.5266302,
            38.8107283
          ],
          [
            30.528344,
            38.804229
          ],
          [
            30.5322299,
            38.7894895
          ],
          [
            30.5328685,
            38.7877719
          ],
          [
            30.5339738,
            38.7856181
          ],
          [
            30.5349129,
            38.7843389
          ],
          [
            30.5367073,
            38.7822715
          ],
          [
            30.5375066,
            38.781547
          ],
          [
            30.5389897,
            38.7803352
          ],
          [
            30.5398352,
            38.779652
          ],
          [
            30.5402507,
            38.7793121
          ],
          [
            30.5408981,
            38.7787786
          ],
          [
            30.5428829,
            38.7771177
          ],
          [
            30.543064,
            38.7769699
          ],
          [
            30.5431424,
            38.7769069
          ],
          [
            30.5433374,
            38.77675
          ],
          [
            30.548002,
            38.7727967
          ],
          [
            30.549032,
            38.7714584
          ],
          [
            30.5501684,
            38.7693318
          ]
        ]
      },
      "id": "way/25926603"
    },
    {
      "type": "Feature",
      "properties": {
        "@id": "way/87428340",
        "axle_load": "22.5",
        "bridge": "yes",
        "electrified": "no",
        "gauge": "1435",
        "layer": "1",
        "operator": "TCDD",
        "passenger_lines": "1",
        "railway": "rail",
        "railway:etcs": "no",
        "source": "bing",
        "usage": "main"
      },
      "geometry": {
        "type": "LineString",
        "coordinates": [
          [
            30.4135665,
            38.8592807
          ],
          [
            30.4131592,
            38.8590718
          ]
        ]
      },
      "id": "way/87428340"
    },
    {
      "type": "Feature",
      "properties": {
        "@id": "way/87428351",
        "axle_load": "22.5",
        "electrified": "no",
        "gauge": "1435",
        "maxspeed": "120",
        "name": "Afyonkarahisar-Karakuyu demiryolu",
        "operator": "TCDD",
        "passenger_lines": "1",
        "railway": "rail",
        "source": "bing",
        "usage": "main"
      },
      "geometry": {
        "type": "LineString",
        "coordinates": [
          [
            30.4368375,
            38.828222
          ],
          [
            30.4420079,
            38.8282981
          ],
          [
            30.4424558,
            38.828305
          ],
          [
            30.4429695,
            38.8282839
          ],
          [
            30.443297,
            38.8282553
          ],
          [
            30.4436768,
            38.8281746
          ],
          [
            30.4440663,
            38.8280837
          ]
        ]
      },
      "id": "way/87428351"
    },
    {
      "type": "Feature",
      "properties": {
        "@id": "way/87428352",
        "axle_load": "22.5",
        "bridge": "yes",
        "construction:railway:etcs": "1",
        "electrified": "no",
        "gauge": "1435",
        "layer": "1",
        "name": "Eskişehir-Konya demiryolu",
        "operator": "TCDD",
        "passenger_lines": "1",
        "railway": "rail",
        "usage": "main"
      },
      "geometry": {
        "type": "LineString",
        "coordinates": [
          [
            30.5501684,
            38.7693318
          ],
          [
            30.5503618,
            38.7689705
          ]
        ]
      },
      "id": "way/87428352"
    },
    {
      "type": "Feature",
      "properties": {
        "@id": "way/87428382",
        "axle_load": "22.5",
        "bridge": "yes",
        "electrified": "no",
        "gauge": "1435",
        "layer": "1",
        "maxspeed": "120",
        "operator": "TCDD",
        "passenger_lines": "1",
        "railway": "rail",
        "source": "bing",
        "usage": "main"
      },
      "geometry": {
        "type": "LineString",
        "coordinates": [
          [
            30.4440663,
            38.8280837
          ],
          [
            30.4442471,
            38.8280274
          ]
        ]
      },
      "id": "way/87428382"
    },
    {
      "type": "Feature",
      "properties": {
        "@id": "way/87428392",
        "axle_load": "22.5",
        "electrified": "no",
        "gauge": "1435",
        "name": "İzmir-Afyonkarahisar demiryolu",
        "operator": "TCDD",
        "passenger_lines": "1",
        "railway": "rail",
        "railway:etcs": "no",
        "source": "bing",
        "usage": "main"
      },
      "geometry": {
        "type": "LineString",
        "coordinates": [
          [
            30.4112004,
            38.8561649
          ],
          [
            30.4110999,
            38.855995
          ],
          [
            30.4108643,
            38.8557112
          ],
          [
            30.4105499,
            38.855424
          ],
          [
            30.4101448,
            38.8551932
          ],
          [
            30.4096005,
            38.8549248
          ],
          [
            30.4091652,
            38.8547977
          ],
          [
            30.4087056,
            38.8547223
          ],
          [
            30.4079618,
            38.8546517
          ],
          [
            30.4073632,
            38.8545198
          ],
          [
            30.4069233,
            38.8543766
          ],
          [
            30.4063054,
            38.8540828
          ],
          [
            30.4049864,
            38.853372
          ],
          [
            30.4041686,
            38.8529935
          ],
          [
            30.4033518,
            38.8526657
          ],
          [
            30.4026526,
            38.8525038
          ],
          [
            30.40167,
            38.8523346
          ],
          [
            30.4005964,
            38.8522729
          ],
          [
            30.3992812,
            38.8521705
          ],
          [
            30.3982977,
            38.8520711
          ],
          [
            30.3977586,
            38.8519705
          ],
          [
            30.3969871,
            38.8516839
          ],
          [
            30.3963434,
            38.8513567
          ],
          [
            30.3957638,
            38.8509359
          ],
          [
            30.3952088,
            38.8503243
          ],
          [
            30.3948772,
            38.8496839
          ],
          [
            30.3903061,
            38.8417603
          ],
          [
            30.3891689,
            38.8405106
          ],
          [
            30.3879125,
            38.8396716
          ],
          [
            30.3864008,
            38.8389027
          ],
          [
            30.3856069,
            38.8384924
          ],
          [
            30.3826425,
            38.837503
          ],
          [
            30.37947,
            38.8366514
          ],
          [
            30.378648,
            38.8363846
          ],
          [
            30.3779036,
            38.8360421
          ],
          [
            30.3773885,
            38.8357267
          ],
          [
            30.3768794,
            38.8353548
          ],
          [
            30.3759977,
            38.8344781
          ],
          [
            30.3712543,
            38.8296261
          ],
          [
            30.3683457,
            38.8266337
          ],
          [
            30.3679688,
            38.8262081
          ],
          [
            30.367379,
            38.8253415
          ],
          [
            30.3671035,
            38.8248959
          ],
          [
            30.3668439,
            38.8242929
          ],
          [
            30.3659649,
            38.821243
          ],
          [
            30.3655758,
            38.8203179
          ],
          [
            30.3649723,
            38.8194544
          ],
          [
            30.3641845,
            38.8187773
          ],
          [
            30.3630549,
            38.8181004
          ],
          [
            30.3488199,
            38.810743
          ],
          [
            30.3478568,
            38.8103251
          ],
          [
            30.3465358,
            38.8099957
          ],
          [
            30.3460069,
            38.809906
          ],
          [
            30.3409975,
            38.8090567
          ],
          [
            30.3399515,
            38.8089509
          ],
          [
            30.339322,
            38.8089381
          ],
          [
            30.3385986,
            38.8090033
          ],
          [
            30.3379361,
            38.8091718
          ],
          [
            30.3373844,
            38.8093724
          ],
          [
            30.3343208,
            38.8107947
          ],
          [
            30.3336781,
            38.8110522
          ],
          [
            30.3330142,
            38.8112614
          ],
          [
            30.3324451,
            38.811383
          ],
          [
            30.33182,
            38.8114202
          ],
          [
            30.331214,
            38.8114225
          ],
          [
            30.3304864,
            38.8113316
          ],
          [
            30.3265951,
            38.8106787
          ],
          [
            30.3257428,
            38.8105504
          ],
          [
            30.3247826,
            38.8105067
          ],
          [
            30.3240278,
            38.8105646
          ],
          [
            30.3231726,
            38.810692
          ],
          [
            30.3222219,
            38.8109502
          ],
          [
            30.3214062,
            38.8112962
          ],
          [
            30.3186725,
            38.8127677
          ],
          [
            30.3179722,
            38.8131016
          ],
          [
            30.3171426,
            38.813411
          ],
          [
            30.316097,
            38.8136814
          ],
          [
            30.3150757,
            38.8138603
          ],
          [
            30.3140992,
            38.8139257
          ],
          [
            30.3091918,
            38.8139925
          ],
          [
            30.3078383,
            38.8139606
          ],
          [
            30.3065382,
            38.8138306
          ],
          [
            30.305726,
            38.8136808
          ],
          [
            30.3044458,
            38.8133746
          ],
          [
            30.2921578,
            38.8101564
          ],
          [
            30.2895982,
            38.8094826
          ],
          [
            30.2891339,
            38.8093145
          ],
          [
            30.2885481,
            38.809117
          ],
          [
            30.2877161,
            38.8086566
          ],
          [
            30.2841701,
            38.8064082
          ],
          [
            30.283509,
            38.8061773
          ],
          [
            30.2828165,
            38.8060353
          ],
          [
            30.2820433,
            38.8060191
          ],
          [
            30.2815976,
            38.8060821
          ],
          [
            30.2813114,
            38.8061496
          ],
          [
            30.280681,
            38.8063438
          ],
          [
            30.2799311,
            38.8066842
          ],
          [
            30.2792531,
            38.8070443
          ],
          [
            30.2785411,
            38.8073719
          ],
          [
            30.2779237,
            38.8077668
          ],
          [
            30.2770365,
            38.808597
          ],
          [
            30.2764389,
            38.8096713
          ],
          [
            30.2763831,
            38.8097716
          ],
          [
            30.274984,
            38.8130654
          ],
          [
            30.2745199,
            38.8138924
          ],
          [
            30.2741929,
            38.8142338
          ],
          [
            30.2738576,
            38.8145114
          ],
          [
            30.2735982,
            38.8146375
          ],
          [
            30.2731925,
            38.8148214
          ],
          [
            30.2727828,
            38.814961
          ],
          [
            30.272277,
            38.8150768
          ],
          [
            30.2720154,
            38.8151127
          ],
          [
            30.2710908,
            38.8151562
          ],
          [
            30.2705838,
            38.8151886
          ],
          [
            30.2701121,
            38.8152563
          ],
          [
            30.2697005,
            38.8153654
          ],
          [
            30.2693163,
            38.8155118
          ],
          [
            30.2689142,
            38.8157078
          ],
          [
            30.2685729,
            38.8159327
          ],
          [
            30.268274,
            38.8161989
          ],
          [
            30.2679584,
            38.8165725
          ],
          [
            30.2676658,
            38.8169733
          ],
          [
            30.2660852,
            38.8191229
          ],
          [
            30.2640804,
            38.8218616
          ],
          [
            30.2633258,
            38.8228869
          ],
          [
            30.2625568,
            38.8239601
          ],
          [
            30.2620295,
            38.8245418
          ],
          [
            30.2614845,
            38.8252187
          ],
          [
            30.2608798,
            38.8257789
          ],
          [
            30.2601116,
            38.8262617
          ],
          [
            30.2593341,
            38.8267012
          ],
          [
            30.2586681,
            38.8269335
          ],
          [
            30.2580326,
            38.8271894
          ],
          [
            30.2566678,
            38.8275683
          ],
          [
            30.2558419,
            38.8279197
          ],
          [
            30.2551714,
            38.8282976
          ],
          [
            30.2551249,
            38.8283238
          ],
          [
            30.2545188,
            38.8288043
          ],
          [
            30.2540531,
            38.8293093
          ],
          [
            30.2522046,
            38.8314173
          ],
          [
            30.251208,
            38.8323692
          ],
          [
            30.2503087,
            38.8329311
          ],
          [
            30.2493306,
            38.8333208
          ],
          [
            30.2448053,
            38.8347785
          ],
          [
            30.2408682,
            38.836025
          ],
          [
            30.2395513,
            38.836442
          ],
          [
            30.239426,
            38.8364824
          ],
          [
            30.2331967,
            38.8384605
          ],
          [
            30.2288919,
            38.8398613
          ],
          [
            30.226959,
            38.8407478
          ],
          [
            30.225964,
            38.8412042
          ],
          [
            30.2240274,
            38.8425487
          ],
          [
            30.2185448,
            38.8474564
          ],
          [
            30.2163863,
            38.8493697
          ],
          [
            30.2160845,
            38.8496174
          ],
          [
            30.2138004,
            38.8514923
          ],
          [
            30.2062873,
            38.8564382
          ],
          [
            30.2052713,
            38.857069
          ],
          [
            30.2044444,
            38.8574296
          ],
          [
            30.2035682,
            38.8576863
          ],
          [
            30.202615,
            38.8578427
          ],
          [
            30.2016337,
            38.8578711
          ],
          [
            30.2012881,
            38.8578503
          ],
          [
            30.1955445,
            38.8572428
          ],
          [
            30.1945613,
            38.857202
          ],
          [
            30.1935404,
            38.8573054
          ],
          [
            30.1925046,
            38.8576404
          ],
          [
            30.1916832,
            38.8580883
          ],
          [
            30.1903425,
            38.8593275
          ],
          [
            30.1880254,
            38.8614691
          ],
          [
            30.1873628,
            38.8619392
          ],
          [
            30.1866682,
            38.8622089
          ],
          [
            30.1858257,
            38.8623522
          ],
          [
            30.1849702,
            38.8623022
          ],
          [
            30.1814957,
            38.8620066
          ],
          [
            30.1809365,
            38.8619476
          ],
          [
            30.1802184,
            38.8617453
          ],
          [
            30.1774429,
            38.8606898
          ],
          [
            30.175723,
            38.8600357
          ],
          [
            30.1745678,
            38.8596381
          ],
          [
            30.1740755,
            38.8595179
          ],
          [
            30.1736112,
            38.8594559
          ],
          [
            30.1731714,
            38.8594442
          ],
          [
            30.1728243,
            38.8594799
          ],
          [
            30.1723442,
            38.8595637
          ],
          [
            30.1718735,
            38.8597093
          ],
          [
            30.171455,
            38.8598987
          ],
          [
            30.1710566,
            38.8601503
          ],
          [
            30.1706863,
            38.8604636
          ],
          [
            30.1704502,
            38.8607009
          ],
          [
            30.1701814,
            38.8610944
          ],
          [
            30.1700396,
            38.861423
          ],
          [
            30.1699306,
            38.8618607
          ],
          [
            30.1699165,
            38.8627441
          ],
          [
            30.1703889,
            38.8635572
          ],
          [
            30.1709937,
            38.8641893
          ],
          [
            30.1717317,
            38.8646111
          ],
          [
            30.1723917,
            38.8651751
          ],
          [
            30.1728455,
            38.8660105
          ],
          [
            30.1730139,
            38.8668375
          ],
          [
            30.1730837,
            38.8677388
          ],
          [
            30.1729903,
            38.8686911
          ],
          [
            30.1726513,
            38.8693151
          ],
          [
            30.1719169,
            38.8700696
          ],
          [
            30.1712112,
            38.8704898
          ],
          [
            30.1709228,
            38.8705744
          ],
          [
            30.1701933,
            38.870817
          ],
          [
            30.1690797,
            38.8708058
          ],
          [
            30.167428,
            38.8705821
          ],
          [
            30.1665766,
            38.870563
          ],
          [
            30.1660379,
            38.8706963
          ],
          [
            30.1657459,
            38.8707816
          ]
        ]
      },
      "id": "way/87428392"
    },
    {
      "type": "Feature",
      "properties": {
        "@id": "way/87428393",
        "axle_load": "22.5",
        "bridge": "yes",
        "electrified": "no",
        "gauge": "1435",
        "layer": "1",
        "maxspeed": "120",
        "operator": "TCDD",
        "passenger_lines": "1",
        "railway": "rail",
        "source": "bing",
        "usage": "main"
      },
      "geometry": {
        "type": "LineString",
        "coordinates": [
          [
            30.4364888,
            38.8282189
          ],
          [
            30.4368375,
            38.828222
          ]
        ]
      },
      "id": "way/87428393"
    },
    {
      "type": "Feature",
      "properties": {
        "@id": "way/87428399",
        "construction:electrified": "contact_line",
        "construction:frequency": "50",
        "construction:railway:etcs": "1",
        "construction:voltage": "25000",
        "electrified": "no",
        "gauge": "1435",
        "operator": "TCDD",
        "passenger_lines": "1",
        "railway": "rail",
        "usage": "main"
      },
      "geometry": {
        "type": "LineString",
        "coordinates": [
          [
            30.5389897,
            38.7803352
          ],
          [
            30.5393539,
            38.7799731
          ],
          [
            30.539631,
            38.7797062
          ],
          [
            30.5402661,
            38.7792015
          ],
          [
            30.5405571,
            38.7790073
          ],
          [
            30.5408981,
            38.7787786
          ]
        ]
      },
      "id": "way/87428399"
    },
    {
      "type": "Feature",
      "properties": {
        "@id": "way/87428404",
        "axle_load": "22.5",
        "electrified": "no",
        "gauge": "1435",
        "name": "İzmir-Afyonkarahisar demiryolu",
        "operator": "TCDD",
        "passenger_lines": "1",
        "railway": "rail",
        "railway:etcs": "no",
        "source": "bing",
        "usage": "main"
      },
      "geometry": {
        "type": "LineString",
        "coordinates": [
          [
            30.4131592,
            38.8590718
          ],
          [
            30.4127057,
            38.8587422
          ],
          [
            30.412361,
            38.8584361
          ],
          [
            30.4121131,
            38.8580783
          ],
          [
            30.4118652,
            38.8576356
          ],
          [
            30.4113197,
            38.8563404
          ]
        ]
      },
      "id": "way/87428404"
    },
    {
      "type": "Feature",
      "properties": {
        "@id": "way/87428405",
        "axle_load": "22.5",
        "bridge": "yes",
        "electrified": "no",
        "gauge": "1435",
        "layer": "1",
        "operator": "TCDD",
        "passenger_lines": "1",
        "railway": "rail",
        "railway:etcs": "no",
        "source": "bing",
        "usage": "main"
      },
      "geometry": {
        "type": "LineString",
        "coordinates": [
          [
            30.4316972,
            38.8409795
          ],
          [
            30.4315982,
            38.8411786
          ]
        ]
      },
      "id": "way/87428405"
    },
    {
      "type": "Feature",
      "properties": {
        "@id": "way/87428410",
        "axle_load": "22.5",
        "construction:railway:etcs": "1",
        "electrified": "no",
        "gauge": "1435",
        "name": "Eskişehir-Konya demiryolu",
        "operator": "TCDD",
        "passenger_lines": "1",
        "railway": "rail",
        "usage": "main"
      },
      "geometry": {
        "type": "LineString",
        "coordinates": [
          [
            30.5503618,
            38.7689705
          ],
          [
            30.5510289,
            38.7677028
          ]
        ]
      },
      "id": "way/87428410"
    },
    {
      "type": "Feature",
      "properties": {
        "@id": "way/87428420",
        "axle_load": "22.5",
        "electrified": "no",
        "gauge": "1435",
        "name": "İzmir-Afyonkarahisar demiryolu",
        "operator": "TCDD",
        "passenger_lines": "1",
        "railway": "rail",
        "railway:etcs": "no",
        "source": "bing",
        "usage": "main"
      },
      "geometry": {
        "type": "LineString",
        "coordinates": [
          [
            30.4315982,
            38.8411786
          ],
          [
            30.4312515,
            38.8418387
          ],
          [
            30.4309373,
            38.8423897
          ],
          [
            30.4306138,
            38.8428189
          ],
          [
            30.4297046,
            38.8437411
          ],
          [
            30.4283223,
            38.8449017
          ],
          [
            30.427653,
            38.8455846
          ],
          [
            30.4273217,
            38.8461802
          ],
          [
            30.4271683,
            38.8468152
          ],
          [
            30.426958,
            38.8478857
          ],
          [
            30.4266617,
            38.8493186
          ],
          [
            30.4264465,
            38.8505454
          ],
          [
            30.4261602,
            38.8516823
          ],
          [
            30.4258736,
            38.8525563
          ],
          [
            30.4254245,
            38.8535447
          ],
          [
            30.4248243,
            38.8546331
          ],
          [
            30.4240019,
            38.85598
          ],
          [
            30.4234456,
            38.8567099
          ],
          [
            30.4230344,
            38.8571525
          ],
          [
            30.4225265,
            38.8576187
          ],
          [
            30.4221093,
            38.8579436
          ],
          [
            30.421432,
            38.8583815
          ],
          [
            30.4206761,
            38.8588147
          ],
          [
            30.420011,
            38.8591396
          ],
          [
            30.419503,
            38.8593609
          ],
          [
            30.4189467,
            38.8595069
          ],
          [
            30.4183904,
            38.8596246
          ],
          [
            30.4178462,
            38.8596952
          ],
          [
            30.4173685,
            38.8597188
          ],
          [
            30.4168605,
            38.8597094
          ],
          [
            30.4156556,
            38.8596753
          ],
          [
            30.4149189,
            38.85963
          ],
          [
            30.4144382,
            38.8595439
          ],
          [
            30.4139164,
            38.8594324
          ],
          [
            30.4135665,
            38.8592807
          ]
        ]
      },
      "id": "way/87428420"
    },
    {
      "type": "Feature",
      "properties": {
        "@id": "way/87428421",
        "axle_load": "22.5",
        "electrified": "no",
        "gauge": "1435",
        "maxspeed": "120",
        "name": "Afyonkarahisar-Karakuyu demiryolu",
        "operator": "TCDD",
        "passenger_lines": "2",
        "railway": "rail",
        "source": "bing",
        "usage": "main"
      },
      "geometry": {
        "type": "LineString",
        "coordinates": [
          [
            30.5328418,
            38.7670988
          ],
          [
            30.5381248,
            38.7670437
          ],
          [
            30.5396885,
            38.7670259
          ],
          [
            30.5398597,
            38.7670293
          ],
          [
            30.5403099,
            38.7670474
          ],
          [
            30.5407776,
            38.7670648
          ],
          [
            30.5412463,
            38.7671334
          ],
          [
            30.5417363,
            38.7672254
          ],
          [
            30.5422084,
            38.7673655
          ],
          [
            30.5426765,
            38.7675218
          ],
          [
            30.5429781,
            38.7676775
          ],
          [
            30.543225,
            38.7677973
          ],
          [
            30.5434038,
            38.7679066
          ],
          [
            30.5436982,
            38.7681217
          ],
          [
            30.5446917,
            38.7689468
          ],
          [
            30.5448861,
            38.7690805
          ],
          [
            30.5450725,
            38.7691992
          ],
          [
            30.5452723,
            38.7692981
          ],
          [
            30.5454525,
            38.7693769
          ],
          [
            30.5457688,
            38.7694966
          ],
          [
            30.5461264,
            38.7695791
          ],
          [
            30.5464327,
            38.7696239
          ],
          [
            30.5467766,
            38.7696571
          ],
          [
            30.5471874,
            38.7696522
          ],
          [
            30.5474435,
            38.7696353
          ],
          [
            30.5477709,
            38.7695791
          ],
          [
            30.5480954,
            38.7695109
          ],
          [
            30.5484615,
            38.7694147
          ],
          [
            30.5485821,
            38.7693666
          ],
          [
            30.5490531,
            38.7692236
          ],
          [
            30.5493421,
            38.7691221
          ],
          [
            30.5496028,
            38.7690101
          ],
          [
            30.5498973,
            38.7688548
          ],
          [
            30.5501356,
            38.7686877
          ],
          [
            30.5503801,
            38.7684701
          ],
          [
            30.5505178,
            38.7683411
          ],
          [
            30.5509909,
            38.7676856
          ]
        ]
      },
      "id": "way/87428421"
    },
    {
      "type": "Feature",
      "properties": {
        "@id": "way/89051289",
        "axle_load": "22.5",
        "electrified": "no",
        "gauge": "1435",
        "name": "İzmir-Afyonkarahisar demiryolu",
        "operator": "TCDD",
        "railway": "rail",
        "railway:etcs": "no",
        "source": "bing",
        "usage": "main"
      },
      "geometry": {
        "type": "LineString",
        "coordinates": [
          [
            29.4230744,
            38.6715192
          ],
          [
            29.4185904,
            38.6697003
          ],
          [
            29.4179397,
            38.6694296
          ],
          [
            29.4175573,
            38.6693682
          ],
          [
            29.417077,
            38.6693351
          ],
          [
            29.4151132,
            38.6692745
          ],
          [
            29.4123158,
            38.6691945
          ],
          [
            29.4120861,
            38.6691865
          ],
          [
            29.4117648,
            38.6691752
          ],
          [
            29.4112986,
            38.6691311
          ],
          [
            29.4108676,
            38.6690483
          ],
          [
            29.4104791,
            38.6689436
          ],
          [
            29.4100977,
            38.6687671
          ],
          [
            29.4097233,
            38.668563
          ],
          [
            29.4093913,
            38.6683313
          ],
          [
            29.4091016,
            38.668039
          ],
          [
            29.4088514,
            38.6677239
          ],
          [
            29.4086722,
            38.6674808
          ],
          [
            29.4085736,
            38.6672413
          ],
          [
            29.4084772,
            38.666957
          ],
          [
            29.4083746,
            38.6666686
          ],
          [
            29.408269,
            38.666443
          ],
          [
            29.4081502,
            38.6662015
          ],
          [
            29.407971,
            38.6657395
          ],
          [
            29.4078533,
            38.6653778
          ],
          [
            29.4073228,
            38.6639431
          ],
          [
            29.40593,
            38.6599981
          ],
          [
            29.4049504,
            38.6572883
          ],
          [
            29.4048944,
            38.6571226
          ],
          [
            29.4026566,
            38.6509231
          ],
          [
            29.4023176,
            38.650165
          ],
          [
            29.4017741,
            38.6491756
          ],
          [
            29.4006237,
            38.6475557
          ],
          [
            29.396997,
            38.6427527
          ],
          [
            29.3968499,
            38.6425655
          ],
          [
            29.3912474,
            38.6350844
          ],
          [
            29.3906276,
            38.6343077
          ],
          [
            29.3880904,
            38.6309361
          ],
          [
            29.384592,
            38.6262552
          ],
          [
            29.3808858,
            38.6212518
          ],
          [
            29.3759502,
            38.6126982
          ],
          [
            29.3753713,
            38.6118656
          ],
          [
            29.3633365,
            38.5947529
          ]
        ]
      },
      "id": "way/89051289"
    },
    {
      "type": "Feature",
      "properties": {
        "@id": "way/89211547",
        "axle_load": "22.5",
        "electrified": "no",
        "gauge": "1435",
        "name": "İzmir-Afyonkarahisar demiryolu",
        "operator": "TCDD",
        "railway": "rail",
        "railway:etcs": "no",
        "source": "bing",
        "usage": "main"
      },
      "geometry": {
        "type": "LineString",
        "coordinates": [
          [
            29.5017261,
            38.6756738
          ],
          [
            29.50067,
            38.6759864
          ],
          [
            29.4991116,
            38.6762666
          ],
          [
            29.482582,
            38.6774631
          ],
          [
            29.4811242,
            38.6775686
          ],
          [
            29.4672956,
            38.6785839
          ],
          [
            29.4595745,
            38.6791408
          ],
          [
            29.4586845,
            38.6791519
          ],
          [
            29.4579498,
            38.6791078
          ],
          [
            29.4569891,
            38.6789809
          ],
          [
            29.4509794,
            38.6779522
          ],
          [
            29.4506948,
            38.6779048
          ],
          [
            29.4408256,
            38.6761348
          ],
          [
            29.4406681,
            38.676105
          ],
          [
            29.4394467,
            38.6758877
          ],
          [
            29.4382027,
            38.6756923
          ],
          [
            29.4357066,
            38.6752316
          ],
          [
            29.4307389,
            38.6743705
          ],
          [
            29.4302021,
            38.6742713
          ],
          [
            29.4295098,
            38.6741003
          ],
          [
            29.4287751,
            38.6738687
          ],
          [
            29.4279814,
            38.6735746
          ],
          [
            29.4269169,
            38.6731186
          ],
          [
            29.4263026,
            38.6728609
          ],
          [
            29.4260863,
            38.6727644
          ],
          [
            29.4232792,
            38.6716075
          ]
        ]
      },
      "id": "way/89211547"
    },
    {
      "type": "Feature",
      "properties": {
        "@id": "way/89211553",
        "axle_load": "22.5",
        "bridge": "yes",
        "electrified": "no",
        "gauge": "1435",
        "layer": "1",
        "operator": "TCDD",
        "railway": "rail",
        "railway:etcs": "no",
        "source": "bing",
        "usage": "main"
      },
      "geometry": {
        "type": "LineString",
        "coordinates": [
          [
            29.4232792,
            38.6716075
          ],
          [
            29.4230744,
            38.6715192
          ]
        ]
      },
      "id": "way/89211553"
    },
    {
      "type": "Feature",
      "properties": {
        "@id": "way/125002678",
        "construction:electrified": "contact_line",
        "construction:frequency": "50",
        "construction:railway:etcs": "2",
        "construction:voltage": "25000",
        "electrified": "no",
        "gauge": "1435",
        "railway": "rail",
        "service": "yard",
        "source": "bing"
      },
      "geometry": {
        "type": "LineString",
        "coordinates": [
          [
            30.5570548,
            38.7557413
          ],
          [
            30.5553763,
            38.7591108
          ],
          [
            30.5553004,
            38.7592266
          ],
          [
            30.5552529,
            38.7593407
          ],
          [
            30.5551676,
            38.7595263
          ]
        ]
      },
      "id": "way/125002678"
    },
    {
      "type": "Feature",
      "properties": {
        "@id": "way/125002695",
        "construction:electrified": "contact_line",
        "construction:frequency": "50",
        "construction:railway:etcs": "2",
        "construction:voltage": "25000",
        "electrified": "no",
        "gauge": "1435",
        "railway": "rail",
        "service": "yard",
        "source": "bing"
      },
      "geometry": {
        "type": "LineString",
        "coordinates": [
          [
            30.5517777,
            38.7666849
          ],
          [
            30.5519738,
            38.7664224
          ],
          [
            30.5521606,
            38.7662532
          ],
          [
            30.5523094,
            38.7660991
          ],
          [
            30.5527037,
            38.7657054
          ],
          [
            30.552955,
            38.7653913
          ],
          [
            30.5561337,
            38.761071
          ],
          [
            30.5562848,
            38.7608284
          ],
          [
            30.5565389,
            38.7604823
          ]
        ]
      },
      "id": "way/125002695"
    },
    {
      "type": "Feature",
      "properties": {
        "@id": "way/125002696",
        "construction:electrified": "contact_line",
        "construction:frequency": "50",
        "construction:railway:etcs": "2",
        "construction:voltage": "25000",
        "electrified": "no",
        "gauge": "1435",
        "railway": "rail",
        "service": "yard",
        "source": "bing"
      },
      "geometry": {
        "type": "LineString",
        "coordinates": [
          [
            30.5631596,
            38.7556267
          ],
          [
            30.5574008,
            38.7574415
          ],
          [
            30.5571401,
            38.7575598
          ],
          [
            30.5567467,
            38.7578037
          ],
          [
            30.5562586,
            38.7582103
          ],
          [
            30.556021,
            38.7584731
          ],
          [
            30.5554292,
            38.7591279
          ],
          [
            30.5552529,
            38.7593407
          ]
        ]
      },
      "id": "way/125002696"
    },
    {
      "type": "Feature",
      "properties": {
        "@id": "way/156543512",
        "electrified": "no",
        "gauge": "1435",
        "railway": "rail",
        "service": "siding",
        "source": "bing"
      },
      "geometry": {
        "type": "LineString",
        "coordinates": [
          [
            30.5389602,
            38.7670688
          ],
          [
            30.5383805,
            38.7671178
          ],
          [
            30.5334001,
            38.7671579
          ],
          [
            30.5330047,
            38.7671597
          ],
          [
            30.5327459,
            38.767134
          ]
        ]
      },
      "id": "way/156543512"
    },
    {
      "type": "Feature",
      "properties": {
        "@id": "way/166054776",
        "construction:electrified": "contact_line",
        "construction:frequency": "50",
        "construction:railway:etcs": "2",
        "construction:voltage": "25000",
        "covered": "yes",
        "electrified": "no",
        "gauge": "1435",
        "railway": "rail",
        "service": "yard"
      },
      "geometry": {
        "type": "LineString",
        "coordinates": [
          [
            30.5542042,
            38.7622621
          ],
          [
            30.5542745,
            38.7620583
          ],
          [
            30.5543273,
            38.7619216
          ],
          [
            30.554394,
            38.7617746
          ],
          [
            30.5544812,
            38.7615975
          ],
          [
            30.5548983,
            38.7607559
          ],
          [
            30.5553119,
            38.7600137
          ],
          [
            30.5557527,
            38.7596196
          ],
          [
            30.5560833,
            38.7593722
          ],
          [
            30.5563245,
            38.7591914
          ],
          [
            30.5569918,
            38.7587134
          ],
          [
            30.5573098,
            38.7584863
          ],
          [
            30.5579549,
            38.7580195
          ],
          [
            30.5581078,
            38.7578719
          ],
          [
            30.5584918,
            38.7576233
          ],
          [
            30.5587933,
            38.7574633
          ]
        ]
      },
      "id": "way/166054776"
    },
    {
      "type": "Feature",
      "properties": {
        "@id": "way/166054777",
        "construction:electrified": "contact_line",
        "construction:frequency": "50",
        "construction:railway:etcs": "2",
        "construction:voltage": "25000",
        "electrified": "no",
        "gauge": "1435",
        "railway": "rail",
        "service": "yard"
      },
      "geometry": {
        "type": "LineString",
        "coordinates": [
          [
            30.556828,
            38.7572438
          ],
          [
            30.5566823,
            38.757528
          ],
          [
            30.5564798,
            38.7578402
          ],
          [
            30.5563117,
            38.758085
          ],
          [
            30.5562354,
            38.7581841
          ],
          [
            30.5555401,
            38.7589499
          ],
          [
            30.5554292,
            38.7591279
          ]
        ]
      },
      "id": "way/166054777"
    },
    {
      "type": "Feature",
      "properties": {
        "@id": "way/166054778",
        "construction:electrified": "contact_line",
        "construction:frequency": "50",
        "construction:railway:etcs": "2",
        "construction:voltage": "25000",
        "electrified": "no",
        "gauge": "1435",
        "railway": "rail",
        "service": "yard"
      },
      "geometry": {
        "type": "LineString",
        "coordinates": [
          [
            30.5553763,
            38.7591108
          ],
          [
            30.5554977,
            38.7589461
          ],
          [
            30.556161,
            38.7582085
          ],
          [
            30.5562788,
            38.7580239
          ],
          [
            30.5567935,
            38.7570106
          ],
          [
            30.5569291,
            38.7567203
          ],
          [
            30.5573151,
            38.7559612
          ]
        ]
      },
      "id": "way/166054778"
    },
    {
      "type": "Feature",
      "properties": {
        "@id": "way/166054779",
        "construction:electrified": "contact_line",
        "construction:frequency": "50",
        "construction:railway:etcs": "2",
        "construction:voltage": "25000",
        "electrified": "no",
        "gauge": "1435",
        "railway": "rail",
        "service": "siding"
      },
      "geometry": {
        "type": "LineString",
        "coordinates": [
          [
            30.5536121,
            38.762337
          ],
          [
            30.5540647,
            38.7615011
          ],
          [
            30.5547405,
            38.7601913
          ],
          [
            30.5548877,
            38.7599444
          ],
          [
            30.5549822,
            38.7597949
          ],
          [
            30.5551676,
            38.7595263
          ],
          [
            30.555309,
            38.7593573
          ],
          [
            30.5555141,
            38.7591033
          ],
          [
            30.555844,
            38.7587891
          ],
          [
            30.5563182,
            38.7583939
          ],
          [
            30.556838,
            38.7580692
          ],
          [
            30.5570973,
            38.7579068
          ],
          [
            30.5573843,
            38.7577432
          ],
          [
            30.5576532,
            38.7576188
          ],
          [
            30.5579302,
            38.7575085
          ],
          [
            30.5581816,
            38.7573998
          ],
          [
            30.5584994,
            38.7572855
          ],
          [
            30.5595232,
            38.756952
          ]
        ]
      },
      "id": "way/166054779"
    },
    {
      "type": "Feature",
      "properties": {
        "@id": "way/166054780",
        "construction:electrified": "contact_line",
        "construction:frequency": "50",
        "construction:railway:etcs": "2",
        "construction:voltage": "25000",
        "electrified": "no",
        "gauge": "1435",
        "name": "Eskişehir-Konya demiryolu",
        "operator": "TCDD",
        "passenger_lines": "2",
        "railway": "rail",
        "usage": "main"
      },
      "geometry": {
        "type": "LineString",
        "coordinates": [
          [
            30.554557,
            38.7608154
          ],
          [
            30.5547051,
            38.7605165
          ],
          [
            30.5548031,
            38.7603284
          ],
          [
            30.5548599,
            38.7602303
          ],
          [
            30.5549988,
            38.7599963
          ],
          [
            30.5552822,
            38.7595912
          ],
          [
            30.5555631,
            38.7592594
          ],
          [
            30.5559638,
            38.7588474
          ],
          [
            30.556174,
            38.7586605
          ],
          [
            30.5564096,
            38.7584709
          ],
          [
            30.5569205,
            38.7581228
          ],
          [
            30.55717,
            38.7579727
          ],
          [
            30.5574517,
            38.7578046
          ],
          [
            30.5577121,
            38.7576786
          ],
          [
            30.5579832,
            38.7575667
          ],
          [
            30.5582484,
            38.7574626
          ],
          [
            30.5585373,
            38.7573673
          ],
          [
            30.5598763,
            38.7569168
          ],
          [
            30.5602752,
            38.7567861
          ],
          [
            30.560465,
            38.7567257
          ]
        ]
      },
      "id": "way/166054780"
    },
    {
      "type": "Feature",
      "properties": {
        "@id": "way/166054781",
        "construction:electrified": "contact_line",
        "construction:frequency": "50",
        "construction:railway:etcs": "2",
        "construction:voltage": "25000",
        "electrified": "no",
        "gauge": "1435",
        "railway": "rail",
        "service": "yard"
      },
      "geometry": {
        "type": "LineString",
        "coordinates": [
          [
            30.5539211,
            38.7630727
          ],
          [
            30.554165,
            38.7627574
          ],
          [
            30.5542971,
            38.7625959
          ],
          [
            30.5544676,
            38.7623837
          ],
          [
            30.5547216,
            38.76203
          ],
          [
            30.5553437,
            38.7609138
          ],
          [
            30.5555435,
            38.760518
          ],
          [
            30.5556435,
            38.7603078
          ],
          [
            30.555731,
            38.7601649
          ],
          [
            30.5558241,
            38.7600013
          ],
          [
            30.5559255,
            38.7598702
          ],
          [
            30.5560394,
            38.7597652
          ],
          [
            30.5561713,
            38.7596449
          ],
          [
            30.5575538,
            38.7586428
          ],
          [
            30.5577374,
            38.758472
          ],
          [
            30.5581485,
            38.7580172
          ],
          [
            30.5585183,
            38.757673
          ],
          [
            30.5587933,
            38.7574633
          ],
          [
            30.5591371,
            38.7572626
          ],
          [
            30.5598763,
            38.7569168
          ]
        ]
      },
      "id": "way/166054781"
    },
    {
      "type": "Feature",
      "properties": {
        "@id": "way/166054782",
        "construction:electrified": "contact_line",
        "construction:frequency": "50",
        "construction:railway:etcs": "2",
        "construction:voltage": "25000",
        "electrified": "no",
        "gauge": "1435",
        "railway": "rail",
        "service": "yard"
      },
      "geometry": {
        "type": "LineString",
        "coordinates": [
          [
            30.5571233,
            38.756824
          ],
          [
            30.557436,
            38.7562394
          ]
        ]
      },
      "id": "way/166054782"
    },
    {
      "type": "Feature",
      "properties": {
        "@id": "way/166054783",
        "construction:electrified": "contact_line",
        "construction:frequency": "50",
        "construction:railway:etcs": "2",
        "construction:voltage": "25000",
        "electrified": "no",
        "gauge": "1435",
        "railway": "rail",
        "service": "yard",
        "source": "bing"
      },
      "geometry": {
        "type": "LineString",
        "coordinates": [
          [
            30.5555997,
            38.762176
          ],
          [
            30.5557278,
            38.7619989
          ],
          [
            30.5559031,
            38.7616453
          ],
          [
            30.5561258,
            38.7612557
          ],
          [
            30.556296,
            38.7609371
          ],
          [
            30.5565389,
            38.7604823
          ],
          [
            30.5566521,
            38.7602703
          ],
          [
            30.5569769,
            38.7596601
          ],
          [
            30.5580179,
            38.7583715
          ],
          [
            30.5587454,
            38.757596
          ],
          [
            30.5591699,
            38.7572975
          ],
          [
            30.5602752,
            38.7567861
          ]
        ]
      },
      "id": "way/166054783"
    },
    {
      "type": "Feature",
      "properties": {
        "@id": "way/166054784",
        "construction:electrified": "contact_line",
        "construction:frequency": "50",
        "construction:railway:etcs": "2",
        "construction:voltage": "25000",
        "electrified": "no",
        "gauge": "1435",
        "railway": "rail",
        "service": "yard"
      },
      "geometry": {
        "type": "LineString",
        "coordinates": [
          [
            30.5570529,
            38.7568017
          ],
          [
            30.5574931,
            38.7561017
          ]
        ]
      },
      "id": "way/166054784"
    },
    {
      "type": "Feature",
      "properties": {
        "@id": "way/166054785",
        "construction:electrified": "contact_line",
        "construction:frequency": "50",
        "construction:railway:etcs": "2",
        "construction:voltage": "25000",
        "electrified": "no",
        "gauge": "1435",
        "name": "Afyonkarahisar Armut hattı",
        "operator": "TCDD",
        "railway": "rail",
        "source": "bing",
        "usage": "main"
      },
      "geometry": {
        "type": "LineString",
        "coordinates": [
          [
            30.560465,
            38.7567257
          ],
          [
            30.5607231,
            38.7566615
          ],
          [
            30.5610042,
            38.7566075
          ],
          [
            30.5613656,
            38.7565432
          ],
          [
            30.561705,
            38.7565054
          ],
          [
            30.5620932,
            38.756499
          ],
          [
            30.5626051,
            38.7565471
          ],
          [
            30.563098,
            38.756669
          ],
          [
            30.5634677,
            38.7568095
          ],
          [
            30.5638611,
            38.7570165
          ],
          [
            30.5641455,
            38.7572419
          ],
          [
            30.5643588,
            38.7574563
          ],
          [
            30.5645768,
            38.7577372
          ],
          [
            30.5647569,
            38.7580624
          ],
          [
            30.5648564,
            38.7583803
          ],
          [
            30.5648944,
            38.7586501
          ],
          [
            30.5648849,
            38.7589199
          ],
          [
            30.5648422,
            38.7591343
          ],
          [
            30.5647901,
            38.7593265
          ],
          [
            30.5646621,
            38.7596148
          ],
          [
            30.5645247,
            38.7598587
          ],
          [
            30.5642735,
            38.7601507
          ],
          [
            30.5639417,
            38.7604094
          ],
          [
            30.5635767,
            38.7606385
          ],
          [
            30.5631833,
            38.7607864
          ],
          [
            30.5626951,
            38.7609342
          ],
          [
            30.5622259,
            38.7609896
          ],
          [
            30.5614343,
            38.7610144
          ],
          [
            30.5588228,
            38.7610007
          ],
          [
            30.5582635,
            38.7610081
          ],
          [
            30.5577279,
            38.7610525
          ],
          [
            30.5572302,
            38.761156
          ],
          [
            30.5567136,
            38.761337
          ],
          [
            30.5563154,
            38.7615588
          ],
          [
            30.5559647,
            38.7618064
          ],
          [
            30.5555997,
            38.762176
          ],
          [
            30.5531505,
            38.7655049
          ],
          [
            30.5529194,
            38.7657405
          ],
          [
            30.552563,
            38.7660191
          ],
          [
            30.552249,
            38.7662566
          ],
          [
            30.5519738,
            38.7665037
          ],
          [
            30.5517777,
            38.7666849
          ],
          [
            30.5515899,
            38.7668585
          ],
          [
            30.5513671,
            38.7671208
          ],
          [
            30.5511308,
            38.7674874
          ]
        ]
      },
      "id": "way/166054785"
    },
    {
      "type": "Feature",
      "properties": {
        "@id": "way/166054787",
        "construction:electrified": "contact_line",
        "construction:frequency": "50",
        "construction:railway:etcs": "2",
        "construction:voltage": "25000",
        "electrified": "no",
        "gauge": "1435",
        "railway": "rail",
        "service": "spur"
      },
      "geometry": {
        "type": "LineString",
        "coordinates": [
          [
            30.5553004,
            38.7592266
          ],
          [
            30.5553851,
            38.7589952
          ],
          [
            30.5570061,
            38.7557317
          ],
          [
            30.5570797,
            38.755583
          ],
          [
            30.5571526,
            38.7554358
          ],
          [
            30.5584549,
            38.7528037
          ],
          [
            30.5586627,
            38.7523978
          ],
          [
            30.5592042,
            38.7513397
          ],
          [
            30.5599518,
            38.7498789
          ],
          [
            30.5600183,
            38.7496998
          ],
          [
            30.5601362,
            38.7493824
          ],
          [
            30.5601943,
            38.7491687
          ],
          [
            30.5602193,
            38.7490772
          ],
          [
            30.5603168,
            38.7485889
          ],
          [
            30.5605875,
            38.7472605
          ],
          [
            30.5606238,
            38.7470818
          ],
          [
            30.5606917,
            38.7467469
          ],
          [
            30.56078,
            38.746312
          ],
          [
            30.5609045,
            38.7457033
          ],
          [
            30.5609274,
            38.7454015
          ],
          [
            30.5608971,
            38.7451489
          ],
          [
            30.5608205,
            38.7449262
          ],
          [
            30.560741,
            38.7447706
          ],
          [
            30.5606189,
            38.744589
          ],
          [
            30.5604139,
            38.7443824
          ],
          [
            30.5602121,
            38.7442299
          ],
          [
            30.5598044,
            38.7439694
          ],
          [
            30.5592328,
            38.7435973
          ]
        ]
      },
      "id": "way/166054787"
    },
    {
      "type": "Feature",
      "properties": {
        "@id": "way/166054788",
        "construction:electrified": "contact_line",
        "construction:frequency": "50",
        "construction:railway:etcs": "2",
        "construction:voltage": "25000",
        "covered": "yes",
        "electrified": "no",
        "gauge": "1435",
        "railway": "rail",
        "service": "yard"
      },
      "geometry": {
        "type": "LineString",
        "coordinates": [
          [
            30.556201,
            38.7590326
          ],
          [
            30.556837,
            38.7585832
          ],
          [
            30.5571443,
            38.758363
          ],
          [
            30.5573023,
            38.7582537
          ],
          [
            30.5578258,
            38.7579435
          ]
        ]
      },
      "id": "way/166054788"
    },
    {
      "type": "Feature",
      "properties": {
        "@id": "way/166054789",
        "construction:electrified": "contact_line",
        "construction:frequency": "50",
        "construction:railway:etcs": "2",
        "construction:voltage": "25000",
        "electrified": "no",
        "gauge": "1435",
        "railway": "rail",
        "service": "yard"
      },
      "geometry": {
        "type": "LineString",
        "coordinates": [
          [
            30.5569177,
            38.7572723
          ],
          [
            30.5567609,
            38.7575463
          ],
          [
            30.5565381,
            38.7578445
          ],
          [
            30.5563395,
            38.758085
          ],
          [
            30.5562354,
            38.7581841
          ]
        ]
      },
      "id": "way/166054789"
    },
    {
      "type": "Feature",
      "properties": {
        "@id": "way/166054790",
        "construction:electrified": "contact_line",
        "construction:frequency": "50",
        "construction:railway:etcs": "2",
        "construction:voltage": "25000",
        "electrified": "no",
        "gauge": "1435",
        "railway": "rail",
        "service": "yard"
      },
      "geometry": {
        "type": "LineString",
        "coordinates": [
          [
            30.5568886,
            38.7586266
          ],
          [
            30.5571995,
            38.7584041
          ],
          [
            30.5573848,
            38.7582767
          ],
          [
            30.5577443,
            38.7580791
          ]
        ]
      },
      "id": "way/166054790"
    },
    {
      "type": "Feature",
      "properties": {
        "@id": "way/166054791",
        "construction:electrified": "contact_line",
        "construction:frequency": "50",
        "construction:railway:etcs": "2",
        "construction:voltage": "25000",
        "electrified": "no",
        "gauge": "1435",
        "railway": "rail",
        "service": "yard"
      },
      "geometry": {
        "type": "LineString",
        "coordinates": [
          [
            30.5570075,
            38.7573008
          ],
          [
            30.5568257,
            38.7575647
          ],
          [
            30.5566103,
            38.7578337
          ],
          [
            30.5564409,
            38.7580026
          ],
          [
            30.5563395,
            38.758085
          ]
        ]
      },
      "id": "way/166054791"
    },
    {
      "type": "Feature",
      "properties": {
        "@id": "way/166054792",
        "construction:electrified": "contact_line",
        "construction:frequency": "50",
        "construction:railway:etcs": "2",
        "construction:voltage": "25000",
        "covered": "yes",
        "electrified": "no",
        "gauge": "1435",
        "railway": "rail",
        "service": "yard"
      },
      "geometry": {
        "type": "LineString",
        "coordinates": [
          [
            30.555549,
            38.7601207
          ],
          [
            30.5556677,
            38.7599508
          ],
          [
            30.5557924,
            38.7597946
          ],
          [
            30.5558951,
            38.7596806
          ],
          [
            30.5560336,
            38.7595626
          ],
          [
            30.5561789,
            38.7594599
          ],
          [
            30.5564268,
            38.7592785
          ],
          [
            30.557095,
            38.7588003
          ],
          [
            30.5574201,
            38.7585685
          ],
          [
            30.5578469,
            38.7582378
          ],
          [
            30.5579722,
            38.7581648
          ]
        ]
      },
      "id": "way/166054792"
    },
    {
      "type": "Feature",
      "properties": {
        "@id": "way/166054793",
        "construction:electrified": "contact_line",
        "construction:frequency": "50",
        "construction:railway:etcs": "2",
        "construction:voltage": "25000",
        "electrified": "no",
        "gauge": "1435",
        "railway": "rail",
        "service": "yard"
      },
      "geometry": {
        "type": "LineString",
        "coordinates": [
          [
            30.5572156,
            38.7568533
          ],
          [
            30.5572971,
            38.7566597
          ],
          [
            30.557436,
            38.7562394
          ],
          [
            30.5574931,
            38.7561017
          ],
          [
            30.5575791,
            38.7559134
          ]
        ]
      },
      "id": "way/166054793"
    },
    {
      "type": "Feature",
      "properties": {
        "@id": "way/166054794",
        "construction:electrified": "contact_line",
        "construction:frequency": "50",
        "construction:railway:etcs": "2",
        "construction:voltage": "25000",
        "electrified": "no",
        "gauge": "1435",
        "railway": "rail",
        "service": "yard"
      },
      "geometry": {
        "type": "LineString",
        "coordinates": [
          [
            30.5563227,
            38.7597998
          ],
          [
            30.5558755,
            38.7601421
          ],
          [
            30.5557907,
            38.7602201
          ],
          [
            30.5556893,
            38.7603176
          ],
          [
            30.5556226,
            38.7604064
          ],
          [
            30.5555435,
            38.760518
          ]
        ]
      },
      "id": "way/166054794"
    },
    {
      "type": "Feature",
      "properties": {
        "@id": "way/166054795",
        "construction:electrified": "contact_line",
        "construction:frequency": "50",
        "construction:railway:etcs": "2",
        "construction:voltage": "25000",
        "covered": "yes",
        "electrified": "no",
        "gauge": "1435",
        "railway": "rail",
        "service": "yard"
      },
      "geometry": {
        "type": "LineString",
        "coordinates": [
          [
            30.5553437,
            38.7609138
          ],
          [
            30.5555704,
            38.7603038
          ],
          [
            30.5556436,
            38.7601427
          ],
          [
            30.5557424,
            38.7599787
          ],
          [
            30.5558566,
            38.7598296
          ],
          [
            30.5559605,
            38.7597186
          ],
          [
            30.5560939,
            38.7596016
          ],
          [
            30.5562183,
            38.7595115
          ],
          [
            30.5564779,
            38.759322
          ],
          [
            30.5571466,
            38.7588437
          ],
          [
            30.5574752,
            38.7586096
          ],
          [
            30.5576441,
            38.758459
          ],
          [
            30.5579722,
            38.7581648
          ],
          [
            30.5581485,
            38.7580172
          ]
        ]
      },
      "id": "way/166054795"
    },
    {
      "type": "Feature",
      "properties": {
        "@id": "way/166054796",
        "construction:electrified": "contact_line",
        "construction:frequency": "50",
        "construction:railway:etcs": "2",
        "construction:voltage": "25000",
        "covered": "yes",
        "electrified": "no",
        "gauge": "1435",
        "railway": "rail",
        "service": "yard"
      },
      "geometry": {
        "type": "LineString",
        "coordinates": [
          [
            30.5541671,
            38.7624777
          ],
          [
            30.5542042,
            38.7622621
          ],
          [
            30.5542963,
            38.7618377
          ],
          [
            30.5543816,
            38.7614741
          ],
          [
            30.5544668,
            38.7612435
          ],
          [
            30.5545775,
            38.7610002
          ],
          [
            30.5547132,
            38.7607168
          ],
          [
            30.5549255,
            38.7603731
          ],
          [
            30.5552471,
            38.7599737
          ],
          [
            30.5557322,
            38.7595516
          ],
          [
            30.5561757,
            38.7591945
          ],
          [
            30.5562554,
            38.7591326
          ],
          [
            30.5569402,
            38.75867
          ],
          [
            30.5572546,
            38.7584452
          ],
          [
            30.5575729,
            38.7582194
          ],
          [
            30.5577443,
            38.7580791
          ],
          [
            30.5581078,
            38.7578719
          ]
        ]
      },
      "id": "way/166054796"
    },
    {
      "type": "Feature",
      "properties": {
        "@id": "way/166054797",
        "construction:electrified": "contact_line",
        "construction:frequency": "50",
        "construction:railway:etcs": "2",
        "construction:voltage": "25000",
        "electrified": "no",
        "gauge": "1435",
        "railway": "rail",
        "service": "yard"
      },
      "geometry": {
        "type": "LineString",
        "coordinates": [
          [
            30.5570892,
            38.7583219
          ],
          [
            30.5572741,
            38.7581854
          ],
          [
            30.5573959,
            38.7581073
          ],
          [
            30.5576198,
            38.7579802
          ],
          [
            30.5578978,
            38.7578254
          ],
          [
            30.5583496,
            38.7576018
          ]
        ]
      },
      "id": "way/166054797"
    },
    {
      "type": "Feature",
      "properties": {
        "@id": "way/166054798",
        "construction:electrified": "contact_line",
        "construction:frequency": "50",
        "construction:railway:etcs": "2",
        "construction:voltage": "25000",
        "covered": "yes",
        "electrified": "no",
        "gauge": "1435",
        "railway": "rail",
        "service": "yard"
      },
      "geometry": {
        "type": "LineString",
        "coordinates": [
          [
            30.5540417,
            38.7628227
          ],
          [
            30.5541671,
            38.7624777
          ],
          [
            30.5543324,
            38.7620376
          ],
          [
            30.554444,
            38.7618046
          ],
          [
            30.5552669,
            38.7602052
          ],
          [
            30.5553883,
            38.7600367
          ],
          [
            30.5555641,
            38.7598426
          ],
          [
            30.5558895,
            38.7595812
          ],
          [
            30.5561311,
            38.759416
          ],
          [
            30.5563756,
            38.7592349
          ],
          [
            30.5570434,
            38.7587568
          ],
          [
            30.5573649,
            38.7585274
          ],
          [
            30.5585183,
            38.757673
          ]
        ]
      },
      "id": "way/166054798"
    },
    {
      "type": "Feature",
      "properties": {
        "@id": "way/166054799",
        "construction:electrified": "contact_line",
        "construction:frequency": "50",
        "construction:railway:etcs": "2",
        "construction:voltage": "25000",
        "electrified": "no",
        "gauge": "1435",
        "railway": "rail",
        "service": "yard"
      },
      "geometry": {
        "type": "LineString",
        "coordinates": [
          [
            30.5554977,
            38.7589461
          ],
          [
            30.5570315,
            38.7559003
          ]
        ]
      },
      "id": "way/166054799"
    },
    {
      "type": "Feature",
      "properties": {
        "@id": "way/166054800",
        "construction:electrified": "contact_line",
        "construction:frequency": "50",
        "construction:railway:etcs": "2",
        "construction:voltage": "25000",
        "covered": "yes",
        "electrified": "no",
        "gauge": "1435",
        "railway": "rail",
        "service": "yard"
      },
      "geometry": {
        "type": "LineString",
        "coordinates": [
          [
            30.5561526,
            38.759004
          ],
          [
            30.5567864,
            38.758539
          ],
          [
            30.5570892,
            38.7583219
          ],
          [
            30.5573956,
            38.7581457
          ],
          [
            30.5578258,
            38.7579435
          ],
          [
            30.5580537,
            38.7578347
          ],
          [
            30.5582619,
            38.7577306
          ],
          [
            30.5584918,
            38.7576233
          ]
        ]
      },
      "id": "way/166054800"
    },
    {
      "type": "Feature",
      "properties": {
        "@id": "way/166165028",
        "construction:electrified": "contact_line",
        "construction:frequency": "50",
        "construction:railway:etcs": "2",
        "construction:voltage": "25000",
        "electrified": "no",
        "gauge": "1435",
        "railway": "rail",
        "service": "siding",
        "source": "bing"
      },
      "geometry": {
        "type": "LineString",
        "coordinates": [
          [
            30.5517646,
            38.7663764
          ],
          [
            30.5518803,
            38.7662404
          ],
          [
            30.5520684,
            38.76595
          ],
          [
            30.5521434,
            38.7658379
          ],
          [
            30.552241,
            38.7656811
          ],
          [
            30.5523044,
            38.7655724
          ],
          [
            30.5541801,
            38.7618855
          ]
        ]
      },
      "id": "way/166165028"
    },
    {
      "type": "Feature",
      "properties": {
        "@id": "way/166165037",
        "axle_load": "22.5",
        "construction:electrified": "contact_line",
        "construction:frequency": "50",
        "construction:railway:etcs": "2",
        "construction:voltage": "25000",
        "electrified": "no",
        "gauge": "1435",
        "maxspeed": "120",
        "operator": "TCDD",
        "passenger_lines": "2",
        "railway": "rail",
        "source": "bing",
        "usage": "main"
      },
      "geometry": {
        "type": "LineString",
        "coordinates": [
          [
            30.5509909,
            38.7676856
          ],
          [
            30.5515032,
            38.7666104
          ],
          [
            30.5516519,
            38.7663233
          ]
        ]
      },
      "id": "way/166165037"
    },
    {
      "type": "Feature",
      "properties": {
        "@id": "way/167376642",
        "construction:electrified": "contact_line",
        "construction:frequency": "50",
        "construction:railway:etcs": "2",
        "construction:voltage": "25000",
        "electrified": "no",
        "gauge": "1435",
        "railway": "rail",
        "service": "yard"
      },
      "geometry": {
        "type": "LineString",
        "coordinates": [
          [
            30.5577374,
            38.758472
          ],
          [
            30.5570388,
            38.7595291
          ],
          [
            30.5569769,
            38.7596601
          ]
        ]
      },
      "id": "way/167376642"
    },
    {
      "type": "Feature",
      "properties": {
        "@id": "way/167396820",
        "construction:electrified": "contact_line",
        "construction:frequency": "50",
        "construction:railway:etcs": "2",
        "construction:voltage": "25000",
        "electrified": "no",
        "gauge": "1435",
        "railway": "rail",
        "service": "yard"
      },
      "geometry": {
        "type": "LineString",
        "coordinates": [
          [
            30.5529288,
            38.7650151
          ],
          [
            30.5550787,
            38.76212
          ],
          [
            30.5553455,
            38.7617319
          ],
          [
            30.55552,
            38.7615199
          ],
          [
            30.5557509,
            38.7612638
          ],
          [
            30.5559356,
            38.7610758
          ],
          [
            30.5561243,
            38.7609012
          ],
          [
            30.5566521,
            38.7602703
          ]
        ]
      },
      "id": "way/167396820"
    },
    {
      "type": "Feature",
      "properties": {
        "@id": "way/167396829",
        "construction:electrified": "contact_line",
        "construction:frequency": "50",
        "construction:railway:etcs": "2",
        "construction:voltage": "25000",
        "electrified": "no",
        "gauge": "1435",
        "railway": "rail",
        "service": "siding"
      },
      "geometry": {
        "type": "LineString",
        "coordinates": [
          [
            30.5520684,
            38.76595
          ],
          [
            30.5521794,
            38.7656991
          ],
          [
            30.5522575,
            38.7655574
          ],
          [
            30.5542564,
            38.7616481
          ]
        ]
      },
      "id": "way/167396829"
    },
    {
      "type": "Feature",
      "properties": {
        "@id": "way/167396834",
        "axle_load": "22.5",
        "construction:electrified": "contact_line",
        "construction:frequency": "50",
        "construction:railway:etcs": "2",
        "construction:voltage": "25000",
        "electrified": "no",
        "gauge": "1435",
        "name": "Eskişehir-Konya demiryolu",
        "operator": "TCDD",
        "passenger_lines": "2",
        "railway": "rail",
        "railway:etcs": "no",
        "usage": "main"
      },
      "geometry": {
        "type": "LineString",
        "coordinates": [
          [
            30.5511308,
            38.7674874
          ],
          [
            30.5512996,
            38.7671267
          ],
          [
            30.5514839,
            38.7667665
          ],
          [
            30.551563,
            38.7665383
          ],
          [
            30.5516519,
            38.7663233
          ]
        ]
      },
      "id": "way/167396834"
    },
    {
      "type": "Feature",
      "properties": {
        "@id": "way/167396842",
        "construction:electrified": "contact_line",
        "construction:frequency": "50",
        "construction:railway:etcs": "2",
        "construction:voltage": "25000",
        "electrified": "no",
        "gauge": "1435",
        "railway": "rail",
        "service": "siding"
      },
      "geometry": {
        "type": "LineString",
        "coordinates": [
          [
            30.5522187,
            38.7658933
          ],
          [
            30.552445,
            38.7656173
          ],
          [
            30.553773,
            38.7630536
          ]
        ]
      },
      "id": "way/167396842"
    },
    {
      "type": "Feature",
      "properties": {
        "@id": "way/167396845",
        "construction:electrified": "contact_line",
        "construction:frequency": "50",
        "construction:voltage": "25000",
        "electrified": "no",
        "gauge": "1435",
        "railway": "rail",
        "service": "crossover"
      },
      "geometry": {
        "type": "LineString",
        "coordinates": [
          [
            30.5539228,
            38.7618705
          ],
          [
            30.5542625,
            38.761395
          ]
        ]
      },
      "id": "way/167396845"
    },
    {
      "type": "Feature",
      "properties": {
        "@id": "way/167396847",
        "axle_load": "22.5",
        "construction:electrified": "contact_line",
        "construction:frequency": "50",
        "construction:railway:etcs": "2",
        "construction:voltage": "25000",
        "electrified": "no",
        "gauge": "1435",
        "name": "Eskişehir-Konya demiryolu",
        "operator": "TCDD",
        "passenger_lines": "2",
        "railway": "rail",
        "railway:etcs": "no",
        "usage": "main"
      },
      "geometry": {
        "type": "LineString",
        "coordinates": [
          [
            30.5526905,
            38.7642788
          ],
          [
            30.5519585,
            38.7657151
          ],
          [
            30.5518067,
            38.7660148
          ]
        ]
      },
      "id": "way/167396847"
    },
    {
      "type": "Feature",
      "properties": {
        "@id": "way/167396849",
        "construction:electrified": "contact_line",
        "construction:frequency": "50",
        "construction:railway:etcs": "2",
        "construction:voltage": "25000",
        "electrified": "no",
        "gauge": "1435",
        "railway": "rail",
        "service": "siding"
      },
      "geometry": {
        "type": "LineString",
        "coordinates": [
          [
            30.5520332,
            38.7661612
          ],
          [
            30.5524918,
            38.7656323
          ],
          [
            30.5537273,
            38.7632049
          ]
        ]
      },
      "id": "way/167396849"
    },
    {
      "type": "Feature",
      "properties": {
        "@id": "way/167396856",
        "construction:electrified": "contact_line",
        "construction:frequency": "50",
        "construction:railway:etcs": "2",
        "construction:voltage": "25000",
        "electrified": "no",
        "gauge": "1435",
        "railway": "rail",
        "service": "yard"
      },
      "geometry": {
        "type": "LineString",
        "coordinates": [
          [
            30.5543327,
            38.7629154
          ],
          [
            30.5534673,
            38.7641668
          ],
          [
            30.5531569,
            38.7645849
          ]
        ]
      },
      "id": "way/167396856"
    },
    {
      "type": "Feature",
      "properties": {
        "@id": "way/167396858",
        "construction:electrified": "contact_line",
        "construction:frequency": "50",
        "construction:railway:etcs": "2",
        "construction:voltage": "25000",
        "electrified": "no",
        "gauge": "1435",
        "railway": "rail",
        "service": "siding"
      },
      "geometry": {
        "type": "LineString",
        "coordinates": [
          [
            30.5521434,
            38.7658379
          ],
          [
            30.5522641,
            38.7657151
          ],
          [
            30.5523564,
            38.7655814
          ],
          [
            30.5541179,
            38.762059
          ]
        ]
      },
      "id": "way/167396858"
    },
    {
      "type": "Feature",
      "properties": {
        "@id": "way/167396859",
        "construction:electrified": "contact_line",
        "construction:frequency": "50",
        "construction:railway:etcs": "2",
        "construction:voltage": "25000",
        "electrified": "no",
        "gauge": "1435",
        "railway": "rail",
        "service": "siding"
      },
      "geometry": {
        "type": "LineString",
        "coordinates": [
          [
            30.5546522,
            38.762483
          ],
          [
            30.5547961,
            38.7622845
          ],
          [
            30.5553455,
            38.7617319
          ]
        ]
      },
      "id": "way/167396859"
    },
    {
      "type": "Feature",
      "properties": {
        "@id": "way/167396861",
        "construction:electrified": "contact_line",
        "construction:frequency": "50",
        "construction:railway:etcs": "2",
        "construction:voltage": "25000",
        "electrified": "no",
        "gauge": "1435",
        "railway": "rail",
        "service": "siding"
      },
      "geometry": {
        "type": "LineString",
        "coordinates": [
          [
            30.5518638,
            38.7663933
          ],
          [
            30.5520768,
            38.7661872
          ],
          [
            30.5523462,
            38.7658832
          ],
          [
            30.5525387,
            38.7656473
          ],
          [
            30.553617,
            38.7635162
          ]
        ]
      },
      "id": "way/167396861"
    },
    {
      "type": "Feature",
      "properties": {
        "@id": "way/167396865",
        "construction:electrified": "contact_line",
        "construction:frequency": "50",
        "construction:railway:etcs": "2",
        "construction:voltage": "25000",
        "electrified": "no",
        "gauge": "1435",
        "railway": "rail",
        "service": "yard"
      },
      "geometry": {
        "type": "LineString",
        "coordinates": [
          [
            30.5525357,
            38.7659482
          ],
          [
            30.5527933,
            38.765719
          ],
          [
            30.5530081,
            38.7654851
          ],
          [
            30.5561258,
            38.7612557
          ]
        ]
      },
      "id": "way/167396865"
    },
    {
      "type": "Feature",
      "properties": {
        "@id": "way/167396867",
        "construction:electrified": "contact_line",
        "construction:frequency": "50",
        "construction:railway:etcs": "2",
        "construction:voltage": "25000",
        "electrified": "no",
        "gauge": "1435",
        "railway": "rail",
        "service": "yard"
      },
      "geometry": {
        "type": "LineString",
        "coordinates": [
          [
            30.5526569,
            38.7656858
          ],
          [
            30.5528371,
            38.7653572
          ],
          [
            30.5561243,
            38.7609012
          ]
        ]
      },
      "id": "way/167396867"
    },
    {
      "type": "Feature",
      "properties": {
        "@id": "way/167396868",
        "construction:electrified": "contact_line",
        "construction:frequency": "50",
        "construction:railway:etcs": "2",
        "construction:voltage": "25000",
        "electrified": "no",
        "gauge": "1435",
        "railway": "rail",
        "service": "yard"
      },
      "geometry": {
        "type": "LineString",
        "coordinates": [
          [
            30.552563,
            38.7660191
          ],
          [
            30.5528622,
            38.7657077
          ],
          [
            30.5530492,
            38.7655071
          ],
          [
            30.5559031,
            38.7616453
          ]
        ]
      },
      "id": "way/167396868"
    },
    {
      "type": "Feature",
      "properties": {
        "@id": "way/167396869",
        "construction:electrified": "contact_line",
        "construction:frequency": "50",
        "construction:railway:etcs": "2",
        "construction:voltage": "25000",
        "electrified": "no",
        "gauge": "1435",
        "railway": "rail",
        "service": "siding"
      },
      "geometry": {
        "type": "LineString",
        "coordinates": [
          [
            30.5518067,
            38.7660148
          ],
          [
            30.551915,
            38.7656967
          ],
          [
            30.5521236,
            38.7652766
          ],
          [
            30.5536121,
            38.762337
          ]
        ]
      },
      "id": "way/167396869"
    },
    {
      "type": "Feature",
      "properties": {
        "@id": "way/167396870",
        "construction:electrified": "contact_line",
        "construction:frequency": "50",
        "construction:railway:etcs": "2",
        "construction:voltage": "25000",
        "electrified": "no",
        "gauge": "1435",
        "railway": "rail",
        "service": "yard"
      },
      "geometry": {
        "type": "LineString",
        "coordinates": [
          [
            30.5521606,
            38.7662532
          ],
          [
            30.5525357,
            38.7659482
          ],
          [
            30.5528584,
            38.7655918
          ],
          [
            30.556296,
            38.7609371
          ]
        ]
      },
      "id": "way/167396870"
    },
    {
      "type": "Feature",
      "properties": {
        "@id": "way/167396873",
        "construction:electrified": "contact_line",
        "construction:frequency": "50",
        "construction:railway:etcs": "2",
        "construction:voltage": "25000",
        "electrified": "no",
        "gauge": "1435",
        "railway": "rail",
        "service": "siding"
      },
      "geometry": {
        "type": "LineString",
        "coordinates": [
          [
            30.5519738,
            38.7664224
          ],
          [
            30.5520717,
            38.7662893
          ],
          [
            30.5522153,
            38.7661252
          ],
          [
            30.5524308,
            38.7658752
          ],
          [
            30.5525855,
            38.7656622
          ],
          [
            30.5529288,
            38.7650151
          ],
          [
            30.5531569,
            38.7645849
          ],
          [
            30.553434,
            38.7640408
          ],
          [
            30.5539211,
            38.7630727
          ],
          [
            30.5540417,
            38.7628227
          ],
          [
            30.554689,
            38.7615582
          ]
        ]
      },
      "id": "way/167396873"
    },
    {
      "type": "Feature",
      "properties": {
        "@id": "way/167396875",
        "construction:electrified": "contact_line",
        "construction:frequency": "50",
        "construction:railway:etcs": "2",
        "construction:voltage": "25000",
        "electrified": "no",
        "gauge": "1435",
        "railway": "rail",
        "service": "siding"
      },
      "geometry": {
        "type": "LineString",
        "coordinates": [
          [
            30.5513671,
            38.7671208
          ],
          [
            30.5518638,
            38.7663933
          ],
          [
            30.5520332,
            38.7661612
          ],
          [
            30.5522187,
            38.7658933
          ],
          [
            30.5523981,
            38.7656023
          ],
          [
            30.5539039,
            38.7626639
          ]
        ]
      },
      "id": "way/167396875"
    },
    {
      "type": "Feature",
      "properties": {
        "@id": "way/167396876",
        "construction:electrified": "contact_line",
        "construction:frequency": "50",
        "construction:railway:etcs": "2",
        "construction:voltage": "25000",
        "electrified": "no",
        "gauge": "1435",
        "railway": "rail",
        "service": "yard"
      },
      "geometry": {
        "type": "LineString",
        "coordinates": [
          [
            30.5523094,
            38.7660991
          ],
          [
            30.5525901,
            38.76577
          ],
          [
            30.5526569,
            38.7656858
          ],
          [
            30.555953,
            38.7612141
          ],
          [
            30.5562848,
            38.7608284
          ]
        ]
      },
      "id": "way/167396876"
    },
    {
      "type": "Feature",
      "properties": {
        "@id": "way/167515828",
        "construction:electrified": "contact_line",
        "construction:frequency": "50",
        "construction:railway:etcs": "2",
        "construction:voltage": "25000",
        "electrified": "no",
        "gauge": "1435",
        "railway": "rail",
        "service": "siding"
      },
      "geometry": {
        "type": "LineString",
        "coordinates": [
          [
            30.554165,
            38.7627574
          ],
          [
            30.555549,
            38.7601207
          ]
        ]
      },
      "id": "way/167515828"
    },
    {
      "type": "Feature",
      "properties": {
        "@id": "way/167515832",
        "construction:electrified": "contact_line",
        "construction:frequency": "50",
        "construction:railway:etcs": "2",
        "construction:voltage": "25000",
        "electrified": "no",
        "gauge": "1435",
        "railway": "rail",
        "service": "siding"
      },
      "geometry": {
        "type": "LineString",
        "coordinates": [
          [
            30.553434,
            38.7640408
          ],
          [
            30.553617,
            38.7635162
          ],
          [
            30.5537273,
            38.7632049
          ],
          [
            30.553773,
            38.7630536
          ],
          [
            30.5539039,
            38.7626639
          ],
          [
            30.5541179,
            38.762059
          ],
          [
            30.5541801,
            38.7618855
          ],
          [
            30.5542564,
            38.7616481
          ],
          [
            30.554557,
            38.7608154
          ]
        ]
      },
      "id": "way/167515832"
    },
    {
      "type": "Feature",
      "properties": {
        "@id": "way/167515834",
        "axle_load": "22.5",
        "construction:electrified": "contact_line",
        "construction:frequency": "50",
        "construction:railway:etcs": "2",
        "construction:voltage": "25000",
        "electrified": "no",
        "gauge": "1435",
        "railway": "rail",
        "service": "siding"
      },
      "geometry": {
        "type": "LineString",
        "coordinates": [
          [
            30.5514839,
            38.7667665
          ],
          [
            30.5517063,
            38.7663318
          ],
          [
            30.5520801,
            38.7655892
          ]
        ]
      },
      "id": "way/167515834"
    },
    {
      "type": "Feature",
      "properties": {
        "@id": "way/167515835",
        "construction:electrified": "contact_line",
        "construction:frequency": "50",
        "construction:railway:etcs": "2",
        "construction:voltage": "25000",
        "electrified": "no",
        "gauge": "1435",
        "railway": "rail",
        "service": "siding"
      },
      "geometry": {
        "type": "LineString",
        "coordinates": [
          [
            30.5550761,
            38.76079
          ],
          [
            30.5553757,
            38.7602066
          ],
          [
            30.5554653,
            38.7600597
          ],
          [
            30.5556216,
            38.7598733
          ],
          [
            30.5558895,
            38.7595812
          ]
        ]
      },
      "id": "way/167515835"
    },
    {
      "type": "Feature",
      "properties": {
        "@id": "way/167516809",
        "electrified": "no",
        "gauge": "1435",
        "railway": "rail",
        "service": "crossover"
      },
      "geometry": {
        "type": "LineString",
        "coordinates": [
          [
            30.5324989,
            38.7671333
          ],
          [
            30.5328418,
            38.7670988
          ]
        ]
      },
      "id": "way/167516809"
    },
    {
      "type": "Feature",
      "properties": {
        "@id": "way/167516810",
        "electrified": "no",
        "gauge": "1435",
        "railway": "rail",
        "service": "siding",
        "source": "bing"
      },
      "geometry": {
        "type": "LineString",
        "coordinates": [
          [
            30.5334001,
            38.7671579
          ],
          [
            30.5344988,
            38.7672201
          ],
          [
            30.5377052,
            38.7671969
          ],
          [
            30.5383805,
            38.7671178
          ]
        ]
      },
      "id": "way/167516810"
    },
    {
      "type": "Feature",
      "properties": {
        "@id": "way/169463883",
        "electrified": "no",
        "gauge": "1435",
        "railway": "rail",
        "service": "yard"
      },
      "geometry": {
        "type": "LineString",
        "coordinates": [
          [
            29.4083746,
            38.6666686
          ],
          [
            29.4083045,
            38.6663324
          ],
          [
            29.4082492,
            38.6660333
          ],
          [
            29.4082215,
            38.6658813
          ],
          [
            29.4081882,
            38.6657564
          ],
          [
            29.4081351,
            38.665585
          ],
          [
            29.4081164,
            38.6654292
          ],
          [
            29.4081006,
            38.6650822
          ],
          [
            29.4080738,
            38.6647324
          ],
          [
            29.408055,
            38.6645167
          ],
          [
            29.4080416,
            38.664412
          ],
          [
            29.4079906,
            38.6642298
          ],
          [
            29.4079236,
            38.6640434
          ],
          [
            29.4078431,
            38.6638591
          ],
          [
            29.4077747,
            38.6636643
          ],
          [
            29.4076642,
            38.6634582
          ],
          [
            29.4075212,
            38.6631973
          ],
          [
            29.4073431,
            38.662725
          ],
          [
            29.4071377,
            38.6622025
          ],
          [
            29.4070686,
            38.6619996
          ],
          [
            29.4069929,
            38.6617773
          ],
          [
            29.4068105,
            38.6612516
          ]
        ]
      },
      "id": "way/169463883"
    },
    {
      "type": "Feature",
      "properties": {
        "@id": "way/169463893",
        "electrified": "no",
        "gauge": "1435",
        "railway": "rail",
        "service": "yard"
      },
      "geometry": {
        "type": "LineString",
        "coordinates": [
          [
            29.4081328,
            38.6677126
          ],
          [
            29.4079772,
            38.6673063
          ],
          [
            29.4078965,
            38.6670946
          ],
          [
            29.4078097,
            38.6668592
          ],
          [
            29.4077862,
            38.6667359
          ],
          [
            29.4077879,
            38.6665355
          ],
          [
            29.4078484,
            38.6663317
          ]
        ]
      },
      "id": "way/169463893"
    },
    {
      "type": "Feature",
      "properties": {
        "@id": "way/169463897",
        "electrified": "no",
        "gauge": "1435",
        "railway": "rail",
        "service": "yard"
      },
      "geometry": {
        "type": "LineString",
        "coordinates": [
          [
            29.4087227,
            38.6673352
          ],
          [
            29.4082492,
            38.6660333
          ],
          [
            29.4066031,
            38.6614485
          ],
          [
            29.4063919,
            38.661023
          ]
        ]
      },
      "id": "way/169463897"
    },
    {
      "type": "Feature",
      "properties": {
        "@id": "way/169463906",
        "electrified": "no",
        "gauge": "1435",
        "railway": "rail",
        "service": "yard"
      },
      "geometry": {
        "type": "LineString",
        "coordinates": [
          [
            29.4083586,
            38.6673534
          ],
          [
            29.40818,
            38.6668194
          ],
          [
            29.4081024,
            38.6665795
          ],
          [
            29.4080642,
            38.6661917
          ],
          [
            29.408036,
            38.6660011
          ],
          [
            29.407971,
            38.6657395
          ]
        ]
      },
      "id": "way/169463906"
    },
    {
      "type": "Feature",
      "properties": {
        "@id": "way/169463908",
        "electrified": "no",
        "gauge": "1435",
        "railway": "rail",
        "service": "yard",
        "source": "bing"
      },
      "geometry": {
        "type": "LineString",
        "coordinates": [
          [
            29.4077959,
            38.6649162
          ],
          [
            29.4083045,
            38.6663324
          ]
        ]
      },
      "id": "way/169463908"
    },
    {
      "type": "Feature",
      "properties": {
        "@id": "way/169554945",
        "axle_load": "22.5",
        "electrified": "no",
        "gauge": "1435",
        "maxspeed": "120",
        "name": "Afyonkarahisar-Karakuyu demiryolu",
        "operator": "TCDD",
        "passenger_lines": "1",
        "railway": "rail",
        "source": "bing",
        "usage": "main"
      },
      "geometry": {
        "type": "LineString",
        "coordinates": [
          [
            30.3224268,
            38.6929965
          ],
          [
            30.3219181,
            38.6925714
          ],
          [
            30.3215857,
            38.6920832
          ],
          [
            30.3213678,
            38.6915046
          ],
          [
            30.3213325,
            38.690893
          ],
          [
            30.3214922,
            38.6891804
          ],
          [
            30.3216265,
            38.6885401
          ],
          [
            30.3218165,
            38.6879307
          ],
          [
            30.3223073,
            38.6867985
          ],
          [
            30.3234231,
            38.6845876
          ],
          [
            30.3236865,
            38.6839466
          ],
          [
            30.3238753,
            38.6833219
          ],
          [
            30.3240076,
            38.6825771
          ],
          [
            30.3240273,
            38.6818447
          ],
          [
            30.3234144,
            38.6746301
          ],
          [
            30.3233284,
            38.6736839
          ],
          [
            30.3233265,
            38.6730741
          ],
          [
            30.3234441,
            38.6721505
          ],
          [
            30.3237015,
            38.6712297
          ],
          [
            30.324184,
            38.6696813
          ],
          [
            30.3244058,
            38.6689771
          ],
          [
            30.3245886,
            38.6682803
          ],
          [
            30.3246025,
            38.6675726
          ],
          [
            30.3244838,
            38.6670822
          ],
          [
            30.3242586,
            38.6666365
          ],
          [
            30.3238554,
            38.6661418
          ],
          [
            30.3234343,
            38.6657536
          ],
          [
            30.322588,
            38.6650213
          ],
          [
            30.3221114,
            38.6645051
          ],
          [
            30.3215039,
            38.6637046
          ],
          [
            30.320669,
            38.6626372
          ],
          [
            30.3201654,
            38.6619184
          ],
          [
            30.3197751,
            38.6612485
          ],
          [
            30.3195465,
            38.6605135
          ],
          [
            30.3194812,
            38.6602181
          ],
          [
            30.3191807,
            38.6588695
          ],
          [
            30.3190185,
            38.6584467
          ],
          [
            30.3187694,
            38.6580446
          ],
          [
            30.3184504,
            38.6576688
          ],
          [
            30.3180654,
            38.6573522
          ],
          [
            30.3176513,
            38.6571047
          ],
          [
            30.317198,
            38.6569124
          ],
          [
            30.3166775,
            38.6567595
          ],
          [
            30.3161033,
            38.6566578
          ],
          [
            30.3151161,
            38.6565847
          ],
          [
            30.3140472,
            38.6563181
          ],
          [
            30.3135882,
            38.6561127
          ],
          [
            30.3131685,
            38.6558636
          ],
          [
            30.3125417,
            38.6552211
          ],
          [
            30.311476,
            38.6535193
          ],
          [
            30.3109747,
            38.652813
          ],
          [
            30.3106837,
            38.6524983
          ],
          [
            30.3103591,
            38.6521837
          ],
          [
            30.3078695,
            38.6498663
          ],
          [
            30.3059157,
            38.648087
          ],
          [
            30.3053055,
            38.6475332
          ],
          [
            30.3046393,
            38.6470929
          ],
          [
            30.3039512,
            38.6467771
          ],
          [
            30.3032903,
            38.6465974
          ],
          [
            30.3027255,
            38.6464755
          ],
          [
            30.3020596,
            38.6464493
          ],
          [
            30.3001903,
            38.6464973
          ],
          [
            30.299155,
            38.6465105
          ],
          [
            30.298198,
            38.6464536
          ],
          [
            30.2973809,
            38.6462657
          ],
          [
            30.2966366,
            38.6459685
          ],
          [
            30.2959112,
            38.6456808
          ],
          [
            30.2951668,
            38.6454722
          ],
          [
            30.2943172,
            38.6454154
          ],
          [
            30.2935565,
            38.6455354
          ],
          [
            30.2923832,
            38.6457882
          ],
          [
            30.2916558,
            38.6458674
          ],
          [
            30.290951,
            38.6458451
          ],
          [
            30.2903112,
            38.6456619
          ],
          [
            30.2897292,
            38.645447
          ],
          [
            30.2892241,
            38.6451346
          ],
          [
            30.2887663,
            38.6447771
          ],
          [
            30.2884688,
            38.6443481
          ],
          [
            30.2882484,
            38.6439302
          ],
          [
            30.2853364,
            38.6330796
          ],
          [
            30.2852463,
            38.6327413
          ],
          [
            30.2848894,
            38.6314014
          ],
          [
            30.2842577,
            38.629802
          ],
          [
            30.2813094,
            38.6241262
          ],
          [
            30.2810755,
            38.6235549
          ],
          [
            30.2809,
            38.6230248
          ],
          [
            30.2808122,
            38.6224672
          ],
          [
            30.2807362,
            38.6218731
          ],
          [
            30.2807071,
            38.6214531
          ]
        ]
      },
      "id": "way/169554945"
    },
    {
      "type": "Feature",
      "properties": {
        "@id": "way/169554949",
        "axle_load": "22.5",
        "electrified": "no",
        "gauge": "1435",
        "layer": "-1",
        "maxspeed": "120",
        "name": "Afyonkarahisar-Karakuyu demiryolu",
        "operator": "TCDD",
        "passenger_lines": "1",
        "railway": "rail",
        "source": "bing",
        "tunnel": "yes",
        "usage": "main"
      },
      "geometry": {
        "type": "LineString",
        "coordinates": [
          [
            30.3239769,
            38.6940069
          ],
          [
            30.3224268,
            38.6929965
          ]
        ]
      },
      "id": "way/169554949"
    },
    {
      "type": "Feature",
      "properties": {
        "@id": "way/169554950",
        "axle_load": "22.5",
        "electrified": "no",
        "gauge": "1435",
        "layer": "-1",
        "maxspeed": "120",
        "name": "Afyonkarahisar-Karakuyu demiryolu",
        "operator": "TCDD",
        "passenger_lines": "1",
        "railway": "rail",
        "source": "bing",
        "tunnel": "yes",
        "usage": "main"
      },
      "geometry": {
        "type": "LineString",
        "coordinates": [
          [
            30.3428249,
            38.7103121
          ],
          [
            30.3418566,
            38.7089766
          ]
        ]
      },
      "id": "way/169554950"
    },
    {
      "type": "Feature",
      "properties": {
        "@id": "way/169554952",
        "axle_load": "22.5",
        "electrified": "no",
        "gauge": "1435",
        "maxspeed": "120",
        "name": "Afyonkarahisar-Karakuyu demiryolu",
        "operator": "TCDD",
        "passenger_lines": "1",
        "railway": "rail",
        "source": "bing",
        "usage": "main"
      },
      "geometry": {
        "type": "LineString",
        "coordinates": [
          [
            30.3418566,
            38.7089766
          ],
          [
            30.3415409,
            38.7086491
          ],
          [
            30.3411698,
            38.7083595
          ],
          [
            30.3407416,
            38.7081442
          ],
          [
            30.3402837,
            38.7079748
          ],
          [
            30.3394443,
            38.7078472
          ],
          [
            30.3385762,
            38.7078634
          ],
          [
            30.3381406,
            38.7079338
          ],
          [
            30.3377346,
            38.7080501
          ],
          [
            30.337304,
            38.7082139
          ],
          [
            30.3362826,
            38.7087571
          ],
          [
            30.3356538,
            38.7090055
          ],
          [
            30.3350829,
            38.7091243
          ],
          [
            30.3344644,
            38.7091639
          ],
          [
            30.3338715,
            38.7091407
          ],
          [
            30.3305344,
            38.7085773
          ],
          [
            30.3295641,
            38.7083877
          ],
          [
            30.328658,
            38.7080762
          ],
          [
            30.3279537,
            38.7076877
          ],
          [
            30.3273118,
            38.7072407
          ],
          [
            30.3263635,
            38.7064232
          ],
          [
            30.3257512,
            38.7059759
          ],
          [
            30.3250396,
            38.7056316
          ],
          [
            30.3243292,
            38.7053493
          ],
          [
            30.3236247,
            38.7050262
          ],
          [
            30.3231539,
            38.7046527
          ],
          [
            30.3227721,
            38.7042616
          ]
        ]
      },
      "id": "way/169554952"
    },
    {
      "type": "Feature",
      "properties": {
        "@id": "way/169554956",
        "axle_load": "22.5",
        "electrified": "no",
        "gauge": "1435",
        "maxspeed": "120",
        "operator": "TCDD",
        "passenger_lines": "1",
        "railway": "rail",
        "source": "bing",
        "usage": "main"
      },
      "geometry": {
        "type": "LineString",
        "coordinates": [
          [
            30.3237276,
            38.6983549
          ],
          [
            30.3238566,
            38.6980272
          ],
          [
            30.3240599,
            38.6977131
          ]
        ]
      },
      "id": "way/169554956"
    },
    {
      "type": "Feature",
      "properties": {
        "@id": "way/169554957",
        "axle_load": "22.5",
        "electrified": "no",
        "gauge": "1435",
        "layer": "-1",
        "maxspeed": "120",
        "operator": "TCDD",
        "passenger_lines": "1",
        "railway": "rail",
        "source": "bing",
        "tunnel": "yes",
        "usage": "main"
      },
      "geometry": {
        "type": "LineString",
        "coordinates": [
          [
            30.3236152,
            38.6989066
          ],
          [
            30.3236368,
            38.6986364
          ],
          [
            30.3237276,
            38.6983549
          ]
        ]
      },
      "id": "way/169554957"
    },
    {
      "type": "Feature",
      "properties": {
        "@id": "way/169554958",
        "axle_load": "22.5",
        "electrified": "no",
        "gauge": "1435",
        "layer": "-1",
        "maxspeed": "120",
        "operator": "TCDD",
        "passenger_lines": "1",
        "railway": "rail",
        "source": "bing",
        "tunnel": "yes",
        "usage": "main"
      },
      "geometry": {
        "type": "LineString",
        "coordinates": [
          [
            30.3477517,
            38.7130921
          ],
          [
            30.3470926,
            38.7131096
          ],
          [
            30.3464567,
            38.7130522
          ]
        ]
      },
      "id": "way/169554958"
    },
    {
      "type": "Feature",
      "properties": {
        "@id": "way/169554961",
        "axle_load": "22.5",
        "electrified": "no",
        "gauge": "1435",
        "layer": "-1",
        "maxspeed": "120",
        "name": "Afyonkarahisar-Karakuyu demiryolu",
        "operator": "TCDD",
        "passenger_lines": "1",
        "railway": "rail",
        "source": "bing",
        "tunnel": "yes",
        "usage": "main"
      },
      "geometry": {
        "type": "LineString",
        "coordinates": [
          [
            30.3240599,
            38.6977131
          ],
          [
            30.3245205,
            38.6969875
          ],
          [
            30.3248166,
            38.6964553
          ],
          [
            30.3248794,
            38.6961647
          ],
          [
            30.3248917,
            38.6958471
          ]
        ]
      },
      "id": "way/169554961"
    },
    {
      "type": "Feature",
      "properties": {
        "@id": "way/169554963",
        "axle_load": "22.5",
        "electrified": "no",
        "gauge": "1435",
        "layer": "-1",
        "maxspeed": "120",
        "name": "Afyonkarahisar-Karakuyu demiryolu",
        "operator": "TCDD",
        "passenger_lines": "1",
        "railway": "rail",
        "source": "bing",
        "tunnel": "yes",
        "usage": "main"
      },
      "geometry": {
        "type": "LineString",
        "coordinates": [
          [
            30.3227721,
            38.7042616
          ],
          [
            30.3225574,
            38.7038917
          ],
          [
            30.3224933,
            38.7037116
          ],
          [
            30.3224306,
            38.7035353
          ],
          [
            30.3223291,
            38.7031293
          ],
          [
            30.3223271,
            38.7027274
          ]
        ]
      },
      "id": "way/169554963"
    },
    {
      "type": "Feature",
      "properties": {
        "@id": "way/169554964",
        "axle_load": "22.5",
        "electrified": "no",
        "gauge": "1435",
        "maxspeed": "120",
        "name": "Afyonkarahisar-Karakuyu demiryolu",
        "operator": "TCDD",
        "passenger_lines": "1",
        "railway": "rail",
        "source": "bing",
        "usage": "main"
      },
      "geometry": {
        "type": "LineString",
        "coordinates": [
          [
            30.3248917,
            38.6958471
          ],
          [
            30.324881,
            38.6954383
          ],
          [
            30.3247852,
            38.6950444
          ],
          [
            30.3245968,
            38.6946733
          ],
          [
            30.3243187,
            38.6943267
          ],
          [
            30.3239769,
            38.6940069
          ]
        ]
      },
      "id": "way/169554964"
    },
    {
      "type": "Feature",
      "properties": {
        "@id": "way/169554965",
        "axle_load": "22.5",
        "electrified": "no",
        "gauge": "1435",
        "maxspeed": "120",
        "name": "Afyonkarahisar-Karakuyu demiryolu",
        "operator": "TCDD",
        "passenger_lines": "1",
        "railway": "rail",
        "source": "bing",
        "usage": "main"
      },
      "geometry": {
        "type": "LineString",
        "coordinates": [
          [
            30.3464567,
            38.7130522
          ],
          [
            30.3458936,
            38.7129067
          ],
          [
            30.3453798,
            38.712674
          ],
          [
            30.3449606,
            38.712398
          ],
          [
            30.3445759,
            38.7120924
          ],
          [
            30.3436502,
            38.7112133
          ],
          [
            30.3432093,
            38.7107777
          ],
          [
            30.3428249,
            38.7103121
          ]
        ]
      },
      "id": "way/169554965"
    },
    {
      "type": "Feature",
      "properties": {
        "@id": "way/169554969",
        "axle_load": "22.5",
        "electrified": "no",
        "gauge": "1435",
        "maxspeed": "120",
        "name": "Afyonkarahisar-Karakuyu demiryolu",
        "operator": "TCDD",
        "passenger_lines": "1",
        "railway": "rail",
        "source": "bing",
        "usage": "main"
      },
      "geometry": {
        "type": "LineString",
        "coordinates": [
          [
            30.3223271,
            38.7027274
          ],
          [
            30.3224765,
            38.7021083
          ],
          [
            30.3225872,
            38.7018676
          ],
          [
            30.3232679,
            38.7007701
          ],
          [
            30.3234484,
            38.7003938
          ],
          [
            30.3235536,
            38.7000011
          ],
          [
            30.3236054,
            38.6994556
          ],
          [
            30.3236152,
            38.6989066
          ]
        ]
      },
      "id": "way/169554969"
    },
    {
      "type": "Feature",
      "properties": {
        "@id": "way/173290285",
        "axle_load": "22.5",
        "electrified": "no",
        "gauge": "1435",
        "name": "İzmir-Afyonkarahisar demiryolu",
        "operator": "TCDD",
        "railway": "rail",
        "railway:etcs": "no",
        "source": "bing",
        "usage": "main"
      },
      "geometry": {
        "type": "LineString",
        "coordinates": [
          [
            29.8916823,
            38.8377705
          ],
          [
            29.8912814,
            38.8374782
          ],
          [
            29.8908463,
            38.8370728
          ],
          [
            29.8904795,
            38.8366409
          ],
          [
            29.8901894,
            38.8361758
          ],
          [
            29.8898653,
            38.8356176
          ],
          [
            29.8882445,
            38.8324413
          ],
          [
            29.8879885,
            38.832016
          ],
          [
            29.8876047,
            38.831491
          ],
          [
            29.8872037,
            38.8311122
          ],
          [
            29.8866492,
            38.8306603
          ],
          [
            29.8861288,
            38.8303015
          ],
          [
            29.8810872,
            38.8269521
          ],
          [
            29.8765233,
            38.824194
          ],
          [
            29.8733208,
            38.8222605
          ],
          [
            29.8727323,
            38.8219548
          ],
          [
            29.8720329,
            38.8216292
          ],
          [
            29.8713165,
            38.8213369
          ],
          [
            29.8704892,
            38.8210977
          ],
          [
            29.8652099,
            38.8197022
          ],
          [
            29.8646385,
            38.8195295
          ],
          [
            29.8640244,
            38.8192836
          ],
          [
            29.8635213,
            38.8190245
          ],
          [
            29.8629925,
            38.8186988
          ],
          [
            29.8625916,
            38.8184264
          ],
          [
            29.8620714,
            38.8179745
          ],
          [
            29.8515384,
            38.8087838
          ],
          [
            29.8511504,
            38.8085047
          ],
          [
            29.8507411,
            38.8082589
          ],
          [
            29.8502721,
            38.8080928
          ],
          [
            29.8497596,
            38.8079941
          ],
          [
            29.849217,
            38.8079048
          ],
          [
            29.8481076,
            38.8077921
          ],
          [
            29.8476011,
            38.8077122
          ],
          [
            29.8472031,
            38.8076088
          ],
          [
            29.8467931,
            38.8074397
          ],
          [
            29.8463409,
            38.8072048
          ],
          [
            29.8460214,
            38.8069557
          ],
          [
            29.8448456,
            38.8060865
          ],
          [
            29.8444537,
            38.805814
          ],
          [
            29.8438025,
            38.8054804
          ],
          [
            29.8433081,
            38.8052596
          ],
          [
            29.8428052,
            38.8050946
          ],
          [
            29.8423289,
            38.804949
          ],
          [
            29.8417501,
            38.8048221
          ],
          [
            29.84001,
            38.8045876
          ],
          [
            29.8379276,
            38.8043053
          ],
          [
            29.8374091,
            38.8041784
          ],
          [
            29.8370293,
            38.8040328
          ],
          [
            29.8366072,
            38.8037978
          ],
          [
            29.8362455,
            38.8035394
          ],
          [
            29.8359079,
            38.8032152
          ],
          [
            29.8356366,
            38.8028393
          ],
          [
            29.8341835,
            38.8008095
          ],
          [
            29.8325376,
            38.7986481
          ],
          [
            29.8322,
            38.7983051
          ],
          [
            29.8317237,
            38.7978775
          ],
          [
            29.8309399,
            38.7972009
          ],
          [
            29.8306263,
            38.7968578
          ],
          [
            29.8303611,
            38.7965101
          ],
          [
            29.8301018,
            38.7960778
          ],
          [
            29.8278601,
            38.7916189
          ],
          [
            29.8238035,
            38.7838639
          ],
          [
            29.8227727,
            38.7822356
          ],
          [
            29.8205647,
            38.7798273
          ],
          [
            29.819565,
            38.7787374
          ],
          [
            29.8173868,
            38.7763625
          ],
          [
            29.814696,
            38.7735333
          ],
          [
            29.8086852,
            38.7701719
          ],
          [
            29.8048336,
            38.7680275
          ],
          [
            29.8027511,
            38.7667418
          ],
          [
            29.8005356,
            38.7646505
          ],
          [
            29.7960305,
            38.7605914
          ],
          [
            29.7947935,
            38.7596489
          ],
          [
            29.7933837,
            38.7590324
          ],
          [
            29.7914552,
            38.7585091
          ],
          [
            29.7897697,
            38.7578632
          ],
          [
            29.7874212,
            38.7567429
          ],
          [
            29.7839644,
            38.7550784
          ],
          [
            29.7818728,
            38.7537661
          ],
          [
            29.7757734,
            38.7499101
          ],
          [
            29.7692489,
            38.7457599
          ],
          [
            29.7669409,
            38.7442917
          ]
        ]
      },
      "id": "way/173290285"
    },
    {
      "type": "Feature",
      "properties": {
        "@id": "way/173412245",
        "axle_load": "22.5",
        "electrified": "no",
        "gauge": "1435",
        "name": "İzmir-Afyonkarahisar demiryolu",
        "operator": "TCDD",
        "railway": "rail",
        "railway:etcs": "no",
        "source": "bing",
        "usage": "main"
      },
      "geometry": {
        "type": "LineString",
        "coordinates": [
          [
            29.7666759,
            38.7441231
          ],
          [
            29.7627253,
            38.7416099
          ],
          [
            29.76034,
            38.7400925
          ],
          [
            29.7557238,
            38.737159
          ],
          [
            29.7555436,
            38.7370459
          ],
          [
            29.7554279,
            38.7369733
          ],
          [
            29.7511544,
            38.7342899
          ],
          [
            29.7509625,
            38.7341694
          ],
          [
            29.7502258,
            38.7336916
          ],
          [
            29.7496873,
            38.7332243
          ],
          [
            29.7486778,
            38.7322296
          ],
          [
            29.7481404,
            38.7315635
          ],
          [
            29.7465642,
            38.7293475
          ],
          [
            29.7417577,
            38.7226682
          ],
          [
            29.7388265,
            38.7186453
          ],
          [
            29.7379723,
            38.7174557
          ],
          [
            29.7311769,
            38.7079916
          ],
          [
            29.7292532,
            38.7054515
          ],
          [
            29.7281063,
            38.7037937
          ],
          [
            29.7267019,
            38.7025763
          ],
          [
            29.7204727,
            38.6982424
          ],
          [
            29.7183258,
            38.6966684
          ],
          [
            29.7165717,
            38.6954222
          ],
          [
            29.7138536,
            38.6934996
          ],
          [
            29.7125854,
            38.6924282
          ],
          [
            29.7116472,
            38.6914664
          ],
          [
            29.7108221,
            38.69006
          ],
          [
            29.7098061,
            38.6878085
          ],
          [
            29.7085299,
            38.684995
          ],
          [
            29.708104,
            38.6841818
          ],
          [
            29.7075166,
            38.6835156
          ],
          [
            29.7069061,
            38.6830097
          ],
          [
            29.7060355,
            38.6825076
          ],
          [
            29.7042942,
            38.6819369
          ],
          [
            29.7036601,
            38.681717
          ],
          [
            29.7029745,
            38.6813548
          ],
          [
            29.7025212,
            38.6809071
          ],
          [
            29.7021189,
            38.6803426
          ],
          [
            29.7019564,
            38.6798204
          ],
          [
            29.7019145,
            38.6792593
          ],
          [
            29.70204,
            38.6760652
          ],
          [
            29.7019091,
            38.6749717
          ],
          [
            29.7012198,
            38.6738807
          ],
          [
            29.7005235,
            38.6732437
          ],
          [
            29.6995102,
            38.6727558
          ],
          [
            29.6977367,
            38.6723608
          ],
          [
            29.6965426,
            38.6724132
          ],
          [
            29.6953485,
            38.6727311
          ],
          [
            29.6941838,
            38.6734066
          ],
          [
            29.6933395,
            38.6743158
          ],
          [
            29.6921738,
            38.6759362
          ],
          [
            29.6916459,
            38.676484
          ],
          [
            29.6909368,
            38.6769488
          ],
          [
            29.6900865,
            38.6772382
          ],
          [
            29.6890775,
            38.677335
          ],
          [
            29.6877036,
            38.6771184
          ],
          [
            29.6866377,
            38.6765049
          ],
          [
            29.6860653,
            38.6759998
          ],
          [
            29.6857521,
            38.6752653
          ],
          [
            29.6853696,
            38.6746052
          ],
          [
            29.6847114,
            38.6740273
          ],
          [
            29.6840086,
            38.673717
          ],
          [
            29.6830983,
            38.6734682
          ],
          [
            29.6820683,
            38.6734535
          ],
          [
            29.6783497,
            38.6741542
          ],
          [
            29.6773133,
            38.6744876
          ],
          [
            29.67649,
            38.6750792
          ],
          [
            29.6755049,
            38.6760849
          ],
          [
            29.6749315,
            38.6765397
          ],
          [
            29.6741193,
            38.6768291
          ],
          [
            29.6730411,
            38.6769995
          ],
          [
            29.6720626,
            38.6768688
          ],
          [
            29.6627779,
            38.6745763
          ],
          [
            29.6619093,
            38.6742747
          ],
          [
            29.6615969,
            38.6741284
          ],
          [
            29.6613079,
            38.673973
          ],
          [
            29.6611033,
            38.6738577
          ],
          [
            29.6602598,
            38.6733082
          ],
          [
            29.6597008,
            38.6727348
          ],
          [
            29.6559554,
            38.6680812
          ],
          [
            29.6552194,
            38.6672096
          ],
          [
            29.6541835,
            38.6666701
          ],
          [
            29.652858,
            38.6664804
          ],
          [
            29.6517781,
            38.6666211
          ],
          [
            29.644909,
            38.6688557
          ],
          [
            29.6435518,
            38.6695521
          ],
          [
            29.6379921,
            38.6727036
          ],
          [
            29.6364928,
            38.6735551
          ],
          [
            29.6289128,
            38.6778224
          ],
          [
            29.6283458,
            38.6782399
          ],
          [
            29.6278823,
            38.6787324
          ],
          [
            29.6271002,
            38.6795784
          ],
          [
            29.6264318,
            38.6800809
          ],
          [
            29.6254501,
            38.6804243
          ],
          [
            29.6243525,
            38.6805495
          ],
          [
            29.6232657,
            38.6803724
          ],
          [
            29.6222862,
            38.6799628
          ],
          [
            29.6216505,
            38.6794867
          ],
          [
            29.6211371,
            38.6787425
          ],
          [
            29.6200916,
            38.6763236
          ],
          [
            29.6194747,
            38.6754382
          ],
          [
            29.61868,
            38.6747013
          ],
          [
            29.6176357,
            38.6741663
          ],
          [
            29.6165859,
            38.6738028
          ],
          [
            29.6152003,
            38.6736173
          ],
          [
            29.6112703,
            38.6733957
          ],
          [
            29.6099389,
            38.6732646
          ],
          [
            29.6086284,
            38.6729141
          ],
          [
            29.6076456,
            38.6725351
          ],
          [
            29.6068184,
            38.6720161
          ],
          [
            29.6055143,
            38.6711789
          ],
          [
            29.6043534,
            38.6706483
          ],
          [
            29.6020543,
            38.6698563
          ],
          [
            29.5994557,
            38.6689688
          ],
          [
            29.5986296,
            38.6686354
          ],
          [
            29.5977418,
            38.6681365
          ],
          [
            29.5970954,
            38.6675472
          ],
          [
            29.5965241,
            38.6668155
          ],
          [
            29.5961749,
            38.6660888
          ],
          [
            29.595934,
            38.665143
          ],
          [
            29.5953305,
            38.6636849
          ],
          [
            29.5942329,
            38.662662
          ],
          [
            29.5926199,
            38.6613405
          ],
          [
            29.5916929,
            38.6601647
          ],
          [
            29.59059,
            38.6578293
          ],
          [
            29.590134,
            38.6569756
          ],
          [
            29.58942,
            38.6561922
          ],
          [
            29.5883911,
            38.6557159
          ],
          [
            29.5874105,
            38.655589
          ],
          [
            29.5839413,
            38.6554537
          ],
          [
            29.5832402,
            38.6554939
          ],
          [
            29.582472,
            38.6557055
          ],
          [
            29.581869,
            38.6559962
          ],
          [
            29.5812006,
            38.6564729
          ],
          [
            29.5805982,
            38.6574226
          ],
          [
            29.5805124,
            38.6583999
          ],
          [
            29.581375,
            38.6608253
          ],
          [
            29.5815375,
            38.661619
          ],
          [
            29.5814082,
            38.6623387
          ],
          [
            29.5809657,
            38.6632991
          ],
          [
            29.5806017,
            38.663736
          ],
          [
            29.5801041,
            38.6641658
          ],
          [
            29.5797273,
            38.6644146
          ],
          [
            29.5792764,
            38.664686
          ],
          [
            29.5782306,
            38.6650303
          ],
          [
            29.5775332,
            38.6651476
          ],
          [
            29.5768788,
            38.6651769
          ],
          [
            29.5761975,
            38.6651392
          ],
          [
            29.5756879,
            38.6650555
          ],
          [
            29.5750388,
            38.664867
          ],
          [
            29.5701096,
            38.6633971
          ],
          [
            29.5660498,
            38.6626333
          ],
          [
            29.5627539,
            38.6621521
          ],
          [
            29.5622254,
            38.6620251
          ],
          [
            29.5619205,
            38.6619363
          ],
          [
            29.5617091,
            38.6618664
          ],
          [
            29.5613391,
            38.6616759
          ],
          [
            29.5610464,
            38.661495
          ],
          [
            29.5595098,
            38.6602734
          ],
          [
            29.559178,
            38.6600687
          ],
          [
            29.5588166,
            38.6599075
          ],
          [
            29.558455,
            38.6597808
          ],
          [
            29.5580981,
            38.6596982
          ],
          [
            29.5574065,
            38.6596255
          ],
          [
            29.5566702,
            38.6596544
          ],
          [
            29.5558122,
            38.6598824
          ],
          [
            29.5551846,
            38.6601718
          ],
          [
            29.5546373,
            38.6605966
          ],
          [
            29.5542449,
            38.6610371
          ],
          [
            29.5538867,
            38.6615709
          ],
          [
            29.5536648,
            38.6618331
          ],
          [
            29.5532354,
            38.6622025
          ],
          [
            29.5524361,
            38.6626767
          ],
          [
            29.5516994,
            38.6628231
          ],
          [
            29.5511484,
            38.6628782
          ],
          [
            29.5505904,
            38.6628727
          ],
          [
            29.5500685,
            38.6627831
          ],
          [
            29.547945,
            38.6624648
          ],
          [
            29.5469312,
            38.6625969
          ],
          [
            29.546191,
            38.6628466
          ],
          [
            29.5456244,
            38.6632257
          ],
          [
            29.5451771,
            38.6636539
          ],
          [
            29.5446637,
            38.6643951
          ],
          [
            29.5441435,
            38.6649148
          ],
          [
            29.5436394,
            38.6652335
          ],
          [
            29.5431937,
            38.66544
          ],
          [
            29.542608,
            38.6656251
          ],
          [
            29.5421454,
            38.6656812
          ],
          [
            29.539523,
            38.665896
          ],
          [
            29.5387723,
            38.6660498
          ],
          [
            29.5382248,
            38.6662724
          ],
          [
            29.5373787,
            38.6667539
          ],
          [
            29.536872,
            38.6670536
          ],
          [
            29.536248,
            38.6672561
          ],
          [
            29.5356782,
            38.667379
          ],
          [
            29.5352059,
            38.6673875
          ],
          [
            29.5341976,
            38.6673005
          ],
          [
            29.533202,
            38.6669834
          ],
          [
            29.5306437,
            38.6662366
          ],
          [
            29.5297011,
            38.6659975
          ],
          [
            29.5286406,
            38.6659857
          ],
          [
            29.5276793,
            38.666209
          ],
          [
            29.5268435,
            38.6666651
          ],
          [
            29.5261553,
            38.6674069
          ],
          [
            29.5257567,
            38.6682433
          ],
          [
            29.5257395,
            38.6690173
          ],
          [
            29.5259498,
            38.6697394
          ],
          [
            29.5264519,
            38.6703409
          ],
          [
            29.5270758,
            38.6708828
          ],
          [
            29.5288298,
            38.6723368
          ],
          [
            29.5291221,
            38.6727123
          ],
          [
            29.5293122,
            38.6731114
          ],
          [
            29.529413,
            38.6736883
          ],
          [
            29.5294351,
            38.6738145
          ],
          [
            29.5293852,
            38.6744507
          ],
          [
            29.5290542,
            38.6751141
          ],
          [
            29.5286347,
            38.6755671
          ],
          [
            29.5281117,
            38.6760112
          ],
          [
            29.5275157,
            38.6762568
          ],
          [
            29.5267727,
            38.6764877
          ],
          [
            29.5262116,
            38.6765458
          ],
          [
            29.5257067,
            38.6765444
          ]
        ]
      },
      "id": "way/173412245"
    },
    {
      "type": "Feature",
      "properties": {
        "@id": "way/210008511",
        "axle_load": "22.5",
        "electrified": "no",
        "gauge": "1435",
        "layer": "-1",
        "operator": "TCDD",
        "railway": "rail",
        "railway:etcs": "no",
        "source": "bing",
        "tunnel": "yes",
        "usage": "main"
      },
      "geometry": {
        "type": "LineString",
        "coordinates": [
          [
            29.9377668,
            38.8603269
          ],
          [
            29.9378777,
            38.8609581
          ]
        ]
      },
      "id": "way/210008511"
    },
    {
      "type": "Feature",
      "properties": {
        "@id": "way/210008512",
        "axle_load": "22.5",
        "bridge": "yes",
        "electrified": "no",
        "gauge": "1435",
        "layer": "1",
        "operator": "TCDD",
        "railway": "rail",
        "railway:etcs": "no",
        "source": "bing",
        "usage": "main"
      },
      "geometry": {
        "type": "LineString",
        "coordinates": [
          [
            29.8919041,
            38.8379101
          ],
          [
            29.8916823,
            38.8377705
          ]
        ]
      },
      "id": "way/210008512"
    },
    {
      "type": "Feature",
      "properties": {
        "@id": "way/210008513",
        "axle_load": "22.5",
        "bridge": "yes",
        "electrified": "no",
        "gauge": "1435",
        "layer": "1",
        "operator": "TCDD",
        "railway": "rail",
        "railway:etcs": "no",
        "source": "bing",
        "usage": "main"
      },
      "geometry": {
        "type": "LineString",
        "coordinates": [
          [
            29.8973808,
            38.8400231
          ],
          [
            29.8970907,
            38.8399301
          ]
        ]
      },
      "id": "way/210008513"
    },
    {
      "type": "Feature",
      "properties": {
        "@id": "way/210008516",
        "electrified": "no",
        "gauge": "1435",
        "railway": "rail",
        "service": "siding"
      },
      "geometry": {
        "type": "LineString",
        "coordinates": [
          [
            29.9883029,
            38.8473398
          ],
          [
            29.9880688,
            38.8473432
          ],
          [
            29.9878093,
            38.8473551
          ],
          [
            29.9834842,
            38.8481303
          ],
          [
            29.9831702,
            38.8482233
          ],
          [
            29.9829801,
            38.8482965
          ]
        ]
      },
      "id": "way/210008516"
    },
    {
      "type": "Feature",
      "properties": {
        "@id": "way/210008517",
        "axle_load": "22.5",
        "electrified": "no",
        "gauge": "1435",
        "layer": "-1",
        "operator": "TCDD",
        "railway": "rail",
        "railway:etcs": "no",
        "source": "estimated",
        "tunnel": "yes",
        "usage": "main"
      },
      "geometry": {
        "type": "LineString",
        "coordinates": [
          [
            29.9545802,
            38.8565865
          ],
          [
            29.954256,
            38.8580015
          ],
          [
            29.9541024,
            38.8584267
          ],
          [
            29.9538465,
            38.8588187
          ]
        ]
      },
      "id": "way/210008517"
    },
    {
      "type": "Feature",
      "properties": {
        "@id": "way/210008518",
        "axle_load": "22.5",
        "electrified": "no",
        "gauge": "1435",
        "name": "İzmir-Afyonkarahisar demiryolu",
        "operator": "TCDD",
        "railway": "rail",
        "railway:etcs": "no",
        "source": "bing",
        "usage": "main"
      },
      "geometry": {
        "type": "LineString",
        "coordinates": [
          [
            29.9538465,
            38.8588187
          ],
          [
            29.9534626,
            38.8591509
          ],
          [
            29.9530786,
            38.85941
          ],
          [
            29.9526179,
            38.8596292
          ],
          [
            29.9520463,
            38.8598152
          ],
          [
            29.9514832,
            38.8599016
          ],
          [
            29.9509543,
            38.8599348
          ],
          [
            29.9505107,
            38.8599082
          ],
          [
            29.9499817,
            38.8598086
          ],
          [
            29.9495125,
            38.8596425
          ],
          [
            29.9462827,
            38.8583136
          ],
          [
            29.9458049,
            38.8580412
          ],
          [
            29.9454465,
            38.8577621
          ],
          [
            29.9451478,
            38.8574298
          ],
          [
            29.9448919,
            38.8570378
          ],
          [
            29.9447297,
            38.8566524
          ],
          [
            29.9446017,
            38.8561408
          ],
          [
            29.9444225,
            38.8552902
          ],
          [
            29.9441495,
            38.8546722
          ],
          [
            29.9439106,
            38.8541739
          ],
          [
            29.9435778,
            38.853609
          ],
          [
            29.9431853,
            38.8531904
          ],
          [
            29.942733,
            38.8529113
          ],
          [
            29.9421528,
            38.8526255
          ],
          [
            29.9416408,
            38.8524794
          ],
          [
            29.9411032,
            38.8523797
          ],
          [
            29.9405486,
            38.8523664
          ],
          [
            29.9400536,
            38.8523996
          ],
          [
            29.9395502,
            38.8524926
          ],
          [
            29.9390041,
            38.8526986
          ],
          [
            29.9385147,
            38.8529547
          ],
          [
            29.938458,
            38.8529844
          ],
          [
            29.9366575,
            38.8542735
          ],
          [
            29.936265,
            38.854639
          ],
          [
            29.9359066,
            38.8550443
          ],
          [
            29.9356762,
            38.855443
          ],
          [
            29.9355653,
            38.8559348
          ],
          [
            29.9355312,
            38.8563467
          ],
          [
            29.9355994,
            38.8567388
          ],
          [
            29.935753,
            38.8572504
          ],
          [
            29.9362309,
            38.8580544
          ],
          [
            29.9368196,
            38.8590246
          ],
          [
            29.9372804,
            38.8595495
          ],
          [
            29.9375364,
            38.8598751
          ],
          [
            29.9377668,
            38.8603269
          ]
        ]
      },
      "id": "way/210008518"
    },
    {
      "type": "Feature",
      "properties": {
        "@id": "way/210008519",
        "axle_load": "22.5",
        "electrified": "no",
        "gauge": "1435",
        "name": "İzmir-Afyonkarahisar demiryolu",
        "operator": "TCDD",
        "railway": "rail",
        "railway:etcs": "no",
        "source": "bing",
        "usage": "main"
      },
      "geometry": {
        "type": "LineString",
        "coordinates": [
          [
            29.8970907,
            38.8399301
          ],
          [
            29.8965832,
            38.8397366
          ],
          [
            29.8930387,
            38.8384417
          ],
          [
            29.8925098,
            38.838229
          ],
          [
            29.8922453,
            38.8380895
          ],
          [
            29.8919041,
            38.8379101
          ]
        ]
      },
      "id": "way/210008519"
    },
    {
      "type": "Feature",
      "properties": {
        "@id": "way/210008520",
        "axle_load": "22.5",
        "electrified": "no",
        "gauge": "1435",
        "name": "İzmir-Afyonkarahisar demiryolu",
        "operator": "TCDD",
        "railway": "rail",
        "railway:etcs": "no",
        "source": "bing",
        "usage": "main"
      },
      "geometry": {
        "type": "LineString",
        "coordinates": [
          [
            29.9378777,
            38.8609581
          ],
          [
            29.9378863,
            38.8612837
          ],
          [
            29.9377753,
            38.8617421
          ],
          [
            29.9376388,
            38.8621408
          ],
          [
            29.937434,
            38.8624664
          ],
          [
            29.9371012,
            38.8628384
          ],
          [
            29.9366895,
            38.8631458
          ],
          [
            29.9362249,
            38.8634089
          ],
          [
            29.9357542,
            38.8636062
          ],
          [
            29.935169,
            38.863733
          ],
          [
            29.9346078,
            38.8637941
          ],
          [
            29.9341191,
            38.8637941
          ],
          [
            29.9335459,
            38.8636955
          ],
          [
            29.9329486,
            38.8635216
          ],
          [
            29.9324538,
            38.8633008
          ],
          [
            29.9320435,
            38.8630424
          ],
          [
            29.9317599,
            38.8627887
          ],
          [
            29.9315065,
            38.8625021
          ],
          [
            29.9312893,
            38.8621545
          ],
          [
            29.9309031,
            38.8614826
          ],
          [
            29.9306859,
            38.8611584
          ],
          [
            29.9303782,
            38.8608295
          ],
          [
            29.9299981,
            38.8605429
          ],
          [
            29.9291533,
            38.8599416
          ],
          [
            29.9288396,
            38.859716
          ],
          [
            29.92855,
            38.8593684
          ],
          [
            29.9283267,
            38.859016
          ],
          [
            29.9281276,
            38.858626
          ],
          [
            29.9275182,
            38.857254
          ],
          [
            29.927307,
            38.8569345
          ],
          [
            29.9270355,
            38.8565728
          ],
          [
            29.9267036,
            38.8562673
          ],
          [
            29.9262511,
            38.8559525
          ],
          [
            29.9236747,
            38.8544349
          ],
          [
            29.9233308,
            38.8541623
          ],
          [
            29.9230049,
            38.8538334
          ],
          [
            29.922655,
            38.8534575
          ],
          [
            29.9223835,
            38.8529688
          ],
          [
            29.9222206,
            38.8525835
          ],
          [
            29.9221542,
            38.8521982
          ],
          [
            29.9217922,
            38.8504549
          ],
          [
            29.9216594,
            38.8499521
          ],
          [
            29.9215146,
            38.8496044
          ],
          [
            29.9205094,
            38.8474639
          ],
          [
            29.920313,
            38.8471699
          ],
          [
            29.9200534,
            38.8468529
          ],
          [
            29.919658,
            38.8464856
          ],
          [
            29.9189681,
            38.845921
          ],
          [
            29.9158429,
            38.8434202
          ],
          [
            29.915499,
            38.8431664
          ],
          [
            29.9149197,
            38.8428845
          ],
          [
            29.9143043,
            38.8426636
          ],
          [
            29.9132122,
            38.8422688
          ],
          [
            29.9126571,
            38.8420291
          ],
          [
            29.9121442,
            38.841719
          ],
          [
            29.9116253,
            38.8413712
          ],
          [
            29.9100445,
            38.8401775
          ],
          [
            29.9097609,
            38.8399754
          ],
          [
            29.9092722,
            38.839731
          ],
          [
            29.9087472,
            38.8395665
          ],
          [
            29.9082464,
            38.8394678
          ],
          [
            29.9077517,
            38.8394396
          ],
          [
            29.907106,
            38.8394725
          ],
          [
            29.9059348,
            38.8395783
          ],
          [
            29.9055976,
            38.8396088
          ],
          [
            29.9055028,
            38.8396179
          ],
          [
            29.900371,
            38.8401104
          ],
          [
            29.9002023,
            38.8401266
          ],
          [
            29.8992803,
            38.8402151
          ],
          [
            29.8986407,
            38.8402198
          ],
          [
            29.8980675,
            38.8401493
          ],
          [
            29.8973808,
            38.8400231
          ]
        ]
      },
      "id": "way/210008520"
    },
    {
      "type": "Feature",
      "properties": {
        "@id": "way/210008521",
        "axle_load": "22.5",
        "electrified": "no",
        "gauge": "1435",
        "name": "İzmir-Afyonkarahisar demiryolu",
        "operator": "TCDD",
        "railway": "rail",
        "railway:etcs": "no",
        "source": "bing",
        "usage": "main"
      },
      "geometry": {
        "type": "LineString",
        "coordinates": [
          [
            29.9783995,
            38.8489969
          ],
          [
            29.9780198,
            38.8489637
          ],
          [
            29.977538,
            38.8488642
          ],
          [
            29.9770903,
            38.8487247
          ],
          [
            29.9767486,
            38.8485585
          ],
          [
            29.9764925,
            38.8483523
          ],
          [
            29.9761342,
            38.8481064
          ],
          [
            29.9757673,
            38.8477476
          ],
          [
            29.9754516,
            38.8472958
          ],
          [
            29.9745942,
            38.8458606
          ],
          [
            29.9742786,
            38.8454752
          ],
          [
            29.9739373,
            38.8451828
          ],
          [
            29.9734766,
            38.8448572
          ],
          [
            29.9729732,
            38.8446446
          ],
          [
            29.9725125,
            38.8445051
          ],
          [
            29.9719324,
            38.844412
          ],
          [
            29.9711646,
            38.8443921
          ],
          [
            29.9684345,
            38.8444984
          ],
          [
            29.9678202,
            38.8444785
          ],
          [
            29.9671547,
            38.8443655
          ],
          [
            29.9666173,
            38.8441795
          ],
          [
            29.9661651,
            38.8439402
          ],
          [
            29.9653119,
            38.8433289
          ],
          [
            29.9629402,
            38.8416278
          ],
          [
            29.9624198,
            38.8413487
          ],
          [
            29.961942,
            38.8411759
          ],
          [
            29.9614557,
            38.8410696
          ],
          [
            29.9609267,
            38.8410165
          ],
          [
            29.9604063,
            38.8410298
          ],
          [
            29.9598006,
            38.8411228
          ],
          [
            29.959246,
            38.8412889
          ],
          [
            29.9586829,
            38.8415481
          ],
          [
            29.9582905,
            38.8418272
          ],
          [
            29.9580242,
            38.8420697
          ],
          [
            29.957881,
            38.842186
          ],
          [
            29.9575994,
            38.8425515
          ],
          [
            29.9573691,
            38.8430764
          ],
          [
            29.9572752,
            38.8434685
          ],
          [
            29.9572582,
            38.843927
          ],
          [
            29.9573956,
            38.8443877
          ],
          [
            29.9576686,
            38.8449325
          ],
          [
            29.9608338,
            38.8504608
          ],
          [
            29.9609874,
            38.8508727
          ],
          [
            29.9610556,
            38.8513378
          ],
          [
            29.9610215,
            38.8518095
          ],
          [
            29.9608594,
            38.8522812
          ],
          [
            29.9606546,
            38.85264
          ],
          [
            29.9602963,
            38.8530918
          ],
          [
            29.9598015,
            38.8534905
          ],
          [
            29.9592811,
            38.8537894
          ],
          [
            29.9587948,
            38.8539555
          ],
          [
            29.9581378,
            38.8540818
          ],
          [
            29.9570714,
            38.8542811
          ],
          [
            29.9565083,
            38.8544671
          ],
          [
            29.9559794,
            38.8547063
          ],
          [
            29.955476,
            38.8550252
          ],
          [
            29.9551603,
            38.8553507
          ],
          [
            29.9548447,
            38.8557759
          ],
          [
            29.954674,
            38.8561546
          ],
          [
            29.9545802,
            38.8565865
          ]
        ]
      },
      "id": "way/210008521"
    },
    {
      "type": "Feature",
      "properties": {
        "@id": "way/210008523",
        "axle_load": "22.5",
        "electrified": "no",
        "gauge": "1435",
        "name": "İzmir-Afyonkarahisar demiryolu",
        "operator": "TCDD",
        "railway": "rail",
        "railway:etcs": "no",
        "source": "bing",
        "usage": "main"
      },
      "geometry": {
        "type": "LineString",
        "coordinates": [
          [
            30.0574031,
            38.8499276
          ],
          [
            30.0557072,
            38.8488086
          ],
          [
            30.0550173,
            38.8483849
          ],
          [
            30.0542704,
            38.8480637
          ],
          [
            30.053364,
            38.8479557
          ],
          [
            30.0522897,
            38.8479965
          ],
          [
            30.0505395,
            38.8481643
          ],
          [
            30.0455372,
            38.8484196
          ],
          [
            30.0429558,
            38.8485308
          ],
          [
            30.0421823,
            38.8485314
          ],
          [
            30.0347332,
            38.8482894
          ],
          [
            30.0341506,
            38.8482477
          ],
          [
            30.0335465,
            38.8482662
          ],
          [
            30.0329328,
            38.8482983
          ],
          [
            30.0322967,
            38.8484168
          ],
          [
            30.0316663,
            38.8485554
          ],
          [
            30.031064,
            38.8487527
          ],
          [
            30.0301627,
            38.8491232
          ],
          [
            30.0296529,
            38.8494139
          ],
          [
            30.0256072,
            38.851721
          ],
          [
            30.0251218,
            38.8519541
          ],
          [
            30.0244408,
            38.8521797
          ],
          [
            30.0237415,
            38.8523167
          ],
          [
            30.023042,
            38.8523601
          ],
          [
            30.0222789,
            38.8523159
          ],
          [
            30.0214547,
            38.852145
          ],
          [
            30.0208066,
            38.8519154
          ],
          [
            30.0188771,
            38.8509307
          ],
          [
            30.0177478,
            38.8503312
          ],
          [
            30.0171111,
            38.8500622
          ],
          [
            30.0164641,
            38.8499011
          ],
          [
            30.0159703,
            38.8498621
          ],
          [
            30.0155144,
            38.8498608
          ],
          [
            30.0145496,
            38.8499049
          ],
          [
            30.0137122,
            38.8499371
          ],
          [
            30.0130379,
            38.8498673
          ],
          [
            30.0124247,
            38.8497136
          ],
          [
            30.0092157,
            38.8481306
          ],
          [
            30.0083011,
            38.8478887
          ],
          [
            30.0073929,
            38.8478567
          ],
          [
            30.006048,
            38.8479315
          ],
          [
            30.0045256,
            38.8480009
          ],
          [
            30.0030829,
            38.8479355
          ],
          [
            29.9991505,
            38.8474759
          ],
          [
            29.9968766,
            38.8472222
          ],
          [
            29.9934275,
            38.8468373
          ],
          [
            29.9925616,
            38.8467377
          ],
          [
            29.9919985,
            38.8467443
          ],
          [
            29.9910941,
            38.8468573
          ],
          [
            29.9885155,
            38.8473031
          ],
          [
            29.9883029,
            38.8473398
          ],
          [
            29.9829801,
            38.8482965
          ],
          [
            29.9823072,
            38.8484214
          ],
          [
            29.9818757,
            38.8484971
          ],
          [
            29.9793378,
            38.8489303
          ],
          [
            29.9787706,
            38.8490035
          ],
          [
            29.9785409,
            38.8490036
          ]
        ]
      },
      "id": "way/210008523"
    },
    {
      "type": "Feature",
      "properties": {
        "@id": "way/235112852",
        "axle_load": "22.5",
        "bridge": "yes",
        "electrified": "no",
        "gauge": "1435",
        "layer": "1",
        "maxspeed": "120",
        "name": "Afyonkarahisar-Karakuyu demiryolu",
        "operator": "TCDD",
        "passenger_lines": "1",
        "railway": "rail",
        "source": "bing",
        "usage": "main"
      },
      "geometry": {
        "type": "LineString",
        "coordinates": [
          [
            30.4002743,
            38.794904
          ],
          [
            30.3995945,
            38.7945163
          ]
        ]
      },
      "id": "way/235112852"
    },
    {
      "type": "Feature",
      "properties": {
        "@id": "way/235112853",
        "axle_load": "22.5",
        "electrified": "no",
        "gauge": "1435",
        "maxspeed": "120",
        "name": "Afyonkarahisar-Karakuyu demiryolu",
        "operator": "TCDD",
        "passenger_lines": "1",
        "railway": "rail",
        "source": "bing",
        "usage": "main"
      },
      "geometry": {
        "type": "LineString",
        "coordinates": [
          [
            30.3995945,
            38.7945163
          ],
          [
            30.3941725,
            38.7915205
          ],
          [
            30.3936901,
            38.7911401
          ],
          [
            30.3932594,
            38.7906875
          ],
          [
            30.3929691,
            38.7901137
          ],
          [
            30.3927993,
            38.7895123
          ],
          [
            30.3928276,
            38.788475
          ],
          [
            30.3929196,
            38.7873274
          ],
          [
            30.3927639,
            38.786086
          ],
          [
            30.3921339,
            38.7837851
          ],
          [
            30.3894795,
            38.7740788
          ],
          [
            30.388121,
            38.7690987
          ],
          [
            30.386994,
            38.764941
          ],
          [
            30.38679,
            38.7641884
          ],
          [
            30.3863648,
            38.7621992
          ],
          [
            30.3860382,
            38.7600994
          ],
          [
            30.385494,
            38.7518869
          ],
          [
            30.3852621,
            38.7477869
          ],
          [
            30.384947,
            38.7422003
          ],
          [
            30.3849383,
            38.7420523
          ],
          [
            30.3846334,
            38.7368725
          ],
          [
            30.3839699,
            38.7255507
          ],
          [
            30.3839416,
            38.7251267
          ],
          [
            30.3838994,
            38.7244937
          ],
          [
            30.3837789,
            38.7239047
          ],
          [
            30.38359,
            38.7233482
          ],
          [
            30.3830789,
            38.722464
          ],
          [
            30.382072,
            38.7215556
          ],
          [
            30.3816077,
            38.7212524
          ],
          [
            30.379802,
            38.7202518
          ],
          [
            30.3766031,
            38.7185761
          ],
          [
            30.3757095,
            38.7182475
          ],
          [
            30.3745486,
            38.7180446
          ],
          [
            30.3732608,
            38.7180149
          ],
          [
            30.3720616,
            38.7181391
          ],
          [
            30.3681026,
            38.7185956
          ],
          [
            30.3672913,
            38.718693
          ],
          [
            30.366468,
            38.7186125
          ],
          [
            30.3657688,
            38.7184702
          ],
          [
            30.3651164,
            38.7181708
          ],
          [
            30.3638371,
            38.7173194
          ],
          [
            30.3632566,
            38.7170101
          ],
          [
            30.36265,
            38.7167405
          ],
          [
            30.3597041,
            38.7154559
          ],
          [
            30.3593488,
            38.7153272
          ],
          [
            30.3589451,
            38.7152133
          ],
          [
            30.357046,
            38.7148272
          ],
          [
            30.3564624,
            38.7146738
          ],
          [
            30.3559549,
            38.7144609
          ],
          [
            30.3555552,
            38.7142283
          ],
          [
            30.3552254,
            38.713961
          ],
          [
            30.3542969,
            38.7129386
          ],
          [
            30.3536775,
            38.7124413
          ],
          [
            30.3528571,
            38.7120852
          ],
          [
            30.3521018,
            38.7119565
          ],
          [
            30.3512541,
            38.7119265
          ],
          [
            30.3502455,
            38.7121938
          ],
          [
            30.3494459,
            38.712547
          ],
          [
            30.3488054,
            38.7128076
          ],
          [
            30.3483296,
            38.712971
          ],
          [
            30.3477517,
            38.7130921
          ]
        ]
      },
      "id": "way/235112853"
    },
    {
      "type": "Feature",
      "properties": {
        "@id": "way/252990752",
        "axle_load": "22.5",
        "bridge": "yes",
        "electrified": "no",
        "gauge": "1435",
        "layer": "1",
        "operator": "TCDD",
        "passenger_lines": "1",
        "railway": "rail",
        "railway:etcs": "no",
        "source": "bing",
        "usage": "main"
      },
      "geometry": {
        "type": "LineString",
        "coordinates": [
          [
            30.4113197,
            38.8563404
          ],
          [
            30.4112004,
            38.8561649
          ]
        ]
      },
      "id": "way/252990752"
    },
    {
      "type": "Feature",
      "properties": {
        "@id": "way/275982089",
        "axle_load": "22.5",
        "construction:electrified": "contact_line",
        "construction:frequency": "50",
        "construction:railway:etcs": "2",
        "construction:voltage": "25000",
        "electrified": "no",
        "gauge": "1435",
        "operator": "TCDD",
        "passenger_lines": "2",
        "railway": "rail",
        "railway:etcs": "no",
        "source": "bing",
        "usage": "main"
      },
      "geometry": {
        "type": "LineString",
        "coordinates": [
          [
            30.5518067,
            38.7660148
          ],
          [
            30.5516519,
            38.7663233
          ]
        ]
      },
      "id": "way/275982089"
    },
    {
      "type": "Feature",
      "properties": {
        "@id": "way/275982090",
        "construction:electrified": "contact_line",
        "construction:frequency": "50",
        "construction:railway:etcs": "2",
        "construction:voltage": "25000",
        "electrified": "no",
        "gauge": "1435",
        "operator": "TCDD",
        "railway": "rail",
        "source": "bing",
        "usage": "main"
      },
      "geometry": {
        "type": "LineString",
        "coordinates": [
          [
            30.5509909,
            38.7676856
          ],
          [
            30.5511308,
            38.7674874
          ]
        ]
      },
      "id": "way/275982090"
    },
    {
      "type": "Feature",
      "properties": {
        "@id": "way/494663455",
        "electrified": "no",
        "gauge": "1435",
        "operator": "TCDD",
        "railway": "rail",
        "service": "siding",
        "source": "bing"
      },
      "geometry": {
        "type": "LineString",
        "coordinates": [
          [
            30.3852621,
            38.7477869
          ],
          [
            30.3851847,
            38.7473208
          ],
          [
            30.3849215,
            38.7425971
          ],
          [
            30.384947,
            38.7422003
          ]
        ]
      },
      "id": "way/494663455"
    },
    {
      "type": "Feature",
      "properties": {
        "@id": "way/494842250",
        "electrified": "no",
        "gauge": "1435",
        "railway": "rail",
        "service": "siding"
      },
      "geometry": {
        "type": "LineString",
        "coordinates": [
          [
            29.4079101,
            38.6661729
          ],
          [
            29.4079421,
            38.666021
          ],
          [
            29.4079395,
            38.6657561
          ],
          [
            29.4078533,
            38.6653778
          ]
        ]
      },
      "id": "way/494842250"
    },
    {
      "type": "Feature",
      "properties": {
        "@id": "way/494842251",
        "electrified": "no",
        "gauge": "1435",
        "railway": "rail",
        "service": "yard"
      },
      "geometry": {
        "type": "LineString",
        "coordinates": [
          [
            29.4080642,
            38.6661917
          ],
          [
            29.4081583,
            38.6665304
          ],
          [
            29.4082561,
            38.6668039
          ],
          [
            29.4084248,
            38.6673401
          ]
        ]
      },
      "id": "way/494842251"
    },
    {
      "type": "Feature",
      "properties": {
        "@id": "way/494842252",
        "electrified": "no",
        "gauge": "1435",
        "railway": "rail",
        "service": "yard"
      },
      "geometry": {
        "type": "LineString",
        "coordinates": [
          [
            29.4079264,
            38.6663318
          ],
          [
            29.4079526,
            38.666399
          ],
          [
            29.4081252,
            38.6668306
          ],
          [
            29.4083077,
            38.6673654
          ]
        ]
      },
      "id": "way/494842252"
    },
    {
      "type": "Feature",
      "properties": {
        "@id": "way/494842253",
        "electrified": "no",
        "gauge": "1435",
        "railway": "rail",
        "service": "yard"
      },
      "geometry": {
        "type": "LineString",
        "coordinates": [
          [
            29.40673,
            38.6616945
          ],
          [
            29.4081351,
            38.665585
          ]
        ]
      },
      "id": "way/494842253"
    },
    {
      "type": "Feature",
      "properties": {
        "@id": "way/494842254",
        "electrified": "no",
        "gauge": "1435",
        "railway": "rail",
        "service": "yard"
      },
      "geometry": {
        "type": "LineString",
        "coordinates": [
          [
            29.4064656,
            38.6609391
          ],
          [
            29.4068237,
            38.661669
          ],
          [
            29.4070896,
            38.662351
          ]
        ]
      },
      "id": "way/494842254"
    },
    {
      "type": "Feature",
      "properties": {
        "@id": "way/494842255",
        "electrified": "no",
        "gauge": "1435",
        "railway": "rail",
        "service": "yard"
      },
      "geometry": {
        "type": "LineString",
        "coordinates": [
          [
            29.4065259,
            38.6609475
          ],
          [
            29.4068666,
            38.6616606
          ],
          [
            29.4069846,
            38.6619863
          ],
          [
            29.4072763,
            38.662717
          ]
        ]
      },
      "id": "way/494842255"
    },
    {
      "type": "Feature",
      "properties": {
        "@id": "way/494842256",
        "electrified": "no",
        "gauge": "1435",
        "railway": "rail",
        "service": "yard"
      },
      "geometry": {
        "type": "LineString",
        "coordinates": [
          [
            29.4066031,
            38.6614485
          ],
          [
            29.40673,
            38.6616945
          ],
          [
            29.4070896,
            38.662351
          ],
          [
            29.4072763,
            38.662717
          ],
          [
            29.4075212,
            38.6631973
          ]
        ]
      },
      "id": "way/494842256"
    },
    {
      "type": "Feature",
      "properties": {
        "@id": "way/494842257",
        "electrified": "no",
        "gauge": "1435",
        "railway": "rail",
        "service": "siding"
      },
      "geometry": {
        "type": "LineString",
        "coordinates": [
          [
            29.4062037,
            38.6606106
          ],
          [
            29.4073573,
            38.6639409
          ],
          [
            29.4081127,
            38.6659491
          ],
          [
            29.4082017,
            38.6662107
          ],
          [
            29.408269,
            38.666443
          ]
        ]
      },
      "id": "way/494842257"
    },
    {
      "type": "Feature",
      "properties": {
        "@id": "way/543186232",
        "axle_load": "22.5",
        "construction:electrified": "contact_line",
        "construction:frequency": "50",
        "construction:railway:etcs": "2",
        "construction:voltage": "25000",
        "electrified": "no",
        "gauge": "1435",
        "name": "Eskişehir-Konya demiryolu",
        "operator": "TCDD",
        "railway": "rail",
        "railway:etcs": "no",
        "usage": "main"
      },
      "geometry": {
        "type": "LineString",
        "coordinates": [
          [
            30.5539228,
            38.7618705
          ],
          [
            30.5547994,
            38.7602025
          ],
          [
            30.5549405,
            38.7599768
          ],
          [
            30.5550282,
            38.7598236
          ],
          [
            30.5555263,
            38.7592236
          ],
          [
            30.5559324,
            38.7588167
          ],
          [
            30.5561308,
            38.7586314
          ],
          [
            30.5563664,
            38.7584472
          ],
          [
            30.5568851,
            38.7580998
          ],
          [
            30.5571425,
            38.7579374
          ],
          [
            30.5574208,
            38.7577756
          ],
          [
            30.5576846,
            38.7576495
          ],
          [
            30.5579616,
            38.757533
          ],
          [
            30.5582209,
            38.7574335
          ],
          [
            30.5585184,
            38.7573264
          ],
          [
            30.5610103,
            38.7565161
          ]
        ]
      },
      "id": "way/543186232"
    },
    {
      "type": "Feature",
      "properties": {
        "@id": "way/543186233",
        "axle_load": "22.5",
        "electrified": "no",
        "gauge": "1435",
        "maxspeed": "120",
        "name": "Afyonkarahisar-Karakuyu demiryolu",
        "operator": "TCDD",
        "passenger_lines": "1",
        "railway": "rail",
        "source": "bing",
        "usage": "main"
      },
      "geometry": {
        "type": "LineString",
        "coordinates": [
          [
            30.4442471,
            38.8280274
          ],
          [
            30.4445902,
            38.8278957
          ],
          [
            30.4450264,
            38.8276753
          ],
          [
            30.4453595,
            38.8274674
          ],
          [
            30.4456879,
            38.8272385
          ],
          [
            30.4459624,
            38.8269867
          ]
        ]
      },
      "id": "way/543186233"
    },
    {
      "type": "Feature",
      "properties": {
        "@id": "way/846384067",
        "construction:electrified": "contact_line",
        "construction:frequency": "50",
        "construction:railway:etcs": "2",
        "construction:voltage": "25000",
        "covered": "yes",
        "electrified": "no",
        "gauge": "1435",
        "railway": "rail",
        "service": "siding"
      },
      "geometry": {
        "type": "LineString",
        "coordinates": [
          [
            30.5543327,
            38.7629154
          ],
          [
            30.5546522,
            38.762483
          ]
        ]
      },
      "id": "way/846384067"
    },
    {
      "type": "Feature",
      "properties": {
        "@id": "way/846384068",
        "construction:electrified": "contact_line",
        "construction:frequency": "50",
        "construction:railway:etcs": "2",
        "construction:voltage": "25000",
        "covered": "yes",
        "electrified": "no",
        "gauge": "1435",
        "railway": "rail",
        "service": "siding"
      },
      "geometry": {
        "type": "LineString",
        "coordinates": [
          [
            30.554689,
            38.7615582
          ],
          [
            30.5550761,
            38.76079
          ]
        ]
      },
      "id": "way/846384068"
    },
    {
      "type": "Feature",
      "properties": {
        "@id": "way/846384074",
        "construction:electrified": "contact_line",
        "construction:frequency": "50",
        "construction:railway:etcs": "2",
        "construction:voltage": "25000",
        "covered": "yes",
        "electrified": "no",
        "gauge": "1435",
        "railway": "rail",
        "service": "yard"
      },
      "geometry": {
        "type": "LineString",
        "coordinates": [
          [
            30.5562436,
            38.7590818
          ],
          [
            30.5568886,
            38.7586266
          ]
        ]
      },
      "id": "way/846384074"
    },
    {
      "type": "Feature",
      "properties": {
        "@id": "way/846384078",
        "construction:electrified": "contact_line",
        "construction:frequency": "50",
        "construction:railway:etcs": "2",
        "construction:voltage": "25000",
        "covered": "yes",
        "electrified": "no",
        "gauge": "1435",
        "railway": "rail",
        "service": "siding"
      },
      "geometry": {
        "type": "LineString",
        "coordinates": [
          [
            30.5570075,
            38.7573008
          ],
          [
            30.5572156,
            38.7568533
          ]
        ]
      },
      "id": "way/846384078"
    },
    {
      "type": "Feature",
      "properties": {
        "@id": "way/846384079",
        "construction:electrified": "contact_line",
        "construction:frequency": "50",
        "construction:railway:etcs": "2",
        "construction:voltage": "25000",
        "covered": "yes",
        "electrified": "no",
        "gauge": "1435",
        "railway": "rail",
        "service": "siding"
      },
      "geometry": {
        "type": "LineString",
        "coordinates": [
          [
            30.5569177,
            38.7572723
          ],
          [
            30.5571233,
            38.756824
          ]
        ]
      },
      "id": "way/846384079"
    },
    {
      "type": "Feature",
      "properties": {
        "@id": "way/846384080",
        "construction:electrified": "contact_line",
        "construction:frequency": "50",
        "construction:railway:etcs": "2",
        "construction:voltage": "25000",
        "covered": "yes",
        "electrified": "no",
        "gauge": "1435",
        "railway": "rail",
        "service": "siding"
      },
      "geometry": {
        "type": "LineString",
        "coordinates": [
          [
            30.556828,
            38.7572438
          ],
          [
            30.5570529,
            38.7568017
          ]
        ]
      },
      "id": "way/846384080"
    },
    {
      "type": "Feature",
      "properties": {
        "@id": "way/956616836",
        "axle_load": "22.5",
        "construction:electrified": "contact_line",
        "construction:frequency": "50",
        "construction:railway:etcs": "1",
        "construction:voltage": "25000",
        "electrified": "no",
        "gauge": "1435",
        "name": "Eskişehir-Konya demiryolu",
        "operator": "TCDD",
        "railway": "rail",
        "railway:etcs": "no",
        "source": "osm-gpx",
        "usage": "main"
      },
      "geometry": {
        "type": "LineString",
        "coordinates": [
          [
            30.5610103,
            38.7565161
          ],
          [
            30.5671183,
            38.7545742
          ],
          [
            30.5708144,
            38.7533991
          ],
          [
            30.5712985,
            38.7532452
          ],
          [
            30.5722357,
            38.7529413
          ],
          [
            30.5728519,
            38.7527501
          ],
          [
            30.5736519,
            38.7525354
          ],
          [
            30.5762226,
            38.752028
          ],
          [
            30.5771515,
            38.7518489
          ],
          [
            30.5781231,
            38.7516653
          ],
          [
            30.5789097,
            38.7515089
          ],
          [
            30.5805522,
            38.7511838
          ],
          [
            30.5812246,
            38.7510454
          ],
          [
            30.5813629,
            38.7510118
          ],
          [
            30.5819111,
            38.7508708
          ],
          [
            30.5821976,
            38.7507906
          ],
          [
            30.5826513,
            38.750645
          ],
          [
            30.5833256,
            38.7503741
          ],
          [
            30.5841794,
            38.7500228
          ],
          [
            30.5860049,
            38.7492316
          ],
          [
            30.5885569,
            38.7481055
          ],
          [
            30.5911338,
            38.7469659
          ],
          [
            30.5926585,
            38.7462724
          ],
          [
            30.5933502,
            38.7459094
          ],
          [
            30.5938885,
            38.7455851
          ],
          [
            30.5948502,
            38.7448849
          ],
          [
            30.5961841,
            38.743861
          ],
          [
            30.5982163,
            38.7422826
          ],
          [
            30.5991847,
            38.7415557
          ],
          [
            30.6005722,
            38.7405091
          ],
          [
            30.6014211,
            38.7399807
          ],
          [
            30.6020874,
            38.7395918
          ],
          [
            30.6026599,
            38.7392748
          ],
          [
            30.604922,
            38.7381236
          ],
          [
            30.6069361,
            38.7371153
          ],
          [
            30.6094098,
            38.7358639
          ],
          [
            30.6116827,
            38.7347003
          ],
          [
            30.6126448,
            38.7341487
          ],
          [
            30.6131878,
            38.7338054
          ],
          [
            30.6138041,
            38.7333329
          ],
          [
            30.6141364,
            38.7330409
          ],
          [
            30.6144513,
            38.7327418
          ],
          [
            30.6148494,
            38.7323346
          ],
          [
            30.6152158,
            38.7319091
          ],
          [
            30.6155265,
            38.7315096
          ],
          [
            30.615996,
            38.7307952
          ],
          [
            30.6163264,
            38.730129
          ],
          [
            30.6165274,
            38.7296131
          ],
          [
            30.616857,
            38.728519
          ],
          [
            30.6172332,
            38.7272066
          ],
          [
            30.6177987,
            38.7251111
          ],
          [
            30.6188749,
            38.7213491
          ],
          [
            30.6192087,
            38.7204368
          ],
          [
            30.6195723,
            38.7196228
          ],
          [
            30.6198175,
            38.7191716
          ],
          [
            30.6205025,
            38.7180804
          ],
          [
            30.6207272,
            38.7177788
          ],
          [
            30.6209416,
            38.7174952
          ],
          [
            30.621249,
            38.7171144
          ],
          [
            30.6220146,
            38.7162914
          ],
          [
            30.6228622,
            38.7155251
          ],
          [
            30.6236617,
            38.7148829
          ],
          [
            30.6246176,
            38.714127
          ]
        ]
      },
      "id": "way/956616836"
    },
    {
      "type": "Feature",
      "properties": {
        "@id": "way/956616837",
        "axle_load": "22.5",
        "bridge": "yes",
        "construction:electrified": "contact_line",
        "construction:frequency": "50",
        "construction:railway:etcs": "1",
        "construction:voltage": "25000",
        "electrified": "no",
        "gauge": "1435",
        "layer": "1",
        "name": "Eskişehir-Konya demiryolu",
        "operator": "TCDD",
        "railway": "rail",
        "railway:etcs": "no",
        "source": "osm-gpx",
        "usage": "main"
      },
      "geometry": {
        "type": "LineString",
        "coordinates": [
          [
            30.6342386,
            38.7072675
          ],
          [
            30.6344448,
            38.7071869
          ]
        ]
      },
      "id": "way/956616837"
    },
    {
      "type": "Feature",
      "properties": {
        "@id": "way/956616838",
        "axle_load": "22.5",
        "construction:electrified": "contact_line",
        "construction:frequency": "50",
        "construction:railway:etcs": "1",
        "construction:voltage": "25000",
        "electrified": "no",
        "gauge": "1435",
        "name": "Eskişehir-Konya demiryolu",
        "operator": "TCDD",
        "railway": "rail",
        "railway:etcs": "no",
        "source": "osm-gpx",
        "usage": "main"
      },
      "geometry": {
        "type": "LineString",
        "coordinates": [
          [
            30.6321168,
            38.7083424
          ],
          [
            30.6324692,
            38.708103
          ],
          [
            30.6330232,
            38.707798
          ],
          [
            30.6335516,
            38.7075432
          ],
          [
            30.6338393,
            38.7074223
          ],
          [
            30.6342386,
            38.7072675
          ]
        ]
      },
      "id": "way/956616838"
    },
    {
      "type": "Feature",
      "properties": {
        "@id": "way/956616839",
        "axle_load": "22.5",
        "bridge": "yes",
        "construction:electrified": "contact_line",
        "construction:frequency": "50",
        "construction:railway:etcs": "1",
        "construction:voltage": "25000",
        "electrified": "no",
        "gauge": "1435",
        "layer": "1",
        "name": "Eskişehir-Konya demiryolu",
        "operator": "TCDD",
        "railway": "rail",
        "railway:etcs": "no",
        "source": "osm-gpx",
        "usage": "main"
      },
      "geometry": {
        "type": "LineString",
        "coordinates": [
          [
            30.6319928,
            38.7084267
          ],
          [
            30.6321168,
            38.7083424
          ]
        ]
      },
      "id": "way/956616839"
    },
    {
      "type": "Feature",
      "properties": {
        "@id": "way/1184576679",
        "axle_load": "22.5",
        "bridge": "yes",
        "electrified": "no",
        "gauge": "1435",
        "layer": "1",
        "operator": "TCDD",
        "railway": "rail",
        "railway:etcs": "no",
        "source": "bing",
        "usage": "main"
      },
      "geometry": {
        "type": "LineString",
        "coordinates": [
          [
            29.5257067,
            38.6765444
          ],
          [
            29.5255544,
            38.6765439
          ]
        ]
      },
      "id": "way/1184576679"
    },
    {
      "type": "Feature",
      "properties": {
        "@id": "way/1218532314",
        "axle_load": "22.5",
        "electrified": "no",
        "gauge": "1435",
        "name": "İzmir-Afyonkarahisar demiryolu",
        "operator": "TCDD",
        "passenger_lines": "1",
        "railway": "rail",
        "railway:etcs": "no",
        "source": "bing",
        "usage": "main"
      },
      "geometry": {
        "type": "LineString",
        "coordinates": [
          [
            30.1137713,
            38.8791171
          ],
          [
            30.1129412,
            38.8792206
          ],
          [
            30.1118619,
            38.8793129
          ],
          [
            30.1117166,
            38.8793218
          ],
          [
            30.1092566,
            38.8794716
          ],
          [
            30.1073336,
            38.8796033
          ],
          [
            30.1017169,
            38.8799739
          ],
          [
            30.0963065,
            38.8803357
          ],
          [
            30.0917999,
            38.880637
          ],
          [
            30.090727,
            38.8806863
          ],
          [
            30.0899073,
            38.8805568
          ],
          [
            30.0890154,
            38.880289
          ],
          [
            30.0882752,
            38.8799198
          ],
          [
            30.0855632,
            38.8783268
          ],
          [
            30.0851195,
            38.878019
          ],
          [
            30.0847697,
            38.877636
          ],
          [
            30.0818199,
            38.8739109
          ],
          [
            30.0808135,
            38.8727816
          ],
          [
            30.0795862,
            38.8718502
          ],
          [
            30.0784017,
            38.8709389
          ],
          [
            30.07804,
            38.8705439
          ],
          [
            30.0777837,
            38.8700819
          ],
          [
            30.077672,
            38.8696632
          ],
          [
            30.0776557,
            38.8692587
          ],
          [
            30.0777146,
            38.8685574
          ],
          [
            30.0777911,
            38.8677669
          ],
          [
            30.0777802,
            38.8673497
          ],
          [
            30.0777069,
            38.8669588
          ],
          [
            30.0764469,
            38.8629789
          ],
          [
            30.0762197,
            38.862452
          ],
          [
            30.0759358,
            38.8619316
          ],
          [
            30.0752236,
            38.8609358
          ],
          [
            30.074819,
            38.8604792
          ],
          [
            30.0743746,
            38.8600584
          ],
          [
            30.073778,
            38.8595315
          ],
          [
            30.0733494,
            38.8592216
          ],
          [
            30.0729158,
            38.8589684
          ],
          [
            30.0727879,
            38.8588937
          ],
          [
            30.0672429,
            38.856216
          ],
          [
            30.0656415,
            38.8552996
          ],
          [
            30.0640986,
            38.8543142
          ],
          [
            30.0614544,
            38.852612
          ],
          [
            30.0574828,
            38.8499803
          ]
        ]
      },
      "id": "way/1218532314"
    },
    {
      "type": "Feature",
      "properties": {
        "@id": "way/1218532316",
        "axle_load": "22.5",
        "electrified": "no",
        "gauge": "1435",
        "name": "İzmir-Afyonkarahisar demiryolu",
        "operator": "TCDD",
        "passenger_lines": "1",
        "railway": "rail",
        "railway:etcs": "no",
        "usage": "main"
      },
      "geometry": {
        "type": "LineString",
        "coordinates": [
          [
            30.1656485,
            38.8708098
          ],
          [
            30.1654062,
            38.8708791
          ],
          [
            30.1645873,
            38.8713452
          ],
          [
            30.1637453,
            38.8723097
          ],
          [
            30.1629932,
            38.8731082
          ],
          [
            30.1625631,
            38.8733931
          ],
          [
            30.1620064,
            38.8736556
          ],
          [
            30.1613399,
            38.8738313
          ],
          [
            30.1606232,
            38.8738942
          ],
          [
            30.1592649,
            38.873728
          ],
          [
            30.1544498,
            38.8730234
          ],
          [
            30.1539451,
            38.8729496
          ]
        ]
      },
      "id": "way/1218532316"
    },
    {
      "type": "Feature",
      "properties": {
        "@id": "way/1218532317",
        "axle_load": "22.5",
        "bridge": "yes",
        "electrified": "no",
        "gauge": "1435",
        "layer": "1",
        "operator": "TCDD",
        "passenger_lines": "1",
        "railway": "rail",
        "railway:etcs": "no",
        "usage": "main"
      },
      "geometry": {
        "type": "LineString",
        "coordinates": [
          [
            30.1539451,
            38.8729496
          ],
          [
            30.1538398,
            38.8729342
          ]
        ]
      },
      "id": "way/1218532317"
    },
    {
      "type": "Feature",
      "properties": {
        "@id": "way/1220274754",
        "axle_load": "22.5",
        "bridge": "yes",
        "electrified": "no",
        "gauge": "1435",
        "layer": "1",
        "operator": "TCDD",
        "railway": "rail",
        "railway:etcs": "no",
        "source": "bing",
        "usage": "main"
      },
      "geometry": {
        "type": "LineString",
        "coordinates": [
          [
            29.9785409,
            38.8490036
          ],
          [
            29.9783995,
            38.8489969
          ]
        ]
      },
      "id": "way/1220274754"
    },
    {
      "type": "Feature",
      "properties": {
        "@id": "way/1284481747",
        "axle_load": "22.5",
        "electrified": "no",
        "gauge": "1435",
        "operator": "TCDD",
        "railway": "rail",
        "railway:etcs": "no",
        "service": "yard"
      },
      "geometry": {
        "type": "LineString",
        "coordinates": [
          [
            30.6307304,
            38.7093708
          ],
          [
            30.6300317,
            38.7099234
          ],
          [
            30.6294995,
            38.7103306
          ],
          [
            30.6292448,
            38.7105312
          ],
          [
            30.6289985,
            38.7107473
          ],
          [
            30.6254089,
            38.7135525
          ],
          [
            30.6237003,
            38.7149035
          ]
        ]
      },
      "id": "way/1284481747"
    },
    {
      "type": "Feature",
      "properties": {
        "@id": "way/1284481748",
        "axle_load": "22.5",
        "construction:electrified": "contact_line",
        "construction:frequency": "50",
        "construction:railway:etcs": "1",
        "construction:voltage": "25000",
        "electrified": "no",
        "gauge": "1435",
        "name": "Eskişehir-Konya demiryolu",
        "operator": "TCDD",
        "railway": "rail",
        "railway:etcs": "no",
        "source": "osm-gpx",
        "usage": "main"
      },
      "geometry": {
        "type": "LineString",
        "coordinates": [
          [
            30.6246176,
            38.714127
          ],
          [
            30.6299871,
            38.7099133
          ],
          [
            30.6304405,
            38.7095654
          ],
          [
            30.6313963,
            38.708832
          ],
          [
            30.6319928,
            38.7084267
          ]
        ]
      },
      "id": "way/1284481748"
    },
    {
      "type": "Feature",
      "properties": {
        "@id": "way/1284481749",
        "axle_load": "22.5",
        "construction:electrified": "contact_line",
        "construction:frequency": "50",
        "construction:railway:etcs": "1",
        "construction:voltage": "25000",
        "electrified": "no",
        "gauge": "1435",
        "name": "Eskişehir-Konya demiryolu",
        "operator": "TCDD",
        "railway": "rail",
        "railway:etcs": "no",
        "source": "osm-gpx",
        "usage": "main"
      },
      "geometry": {
        "type": "LineString",
        "coordinates": [
          [
            30.6480866,
            38.7031604
          ],
          [
            30.6471429,
            38.7034935
          ],
          [
            30.6351716,
            38.7069752
          ],
          [
            30.6344612,
            38.7072189
          ]
        ]
      },
      "id": "way/1284481749"
    },
    {
      "type": "Feature",
      "properties": {
        "@id": "way/1284481758",
        "axle_load": "22.5",
        "electrified": "no",
        "gauge": "1435",
        "operator": "TCDD",
        "railway": "rail",
        "railway:etcs": "no",
        "service": "yard"
      },
      "geometry": {
        "type": "LineString",
        "coordinates": [
          [
            30.6289985,
            38.7107473
          ],
          [
            30.6288053,
            38.7109466
          ],
          [
            30.6257884,
            38.713292
          ],
          [
            30.6256865,
            38.7133799
          ]
        ]
      },
      "id": "way/1284481758"
    },
    {
      "type": "Feature",
      "properties": {
        "@id": "way/1284481759",
        "axle_load": "22.5",
        "electrified": "no",
        "gauge": "1435",
        "operator": "TCDD",
        "railway": "rail",
        "railway:etcs": "no",
        "service": "yard"
      },
      "geometry": {
        "type": "LineString",
        "coordinates": [
          [
            30.6292448,
            38.7105312
          ],
          [
            30.6288367,
            38.7109835
          ],
          [
            30.6259762,
            38.7132062
          ],
          [
            30.6256865,
            38.7133799
          ],
          [
            30.6254089,
            38.7135525
          ]
        ]
      },
      "id": "way/1284481759"
    },
    {
      "type": "Feature",
      "properties": {
        "@id": "way/1284481761",
        "axle_load": "22.5",
        "electrified": "no",
        "gauge": "1435",
        "operator": "TCDD",
        "railway": "rail",
        "railway:etcs": "no",
        "service": "yard"
      },
      "geometry": {
        "type": "LineString",
        "coordinates": [
          [
            30.6257368,
            38.7138304
          ],
          [
            30.6282024,
            38.7119536
          ],
          [
            30.6284089,
            38.7117767
          ],
          [
            30.6287241,
            38.7114261
          ],
          [
            30.6289266,
            38.7111216
          ],
          [
            30.6291251,
            38.7107658
          ],
          [
            30.6292702,
            38.710588
          ],
          [
            30.6294995,
            38.7103306
          ]
        ]
      },
      "id": "way/1284481761"
    },
    {
      "type": "Feature",
      "properties": {
        "@id": "way/1315357459",
        "axle_load": "22.5",
        "electrified": "no",
        "gauge": "1435",
        "maxspeed": "120",
        "name": "Afyonkarahisar-Karakuyu demiryolu",
        "operator": "TCDD",
        "passenger_lines": "1",
        "railway": "rail",
        "source": "bing",
        "usage": "main"
      },
      "geometry": {
        "type": "LineString",
        "coordinates": [
          [
            30.2807011,
            38.6213673
          ],
          [
            30.2806367,
            38.620438
          ],
          [
            30.2804437,
            38.6190989
          ],
          [
            30.28011,
            38.6180781
          ],
          [
            30.2798353,
            38.6174627
          ],
          [
            30.2794935,
            38.6169028
          ],
          [
            30.2761086,
            38.6117621
          ],
          [
            30.272688,
            38.6065736
          ],
          [
            30.2721759,
            38.6057779
          ],
          [
            30.2652512,
            38.5953625
          ],
          [
            30.2638522,
            38.5932405
          ],
          [
            30.2627157,
            38.5915446
          ],
          [
            30.2619587,
            38.5903247
          ],
          [
            30.2612934,
            38.589403
          ],
          [
            30.2609364,
            38.588958
          ],
          [
            30.2607174,
            38.5887783
          ],
          [
            30.2604845,
            38.5885871
          ],
          [
            30.2598292,
            38.5882762
          ],
          [
            30.2591559,
            38.5880713
          ],
          [
            30.2583831,
            38.5879936
          ],
          [
            30.2577242,
            38.5880268
          ],
          [
            30.2565794,
            38.5881646
          ],
          [
            30.255834,
            38.5882216
          ],
          [
            30.255129,
            38.588247
          ],
          [
            30.2538487,
            38.588038
          ],
          [
            30.2527711,
            38.5877276
          ],
          [
            30.2520904,
            38.5875566
          ],
          [
            30.2513773,
            38.5874806
          ],
          [
            30.2498378,
            38.5873729
          ],
          [
            30.2487739,
            38.5871716
          ],
          [
            30.2480193,
            38.586834
          ],
          [
            30.2477461,
            38.5866484
          ],
          [
            30.2476523,
            38.5865847
          ]
        ]
      },
      "id": "way/1315357459"
    },
    {
      "type": "Feature",
      "properties": {
        "@id": "way/1315357460",
        "axle_load": "22.5",
        "bridge": "yes",
        "electrified": "no",
        "gauge": "1435",
        "layer": "1",
        "maxspeed": "120",
        "operator": "TCDD",
        "passenger_lines": "1",
        "railway": "rail",
        "source": "bing",
        "usage": "main"
      },
      "geometry": {
        "type": "LineString",
        "coordinates": [
          [
            30.2807071,
            38.6214531
          ],
          [
            30.2807011,
            38.6213673
          ]
        ]
      },
      "id": "way/1315357460"
    },
    {
      "type": "Feature",
      "properties": {
        "@id": "way/1334702088",
        "axle_load": "22.5",
        "bridge": "yes",
        "electrified": "no",
        "gauge": "1435",
        "layer": "1",
        "operator": "TCDD",
        "railway": "rail",
        "railway:etcs": "no",
        "source": "bing",
        "usage": "main"
      },
      "geometry": {
        "type": "LineString",
        "coordinates": [
          [
            29.7669409,
            38.7442917
          ],
          [
            29.7666759,
            38.7441231
          ]
        ]
      },
      "id": "way/1334702088"
    },
    {
      "type": "Feature",
      "properties": {
        "@id": "way/1334702089",
        "axle_load": "22.5",
        "bridge": "yes",
        "electrified": "no",
        "gauge": "1435",
        "layer": "1",
        "operator": "TCDD",
        "passenger_lines": "1",
        "railway": "rail",
        "railway:etcs": "no",
        "source": "bing",
        "usage": "main"
      },
      "geometry": {
        "type": "LineString",
        "coordinates": [
          [
            30.0574828,
            38.8499803
          ],
          [
            30.0574031,
            38.8499276
          ]
        ]
      },
      "id": "way/1334702089"
    },
    {
      "type": "Feature",
      "properties": {
        "@id": "way/1334702090",
        "axle_load": "22.5",
        "bridge": "yes",
        "electrified": "no",
        "gauge": "1435",
        "layer": "1",
        "operator": "TCDD",
        "passenger_lines": "1",
        "railway": "rail",
        "railway:etcs": "no",
        "usage": "main"
      },
      "geometry": {
        "type": "LineString",
        "coordinates": [
          [
            30.1657459,
            38.8707816
          ],
          [
            30.1656485,
            38.8708098
          ]
        ]
      },
      "id": "way/1334702090"
    },
    {
      "type": "Feature",
      "properties": {
        "@id": "way/1334702091",
        "axle_load": "22.5",
        "construction:electrified": "contact_line",
        "construction:frequency": "50",
        "construction:railway:etcs": "2",
        "construction:voltage": "25000",
        "electrified": "no",
        "gauge": "1435",
        "name": "Eskişehir-Konya demiryolu",
        "operator": "TCDD",
        "railway": "rail",
        "railway:etcs": "no",
        "usage": "main"
      },
      "geometry": {
        "type": "LineString",
        "coordinates": [
          [
            30.5526905,
            38.7642788
          ],
          [
            30.5538638,
            38.7619828
          ]
        ]
      },
      "id": "way/1334702091"
    },
    {
      "type": "Feature",
      "properties": {
        "@id": "way/1337193010",
        "construction:electrified": "contact_line",
        "construction:frequency": "50",
        "construction:railway:etcs": "2",
        "construction:voltage": "25000",
        "electrified": "no",
        "gauge": "1435",
        "operator": "TCDD",
        "railway": "rail",
        "usage": "main"
      },
      "geometry": {
        "type": "LineString",
        "coordinates": [
          [
            30.5610103,
            38.7565161
          ],
          [
            30.560465,
            38.7567257
          ]
        ]
      },
      "id": "way/1337193010"
    },
    {
      "type": "Feature",
      "properties": {
        "@id": "way/1337193011",
        "construction:electrified": "contact_line",
        "construction:frequency": "50",
        "construction:railway:etcs": "2",
        "construction:voltage": "25000",
        "electrified": "no",
        "gauge": "1435",
        "name": "Eskişehir-Konya demiryolu",
        "operator": "TCDD",
        "railway": "rail",
        "usage": "main"
      },
      "geometry": {
        "type": "LineString",
        "coordinates": [
          [
            30.5512996,
            38.7671267
          ],
          [
            30.5517145,
            38.7664642
          ],
          [
            30.5517646,
            38.7663764
          ],
          [
            30.5519458,
            38.7660786
          ],
          [
            30.5520801,
            38.7658126
          ],
          [
            30.5522107,
            38.7655425
          ],
          [
            30.553789,
            38.7624347
          ],
          [
            30.5538942,
            38.7621985
          ],
          [
            30.5540284,
            38.7618731
          ],
          [
            30.5542625,
            38.761395
          ]
        ]
      },
      "id": "way/1337193011"
    },
    {
      "type": "Feature",
      "properties": {
        "@id": "way/1337193013",
        "axle_load": "22.5",
        "construction:electrified": "contact_line",
        "construction:frequency": "50",
        "construction:railway:etcs": "2",
        "construction:voltage": "25000",
        "electrified": "no",
        "gauge": "1435",
        "operator": "TCDD",
        "passenger_lines": "2",
        "railway": "rail",
        "railway:etcs": "no",
        "usage": "main"
      },
      "geometry": {
        "type": "LineString",
        "coordinates": [
          [
            30.5510289,
            38.7677028
          ],
          [
            30.5511308,
            38.7674874
          ]
        ]
      },
      "id": "way/1337193013"
    },
    {
      "type": "Feature",
      "properties": {
        "@id": "way/1337193014",
        "axle_load": "22.5",
        "construction:electrified": "contact_line",
        "construction:frequency": "50",
        "construction:voltage": "25000",
        "electrified": "no",
        "gauge": "1435",
        "operator": "TCDD",
        "railway": "rail",
        "railway:etcs": "no",
        "usage": "main"
      },
      "geometry": {
        "type": "LineString",
        "coordinates": [
          [
            30.5538638,
            38.7619828
          ],
          [
            30.5539228,
            38.7618705
          ]
        ]
      },
      "id": "way/1337193014"
    },
    {
      "type": "Feature",
      "properties": {
        "@id": "way/1337193015",
        "construction:electrified": "contact_line",
        "construction:frequency": "50",
        "construction:railway:etcs": "2",
        "construction:voltage": "25000",
        "electrified": "no",
        "gauge": "1435",
        "name": "Eskişehir-Konya demiryolu",
        "operator": "TCDD",
        "passenger_lines": "2",
        "railway": "rail",
        "usage": "main"
      },
      "geometry": {
        "type": "LineString",
        "coordinates": [
          [
            30.5542625,
            38.761395
          ],
          [
            30.554557,
            38.7608154
          ]
        ]
      },
      "id": "way/1337193015"
    },
    {
      "type": "Feature",
      "properties": {
        "@id": "way/1337193022",
        "electrified": "no",
        "gauge": "1435",
        "operator": "TCDD",
        "railway": "rail",
        "service": "siding",
        "source": "bing"
      },
      "geometry": {
        "type": "LineString",
        "coordinates": [
          [
            30.3849215,
            38.7425971
          ],
          [
            30.3848909,
            38.7430252
          ],
          [
            30.3850998,
            38.7469297
          ],
          [
            30.3851847,
            38.7473208
          ]
        ]
      },
      "id": "way/1337193022"
    },
    {
      "type": "Feature",
      "properties": {
        "@id": "way/1344881903",
        "axle_load": "22.5",
        "electrified": "no",
        "gauge": "1435",
        "name": "İzmir-Afyonkarahisar demiryolu",
        "operator": "TCDD",
        "passenger_lines": "1",
        "railway": "rail",
        "railway:etcs": "no",
        "source": "bing",
        "usage": "main"
      },
      "geometry": {
        "type": "LineString",
        "coordinates": [
          [
            30.1538398,
            38.8729342
          ],
          [
            30.1521334,
            38.8726845
          ],
          [
            30.151202,
            38.8726439
          ],
          [
            30.1505692,
            38.8726431
          ],
          [
            30.1494142,
            38.8727061
          ],
          [
            30.1479279,
            38.8729212
          ],
          [
            30.1466516,
            38.8732738
          ],
          [
            30.1444427,
            38.8739355
          ],
          [
            30.1437988,
            38.8741284
          ],
          [
            30.138951,
            38.8751947
          ],
          [
            30.1366928,
            38.8755892
          ],
          [
            30.135826,
            38.8757407
          ],
          [
            30.1334287,
            38.8762643
          ],
          [
            30.1320578,
            38.876557
          ],
          [
            30.130569,
            38.8768222
          ],
          [
            30.1277736,
            38.8772174
          ],
          [
            30.1276234,
            38.8772378
          ],
          [
            30.1274803,
            38.8772573
          ],
          [
            30.1163493,
            38.8787697
          ],
          [
            30.1161223,
            38.8788006
          ],
          [
            30.1140388,
            38.8790837
          ],
          [
            30.113874,
            38.8791043
          ]
        ]
      },
      "id": "way/1344881903"
    },
    {
      "type": "Feature",
      "properties": {
        "@id": "way/1344881904",
        "axle_load": "22.5",
        "bridge": "yes",
        "electrified": "no",
        "gauge": "1435",
        "layer": "1",
        "operator": "TCDD",
        "passenger_lines": "1",
        "railway": "rail",
        "railway:etcs": "no",
        "source": "bing",
        "usage": "main"
      },
      "geometry": {
        "type": "LineString",
        "coordinates": [
          [
            30.113874,
            38.8791043
          ],
          [
            30.1137713,
            38.8791171
          ]
        ]
      },
      "id": "way/1344881904"
    },
    {
      "type": "Feature",
      "properties": {
        "@id": "way/1380003818",
        "electrified": "no",
        "gauge": "1435",
        "railway": "rail",
        "service": "siding"
      },
      "geometry": {
        "type": "LineString",
        "coordinates": [
          [
            29.9823072,
            38.8484214
          ],
          [
            29.9827384,
            38.8483821
          ],
          [
            29.9882572,
            38.8473877
          ],
          [
            29.9885155,
            38.8473031
          ]
        ]
      },
      "id": "way/1380003818"
    },
    {
      "type": "Feature",
      "properties": {
        "@id": "way/1380003819",
        "electrified": "no",
        "gauge": "1435",
        "railway": "rail",
        "service": "siding"
      },
      "geometry": {
        "type": "LineString",
        "coordinates": [
          [
            29.9880688,
            38.8473432
          ],
          [
            29.9831702,
            38.8482233
          ]
        ]
      },
      "id": "way/1380003819"
    },
    {
      "type": "Feature",
      "properties": {
        "@id": "way/1414699464",
        "electrified": "no",
        "gauge": "1435",
        "railway": "rail",
        "service": "siding"
      },
      "geometry": {
        "type": "LineString",
        "coordinates": [
          [
            30.3239949,
            38.6700601
          ],
          [
            30.3239125,
            38.6703644
          ],
          [
            30.3236555,
            38.6712106
          ],
          [
            30.323398,
            38.6721412
          ],
          [
            30.3232748,
            38.6730647
          ],
          [
            30.3232731,
            38.6736775
          ],
          [
            30.3233225,
            38.674308
          ]
        ]
      },
      "id": "way/1414699464"
    },
    {
      "type": "Feature",
      "properties": {
        "@id": "way/1414699465",
        "electrified": "no",
        "gauge": "1435",
        "railway": "rail",
        "service": "siding"
      },
      "geometry": {
        "type": "LineString",
        "coordinates": [
          [
            30.3234144,
            38.6746301
          ],
          [
            30.3233225,
            38.674308
          ],
          [
            30.3232312,
            38.6739537
          ],
          [
            30.3232178,
            38.673671
          ],
          [
            30.3232232,
            38.6730553
          ],
          [
            30.3233519,
            38.6721319
          ],
          [
            30.3236094,
            38.6711916
          ],
          [
            30.3238535,
            38.6703435
          ],
          [
            30.3239949,
            38.6700601
          ],
          [
            30.324184,
            38.6696813
          ]
        ]
      },
      "id": "way/1414699465"
    },
    {
      "type": "Feature",
      "properties": {
        "@id": "way/1418943375",
        "electrified": "no",
        "gauge": "1435",
        "railway": "rail",
        "service": "yard"
      },
      "geometry": {
        "type": "LineString",
        "coordinates": [
          [
            29.4060773,
            38.6602607
          ],
          [
            29.4050308,
            38.6573565
          ]
        ]
      },
      "id": "way/1418943375"
    },
    {
      "type": "Feature",
      "properties": {
        "@id": "way/1418943376",
        "electrified": "no",
        "gauge": "1435",
        "railway": "rail",
        "service": "siding",
        "source": "bing"
      },
      "geometry": {
        "type": "LineString",
        "coordinates": [
          [
            29.40593,
            38.6599981
          ],
          [
            29.4060773,
            38.6602607
          ],
          [
            29.4062037,
            38.6606106
          ],
          [
            29.4063031,
            38.6607746
          ],
          [
            29.4063919,
            38.661023
          ],
          [
            29.406819,
            38.6621703
          ]
        ]
      },
      "id": "way/1418943376"
    },
    {
      "type": "Feature",
      "properties": {
        "@id": "way/1419114854",
        "electrified": "no",
        "gauge": "1435",
        "railway": "rail",
        "service": "siding"
      },
      "geometry": {
        "type": "LineString",
        "coordinates": [
          [
            29.6379921,
            38.6727036
          ],
          [
            29.6382877,
            38.6726233
          ],
          [
            29.6385815,
            38.6725436
          ],
          [
            29.643231,
            38.6698446
          ],
          [
            29.6433862,
            38.6697031
          ],
          [
            29.6435518,
            38.6695521
          ]
        ]
      },
      "id": "way/1419114854"
    },
    {
      "type": "Feature",
      "properties": {
        "@id": "way/1419114855",
        "electrified": "no",
        "gauge": "1435",
        "railway": "rail",
        "service": "siding"
      },
      "geometry": {
        "type": "LineString",
        "coordinates": [
          [
            29.6433862,
            38.6697031
          ],
          [
            29.6382877,
            38.6726233
          ]
        ]
      },
      "id": "way/1419114855"
    },
    {
      "type": "Feature",
      "properties": {
        "@id": "way/1419116421",
        "electrified": "no",
        "gauge": "1435",
        "railway": "rail",
        "service": "siding"
      },
      "geometry": {
        "type": "LineString",
        "coordinates": [
          [
            29.7509625,
            38.7341694
          ],
          [
            29.7511975,
            38.7342604
          ],
          [
            29.7514866,
            38.7343723
          ],
          [
            29.7553386,
            38.7368285
          ],
          [
            29.755429,
            38.7369243
          ],
          [
            29.7555436,
            38.7370459
          ]
        ]
      },
      "id": "way/1419116421"
    },
    {
      "type": "Feature",
      "properties": {
        "@id": "way/1419116422",
        "electrified": "no",
        "gauge": "1435",
        "railway": "rail",
        "service": "siding"
      },
      "geometry": {
        "type": "LineString",
        "coordinates": [
          [
            29.755429,
            38.7369243
          ],
          [
            29.7511975,
            38.7342604
          ]
        ]
      },
      "id": "way/1419116422"
    },
    {
      "type": "Feature",
      "properties": {
        "@id": "way/1419116423",
        "electrified": "no",
        "gauge": "1435",
        "railway": "rail",
        "service": "siding"
      },
      "geometry": {
        "type": "LineString",
        "coordinates": [
          [
            29.7511544,
            38.7342899
          ],
          [
            29.7513544,
            38.7344865
          ],
          [
            29.7552491,
            38.7369188
          ],
          [
            29.7554279,
            38.7369733
          ]
        ]
      },
      "id": "way/1419116423"
    },
    {
      "type": "Feature",
      "properties": {
        "@id": "way/1419156553",
        "electrified": "no",
        "gauge": "1435",
        "railway": "rail",
        "service": "siding"
      },
      "geometry": {
        "type": "LineString",
        "coordinates": [
          [
            29.9002023,
            38.8401266
          ],
          [
            29.9005747,
            38.8400469
          ],
          [
            29.9052378,
            38.8396084
          ],
          [
            29.9055028,
            38.8396179
          ]
        ]
      },
      "id": "way/1419156553"
    },
    {
      "type": "Feature",
      "properties": {
        "@id": "way/1419156554",
        "electrified": "no",
        "gauge": "1435",
        "railway": "rail",
        "service": "siding"
      },
      "geometry": {
        "type": "LineString",
        "coordinates": [
          [
            29.9059348,
            38.8395783
          ],
          [
            29.9057033,
            38.8396321
          ],
          [
            29.9056075,
            38.8396414
          ],
          [
            29.9006499,
            38.8401229
          ],
          [
            29.900371,
            38.8401104
          ]
        ]
      },
      "id": "way/1419156554"
    },
    {
      "type": "Feature",
      "properties": {
        "@id": "way/1419179366",
        "electrified": "no",
        "gauge": "1435",
        "railway": "rail",
        "service": "siding"
      },
      "geometry": {
        "type": "LineString",
        "coordinates": [
          [
            30.1161223,
            38.8788006
          ],
          [
            30.1166558,
            38.8787776
          ],
          [
            30.1273928,
            38.8773168
          ],
          [
            30.1276234,
            38.8772378
          ]
        ]
      },
      "id": "way/1419179366"
    },
    {
      "type": "Feature",
      "properties": {
        "@id": "way/1419179367",
        "electrified": "no",
        "gauge": "1435",
        "railway": "rail",
        "service": "siding"
      },
      "geometry": {
        "type": "LineString",
        "coordinates": [
          [
            30.1274803,
            38.8772573
          ],
          [
            30.127244,
            38.8772425
          ],
          [
            30.1166275,
            38.8786829
          ],
          [
            30.1163493,
            38.8787697
          ]
        ]
      },
      "id": "way/1419179367"
    },
    {
      "type": "Feature",
      "properties": {
        "@id": "way/1419187373",
        "electrified": "no",
        "gauge": "1435",
        "railway": "rail",
        "service": "siding"
      },
      "geometry": {
        "type": "LineString",
        "coordinates": [
          [
            30.3460069,
            38.809906
          ],
          [
            30.3455691,
            38.8097901
          ],
          [
            30.3414408,
            38.8090877
          ],
          [
            30.3409975,
            38.8090567
          ]
        ]
      },
      "id": "way/1419187373"
    },
    {
      "type": "Feature",
      "properties": {
        "@id": "way/1419243655",
        "axle_load": "22.5",
        "electrified": "no",
        "gauge": "1435",
        "maxspeed": "120",
        "name": "Afyonkarahisar-Karakuyu demiryolu",
        "operator": "TCDD",
        "passenger_lines": "2",
        "railway": "rail",
        "source": "bing",
        "usage": "main"
      },
      "geometry": {
        "type": "LineString",
        "coordinates": [
          [
            30.4459624,
            38.8269867
          ],
          [
            30.4462727,
            38.8267024
          ],
          [
            30.4537011,
            38.8198971
          ],
          [
            30.4581829,
            38.8156925
          ],
          [
            30.4613722,
            38.8128006
          ],
          [
            30.4645261,
            38.8098309
          ],
          [
            30.4928539,
            38.7837474
          ],
          [
            30.4928986,
            38.7837063
          ],
          [
            30.4962246,
            38.7806449
          ],
          [
            30.4975578,
            38.7793533
          ],
          [
            30.4990128,
            38.7780598
          ],
          [
            30.4999418,
            38.7773684
          ],
          [
            30.5009362,
            38.7767932
          ],
          [
            30.5018519,
            38.77633
          ],
          [
            30.5032326,
            38.7758107
          ],
          [
            30.5060883,
            38.7751483
          ],
          [
            30.5149454,
            38.7732391
          ],
          [
            30.5157651,
            38.7730504
          ],
          [
            30.5166918,
            38.7728063
          ],
          [
            30.5175194,
            38.772569
          ],
          [
            30.5183666,
            38.7723008
          ],
          [
            30.5192105,
            38.7719895
          ],
          [
            30.5200253,
            38.7716626
          ],
          [
            30.5281179,
            38.7680796
          ],
          [
            30.5294185,
            38.7675149
          ],
          [
            30.5298212,
            38.767376
          ],
          [
            30.5301588,
            38.7672757
          ],
          [
            30.5306424,
            38.7671862
          ],
          [
            30.5311241,
            38.767129
          ],
          [
            30.5314571,
            38.7671102
          ],
          [
            30.5328418,
            38.7670988
          ]
        ]
      },
      "id": "way/1419243655"
    },
    {
      "type": "Feature",
      "properties": {
        "@id": "way/1419912603",
        "electrified": "no",
        "gauge": "1435",
        "railway": "rail",
        "service": "yard"
      },
      "geometry": {
        "type": "LineString",
        "coordinates": [
          [
            30.5377052,
            38.7671969
          ],
          [
            30.5395446,
            38.767172
          ]
        ]
      },
      "id": "way/1419912603"
    },
    {
      "type": "Feature",
      "properties": {
        "@id": "way/1419912604",
        "electrified": "no",
        "gauge": "1435",
        "railway": "rail",
        "service": "crossover"
      },
      "geometry": {
        "type": "LineString",
        "coordinates": [
          [
            30.5386062,
            38.7670731
          ],
          [
            30.5381248,
            38.7670437
          ]
        ]
      },
      "id": "way/1419912604"
    },
    {
      "type": "Feature",
      "properties": {
        "@id": "way/1419959904",
        "construction:electrified": "contact_line",
        "construction:frequency": "50",
        "construction:railway:etcs": "2",
        "construction:voltage": "25000",
        "electrified": "no",
        "gauge": "1435",
        "railway": "rail",
        "service": "crossover",
        "source": "bing"
      },
      "geometry": {
        "type": "LineString",
        "coordinates": [
          [
            30.5551676,
            38.7595263
          ],
          [
            30.5550282,
            38.7598236
          ]
        ]
      },
      "id": "way/1419959904"
    },
    {
      "type": "Feature",
      "properties": {
        "@id": "way/1419959905",
        "construction:electrified": "contact_line",
        "construction:frequency": "50",
        "construction:railway:etcs": "2",
        "construction:voltage": "25000",
        "electrified": "no",
        "gauge": "1435",
        "railway": "rail",
        "service": "crossover"
      },
      "geometry": {
        "type": "LineString",
        "coordinates": [
          [
            30.5536121,
            38.762337
          ],
          [
            30.5538638,
            38.7619828
          ]
        ]
      },
      "id": "way/1419959905"
    },
    {
      "type": "Feature",
      "properties": {
        "@id": "way/1427118136",
        "electrified": "no",
        "gauge": "1435",
        "railway": "rail",
        "service": "siding"
      },
      "geometry": {
        "type": "LineString",
        "coordinates": [
          [
            30.5214747,
            38.8408571
          ],
          [
            30.5214981,
            38.840987
          ],
          [
            30.5202442,
            38.8494841
          ],
          [
            30.5202126,
            38.8495343
          ]
        ]
      },
      "id": "way/1427118136"
    },
    {
      "type": "Feature",
      "properties": {
        "@id": "way/1427957137",
        "axle_load": "22.5",
        "bridge": "yes",
        "construction:electrified": "contact_line",
        "construction:frequency": "50",
        "construction:railway:etcs": "1",
        "construction:voltage": "25000",
        "electrified": "no",
        "gauge": "1435",
        "layer": "1",
        "name": "Eskişehir-Konya demiryolu",
        "operator": "TCDD",
        "railway": "rail",
        "railway:etcs": "no",
        "source": "osm-gpx",
        "usage": "main"
      },
      "geometry": {
        "type": "LineString",
        "coordinates": [
          [
            30.6321377,
            38.7083587
          ],
          [
            30.6320098,
            38.7084442
          ]
        ]
      },
      "id": "way/1427957137"
    },
    {
      "type": "Feature",
      "properties": {
        "@id": "way/1427957138",
        "axle_load": "22.5",
        "construction:electrified": "contact_line",
        "construction:frequency": "50",
        "construction:railway:etcs": "1",
        "construction:voltage": "25000",
        "electrified": "no",
        "gauge": "1435",
        "name": "Eskişehir-Konya demiryolu",
        "operator": "TCDD",
        "railway": "rail",
        "railway:etcs": "no",
        "source": "osm-gpx",
        "usage": "main"
      },
      "geometry": {
        "type": "LineString",
        "coordinates": [
          [
            30.6342634,
            38.707295
          ],
          [
            30.6338782,
            38.7074416
          ],
          [
            30.6335833,
            38.7075668
          ],
          [
            30.633034,
            38.7078256
          ],
          [
            30.6324712,
            38.7081397
          ],
          [
            30.6321377,
            38.7083587
          ]
        ]
      },
      "id": "way/1427957138"
    },
    {
      "type": "Feature",
      "properties": {
        "@id": "way/1427957139",
        "axle_load": "22.5",
        "bridge": "yes",
        "construction:electrified": "contact_line",
        "construction:frequency": "50",
        "construction:railway:etcs": "1",
        "construction:voltage": "25000",
        "electrified": "no",
        "gauge": "1435",
        "layer": "1",
        "name": "Eskişehir-Konya demiryolu",
        "operator": "TCDD",
        "railway": "rail",
        "railway:etcs": "no",
        "source": "osm-gpx",
        "usage": "main"
      },
      "geometry": {
        "type": "LineString",
        "coordinates": [
          [
            30.6344612,
            38.7072189
          ],
          [
            30.6342634,
            38.707295
          ]
        ]
      },
      "id": "way/1427957139"
    },
    {
      "type": "Feature",
      "properties": {
        "@id": "way/1427957140",
        "axle_load": "22.5",
        "construction:electrified": "contact_line",
        "construction:frequency": "50",
        "construction:railway:etcs": "1",
        "construction:voltage": "25000",
        "electrified": "no",
        "gauge": "1435",
        "operator": "TCDD",
        "railway": "rail",
        "railway:etcs": "no",
        "service": "siding",
        "source": "osm-gpx"
      },
      "geometry": {
        "type": "LineString",
        "coordinates": [
          [
            30.6304405,
            38.7095654
          ],
          [
            30.6307304,
            38.7093708
          ],
          [
            30.6314142,
            38.708853
          ],
          [
            30.6320098,
            38.7084442
          ]
        ]
      },
      "id": "way/1427957140"
    },
    {
      "type": "Feature",
      "properties": {
        "@id": "way/1428939703",
        "axle_load": "22.5",
        "electrified": "no",
        "gauge": "1435",
        "name": "İzmir-Afyonkarahisar demiryolu",
        "operator": "TCDD",
        "railway": "rail",
        "railway:etcs": "no",
        "source": "bing",
        "usage": "main"
      },
      "geometry": {
        "type": "LineString",
        "coordinates": [
          [
            29.5255544,
            38.6765439
          ],
          [
            29.5255432,
            38.6765439
          ],
          [
            29.5248571,
            38.6764144
          ],
          [
            29.5243292,
            38.676231
          ],
          [
            29.5186612,
            38.6737551
          ],
          [
            29.5176741,
            38.6733631
          ],
          [
            29.5169942,
            38.6732231
          ],
          [
            29.5161957,
            38.6731888
          ],
          [
            29.5107202,
            38.6731859
          ],
          [
            29.5099113,
            38.6732387
          ],
          [
            29.5092301,
            38.6733005
          ],
          [
            29.5084827,
            38.6734181
          ],
          [
            29.5080198,
            38.6736194
          ],
          [
            29.5020009,
            38.6755924
          ],
          [
            29.501845,
            38.6756385
          ]
        ]
      },
      "id": "way/1428939703"
    },
    {
      "type": "Feature",
      "properties": {
        "@id": "way/1428939704",
        "axle_load": "22.5",
        "bridge": "yes",
        "electrified": "no",
        "gauge": "1435",
        "layer": "1",
        "operator": "TCDD",
        "railway": "rail",
        "railway:etcs": "no",
        "source": "bing",
        "usage": "main"
      },
      "geometry": {
        "type": "LineString",
        "coordinates": [
          [
            29.501845,
            38.6756385
          ],
          [
            29.5017261,
            38.6756738
          ]
        ]
      },
      "id": "way/1428939704"
    },
    {
      "type": "Feature",
      "properties": {
        "@id": "way/1501506889",
        "electrified": "no",
        "gauge": "1435",
        "operator": "TCDD",
        "railway": "rail",
        "service": "spur"
      },
      "geometry": {
        "type": "LineString",
        "coordinates": [
          [
            30.56078,
            38.746312
          ],
          [
            30.5608117,
            38.7460106
          ],
          [
            30.5608048,
            38.745872
          ],
          [
            30.5607771,
            38.7457316
          ],
          [
            30.5607113,
            38.7455471
          ],
          [
            30.5606086,
            38.7453401
          ],
          [
            30.5604875,
            38.7451799
          ],
          [
            30.5603363,
            38.7450189
          ],
          [
            30.5601367,
            38.7448659
          ],
          [
            30.5599579,
            38.7447511
          ],
          [
            30.5594317,
            38.7444132
          ],
          [
            30.5579478,
            38.7434484
          ]
        ]
      },
      "id": "way/1501506889"
    },
    {
      "type": "Feature",
      "properties": {
        "@id": "way/1501506890",
        "electrified": "no",
        "gauge": "1435",
        "operator": "TCDD",
        "railway": "rail",
        "service": "spur"
      },
      "geometry": {
        "type": "LineString",
        "coordinates": [
          [
            30.5599579,
            38.7447511
          ],
          [
            30.5597328,
            38.7445797
          ],
          [
            30.559509,
            38.7443997
          ],
          [
            30.5592771,
            38.7442377
          ],
          [
            30.5579894,
            38.7434007
          ]
        ]
      },
      "id": "way/1501506890"
    },
    {
      "type": "Feature",
      "properties": {
        "@id": "way/1501508879",
        "electrified": "no",
        "gauge": "1435",
        "railway": "rail",
        "service": "siding"
      },
      "geometry": {
        "type": "LineString",
        "coordinates": [
          [
            30.5607231,
            38.7566615
          ],
          [
            30.5653241,
            38.7551936
          ],
          [
            30.5696831,
            38.7538094
          ],
          [
            30.57083,
            38.7534452
          ],
          [
            30.5720707,
            38.7530512
          ],
          [
            30.5725784,
            38.7528936
          ]
        ]
      },
      "id": "way/1501508879"
    },
    {
      "type": "Feature",
      "properties": {
        "@id": "way/1501508880",
        "electrified": "no",
        "gauge": "1435",
        "operator": "TCDD",
        "railway": "rail",
        "service": "siding"
      },
      "geometry": {
        "type": "LineString",
        "coordinates": [
          [
            30.5696831,
            38.7538094
          ],
          [
            30.5701076,
            38.7537
          ],
          [
            30.5704293,
            38.7536109
          ],
          [
            30.5708423,
            38.7534814
          ],
          [
            30.5721225,
            38.7530802
          ]
        ]
      },
      "id": "way/1501508880"
    }
  ]
}